assessment_id,student_id,course_id,module,type,max_score,scored,due_date,submitted_date
ASM000001,STU0001,CRS013,1,quiz,25,19.6,2023-03-02,2023-03-02
ASM000002,STU0001,CRS013,1,assignment,50,24.0,2023-02-24,2023-02-26
ASM000003,STU0001,CRS013,2,quiz,25,19.7,2023-03-22,2023-03-20
ASM000004,STU0001,CRS013,2,assignment,50,41.9,2023-03-12,2023-03-17
ASM000005,STU0001,CRS013,3,quiz,25,22.5,2023-03-27,2023-03-29
ASM000006,STU0001,CRS013,3,assignment,50,18.8,2023-04-11,2023-04-10
ASM000007,STU0001,CRS013,3,project,100,54.1,2023-04-14,2023-04-14
ASM000008,STU0001,CRS013,4,quiz,25,16.7,2023-05-01,2023-04-29
ASM000009,STU0001,CRS013,4,assignment,50,38.7,2023-05-01,2023-04-28
ASM000010,STU0001,CRS013,5,quiz,25,13.7,2023-05-06,2023-05-03
ASM000011,STU0001,CRS013,5,assignment,50,34.0,2023-05-26,2023-05-31
ASM000012,STU0001,CRS013,6,quiz,25,15.7,2023-05-29,2023-05-29
ASM000013,STU0001,CRS013,6,assignment,50,22.9,2023-06-16,2023-06-19
ASM000014,STU0001,CRS013,6,project,100,20.7,2023-05-23,2023-05-21
ASM000015,STU0001,CRS013,7,quiz,25,13.1,2023-07-07,2023-07-09
ASM000016,STU0001,CRS013,7,assignment,50,45.6,2023-05-26,2023-05-25
ASM000017,STU0001,CRS013,8,quiz,25,11.9,2023-06-26,2023-07-01
ASM000018,STU0001,CRS013,8,assignment,50,38.2,2023-07-12,2023-07-14
ASM000019,STU0001,CRS013,8,exam,100,60.4,2023-06-18,2023-06-16
ASM000020,STU0002,CRS011,1,quiz,25,11.8,2023-08-25,2023-08-24
ASM000021,STU0002,CRS011,1,assignment,50,32.5,2023-08-28,2023-08-30
ASM000022,STU0002,CRS011,2,quiz,25,21.2,2023-09-18,2023-09-19
ASM000023,STU0002,CRS011,2,assignment,50,23.7,2023-09-16,2023-09-16
ASM000024,STU0002,CRS011,3,quiz,25,17.3,2023-09-25,2023-09-26
ASM000025,STU0002,CRS011,3,assignment,50,27.8,2023-10-01,2023-10-01
ASM000026,STU0002,CRS011,3,project,100,58.7,2023-10-13,2023-10-13
ASM000027,STU0002,CRS011,4,quiz,25,18.1,2023-10-26,2023-10-26
ASM000028,STU0002,CRS011,4,assignment,50,26.6,2023-10-10,2023-10-09
ASM000029,STU0002,CRS011,5,quiz,25,21.0,2023-11-19,2023-11-16
ASM000030,STU0002,CRS011,5,assignment,50,20.1,2023-11-04,2023-11-07
ASM000031,STU0002,CRS011,6,quiz,25,15.7,2023-11-21,2023-11-22
ASM000032,STU0002,CRS011,6,assignment,50,41.7,2023-11-03,2023-11-06
ASM000033,STU0002,CRS011,6,project,100,72.5,2023-11-03,2023-11-03
ASM000034,STU0002,CRS011,7,quiz,25,18.3,2023-11-17,2023-11-16
ASM000035,STU0002,CRS011,7,assignment,50,30.7,2023-12-15,2023-12-16
ASM000036,STU0002,CRS011,8,quiz,25,12.8,2024-01-18,2024-01-21
ASM000037,STU0002,CRS011,8,assignment,50,19.3,2024-01-26,2024-01-25
ASM000038,STU0002,CRS011,9,quiz,25,17.7,2024-02-07,2024-02-07
ASM000039,STU0002,CRS011,9,assignment,50,23.4,2023-12-15,2023-12-15
ASM000040,STU0002,CRS011,9,project,100,35.5,2024-01-29,2024-01-29
ASM000041,STU0002,CRS011,10,quiz,25,17.5,2024-02-07,2024-02-06
ASM000042,STU0002,CRS011,10,assignment,50,34.6,2024-02-07,2024-02-08
ASM000043,STU0002,CRS011,10,exam,100,55.8,2024-02-07,2024-02-06
ASM000044,STU0003,CRS009,1,quiz,25,7.0,2024-02-25,2024-02-24
ASM000045,STU0003,CRS009,1,assignment,50,38.0,2024-02-24,2024-02-27
ASM000046,STU0003,CRS009,2,quiz,25,8.6,2024-03-18,2024-03-19
ASM000047,STU0003,CRS009,2,assignment,50,15.1,2024-03-10,2024-03-11
ASM000048,STU0003,CRS009,3,quiz,25,3.4,2024-04-01,2024-04-06
ASM000049,STU0003,CRS009,3,assignment,50,46.3,2024-04-07,2024-04-07
ASM000050,STU0003,CRS009,3,project,100,71.2,2024-03-29,2024-03-29
ASM000051,STU0003,CRS009,4,quiz,25,12.9,2024-04-15,2024-04-16
ASM000052,STU0003,CRS009,4,assignment,50,24.7,2024-04-23,2024-04-23
ASM000053,STU0003,CRS009,5,quiz,25,18.3,2024-04-27,2024-04-29
ASM000054,STU0003,CRS009,5,assignment,50,28.5,2024-04-22,2024-04-22
ASM000055,STU0003,CRS009,6,quiz,25,7.0,2024-05-25,2024-05-26
ASM000056,STU0003,CRS009,6,assignment,50,25.3,2024-05-31,2024-06-01
ASM000057,STU0003,CRS009,6,project,100,64.4,2024-05-19,2024-05-19
ASM000058,STU0003,CRS009,7,quiz,25,12.4,2024-06-19,2024-06-19
ASM000059,STU0003,CRS009,7,assignment,50,34.7,2024-06-12,2024-06-12
ASM000060,STU0003,CRS009,8,quiz,25,17.3,2024-06-06,2024-06-06
ASM000061,STU0003,CRS009,8,assignment,50,38.4,2024-06-22,2024-06-22
ASM000062,STU0003,CRS009,9,quiz,25,13.0,2024-07-18,2024-07-18
ASM000063,STU0003,CRS009,9,assignment,50,35.3,2024-06-30,2024-06-28
ASM000064,STU0003,CRS009,9,project,100,82.6,2024-08-14,2024-08-12
ASM000065,STU0003,CRS009,10,quiz,25,9.9,2024-07-16,2024-07-18
ASM000066,STU0003,CRS009,10,assignment,50,33.5,2024-07-16,2024-07-16
ASM000067,STU0003,CRS009,11,quiz,25,15.1,2024-07-10,2024-07-07
ASM000068,STU0003,CRS009,11,assignment,50,47.6,2024-08-01,2024-08-01
ASM000069,STU0003,CRS009,12,quiz,25,16.4,2024-08-17,2024-08-17
ASM000070,STU0003,CRS009,12,assignment,50,28.7,2024-10-04,2024-10-05
ASM000071,STU0003,CRS009,12,project,100,63.3,2024-10-04,2024-10-04
ASM000072,STU0003,CRS009,12,exam,100,65.2,2024-08-29,2024-08-30
ASM000073,STU0004,CRS016,1,quiz,25,16.5,2024-08-02,2024-08-05
ASM000074,STU0004,CRS016,1,assignment,50,21.4,2024-08-02,2024-08-03
ASM000075,STU0004,CRS016,2,quiz,25,19.0,2024-08-22,2024-08-21
ASM000076,STU0004,CRS016,2,assignment,50,27.1,2024-08-18,2024-08-18
ASM000077,STU0004,CRS016,3,quiz,25,17.9,2024-09-11,2024-09-10
ASM000078,STU0004,CRS016,3,assignment,50,25.7,2024-09-11,2024-09-11
ASM000079,STU0004,CRS016,3,project,100,61.3,2024-09-14,2024-09-14
ASM000080,STU0004,CRS016,4,quiz,25,14.0,2024-10-11,2024-10-11
ASM000081,STU0004,CRS016,4,assignment,50,46.2,2024-09-25,2024-09-24
ASM000082,STU0004,CRS016,5,quiz,25,11.7,2024-09-27,2024-09-26
ASM000083,STU0004,CRS016,5,assignment,50,43.1,2024-10-07,2024-10-06
ASM000084,STU0004,CRS016,6,quiz,25,17.0,2024-10-17,2024-10-17
ASM000085,STU0004,CRS016,6,assignment,50,22.7,2024-10-11,2024-10-11
ASM000086,STU0004,CRS016,6,project,100,41.1,2024-10-11,2024-10-11
ASM000087,STU0004,CRS016,6,exam,100,63.0,2024-10-11,2024-10-12
ASM000088,STU0005,CRS003,1,quiz,25,15.5,2023-02-04,2023-02-04
ASM000089,STU0005,CRS003,1,assignment,50,32.3,2023-02-09,2023-02-07
ASM000090,STU0005,CRS003,2,quiz,25,23.2,2023-02-23,2023-02-24
ASM000091,STU0005,CRS003,2,assignment,50,25.5,2023-02-17,2023-02-17
ASM000092,STU0005,CRS003,3,quiz,25,10.6,2023-03-15,2023-03-16
ASM000093,STU0005,CRS003,3,assignment,50,41.2,2023-03-09,2023-03-09
ASM000094,STU0005,CRS003,3,project,100,52.2,2023-03-06,2023-03-05
ASM000095,STU0005,CRS003,4,quiz,25,10.2,2023-03-21,2023-03-21
ASM000096,STU0005,CRS003,4,assignment,50,22.6,2023-03-29,2023-03-29
ASM000097,STU0005,CRS003,5,quiz,25,21.4,2023-04-30,2023-04-29
ASM000098,STU0005,CRS003,5,assignment,50,35.1,2023-04-15,2023-04-16
ASM000099,STU0005,CRS003,5,exam,100,91.9,2023-05-05,2023-05-05
ASM000100,STU0006,CRS012,1,quiz,25,16.4,2023-09-19,2023-09-21
ASM000101,STU0006,CRS012,1,assignment,50,41.6,2023-09-25,2023-09-23
ASM000102,STU0006,CRS012,2,quiz,25,19.1,2023-10-04,2023-10-09
ASM000103,STU0006,CRS012,2,assignment,50,39.5,2023-10-08,2023-10-08
ASM000104,STU0006,CRS012,3,quiz,25,15.7,2023-10-16,2023-10-14
ASM000105,STU0006,CRS012,3,assignment,50,37.6,2023-10-22,2023-10-25
ASM000106,STU0006,CRS012,3,project,100,51.4,2023-10-31,2023-10-31
ASM000107,STU0006,CRS012,4,quiz,25,16.3,2023-11-03,2023-11-01
ASM000108,STU0006,CRS012,4,assignment,50,29.7,2023-11-07,2023-11-08
ASM000109,STU0006,CRS012,5,quiz,25,24.5,2023-11-23,2023-11-23
ASM000110,STU0006,CRS012,5,assignment,50,18.7,2023-12-03,2023-12-06
ASM000111,STU0006,CRS012,6,quiz,25,15.0,2023-12-03,2023-12-03
ASM000112,STU0006,CRS012,6,assignment,50,36.2,2024-01-02,2024-01-09
ASM000113,STU0006,CRS012,6,project,100,57.4,2023-12-21,2023-12-23
ASM000114,STU0006,CRS012,7,quiz,25,11.5,2024-01-22,2024-01-23
ASM000115,STU0006,CRS012,7,assignment,50,31.5,2023-12-25,2023-12-23
ASM000116,STU0006,CRS012,8,quiz,25,14.8,2024-01-10,2024-01-08
ASM000117,STU0006,CRS012,8,assignment,50,30.0,2024-02-19,2024-02-21
ASM000118,STU0006,CRS012,8,exam,100,54.7,2024-02-11,2024-02-13
ASM000119,STU0007,CRS002,1,quiz,25,21.5,2024-03-06,2024-03-09
ASM000120,STU0007,CRS002,1,assignment,50,22.6,2024-03-08,2024-03-08
ASM000121,STU0007,CRS002,2,quiz,25,15.1,2024-04-03,2024-04-01
ASM000122,STU0007,CRS002,2,assignment,50,34.0,2024-03-28,2024-03-29
ASM000123,STU0007,CRS002,3,quiz,25,12.9,2024-04-03,2024-04-04
ASM000124,STU0007,CRS002,3,assignment,50,18.7,2024-04-12,2024-04-19
ASM000125,STU0007,CRS002,3,project,100,55.5,2024-04-18,2024-04-18
ASM000126,STU0007,CRS002,4,quiz,25,10.5,2024-05-11,2024-05-12
ASM000127,STU0007,CRS002,4,assignment,50,25.8,2024-04-29,2024-04-29
ASM000128,STU0007,CRS002,5,quiz,25,10.7,2024-05-11,2024-05-13
ASM000129,STU0007,CRS002,5,assignment,50,42.3,2024-05-01,2024-04-28
ASM000130,STU0007,CRS002,6,quiz,25,14.1,2024-06-26,2024-06-29
ASM000131,STU0007,CRS002,6,assignment,50,25.8,2024-05-27,2024-05-25
ASM000132,STU0007,CRS002,6,project,100,65.7,2024-06-08,2024-06-06
ASM000133,STU0007,CRS002,6,exam,100,41.0,2024-06-02,2024-06-02
ASM000134,STU0008,CRS011,1,quiz,25,22.0,2024-09-10,2024-09-10
ASM000135,STU0008,CRS011,1,assignment,50,24.7,2024-09-16,2024-09-14
ASM000136,STU0008,CRS011,2,quiz,25,16.3,2024-10-07,2024-10-08
ASM000137,STU0008,CRS011,2,assignment,50,22.7,2024-09-23,2024-09-21
ASM000138,STU0008,CRS011,3,quiz,25,19.3,2024-10-07,2024-10-09
ASM000139,STU0008,CRS011,3,assignment,50,20.4,2024-10-19,2024-10-22
ASM000140,STU0008,CRS011,3,project,100,55.0,2024-10-28,2024-11-04
ASM000141,STU0008,CRS011,4,quiz,25,19.8,2024-11-10,2024-11-12
ASM000142,STU0008,CRS011,4,assignment,50,16.6,2024-11-10,2024-11-10
ASM000143,STU0008,CRS011,5,quiz,25,13.0,2024-12-09,2024-12-10
ASM000144,STU0008,CRS011,5,assignment,50,40.0,2024-11-09,2024-11-11
ASM000145,STU0008,CRS011,5,exam,100,49.3,2024-11-19,2024-11-16
ASM000146,STU0009,CRS012,1,quiz,25,21.3,2023-03-29,2023-03-29
ASM000147,STU0009,CRS012,1,assignment,50,37.7,2023-03-30,2023-03-31
ASM000148,STU0009,CRS012,2,quiz,25,17.0,2023-04-12,2023-04-14
ASM000149,STU0009,CRS012,2,assignment,50,28.1,2023-04-20,2023-04-18
ASM000150,STU0009,CRS012,3,quiz,25,14.4,2023-05-10,2023-05-09
ASM000151,STU0009,CRS012,3,assignment,50,39.8,2023-05-01,2023-05-02
ASM000152,STU0009,CRS012,3,project,100,76.7,2023-04-25,2023-04-27
ASM000153,STU0009,CRS012,4,quiz,25,11.7,2023-06-03,2023-06-03
ASM000154,STU0009,CRS012,4,assignment,50,26.8,2023-06-03,2023-05-31
ASM000155,STU0009,CRS012,5,quiz,25,10.8,2023-05-20,2023-05-20
ASM000156,STU0009,CRS012,5,assignment,50,37.4,2023-05-30,2023-05-31
ASM000157,STU0009,CRS012,6,quiz,25,19.3,2023-06-15,2023-06-16
ASM000158,STU0009,CRS012,6,assignment,50,38.9,2023-07-03,2023-07-03
ASM000159,STU0009,CRS012,6,project,100,43.6,2023-07-09,2023-07-09
ASM000160,STU0009,CRS012,7,quiz,25,11.9,2023-07-08,2023-07-07
ASM000161,STU0009,CRS012,7,assignment,50,27.9,2023-07-22,2023-07-29
ASM000162,STU0009,CRS012,8,quiz,25,17.0,2023-08-18,2023-08-19
ASM000163,STU0009,CRS012,8,assignment,50,25.0,2023-08-02,2023-08-04
ASM000164,STU0009,CRS012,8,exam,100,60.4,2023-07-25,2023-07-24
ASM000165,STU0010,CRS014,1,quiz,25,18.4,2023-09-26,2023-09-27
ASM000166,STU0010,CRS014,1,assignment,50,30.2,2023-09-24,2023-09-24
ASM000167,STU0010,CRS014,2,quiz,25,16.6,2023-10-16,2023-10-17
ASM000168,STU0010,CRS014,2,assignment,50,21.0,2023-10-18,2023-10-19
ASM000169,STU0010,CRS014,3,quiz,25,15.6,2023-11-01,2023-11-04
ASM000170,STU0010,CRS014,3,assignment,50,33.2,2023-10-23,2023-10-20
ASM000171,STU0010,CRS014,3,project,100,78.3,2023-10-26,2023-10-24
ASM000172,STU0010,CRS014,4,quiz,25,17.5,2023-11-11,2023-11-18
ASM000173,STU0010,CRS014,4,assignment,50,47.1,2023-11-19,2023-11-17
ASM000174,STU0010,CRS014,5,quiz,25,19.2,2023-12-02,2023-12-04
ASM000175,STU0010,CRS014,5,assignment,50,20.6,2023-11-17,2023-11-17
ASM000176,STU0010,CRS014,6,quiz,25,18.1,2023-12-19,2023-12-20
ASM000177,STU0010,CRS014,6,assignment,50,35.9,2024-01-06,2024-01-05
ASM000178,STU0010,CRS014,6,project,100,33.5,2023-12-25,2023-12-26
ASM000179,STU0010,CRS014,6,exam,100,30.7,2023-12-01,2023-12-06
ASM000180,STU0011,CRS010,1,quiz,25,23.6,2024-03-12,2024-03-19
ASM000181,STU0011,CRS010,1,assignment,50,32.4,2024-03-07,2024-03-04
ASM000182,STU0011,CRS010,2,quiz,25,22.5,2024-04-04,2024-04-06
ASM000183,STU0011,CRS010,2,assignment,50,20.8,2024-03-31,2024-04-02
ASM000184,STU0011,CRS010,3,quiz,25,14.5,2024-04-13,2024-04-12
ASM000185,STU0011,CRS010,3,assignment,50,49.0,2024-04-10,2024-04-17
ASM000186,STU0011,CRS010,3,project,100,85.8,2024-04-07,2024-04-07
ASM000187,STU0011,CRS010,4,quiz,25,16.0,2024-05-12,2024-05-11
ASM000188,STU0011,CRS010,4,assignment,50,37.8,2024-05-04,2024-05-01
ASM000189,STU0011,CRS010,5,quiz,25,17.7,2024-06-06,2024-06-07
ASM000190,STU0011,CRS010,5,assignment,50,36.8,2024-05-27,2024-05-27
ASM000191,STU0011,CRS010,6,quiz,25,12.4,2024-06-09,2024-06-09
ASM000192,STU0011,CRS010,6,assignment,50,28.8,2024-06-15,2024-06-15
ASM000193,STU0011,CRS010,6,project,100,67.4,2024-05-28,2024-05-28
ASM000194,STU0011,CRS010,7,quiz,25,13.7,2024-07-11,2024-07-09
ASM000195,STU0011,CRS010,7,assignment,50,28.3,2024-06-20,2024-06-23
ASM000196,STU0011,CRS010,8,quiz,25,12.8,2024-07-15,2024-07-14
ASM000197,STU0011,CRS010,8,assignment,50,43.8,2024-08-08,2024-08-15
ASM000198,STU0011,CRS010,9,quiz,25,4.9,2024-06-27,2024-06-25
ASM000199,STU0011,CRS010,9,assignment,50,42.7,2024-08-11,2024-08-11
ASM000200,STU0011,CRS010,9,project,100,51.0,2024-07-24,2024-07-31
ASM000201,STU0011,CRS010,10,quiz,25,16.9,2024-08-30,2024-08-30
ASM000202,STU0011,CRS010,10,assignment,50,28.3,2024-08-20,2024-08-20
ASM000203,STU0011,CRS010,10,exam,100,34.3,2024-08-20,2024-08-17
ASM000204,STU0012,CRS004,1,quiz,25,15.4,2024-09-10,2024-09-10
ASM000205,STU0012,CRS004,1,assignment,50,36.3,2024-09-07,2024-09-10
ASM000206,STU0012,CRS004,2,quiz,25,21.3,2024-09-19,2024-09-18
ASM000207,STU0012,CRS004,2,assignment,50,35.6,2024-09-17,2024-09-18
ASM000208,STU0012,CRS004,3,quiz,25,22.4,2024-10-10,2024-10-13
ASM000209,STU0012,CRS004,3,assignment,50,37.2,2024-10-19,2024-10-21
ASM000210,STU0012,CRS004,3,project,100,97.5,2024-10-19,2024-10-20
ASM000211,STU0012,CRS004,4,quiz,25,19.1,2024-10-19,2024-10-20
ASM000212,STU0012,CRS004,4,assignment,50,40.7,2024-11-04,2024-11-01
ASM000213,STU0012,CRS004,5,quiz,25,17.8,2024-11-03,2024-11-01
ASM000214,STU0012,CRS004,5,assignment,50,21.4,2024-11-13,2024-11-18
ASM000215,STU0012,CRS004,6,quiz,25,13.0,2024-12-18,2024-12-18
ASM000216,STU0012,CRS004,6,assignment,50,25.5,2024-11-12,2024-11-12
ASM000217,STU0012,CRS004,6,project,100,49.2,2024-11-18,2024-11-18
ASM000218,STU0012,CRS004,6,exam,100,45.6,2024-11-12,2024-11-13
ASM000219,STU0013,CRS005,1,quiz,25,12.5,2023-03-13,2023-03-13
ASM000220,STU0013,CRS005,1,assignment,50,32.4,2023-03-16,2023-03-17
ASM000221,STU0013,CRS005,2,quiz,25,12.1,2023-04-03,2023-04-05
ASM000222,STU0013,CRS005,2,assignment,50,35.9,2023-03-26,2023-03-26
ASM000223,STU0013,CRS005,3,quiz,25,10.0,2023-04-18,2023-04-16
ASM000224,STU0013,CRS005,3,assignment,50,42.7,2023-04-21,2023-04-28
ASM000225,STU0013,CRS005,3,project,100,98.0,2023-04-15,2023-04-14
ASM000226,STU0013,CRS005,4,quiz,25,8.6,2023-05-13,2023-05-20
ASM000227,STU0013,CRS005,4,assignment,50,28.2,2023-04-23,2023-04-23
ASM000228,STU0013,CRS005,5,quiz,25,15.5,2023-05-07,2023-05-07
ASM000229,STU0013,CRS005,5,assignment,50,39.8,2023-06-06,2023-06-06
ASM000230,STU0013,CRS005,6,quiz,25,15.0,2023-06-20,2023-06-19
ASM000231,STU0013,CRS005,6,assignment,50,35.6,2023-06-02,2023-06-01
ASM000232,STU0013,CRS005,6,project,100,98.0,2023-06-08,2023-06-06
ASM000233,STU0013,CRS005,7,quiz,25,24.5,2023-06-04,2023-06-07
ASM000234,STU0013,CRS005,7,assignment,50,20.6,2023-07-23,2023-07-24
ASM000235,STU0013,CRS005,8,quiz,25,18.1,2023-06-26,2023-06-25
ASM000236,STU0013,CRS005,8,assignment,50,34.2,2023-08-13,2023-08-20
ASM000237,STU0013,CRS005,8,exam,100,60.4,2023-07-28,2023-07-26
ASM000238,STU0014,CRS004,1,quiz,25,14.5,2023-08-21,2023-08-26
ASM000239,STU0014,CRS004,1,assignment,50,26.3,2023-08-25,2023-08-25
ASM000240,STU0014,CRS004,2,quiz,25,22.1,2023-09-07,2023-09-07
ASM000241,STU0014,CRS004,2,assignment,50,37.8,2023-09-13,2023-09-15
ASM000242,STU0014,CRS004,3,quiz,25,15.5,2023-10-02,2023-10-01
ASM000243,STU0014,CRS004,3,assignment,50,27.9,2023-09-26,2023-09-27
ASM000244,STU0014,CRS004,3,project,100,53.8,2023-10-02,2023-09-30
ASM000245,STU0014,CRS004,4,quiz,25,12.1,2023-10-21,2023-10-24
ASM000246,STU0014,CRS004,4,assignment,50,34.5,2023-10-17,2023-10-17
ASM000247,STU0014,CRS004,5,quiz,25,9.5,2023-10-20,2023-10-19
ASM000248,STU0014,CRS004,5,assignment,50,21.8,2023-10-25,2023-10-28
ASM000249,STU0014,CRS004,6,quiz,25,17.6,2023-11-16,2023-11-15
ASM000250,STU0014,CRS004,6,assignment,50,30.1,2023-11-04,2023-11-07
ASM000251,STU0014,CRS004,6,project,100,37.9,2023-10-29,2023-10-31
ASM000252,STU0014,CRS004,6,exam,100,50.3,2023-11-16,2023-11-21
ASM000253,STU0015,CRS004,1,quiz,25,21.3,2024-03-21,2024-03-21
ASM000254,STU0015,CRS004,1,assignment,50,32.4,2024-03-19,2024-03-19
ASM000255,STU0015,CRS004,2,quiz,25,8.7,2024-04-06,2024-04-09
ASM000256,STU0015,CRS004,2,assignment,50,23.0,2024-04-04,2024-04-04
ASM000257,STU0015,CRS004,3,quiz,25,9.6,2024-04-17,2024-04-17
ASM000258,STU0015,CRS004,3,assignment,50,32.3,2024-04-20,2024-04-22
ASM000259,STU0015,CRS004,3,project,100,83.9,2024-04-20,2024-04-20
ASM000260,STU0015,CRS004,4,quiz,25,24.5,2024-05-06,2024-05-07
ASM000261,STU0015,CRS004,4,assignment,50,47.2,2024-05-26,2024-05-31
ASM000262,STU0015,CRS004,5,quiz,25,18.2,2024-05-27,2024-05-25
ASM000263,STU0015,CRS004,5,assignment,50,27.2,2024-06-06,2024-06-05
ASM000264,STU0015,CRS004,6,quiz,25,11.5,2024-06-25,2024-06-25
ASM000265,STU0015,CRS004,6,assignment,50,45.1,2024-07-07,2024-07-10
ASM000266,STU0015,CRS004,6,project,100,71.5,2024-06-01,2024-06-02
ASM000267,STU0015,CRS004,6,exam,100,63.1,2024-06-19,2024-06-21
ASM000268,STU0016,CRS008,1,quiz,25,21.9,2024-09-20,2024-09-20
ASM000269,STU0016,CRS008,1,assignment,50,22.7,2024-09-24,2024-09-24
ASM000270,STU0016,CRS008,2,quiz,25,9.2,2024-10-10,2024-10-10
ASM000271,STU0016,CRS008,2,assignment,50,21.6,2024-10-08,2024-10-08
ASM000272,STU0016,CRS008,3,quiz,25,23.5,2024-11-06,2024-11-08
ASM000273,STU0016,CRS008,3,assignment,50,36.0,2024-10-16,2024-10-16
ASM000274,STU0016,CRS008,3,project,100,73.3,2024-10-19,2024-10-19
ASM000275,STU0016,CRS008,4,quiz,25,17.9,2024-11-15,2024-11-14
ASM000276,STU0016,CRS008,4,assignment,50,40.4,2024-11-03,2024-11-04
ASM000277,STU0016,CRS008,5,quiz,25,15.3,2024-12-13,2024-12-15
ASM000278,STU0016,CRS008,5,assignment,50,22.4,2024-12-18,2024-12-18
ASM000279,STU0016,CRS008,6,quiz,25,13.4,2024-12-09,2024-12-10
ASM000280,STU0016,CRS008,6,assignment,50,36.1,2024-12-09,2024-12-09
ASM000281,STU0016,CRS008,6,project,100,27.2,2024-12-09,2024-12-07
ASM000282,STU0016,CRS008,6,exam,100,62.0,2024-12-09,2024-12-07
ASM000283,STU0017,CRS018,1,quiz,25,11.7,2023-03-23,2023-03-28
ASM000284,STU0017,CRS018,1,assignment,50,31.5,2023-03-19,2023-03-22
ASM000285,STU0017,CRS018,2,quiz,25,17.5,2023-04-10,2023-04-15
ASM000286,STU0017,CRS018,2,assignment,50,44.5,2023-04-16,2023-04-19
ASM000287,STU0017,CRS018,3,quiz,25,14.1,2023-04-22,2023-04-21
ASM000288,STU0017,CRS018,3,assignment,50,35.2,2023-04-22,2023-04-23
ASM000289,STU0017,CRS018,3,project,100,49.0,2023-04-28,2023-04-27
ASM000290,STU0017,CRS018,4,quiz,25,6.9,2023-05-04,2023-05-03
ASM000291,STU0017,CRS018,4,assignment,50,43.4,2023-05-24,2023-05-22
ASM000292,STU0017,CRS018,5,quiz,25,16.8,2023-06-13,2023-06-15
ASM000293,STU0017,CRS018,5,assignment,50,42.4,2023-05-19,2023-05-18
ASM000294,STU0017,CRS018,6,quiz,25,12.7,2023-06-03,2023-06-01
ASM000295,STU0017,CRS018,6,assignment,50,32.1,2023-06-09,2023-06-14
ASM000296,STU0017,CRS018,6,project,100,64.8,2023-07-03,2023-07-03
ASM000297,STU0017,CRS018,7,quiz,25,14.7,2023-07-16,2023-07-19
ASM000298,STU0017,CRS018,7,assignment,50,23.5,2023-07-30,2023-08-01
ASM000299,STU0017,CRS018,8,quiz,25,19.6,2023-08-12,2023-08-12
ASM000300,STU0017,CRS018,8,assignment,50,14.0,2023-07-03,2023-07-03
ASM000301,STU0017,CRS018,8,exam,100,68.9,2023-07-27,2023-07-27
ASM000302,STU0018,CRS018,1,quiz,25,24.5,2023-08-03,2023-08-03
ASM000303,STU0018,CRS018,1,assignment,50,47.3,2023-08-05,2023-08-04
ASM000304,STU0018,CRS018,2,quiz,25,16.5,2023-08-13,2023-08-13
ASM000305,STU0018,CRS018,2,assignment,50,28.2,2023-08-15,2023-08-15
ASM000306,STU0018,CRS018,3,quiz,25,18.4,2023-09-11,2023-09-11
ASM000307,STU0018,CRS018,3,assignment,50,28.5,2023-08-30,2023-08-29
ASM000308,STU0018,CRS018,3,project,100,53.8,2023-09-14,2023-09-14
ASM000309,STU0018,CRS018,4,quiz,25,13.8,2023-09-26,2023-10-03
ASM000310,STU0018,CRS018,4,assignment,50,36.1,2023-10-08,2023-10-07
ASM000311,STU0018,CRS018,5,quiz,25,14.8,2023-10-29,2023-10-28
ASM000312,STU0018,CRS018,5,assignment,50,40.3,2023-10-24,2023-10-25
ASM000313,STU0018,CRS018,6,quiz,25,9.7,2023-10-14,2023-10-15
ASM000314,STU0018,CRS018,6,assignment,50,37.1,2023-10-20,2023-10-18
ASM000315,STU0018,CRS018,6,project,100,72.8,2023-11-13,2023-11-15
ASM000316,STU0018,CRS018,7,quiz,25,10.4,2023-10-22,2023-10-21
ASM000317,STU0018,CRS018,7,assignment,50,37.0,2023-10-22,2023-10-24
ASM000318,STU0018,CRS018,8,quiz,25,11.7,2023-12-23,2023-12-21
ASM000319,STU0018,CRS018,8,assignment,50,34.7,2023-12-07,2023-12-06
ASM000320,STU0018,CRS018,8,exam,100,67.4,2023-12-23,2023-12-28
ASM000321,STU0019,CRS009,1,quiz,25,9.2,2024-02-05,2024-02-06
ASM000322,STU0019,CRS009,1,assignment,50,30.6,2024-01-30,2024-02-04
ASM000323,STU0019,CRS009,2,quiz,25,13.4,2024-02-17,2024-02-18
ASM000324,STU0019,CRS009,2,assignment,50,34.8,2024-02-21,2024-02-20
ASM000325,STU0019,CRS009,3,quiz,25,14.3,2024-03-07,2024-03-08
ASM000326,STU0019,CRS009,3,assignment,50,25.0,2024-02-27,2024-03-05
ASM000327,STU0019,CRS009,3,project,100,68.1,2024-03-01,2024-03-08
ASM000328,STU0019,CRS009,4,quiz,25,12.1,2024-04-05,2024-04-05
ASM000329,STU0019,CRS009,4,assignment,50,32.2,2024-03-24,2024-03-24
ASM000330,STU0019,CRS009,5,quiz,25,14.6,2024-03-31,2024-03-31
ASM000331,STU0019,CRS009,5,assignment,50,35.1,2024-04-20,2024-04-20
ASM000332,STU0019,CRS009,6,quiz,25,13.3,2024-04-27,2024-04-27
ASM000333,STU0019,CRS009,6,assignment,50,31.9,2024-05-15,2024-05-15
ASM000334,STU0019,CRS009,6,project,100,83.4,2024-04-15,2024-04-15
ASM000335,STU0019,CRS009,7,quiz,25,20.3,2024-05-21,2024-05-21
ASM000336,STU0019,CRS009,7,assignment,50,39.7,2024-05-21,2024-05-24
ASM000337,STU0019,CRS009,8,quiz,25,21.9,2024-06-08,2024-06-09
ASM000338,STU0019,CRS009,8,assignment,50,30.0,2024-05-31,2024-06-02
ASM000339,STU0019,CRS009,9,quiz,25,23.4,2024-07-23,2024-07-24
ASM000340,STU0019,CRS009,9,assignment,50,21.7,2024-07-23,2024-07-21
ASM000341,STU0019,CRS009,9,project,100,68.1,2024-05-30,2024-05-30
ASM000342,STU0019,CRS009,10,quiz,25,13.2,2024-07-04,2024-07-06
ASM000343,STU0019,CRS009,10,assignment,50,31.2,2024-08-03,2024-08-10
ASM000344,STU0019,CRS009,11,quiz,25,16.2,2024-08-01,2024-07-31
ASM000345,STU0019,CRS009,11,assignment,50,32.4,2024-06-29,2024-06-29
ASM000346,STU0019,CRS009,12,quiz,25,12.1,2024-07-26,2024-07-26
ASM000347,STU0019,CRS009,12,assignment,50,27.4,2024-08-31,2024-08-30
ASM000348,STU0019,CRS009,12,project,100,59.9,2024-08-07,2024-08-07
ASM000349,STU0019,CRS009,12,exam,100,65.7,2024-08-07,2024-08-06
ASM000350,STU0020,CRS010,1,quiz,25,19.8,2024-09-28,2024-09-27
ASM000351,STU0020,CRS010,1,assignment,50,22.8,2024-09-28,2024-09-30
ASM000352,STU0020,CRS010,2,quiz,25,22.4,2024-10-11,2024-10-16
ASM000353,STU0020,CRS010,2,assignment,50,33.5,2024-10-23,2024-10-24
ASM000354,STU0020,CRS010,3,quiz,25,10.7,2024-10-23,2024-10-25
ASM000355,STU0020,CRS010,3,assignment,50,6.4,2024-11-07,2024-11-08
ASM000356,STU0020,CRS010,3,project,100,67.5,2024-11-04,2024-11-04
ASM000357,STU0020,CRS010,4,quiz,25,16.3,2024-11-22,2024-11-22
ASM000358,STU0020,CRS010,4,assignment,50,27.8,2024-11-30,2024-11-30
ASM000359,STU0020,CRS010,5,quiz,25,10.9,2024-11-20,2024-11-20
ASM000360,STU0020,CRS010,5,assignment,50,41.0,2024-11-30,2024-11-30
ASM000361,STU0020,CRS010,6,quiz,25,9.6,2024-12-10,2024-12-11
ASM000362,STU0020,CRS010,6,assignment,50,35.9,2024-12-04,2024-12-05
ASM000363,STU0020,CRS010,6,project,100,53.7,2025-01-09,2025-01-09
ASM000364,STU0020,CRS010,6,exam,100,87.1,2024-12-28,2024-12-27
ASM000365,STU0021,CRS001,1,quiz,25,10.1,2023-02-13,2023-02-12
ASM000366,STU0021,CRS001,1,assignment,50,34.7,2023-02-14,2023-02-13
ASM000367,STU0021,CRS001,2,quiz,25,14.9,2023-03-07,2023-03-06
ASM000368,STU0021,CRS001,2,assignment,50,24.2,2023-03-07,2023-03-06
ASM000369,STU0021,CRS001,3,quiz,25,23.0,2023-03-15,2023-03-15
ASM000370,STU0021,CRS001,3,assignment,50,30.7,2023-03-12,2023-03-13
ASM000371,STU0021,CRS001,3,project,100,72.4,2023-03-18,2023-03-18
ASM000372,STU0021,CRS001,4,quiz,25,13.9,2023-03-31,2023-03-31
ASM000373,STU0021,CRS001,4,assignment,50,5.0,2023-03-23,2023-03-22
ASM000374,STU0021,CRS001,5,quiz,25,16.3,2023-05-01,2023-05-03
ASM000375,STU0021,CRS001,5,assignment,50,34.3,2023-04-26,2023-04-25
ASM000376,STU0021,CRS001,6,quiz,25,15.2,2023-04-26,2023-04-27
ASM000377,STU0021,CRS001,6,assignment,50,32.0,2023-04-20,2023-04-19
ASM000378,STU0021,CRS001,6,project,100,98.0,2023-04-26,2023-04-26
ASM000379,STU0021,CRS001,7,quiz,25,12.6,2023-06-08,2023-06-07
ASM000380,STU0021,CRS001,7,assignment,50,41.3,2023-06-01,2023-06-01
ASM000381,STU0021,CRS001,8,quiz,25,24.0,2023-07-05,2023-07-03
ASM000382,STU0021,CRS001,8,assignment,50,15.4,2023-06-11,2023-06-11
ASM000383,STU0021,CRS001,8,exam,100,61.6,2023-06-03,2023-06-10
ASM000384,STU0022,CRS013,1,quiz,25,20.1,2023-08-09,2023-08-11
ASM000385,STU0022,CRS013,1,assignment,50,27.1,2023-08-09,2023-08-12
ASM000386,STU0022,CRS013,2,quiz,25,18.8,2023-08-20,2023-08-23
ASM000387,STU0022,CRS013,2,assignment,50,25.5,2023-08-26,2023-08-26
ASM000388,STU0022,CRS013,3,quiz,25,13.3,2023-09-02,2023-08-31
ASM000389,STU0022,CRS013,3,assignment,50,29.5,2023-09-14,2023-09-13
ASM000390,STU0022,CRS013,3,project,100,78.6,2023-09-11,2023-09-12
ASM000391,STU0022,CRS013,4,quiz,25,7.8,2023-10-07,2023-10-06
ASM000392,STU0022,CRS013,4,assignment,50,38.6,2023-10-03,2023-10-04
ASM000393,STU0022,CRS013,5,quiz,25,16.6,2023-11-01,2023-11-01
ASM000394,STU0022,CRS013,5,assignment,50,34.3,2023-10-12,2023-10-13
ASM000395,STU0022,CRS013,6,quiz,25,14.6,2023-10-17,2023-10-16
ASM000396,STU0022,CRS013,6,assignment,50,34.9,2023-11-22,2023-11-22
ASM000397,STU0022,CRS013,6,project,100,10.0,2023-10-11,2023-10-13
ASM000398,STU0022,CRS013,7,quiz,25,14.0,2023-11-01,2023-10-31
ASM000399,STU0022,CRS013,7,assignment,50,40.6,2023-11-08,2023-11-06
ASM000400,STU0022,CRS013,8,quiz,25,14.4,2023-12-02,2023-12-01
ASM000401,STU0022,CRS013,8,assignment,50,40.2,2023-12-10,2023-12-10
ASM000402,STU0022,CRS013,8,exam,100,80.7,2023-11-24,2023-11-21
ASM000403,STU0023,CRS001,1,quiz,25,13.9,2024-02-08,2024-02-11
ASM000404,STU0023,CRS001,1,assignment,50,41.6,2024-02-07,2024-02-07
ASM000405,STU0023,CRS001,2,quiz,25,15.3,2024-02-21,2024-02-28
ASM000406,STU0023,CRS001,2,assignment,50,27.2,2024-03-02,2024-03-03
ASM000407,STU0023,CRS001,3,quiz,25,13.8,2024-03-20,2024-03-20
ASM000408,STU0023,CRS001,3,assignment,50,26.5,2024-03-17,2024-03-17
ASM000409,STU0023,CRS001,3,project,100,49.0,2024-03-11,2024-03-13
ASM000410,STU0023,CRS001,4,quiz,25,17.8,2024-04-01,2024-03-31
ASM000411,STU0023,CRS001,4,assignment,50,39.5,2024-03-16,2024-03-13
ASM000412,STU0023,CRS001,5,quiz,25,8.2,2024-04-24,2024-04-23
ASM000413,STU0023,CRS001,5,assignment,50,17.4,2024-03-30,2024-03-31
ASM000414,STU0023,CRS001,6,quiz,25,16.6,2024-05-07,2024-05-04
ASM000415,STU0023,CRS001,6,assignment,50,19.3,2024-05-19,2024-05-21
ASM000416,STU0023,CRS001,6,project,100,46.6,2024-05-13,2024-05-12
ASM000417,STU0023,CRS001,7,quiz,25,20.1,2024-06-08,2024-06-08
ASM000418,STU0023,CRS001,7,assignment,50,45.1,2024-06-08,2024-06-10
ASM000419,STU0023,CRS001,8,quiz,25,13.3,2024-06-04,2024-06-03
ASM000420,STU0023,CRS001,8,assignment,50,35.6,2024-06-12,2024-06-11
ASM000421,STU0023,CRS001,8,exam,100,71.9,2024-06-12,2024-06-12
ASM000422,STU0024,CRS007,1,quiz,25,14.0,2024-08-26,2024-08-24
ASM000423,STU0024,CRS007,1,assignment,50,30.8,2024-08-29,2024-08-30
ASM000424,STU0024,CRS007,2,quiz,25,22.5,2024-09-11,2024-09-11
ASM000425,STU0024,CRS007,2,assignment,50,26.9,2024-09-09,2024-09-06
ASM000426,STU0024,CRS007,3,quiz,25,15.6,2024-09-22,2024-09-21
ASM000427,STU0024,CRS007,3,assignment,50,31.6,2024-09-25,2024-09-26
ASM000428,STU0024,CRS007,3,project,100,52.0,2024-09-25,2024-09-22
ASM000429,STU0024,CRS007,4,quiz,25,13.2,2024-10-15,2024-10-15
ASM000430,STU0024,CRS007,4,assignment,50,47.4,2024-10-23,2024-10-23
ASM000431,STU0024,CRS007,5,quiz,25,22.4,2024-10-17,2024-10-17
ASM000432,STU0024,CRS007,5,assignment,50,14.1,2024-10-17,2024-10-16
ASM000433,STU0024,CRS007,6,quiz,25,13.4,2024-12-06,2024-12-04
ASM000434,STU0024,CRS007,6,assignment,50,33.6,2024-11-24,2024-11-26
ASM000435,STU0024,CRS007,6,project,100,66.5,2024-10-31,2024-10-29
ASM000436,STU0024,CRS007,7,quiz,25,12.9,2025-01-02,2025-01-01
ASM000437,STU0024,CRS007,7,assignment,50,32.1,2024-11-14,2024-11-13
ASM000438,STU0024,CRS007,7,exam,100,57.0,2024-12-05,2024-12-05
ASM000439,STU0025,CRS011,1,quiz,25,20.2,2023-02-12,2023-02-17
ASM000440,STU0025,CRS011,1,assignment,50,44.7,2023-02-09,2023-02-08
ASM000441,STU0025,CRS011,2,quiz,25,23.1,2023-03-02,2023-03-01
ASM000442,STU0025,CRS011,2,assignment,50,20.8,2023-02-28,2023-03-07
ASM000443,STU0025,CRS011,3,quiz,25,15.0,2023-03-17,2023-03-18
ASM000444,STU0025,CRS011,3,assignment,50,37.4,2023-03-20,2023-03-20
ASM000445,STU0025,CRS011,3,project,100,70.3,2023-03-26,2023-03-28
ASM000446,STU0025,CRS011,4,quiz,25,16.3,2023-04-19,2023-04-20
ASM000447,STU0025,CRS011,4,assignment,50,37.0,2023-03-30,2023-03-30
ASM000448,STU0025,CRS011,5,quiz,25,17.7,2023-04-10,2023-04-11
ASM000449,STU0025,CRS011,5,assignment,50,45.1,2023-04-30,2023-05-05
ASM000450,STU0025,CRS011,6,quiz,25,16.1,2023-04-19,2023-04-19
ASM000451,STU0025,CRS011,6,assignment,50,33.7,2023-05-01,2023-05-02
ASM000452,STU0025,CRS011,6,project,100,56.0,2023-05-07,2023-05-07
ASM000453,STU0025,CRS011,7,quiz,25,13.5,2023-06-07,2023-06-09
ASM000454,STU0025,CRS011,7,assignment,50,34.7,2023-06-14,2023-06-14
ASM000455,STU0025,CRS011,8,quiz,25,23.1,2023-06-02,2023-06-01
ASM000456,STU0025,CRS011,8,assignment,50,36.0,2023-06-18,2023-06-18
ASM000457,STU0025,CRS011,9,quiz,25,17.9,2023-08-02,2023-08-01
ASM000458,STU0025,CRS011,9,assignment,50,40.2,2023-08-02,2023-08-01
ASM000459,STU0025,CRS011,9,project,100,73.5,2023-06-18,2023-06-16
ASM000460,STU0025,CRS011,10,quiz,25,19.4,2023-07-24,2023-07-24
ASM000461,STU0025,CRS011,10,assignment,50,26.8,2023-08-23,2023-08-20
ASM000462,STU0025,CRS011,10,exam,100,51.6,2023-07-04,2023-07-07
ASM000463,STU0026,CRS011,1,quiz,25,16.8,2023-09-21,2023-09-23
ASM000464,STU0026,CRS011,1,assignment,50,46.8,2023-09-22,2023-09-21
ASM000465,STU0026,CRS011,2,quiz,25,18.3,2023-10-14,2023-10-16
ASM000466,STU0026,CRS011,2,assignment,50,38.6,2023-10-12,2023-10-13
ASM000467,STU0026,CRS011,3,quiz,25,15.5,2023-10-17,2023-10-15
ASM000468,STU0026,CRS011,3,assignment,50,30.2,2023-10-20,2023-10-19
ASM000469,STU0026,CRS011,3,project,100,56.8,2023-10-14,2023-10-13
ASM000470,STU0026,CRS011,4,quiz,25,16.4,2023-11-21,2023-11-22
ASM000471,STU0026,CRS011,4,assignment,50,35.1,2023-11-13,2023-11-10
ASM000472,STU0026,CRS011,5,quiz,25,23.3,2023-11-11,2023-11-16
ASM000473,STU0026,CRS011,5,assignment,50,47.8,2023-11-26,2023-11-27
ASM000474,STU0026,CRS011,6,quiz,25,12.6,2024-01-06,2024-01-08
ASM000475,STU0026,CRS011,6,assignment,50,31.7,2023-11-25,2023-11-25
ASM000476,STU0026,CRS011,6,project,100,27.2,2023-12-25,2023-12-27
ASM000477,STU0026,CRS011,7,quiz,25,16.1,2023-12-09,2023-12-11
ASM000478,STU0026,CRS011,7,assignment,50,35.1,2023-12-16,2023-12-18
ASM000479,STU0026,CRS011,8,quiz,25,18.2,2023-12-31,2024-01-05
ASM000480,STU0026,CRS011,8,assignment,50,31.5,2024-01-16,2024-01-16
ASM000481,STU0026,CRS011,9,quiz,25,13.0,2024-02-02,2024-02-01
ASM000482,STU0026,CRS011,9,assignment,50,22.8,2024-01-24,2024-01-24
ASM000483,STU0026,CRS011,9,project,100,67.4,2024-02-29,2024-03-01
ASM000484,STU0026,CRS011,10,quiz,25,10.4,2024-03-30,2024-03-31
ASM000485,STU0026,CRS011,10,assignment,50,35.3,2024-03-20,2024-03-23
ASM000486,STU0026,CRS011,10,exam,100,74.8,2024-03-20,2024-03-20
ASM000487,STU0027,CRS003,1,quiz,25,7.8,2024-03-27,2024-03-27
ASM000488,STU0027,CRS003,1,assignment,50,20.2,2024-03-30,2024-03-30
ASM000489,STU0027,CRS003,2,quiz,25,10.8,2024-04-18,2024-04-20
ASM000490,STU0027,CRS003,2,assignment,50,39.2,2024-04-18,2024-04-19
ASM000491,STU0027,CRS003,3,quiz,25,9.2,2024-05-01,2024-05-01
ASM000492,STU0027,CRS003,3,assignment,50,27.9,2024-05-07,2024-05-14
ASM000493,STU0027,CRS003,3,project,100,69.8,2024-05-13,2024-05-20
ASM000494,STU0027,CRS003,4,quiz,25,16.3,2024-05-22,2024-05-22
ASM000495,STU0027,CRS003,4,assignment,50,30.1,2024-05-14,2024-05-21
ASM000496,STU0027,CRS003,5,quiz,25,19.9,2024-06-04,2024-06-03
ASM000497,STU0027,CRS003,5,assignment,50,38.5,2024-06-14,2024-06-11
ASM000498,STU0027,CRS003,5,exam,100,40.2,2024-06-09,2024-06-14
ASM000499,STU0028,CRS006,1,quiz,25,13.7,2024-09-17,2024-09-15
ASM000500,STU0028,CRS006,1,assignment,50,33.8,2024-09-19,2024-09-19
ASM000501,STU0028,CRS006,2,quiz,25,17.0,2024-10-05,2024-10-04
ASM000502,STU0028,CRS006,2,assignment,50,28.8,2024-10-11,2024-10-11
ASM000503,STU0028,CRS006,3,quiz,25,14.9,2024-10-22,2024-10-23
ASM000504,STU0028,CRS006,3,assignment,50,16.7,2024-10-19,2024-10-19
ASM000505,STU0028,CRS006,3,project,100,55.9,2024-10-16,2024-10-16
ASM000506,STU0028,CRS006,4,quiz,25,23.2,2024-11-20,2024-11-18
ASM000507,STU0028,CRS006,4,assignment,50,23.1,2024-10-27,2024-11-01
ASM000508,STU0028,CRS006,5,quiz,25,24.2,2024-12-10,2024-12-10
ASM000509,STU0028,CRS006,5,assignment,50,34.4,2024-11-15,2024-11-18
ASM000510,STU0028,CRS006,6,quiz,25,22.7,2024-11-24,2024-11-25
ASM000511,STU0028,CRS006,6,assignment,50,24.7,2024-12-30,2024-12-28
ASM000512,STU0028,CRS006,6,project,100,62.6,2024-12-06,2024-12-06
ASM000513,STU0028,CRS006,7,quiz,25,9.1,2024-12-29,2024-12-28
ASM000514,STU0028,CRS006,7,assignment,50,5.0,2025-01-02,2025-01-02
ASM000515,STU0028,CRS006,7,exam,100,60.5,2024-12-15,2024-12-14
ASM000516,STU0029,CRS003,1,quiz,25,20.6,2023-02-17,2023-02-17
ASM000517,STU0029,CRS003,1,assignment,50,41.2,2023-02-22,2023-02-22
ASM000518,STU0029,CRS003,2,quiz,25,17.6,2023-03-03,2023-03-03
ASM000519,STU0029,CRS003,2,assignment,50,35.8,2023-03-13,2023-03-15
ASM000520,STU0029,CRS003,3,quiz,25,18.0,2023-03-24,2023-03-24
ASM000521,STU0029,CRS003,3,assignment,50,43.5,2023-03-24,2023-03-24
ASM000522,STU0029,CRS003,3,project,100,64.6,2023-03-24,2023-03-22
ASM000523,STU0029,CRS003,4,quiz,25,18.0,2023-04-22,2023-04-22
ASM000524,STU0029,CRS003,4,assignment,50,30.7,2023-04-22,2023-04-22
ASM000525,STU0029,CRS003,5,quiz,25,12.6,2023-05-07,2023-05-06
ASM000526,STU0029,CRS003,5,assignment,50,43.4,2023-05-02,2023-05-01
ASM000527,STU0029,CRS003,5,exam,100,84.4,2023-05-07,2023-05-08
ASM000528,STU0030,CRS014,1,quiz,25,15.9,2023-08-31,2023-08-31
ASM000529,STU0030,CRS014,1,assignment,50,21.9,2023-09-01,2023-08-31
ASM000530,STU0030,CRS014,2,quiz,25,21.6,2023-09-14,2023-09-12
ASM000531,STU0030,CRS014,2,assignment,50,28.8,2023-09-12,2023-09-11
ASM000532,STU0030,CRS014,3,quiz,25,14.5,2023-10-08,2023-10-05
ASM000533,STU0030,CRS014,3,assignment,50,24.5,2023-09-29,2023-09-29
ASM000534,STU0030,CRS014,3,project,100,67.9,2023-10-05,2023-10-04
ASM000535,STU0030,CRS014,4,quiz,25,6.2,2023-10-26,2023-10-26
ASM000536,STU0030,CRS014,4,assignment,50,12.9,2023-10-10,2023-10-10
ASM000537,STU0030,CRS014,5,quiz,25,19.0,2023-10-24,2023-10-23
ASM000538,STU0030,CRS014,5,assignment,50,34.7,2023-11-13,2023-11-11
ASM000539,STU0030,CRS014,6,quiz,25,12.7,2023-11-07,2023-11-05
ASM000540,STU0030,CRS014,6,assignment,50,21.3,2023-12-07,2023-12-10
ASM000541,STU0030,CRS014,6,project,100,78.2,2023-11-07,2023-11-06
ASM000542,STU0030,CRS014,6,exam,100,53.1,2023-12-13,2023-12-13
ASM000543,STU0031,CRS014,1,quiz,25,10.2,2024-02-16,2024-02-21
ASM000544,STU0031,CRS014,1,assignment,50,33.7,2024-02-16,2024-02-15
ASM000545,STU0031,CRS014,2,quiz,25,16.0,2024-03-14,2024-03-14
ASM000546,STU0031,CRS014,2,assignment,50,30.0,2024-03-08,2024-03-08
ASM000547,STU0031,CRS014,3,quiz,25,23.0,2024-04-01,2024-04-02
ASM000548,STU0031,CRS014,3,assignment,50,34.1,2024-03-29,2024-03-30
ASM000549,STU0031,CRS014,3,project,100,79.3,2024-03-23,2024-03-30
ASM000550,STU0031,CRS014,4,quiz,25,15.8,2024-03-28,2024-03-29
ASM000551,STU0031,CRS014,4,assignment,50,33.4,2024-04-21,2024-04-24
ASM000552,STU0031,CRS014,5,quiz,25,15.2,2024-05-01,2024-04-30
ASM000553,STU0031,CRS014,5,assignment,50,30.4,2024-05-06,2024-05-09
ASM000554,STU0031,CRS014,6,quiz,25,14.6,2024-05-31,2024-05-31
ASM000555,STU0031,CRS014,6,assignment,50,24.0,2024-05-13,2024-05-13
ASM000556,STU0031,CRS014,6,project,100,56.6,2024-05-19,2024-05-24
ASM000557,STU0031,CRS014,6,exam,100,82.7,2024-05-25,2024-05-25
ASM000558,STU0032,CRS017,1,quiz,25,21.1,2024-08-08,2024-08-11
ASM000559,STU0032,CRS017,1,assignment,50,48.4,2024-08-09,2024-08-10
ASM000560,STU0032,CRS017,2,quiz,25,10.4,2024-08-31,2024-09-07
ASM000561,STU0032,CRS017,2,assignment,50,27.7,2024-08-23,2024-08-24
ASM000562,STU0032,CRS017,3,quiz,25,15.2,2024-09-05,2024-09-05
ASM000563,STU0032,CRS017,3,assignment,50,35.2,2024-09-05,2024-09-04
ASM000564,STU0032,CRS017,3,project,100,56.5,2024-09-02,2024-09-04
ASM000565,STU0032,CRS017,4,quiz,25,13.8,2024-10-10,2024-10-17
ASM000566,STU0032,CRS017,4,assignment,50,46.6,2024-10-02,2024-10-01
ASM000567,STU0032,CRS017,5,quiz,25,19.3,2024-10-15,2024-10-13
ASM000568,STU0032,CRS017,5,assignment,50,46.5,2024-10-20,2024-10-21
ASM000569,STU0032,CRS017,6,quiz,25,16.4,2024-11-01,2024-11-01
ASM000570,STU0032,CRS017,6,assignment,50,34.6,2024-10-20,2024-10-21
ASM000571,STU0032,CRS017,6,project,100,76.5,2024-11-25,2024-11-23
ASM000572,STU0032,CRS017,6,exam,100,48.3,2024-11-13,2024-11-12
ASM000573,STU0033,CRS004,1,quiz,25,18.2,2023-02-22,2023-02-22
ASM000574,STU0033,CRS004,1,assignment,50,37.0,2023-02-16,2023-02-16
ASM000575,STU0033,CRS004,2,quiz,25,19.3,2023-03-02,2023-03-07
ASM000576,STU0033,CRS004,2,assignment,50,30.5,2023-03-08,2023-03-10
ASM000577,STU0033,CRS004,3,quiz,25,20.9,2023-03-19,2023-03-18
ASM000578,STU0033,CRS004,3,assignment,50,29.8,2023-04-06,2023-04-07
ASM000579,STU0033,CRS004,3,project,100,37.0,2023-04-06,2023-04-09
ASM000580,STU0033,CRS004,4,quiz,25,19.7,2023-04-23,2023-04-24
ASM000581,STU0033,CRS004,4,assignment,50,31.9,2023-04-23,2023-04-24
ASM000582,STU0033,CRS004,5,quiz,25,10.2,2023-04-13,2023-04-13
ASM000583,STU0033,CRS004,5,assignment,50,45.8,2023-05-18,2023-05-18
ASM000584,STU0033,CRS004,6,quiz,25,9.8,2023-05-15,2023-05-15
ASM000585,STU0033,CRS004,6,assignment,50,41.1,2023-06-02,2023-06-09
ASM000586,STU0033,CRS004,6,project,100,69.4,2023-04-27,2023-04-26
ASM000587,STU0033,CRS004,6,exam,100,53.7,2023-06-08,2023-06-08
ASM000588,STU0034,CRS019,1,quiz,25,24.2,2023-09-05,2023-09-04
ASM000589,STU0034,CRS019,1,assignment,50,42.7,2023-09-02,2023-09-03
ASM000590,STU0034,CRS019,2,quiz,25,18.1,2023-09-16,2023-09-16
ASM000591,STU0034,CRS019,2,assignment,50,26.8,2023-09-26,2023-09-24
ASM000592,STU0034,CRS019,3,quiz,25,16.2,2023-10-02,2023-10-02
ASM000593,STU0034,CRS019,3,assignment,50,37.7,2023-10-11,2023-10-11
ASM000594,STU0034,CRS019,3,project,100,86.7,2023-10-05,2023-10-08
ASM000595,STU0034,CRS019,4,quiz,25,12.7,2023-10-14,2023-10-13
ASM000596,STU0034,CRS019,4,assignment,50,14.2,2023-10-18,2023-10-19
ASM000597,STU0034,CRS019,5,quiz,25,14.5,2023-10-29,2023-10-27
ASM000598,STU0034,CRS019,5,assignment,50,20.2,2023-10-29,2023-10-29
ASM000599,STU0034,CRS019,6,quiz,25,22.4,2023-12-13,2023-12-14
ASM000600,STU0034,CRS019,6,assignment,50,30.6,2023-11-19,2023-11-19
ASM000601,STU0034,CRS019,6,project,100,72.8,2023-12-13,2023-12-10
ASM000602,STU0034,CRS019,6,exam,100,79.3,2023-11-19,2023-11-18
ASM000603,STU0035,CRS010,1,quiz,25,15.1,2024-02-02,2024-02-01
ASM000604,STU0035,CRS010,1,assignment,50,23.4,2024-02-04,2024-02-05
ASM000605,STU0035,CRS010,2,quiz,25,20.3,2024-02-28,2024-02-27
ASM000606,STU0035,CRS010,2,assignment,50,49.0,2024-02-20,2024-02-17
ASM000607,STU0035,CRS010,3,quiz,25,11.0,2024-03-11,2024-03-08
ASM000608,STU0035,CRS010,3,assignment,50,32.7,2024-02-28,2024-02-29
ASM000609,STU0035,CRS010,3,project,100,47.7,2024-03-20,2024-03-19
ASM000610,STU0035,CRS010,4,quiz,25,13.5,2024-04-06,2024-04-06
ASM000611,STU0035,CRS010,4,assignment,50,20.5,2024-03-13,2024-03-12
ASM000612,STU0035,CRS010,5,quiz,25,14.4,2024-04-11,2024-04-08
ASM000613,STU0035,CRS010,5,assignment,50,29.6,2024-04-06,2024-04-04
ASM000614,STU0035,CRS010,6,quiz,25,18.3,2024-04-10,2024-04-11
ASM000615,STU0035,CRS010,6,assignment,50,36.2,2024-05-04,2024-05-04
ASM000616,STU0035,CRS010,6,project,100,69.5,2024-04-22,2024-04-21
ASM000617,STU0035,CRS010,7,quiz,25,14.1,2024-05-22,2024-05-23
ASM000618,STU0035,CRS010,7,assignment,50,21.2,2024-05-08,2024-05-15
ASM000619,STU0035,CRS010,8,quiz,25,19.4,2024-06-17,2024-06-22
ASM000620,STU0035,CRS010,8,assignment,50,36.7,2024-06-17,2024-06-20
ASM000621,STU0035,CRS010,9,quiz,25,17.2,2024-05-31,2024-06-02
ASM000622,STU0035,CRS010,9,assignment,50,29.8,2024-07-24,2024-07-22
ASM000623,STU0035,CRS010,9,project,100,54.4,2024-06-27,2024-06-27
ASM000624,STU0035,CRS010,10,quiz,25,17.8,2024-07-05,2024-07-06
ASM000625,STU0035,CRS010,10,assignment,50,43.5,2024-06-15,2024-06-15
ASM000626,STU0035,CRS010,10,exam,100,62.1,2024-06-15,2024-06-15
ASM000627,STU0036,CRS020,1,quiz,25,18.3,2024-08-05,2024-08-05
ASM000628,STU0036,CRS020,1,assignment,50,26.8,2024-08-06,2024-08-11
ASM000629,STU0036,CRS020,2,quiz,25,12.7,2024-08-29,2024-08-29
ASM000630,STU0036,CRS020,2,assignment,50,24.8,2024-08-19,2024-08-22
ASM000631,STU0036,CRS020,3,quiz,25,16.5,2024-09-07,2024-09-08
ASM000632,STU0036,CRS020,3,assignment,50,32.4,2024-08-29,2024-08-29
ASM000633,STU0036,CRS020,3,project,100,71.6,2024-09-01,2024-09-02
ASM000634,STU0036,CRS020,4,quiz,25,22.2,2024-10-06,2024-10-06
ASM000635,STU0036,CRS020,4,assignment,50,34.6,2024-10-02,2024-10-02
ASM000636,STU0036,CRS020,4,exam,100,53.3,2024-09-24,2024-09-25
ASM000637,STU0037,CRS010,1,quiz,25,14.4,2023-02-15,2023-02-17
ASM000638,STU0037,CRS010,1,assignment,50,42.5,2023-02-16,2023-02-18
ASM000639,STU0037,CRS010,2,quiz,25,12.3,2023-02-27,2023-02-28
ASM000640,STU0037,CRS010,2,assignment,50,44.6,2023-02-25,2023-02-27
ASM000641,STU0037,CRS010,3,quiz,25,12.7,2023-03-20,2023-03-20
ASM000642,STU0037,CRS010,3,assignment,50,43.9,2023-04-01,2023-04-03
ASM000643,STU0037,CRS010,3,project,100,38.5,2023-03-17,2023-03-17
ASM000644,STU0037,CRS010,4,quiz,25,9.4,2023-04-14,2023-04-14
ASM000645,STU0037,CRS010,4,assignment,50,42.8,2023-04-18,2023-04-23
ASM000646,STU0037,CRS010,5,quiz,25,18.1,2023-05-03,2023-05-03
ASM000647,STU0037,CRS010,5,assignment,50,26.1,2023-04-08,2023-04-07
ASM000648,STU0037,CRS010,6,quiz,25,8.8,2023-05-22,2023-05-20
ASM000649,STU0037,CRS010,6,assignment,50,49.0,2023-05-04,2023-05-03
ASM000650,STU0037,CRS010,6,project,100,75.0,2023-05-04,2023-05-04
ASM000651,STU0037,CRS010,7,quiz,25,22.1,2023-06-17,2023-06-16
ASM000652,STU0037,CRS010,7,assignment,50,43.0,2023-06-03,2023-06-04
ASM000653,STU0037,CRS010,8,quiz,25,16.0,2023-06-29,2023-06-30
ASM000654,STU0037,CRS010,8,assignment,50,36.3,2023-06-13,2023-06-13
ASM000655,STU0037,CRS010,9,quiz,25,15.5,2023-07-09,2023-07-08
ASM000656,STU0037,CRS010,9,assignment,50,36.7,2023-06-03,2023-06-05
ASM000657,STU0037,CRS010,9,project,100,85.4,2023-06-12,2023-06-12
ASM000658,STU0037,CRS010,10,quiz,25,17.1,2023-07-07,2023-07-06
ASM000659,STU0037,CRS010,10,assignment,50,17.1,2023-08-26,2023-08-27
ASM000660,STU0037,CRS010,10,exam,100,60.4,2023-07-07,2023-07-09
ASM000661,STU0038,CRS009,1,quiz,25,22.5,2023-08-17,2023-08-19
ASM000662,STU0038,CRS009,1,assignment,50,27.4,2023-08-18,2023-08-17
ASM000663,STU0038,CRS009,2,quiz,25,15.0,2023-08-30,2023-08-30
ASM000664,STU0038,CRS009,2,assignment,50,21.8,2023-08-30,2023-08-30
ASM000665,STU0038,CRS009,3,quiz,25,14.7,2023-09-13,2023-09-14
ASM000666,STU0038,CRS009,3,assignment,50,30.4,2023-10-04,2023-10-07
ASM000667,STU0038,CRS009,3,project,100,56.6,2023-09-16,2023-09-16
ASM000668,STU0038,CRS009,4,quiz,25,13.0,2023-10-13,2023-10-14
ASM000669,STU0038,CRS009,4,assignment,50,35.1,2023-10-09,2023-10-09
ASM000670,STU0038,CRS009,5,quiz,25,19.6,2023-11-05,2023-11-07
ASM000671,STU0038,CRS009,5,assignment,50,34.9,2023-10-16,2023-10-15
ASM000672,STU0038,CRS009,6,quiz,25,18.1,2023-10-31,2023-10-30
ASM000673,STU0038,CRS009,6,assignment,50,29.7,2023-11-24,2023-11-24
ASM000674,STU0038,CRS009,6,project,100,98.0,2023-11-18,2023-11-18
ASM000675,STU0038,CRS009,7,quiz,25,13.2,2023-11-22,2023-11-20
ASM000676,STU0038,CRS009,7,assignment,50,27.2,2023-12-27,2023-12-25
ASM000677,STU0038,CRS009,8,quiz,25,15.3,2023-11-22,2023-11-22
ASM000678,STU0038,CRS009,8,assignment,50,28.7,2023-11-22,2023-11-20
ASM000679,STU0038,CRS009,9,quiz,25,11.3,2024-01-29,2024-01-28
ASM000680,STU0038,CRS009,9,assignment,50,25.6,2024-02-07,2024-02-08
ASM000681,STU0038,CRS009,9,project,100,74.7,2024-01-11,2024-01-11
ASM000682,STU0038,CRS009,10,quiz,25,23.4,2023-12-30,2024-01-06
ASM000683,STU0038,CRS009,10,assignment,50,46.0,2024-02-28,2024-02-28
ASM000684,STU0038,CRS009,11,quiz,25,20.7,2024-03-20,2024-03-18
ASM000685,STU0038,CRS009,11,assignment,50,30.0,2024-02-16,2024-02-17
ASM000686,STU0038,CRS009,12,quiz,25,11.4,2024-02-22,2024-02-27
ASM000687,STU0038,CRS009,12,assignment,50,17.7,2024-02-10,2024-02-13
ASM000688,STU0038,CRS009,12,project,100,38.3,2024-03-29,2024-03-28
ASM000689,STU0038,CRS009,12,exam,100,79.6,2024-03-17,2024-03-19
ASM000690,STU0039,CRS001,1,quiz,25,12.9,2024-02-29,2024-02-27
ASM000691,STU0039,CRS001,1,assignment,50,27.2,2024-03-01,2024-03-01
ASM000692,STU0039,CRS001,2,quiz,25,16.9,2024-03-24,2024-03-25
ASM000693,STU0039,CRS001,2,assignment,50,20.7,2024-03-18,2024-03-18
ASM000694,STU0039,CRS001,3,quiz,25,20.2,2024-03-31,2024-03-31
ASM000695,STU0039,CRS001,3,assignment,50,23.6,2024-03-31,2024-04-02
ASM000696,STU0039,CRS001,3,project,100,61.3,2024-04-15,2024-04-14
ASM000697,STU0039,CRS001,4,quiz,25,20.6,2024-04-23,2024-04-23
ASM000698,STU0039,CRS001,4,assignment,50,31.1,2024-05-01,2024-04-30
ASM000699,STU0039,CRS001,5,quiz,25,9.0,2024-05-25,2024-05-27
ASM000700,STU0039,CRS001,5,assignment,50,38.8,2024-05-10,2024-05-09
ASM000701,STU0039,CRS001,6,quiz,25,14.2,2024-05-15,2024-05-16
ASM000702,STU0039,CRS001,6,assignment,50,15.9,2024-05-15,2024-05-15
ASM000703,STU0039,CRS001,6,project,100,81.0,2024-06-20,2024-06-20
ASM000704,STU0039,CRS001,7,quiz,25,19.1,2024-06-20,2024-06-27
ASM000705,STU0039,CRS001,7,assignment,50,27.7,2024-05-30,2024-05-30
ASM000706,STU0039,CRS001,8,quiz,25,10.7,2024-07-24,2024-07-24
ASM000707,STU0039,CRS001,8,assignment,50,40.2,2024-06-06,2024-06-04
ASM000708,STU0039,CRS001,8,exam,100,30.7,2024-06-06,2024-06-08
ASM000709,STU0040,CRS006,1,quiz,25,14.6,2024-08-08,2024-08-08
ASM000710,STU0040,CRS006,1,assignment,50,44.5,2024-08-13,2024-08-12
ASM000711,STU0040,CRS006,2,quiz,25,18.1,2024-08-30,2024-08-29
ASM000712,STU0040,CRS006,2,assignment,50,19.4,2024-09-01,2024-09-02
ASM000713,STU0040,CRS006,3,quiz,25,10.9,2024-09-18,2024-09-25
ASM000714,STU0040,CRS006,3,assignment,50,26.4,2024-09-21,2024-09-23
ASM000715,STU0040,CRS006,3,project,100,98.0,2024-09-15,2024-09-13
ASM000716,STU0040,CRS006,4,quiz,25,9.4,2024-09-17,2024-09-18
ASM000717,STU0040,CRS006,4,assignment,50,32.0,2024-10-07,2024-10-05
ASM000718,STU0040,CRS006,5,quiz,25,17.4,2024-10-31,2024-11-01
ASM000719,STU0040,CRS006,5,assignment,50,30.3,2024-10-31,2024-11-01
ASM000720,STU0040,CRS006,6,quiz,25,11.8,2024-11-20,2024-11-20
ASM000721,STU0040,CRS006,6,assignment,50,35.9,2024-10-27,2024-10-27
ASM000722,STU0040,CRS006,6,project,100,81.4,2024-11-14,2024-11-16
ASM000723,STU0040,CRS006,7,quiz,25,17.9,2024-11-12,2024-11-11
ASM000724,STU0040,CRS006,7,assignment,50,29.2,2024-10-29,2024-10-27
ASM000725,STU0040,CRS006,8,quiz,25,21.2,2024-11-12,2024-11-10
ASM000726,STU0040,CRS006,8,assignment,50,23.8,2024-11-28,2024-11-26
ASM000727,STU0040,CRS006,8,exam,100,86.8,2024-12-30,2025-01-02
ASM000728,STU0041,CRS008,1,quiz,25,11.9,2023-03-08,2023-03-09
ASM000729,STU0041,CRS008,1,assignment,50,23.2,2023-03-09,2023-03-09
ASM000730,STU0041,CRS008,2,quiz,25,14.7,2023-03-26,2023-03-25
ASM000731,STU0041,CRS008,2,assignment,50,17.1,2023-03-28,2023-03-29
ASM000732,STU0041,CRS008,3,quiz,25,12.2,2023-04-08,2023-04-09
ASM000733,STU0041,CRS008,3,assignment,50,24.3,2023-04-11,2023-04-11
ASM000734,STU0041,CRS008,3,project,100,60.1,2023-03-30,2023-03-30
ASM000735,STU0041,CRS008,4,quiz,25,9.4,2023-05-03,2023-05-01
ASM000736,STU0041,CRS008,4,assignment,50,34.1,2023-04-21,2023-04-22
ASM000737,STU0041,CRS008,5,quiz,25,24.5,2023-05-17,2023-05-17
ASM000738,STU0041,CRS008,5,assignment,50,41.4,2023-05-02,2023-05-01
ASM000739,STU0041,CRS008,6,quiz,25,10.5,2023-05-17,2023-05-18
ASM000740,STU0041,CRS008,6,assignment,50,29.6,2023-05-11,2023-05-16
ASM000741,STU0041,CRS008,6,project,100,44.8,2023-05-11,2023-05-11
ASM000742,STU0041,CRS008,6,exam,100,63.4,2023-06-10,2023-06-10
ASM000743,STU0042,CRS012,1,quiz,25,24.5,2023-08-06,2023-08-05
ASM000744,STU0042,CRS012,1,assignment,50,37.0,2023-08-06,2023-08-07
ASM000745,STU0042,CRS012,2,quiz,25,13.5,2023-08-24,2023-08-22
ASM000746,STU0042,CRS012,2,assignment,50,33.4,2023-08-16,2023-08-17
ASM000747,STU0042,CRS012,3,quiz,25,13.6,2023-09-11,2023-09-13
ASM000748,STU0042,CRS012,3,assignment,50,27.3,2023-09-02,2023-08-31
ASM000749,STU0042,CRS012,3,project,100,63.3,2023-09-02,2023-09-05
ASM000750,STU0042,CRS012,4,quiz,25,18.6,2023-09-29,2023-09-28
ASM000751,STU0042,CRS012,4,assignment,50,36.8,2023-09-29,2023-09-26
ASM000752,STU0042,CRS012,5,quiz,25,18.0,2023-10-07,2023-10-08
ASM000753,STU0042,CRS012,5,assignment,50,31.5,2023-10-22,2023-10-24
ASM000754,STU0042,CRS012,6,quiz,25,23.2,2023-11-22,2023-11-21
ASM000755,STU0042,CRS012,6,assignment,50,36.8,2023-10-11,2023-10-11
ASM000756,STU0042,CRS012,6,project,100,70.1,2023-10-23,2023-10-25
ASM000757,STU0042,CRS012,7,quiz,25,16.6,2023-12-06,2023-12-08
ASM000758,STU0042,CRS012,7,assignment,50,42.2,2023-11-08,2023-11-07
ASM000759,STU0042,CRS012,8,quiz,25,15.5,2023-12-18,2023-12-16
ASM000760,STU0042,CRS012,8,assignment,50,49.0,2023-11-08,2023-11-07
ASM000761,STU0042,CRS012,8,exam,100,21.7,2023-12-26,2023-12-26
ASM000762,STU0043,CRS002,1,quiz,25,17.9,2024-02-28,2024-02-28
ASM000763,STU0043,CRS002,1,assignment,50,43.6,2024-03-02,2024-03-02
ASM000764,STU0043,CRS002,2,quiz,25,23.4,2024-03-10,2024-03-09
ASM000765,STU0043,CRS002,2,assignment,50,28.1,2024-03-24,2024-03-24
ASM000766,STU0043,CRS002,3,quiz,25,21.3,2024-03-24,2024-03-22
ASM000767,STU0043,CRS002,3,assignment,50,14.2,2024-04-08,2024-04-15
ASM000768,STU0043,CRS002,3,project,100,81.7,2024-04-05,2024-04-05
ASM000769,STU0043,CRS002,4,quiz,25,16.0,2024-04-23,2024-04-25
ASM000770,STU0043,CRS002,4,assignment,50,44.4,2024-05-05,2024-05-07
ASM000771,STU0043,CRS002,5,quiz,25,13.7,2024-05-06,2024-05-07
ASM000772,STU0043,CRS002,5,assignment,50,29.4,2024-05-16,2024-05-17
ASM000773,STU0043,CRS002,6,quiz,25,16.8,2024-05-17,2024-05-17
ASM000774,STU0043,CRS002,6,assignment,50,32.6,2024-05-11,2024-05-08
ASM000775,STU0043,CRS002,6,project,100,58.4,2024-05-11,2024-05-11
ASM000776,STU0043,CRS002,6,exam,100,49.6,2024-05-29,2024-05-28
ASM000777,STU0044,CRS003,1,quiz,25,24.5,2024-09-22,2024-09-19
ASM000778,STU0044,CRS003,1,assignment,50,44.1,2024-09-25,2024-10-02
ASM000779,STU0044,CRS003,2,quiz,25,22.7,2024-10-08,2024-10-09
ASM000780,STU0044,CRS003,2,assignment,50,44.6,2024-10-10,2024-10-10
ASM000781,STU0044,CRS003,3,quiz,25,15.1,2024-10-26,2024-10-29
ASM000782,STU0044,CRS003,3,assignment,50,26.0,2024-11-10,2024-11-11
ASM000783,STU0044,CRS003,3,project,100,77.8,2024-10-23,2024-10-24
ASM000784,STU0044,CRS003,4,quiz,25,14.6,2024-11-27,2024-11-28
ASM000785,STU0044,CRS003,4,assignment,50,33.9,2024-11-23,2024-11-22
ASM000786,STU0044,CRS003,5,quiz,25,12.7,2024-11-17,2024-11-17
ASM000787,STU0044,CRS003,5,assignment,50,31.6,2024-12-12,2024-12-19
ASM000788,STU0044,CRS003,5,exam,100,97.9,2024-11-27,2024-11-27
ASM000789,STU0045,CRS014,1,quiz,25,17.6,2023-03-13,2023-03-20
ASM000790,STU0045,CRS014,1,assignment,50,41.1,2023-03-13,2023-03-11
ASM000791,STU0045,CRS014,2,quiz,25,10.1,2023-04-01,2023-03-31
ASM000792,STU0045,CRS014,2,assignment,50,16.9,2023-03-28,2023-03-26
ASM000793,STU0045,CRS014,3,quiz,25,15.2,2023-04-06,2023-04-04
ASM000794,STU0045,CRS014,3,assignment,50,17.1,2023-04-03,2023-04-06
ASM000795,STU0045,CRS014,3,project,100,70.0,2023-04-09,2023-04-10
ASM000796,STU0045,CRS014,4,quiz,25,16.3,2023-05-11,2023-05-10
ASM000797,STU0045,CRS014,4,assignment,50,22.8,2023-05-07,2023-05-12
ASM000798,STU0045,CRS014,5,quiz,25,13.8,2023-06-05,2023-06-05
ASM000799,STU0045,CRS014,5,assignment,50,35.5,2023-05-31,2023-06-02
ASM000800,STU0045,CRS014,6,quiz,25,8.5,2023-06-02,2023-05-30
ASM000801,STU0045,CRS014,6,assignment,50,5.4,2023-06-26,2023-06-24
ASM000802,STU0045,CRS014,6,project,100,52.8,2023-06-14,2023-06-15
ASM000803,STU0045,CRS014,6,exam,100,91.0,2023-06-20,2023-06-18
ASM000804,STU0046,CRS014,1,quiz,25,16.1,2023-08-21,2023-08-21
ASM000805,STU0046,CRS014,1,assignment,50,17.6,2023-08-21,2023-08-19
ASM000806,STU0046,CRS014,2,quiz,25,18.2,2023-09-05,2023-09-04
ASM000807,STU0046,CRS014,2,assignment,50,28.5,2023-08-30,2023-09-06
ASM000808,STU0046,CRS014,3,quiz,25,13.0,2023-10-01,2023-10-04
ASM000809,STU0046,CRS014,3,assignment,50,39.8,2023-09-28,2023-09-28
ASM000810,STU0046,CRS014,3,project,100,52.2,2023-09-22,2023-09-20
ASM000811,STU0046,CRS014,4,quiz,25,19.6,2023-10-09,2023-10-06
ASM000812,STU0046,CRS014,4,assignment,50,32.3,2023-10-21,2023-10-19
ASM000813,STU0046,CRS014,5,quiz,25,24.3,2023-10-31,2023-10-31
ASM000814,STU0046,CRS014,5,assignment,50,28.9,2023-10-11,2023-10-08
ASM000815,STU0046,CRS014,6,quiz,25,15.4,2023-10-25,2023-10-25
ASM000816,STU0046,CRS014,6,assignment,50,23.5,2023-11-12,2023-11-14
ASM000817,STU0046,CRS014,6,project,100,80.3,2023-12-06,2023-12-11
ASM000818,STU0046,CRS014,6,exam,100,48.7,2023-11-12,2023-11-17
ASM000819,STU0047,CRS001,1,quiz,25,15.4,2024-02-18,2024-02-19
ASM000820,STU0047,CRS001,1,assignment,50,32.6,2024-02-18,2024-02-17
ASM000821,STU0047,CRS001,2,quiz,25,9.7,2024-03-07,2024-03-04
ASM000822,STU0047,CRS001,2,assignment,50,18.1,2024-03-05,2024-03-05
ASM000823,STU0047,CRS001,3,quiz,25,23.9,2024-03-23,2024-03-25
ASM000824,STU0047,CRS001,3,assignment,50,39.0,2024-03-20,2024-03-20
ASM000825,STU0047,CRS001,3,project,100,69.8,2024-03-26,2024-03-24
ASM000826,STU0047,CRS001,4,quiz,25,20.2,2024-04-24,2024-04-24
ASM000827,STU0047,CRS001,4,assignment,50,38.6,2024-04-08,2024-04-08
ASM000828,STU0047,CRS001,5,quiz,25,15.6,2024-04-14,2024-04-14
ASM000829,STU0047,CRS001,5,assignment,50,30.2,2024-05-09,2024-05-07
ASM000830,STU0047,CRS001,6,quiz,25,23.7,2024-05-10,2024-05-11
ASM000831,STU0047,CRS001,6,assignment,50,34.8,2024-05-10,2024-05-10
ASM000832,STU0047,CRS001,6,project,100,62.7,2024-05-04,2024-05-06
ASM000833,STU0047,CRS001,7,quiz,25,21.4,2024-06-23,2024-06-25
ASM000834,STU0047,CRS001,7,assignment,50,33.5,2024-05-12,2024-05-09
ASM000835,STU0047,CRS001,8,quiz,25,13.2,2024-06-03,2024-06-04
ASM000836,STU0047,CRS001,8,assignment,50,28.4,2024-07-21,2024-07-22
ASM000837,STU0047,CRS001,8,exam,100,62.4,2024-06-19,2024-06-17
ASM000838,STU0048,CRS020,1,quiz,25,21.1,2024-08-30,2024-09-04
ASM000839,STU0048,CRS020,1,assignment,50,30.0,2024-08-27,2024-08-27
ASM000840,STU0048,CRS020,2,quiz,25,10.2,2024-09-12,2024-09-13
ASM000841,STU0048,CRS020,2,assignment,50,39.1,2024-09-18,2024-09-18
ASM000842,STU0048,CRS020,3,quiz,25,16.3,2024-09-27,2024-10-04
ASM000843,STU0048,CRS020,3,assignment,50,49.0,2024-09-27,2024-09-28
ASM000844,STU0048,CRS020,3,project,100,24.8,2024-10-03,2024-10-03
ASM000845,STU0048,CRS020,4,quiz,25,19.0,2024-10-20,2024-10-19
ASM000846,STU0048,CRS020,4,assignment,50,47.6,2024-11-05,2024-11-05
ASM000847,STU0048,CRS020,4,exam,100,90.0,2024-10-16,2024-10-17
ASM000848,STU0049,CRS012,1,quiz,25,18.0,2023-02-07,2023-02-06
ASM000849,STU0049,CRS012,1,assignment,50,37.7,2023-02-07,2023-02-07
ASM000850,STU0049,CRS012,2,quiz,25,9.1,2023-02-17,2023-02-15
ASM000851,STU0049,CRS012,2,assignment,50,39.6,2023-02-17,2023-02-22
ASM000852,STU0049,CRS012,3,quiz,25,23.3,2023-03-24,2023-03-24
ASM000853,STU0049,CRS012,3,assignment,50,30.3,2023-03-06,2023-03-09
ASM000854,STU0049,CRS012,3,project,100,41.3,2023-03-18,2023-03-18
ASM000855,STU0049,CRS012,4,quiz,25,18.7,2023-04-06,2023-04-05
ASM000856,STU0049,CRS012,4,assignment,50,36.6,2023-03-29,2023-03-30
ASM000857,STU0049,CRS012,5,quiz,25,17.2,2023-04-15,2023-04-15
ASM000858,STU0049,CRS012,5,assignment,50,42.5,2023-05-05,2023-05-03
ASM000859,STU0049,CRS012,6,quiz,25,20.7,2023-05-20,2023-05-18
ASM000860,STU0049,CRS012,6,assignment,50,28.2,2023-05-20,2023-05-20
ASM000861,STU0049,CRS012,6,project,100,31.9,2023-05-26,2023-05-27
ASM000862,STU0049,CRS012,7,quiz,25,7.2,2023-05-19,2023-05-19
ASM000863,STU0049,CRS012,7,assignment,50,37.0,2023-04-28,2023-04-29
ASM000864,STU0049,CRS012,8,quiz,25,17.1,2023-07-07,2023-07-07
ASM000865,STU0049,CRS012,8,assignment,50,33.9,2023-05-28,2023-05-30
ASM000866,STU0049,CRS012,8,exam,100,79.8,2023-05-28,2023-05-30
ASM000867,STU0050,CRS004,1,quiz,25,13.2,2023-08-15,2023-08-15
ASM000868,STU0050,CRS004,1,assignment,50,30.4,2023-08-19,2023-08-22
ASM000869,STU0050,CRS004,2,quiz,25,17.3,2023-09-10,2023-09-13
ASM000870,STU0050,CRS004,2,assignment,50,42.5,2023-09-10,2023-09-09
ASM000871,STU0050,CRS004,3,quiz,25,16.3,2023-09-28,2023-09-29
ASM000872,STU0050,CRS004,3,assignment,50,40.5,2023-09-19,2023-09-22
ASM000873,STU0050,CRS004,3,project,100,80.0,2023-09-16,2023-09-21
ASM000874,STU0050,CRS004,4,quiz,25,13.5,2023-09-24,2023-09-21
ASM000875,STU0050,CRS004,4,assignment,50,23.0,2023-10-22,2023-10-23
ASM000876,STU0050,CRS004,5,quiz,25,16.1,2023-11-07,2023-11-07
ASM000877,STU0050,CRS004,5,assignment,50,33.2,2023-10-13,2023-10-13
ASM000878,STU0050,CRS004,6,quiz,25,22.0,2023-10-22,2023-10-23
ASM000879,STU0050,CRS004,6,assignment,50,37.6,2023-11-27,2023-12-02
ASM000880,STU0050,CRS004,6,project,100,76.2,2023-10-28,2023-10-25
ASM000881,STU0050,CRS004,6,exam,100,42.4,2023-11-15,2023-11-14
ASM000882,STU0051,CRS013,1,quiz,25,17.7,2024-03-02,2024-03-09
ASM000883,STU0051,CRS013,1,assignment,50,39.0,2024-03-09,2024-03-11
ASM000884,STU0051,CRS013,2,quiz,25,13.0,2024-03-26,2024-03-27
ASM000885,STU0051,CRS013,2,assignment,50,49.0,2024-03-16,2024-03-19
ASM000886,STU0051,CRS013,3,quiz,25,20.3,2024-04-14,2024-04-14
ASM000887,STU0051,CRS013,3,assignment,50,29.8,2024-04-11,2024-04-11
ASM000888,STU0051,CRS013,3,project,100,98.0,2024-04-08,2024-04-10
ASM000889,STU0051,CRS013,4,quiz,25,10.9,2024-04-17,2024-04-18
ASM000890,STU0051,CRS013,4,assignment,50,49.0,2024-05-03,2024-05-06
ASM000891,STU0051,CRS013,5,quiz,25,15.0,2024-05-02,2024-05-02
ASM000892,STU0051,CRS013,5,assignment,50,33.1,2024-05-22,2024-05-21
ASM000893,STU0051,CRS013,6,quiz,25,16.6,2024-05-17,2024-05-17
ASM000894,STU0051,CRS013,6,assignment,50,27.6,2024-06-10,2024-06-09
ASM000895,STU0051,CRS013,6,project,100,62.6,2024-05-17,2024-05-18
ASM000896,STU0051,CRS013,7,quiz,25,8.8,2024-06-15,2024-06-17
ASM000897,STU0051,CRS013,7,assignment,50,41.0,2024-06-15,2024-06-15
ASM000898,STU0051,CRS013,8,quiz,25,13.1,2024-07-26,2024-07-25
ASM000899,STU0051,CRS013,8,assignment,50,22.4,2024-06-16,2024-06-16
ASM000900,STU0051,CRS013,8,exam,100,71.3,2024-06-16,2024-06-16
ASM000901,STU0052,CRS010,1,quiz,25,11.7,2024-09-18,2024-09-18
ASM000902,STU0052,CRS010,1,assignment,50,42.4,2024-09-15,2024-09-14
ASM000903,STU0052,CRS010,2,quiz,25,14.1,2024-10-12,2024-10-10
ASM000904,STU0052,CRS010,2,assignment,50,36.1,2024-09-30,2024-09-28
ASM000905,STU0052,CRS010,3,quiz,25,17.8,2024-10-24,2024-10-22
ASM000906,STU0052,CRS010,3,assignment,50,36.6,2024-10-21,2024-10-21
ASM000907,STU0052,CRS010,3,project,100,87.1,2024-10-12,2024-10-11
ASM000908,STU0052,CRS010,4,quiz,25,15.2,2024-11-03,2024-11-03
ASM000909,STU0052,CRS010,4,assignment,50,27.9,2024-11-19,2024-11-19
ASM000910,STU0052,CRS010,5,quiz,25,13.3,2024-11-14,2024-11-11
ASM000911,STU0052,CRS010,5,assignment,50,24.4,2024-11-24,2024-11-26
ASM000912,STU0052,CRS010,6,quiz,25,15.7,2024-12-23,2024-12-24
ASM000913,STU0052,CRS010,6,assignment,50,26.9,2024-12-23,2024-12-23
ASM000914,STU0052,CRS010,6,project,100,45.9,2025-01-04,2025-01-04
ASM000915,STU0052,CRS010,6,exam,100,54.0,2024-12-05,2024-12-08
ASM000916,STU0053,CRS011,1,quiz,25,23.7,2023-03-22,2023-03-22
ASM000917,STU0053,CRS011,1,assignment,50,40.5,2023-03-23,2023-03-25
ASM000918,STU0053,CRS011,2,quiz,25,17.5,2023-04-16,2023-04-23
ASM000919,STU0053,CRS011,2,assignment,50,27.2,2023-04-06,2023-04-07
ASM000920,STU0053,CRS011,3,quiz,25,24.5,2023-04-22,2023-04-21
ASM000921,STU0053,CRS011,3,assignment,50,30.6,2023-04-19,2023-04-16
ASM000922,STU0053,CRS011,3,project,100,73.6,2023-04-28,2023-04-28
ASM000923,STU0053,CRS011,4,quiz,25,20.1,2023-05-12,2023-05-12
ASM000924,STU0053,CRS011,4,assignment,50,34.2,2023-05-20,2023-05-18
ASM000925,STU0053,CRS011,5,quiz,25,18.2,2023-06-18,2023-06-18
ASM000926,STU0053,CRS011,5,assignment,50,39.0,2023-05-14,2023-05-14
ASM000927,STU0053,CRS011,6,quiz,25,24.5,2023-07-09,2023-07-11
ASM000928,STU0053,CRS011,6,assignment,50,25.9,2023-06-09,2023-06-06
ASM000929,STU0053,CRS011,6,project,100,54.2,2023-06-27,2023-06-28
ASM000930,STU0053,CRS011,7,quiz,25,24.5,2023-06-25,2023-06-27
ASM000931,STU0053,CRS011,7,assignment,50,40.3,2023-07-30,2023-07-30
ASM000932,STU0053,CRS011,8,quiz,25,19.6,2023-06-25,2023-06-23
ASM000933,STU0053,CRS011,8,assignment,50,18.4,2023-07-03,2023-07-03
ASM000934,STU0053,CRS011,9,quiz,25,21.2,2023-09-10,2023-09-10
ASM000935,STU0053,CRS011,9,assignment,50,25.0,2023-08-23,2023-08-21
ASM000936,STU0053,CRS011,9,project,100,46.5,2023-08-05,2023-08-07
ASM000937,STU0053,CRS011,10,quiz,25,23.8,2023-09-01,2023-08-31
ASM000938,STU0053,CRS011,10,assignment,50,41.3,2023-08-02,2023-08-09
ASM000939,STU0053,CRS011,10,exam,100,54.9,2023-09-21,2023-09-20
ASM000940,STU0054,CRS017,1,quiz,25,21.8,2023-09-07,2023-09-12
ASM000941,STU0054,CRS017,1,assignment,50,30.5,2023-09-12,2023-09-12
ASM000942,STU0054,CRS017,2,quiz,25,11.6,2023-10-03,2023-10-03
ASM000943,STU0054,CRS017,2,assignment,50,29.0,2023-09-29,2023-09-29
ASM000944,STU0054,CRS017,3,quiz,25,20.8,2023-10-08,2023-10-07
ASM000945,STU0054,CRS017,3,assignment,50,24.1,2023-10-26,2023-10-27
ASM000946,STU0054,CRS017,3,project,100,74.8,2023-10-11,2023-10-13
ASM000947,STU0054,CRS017,4,quiz,25,8.9,2023-11-12,2023-11-13
ASM000948,STU0054,CRS017,4,assignment,50,41.3,2023-10-23,2023-10-21
ASM000949,STU0054,CRS017,5,quiz,25,24.5,2023-11-22,2023-11-22
ASM000950,STU0054,CRS017,5,assignment,50,12.9,2023-11-07,2023-11-12
ASM000951,STU0054,CRS017,6,quiz,25,7.8,2023-12-22,2023-12-20
ASM000952,STU0054,CRS017,6,assignment,50,43.2,2023-12-22,2023-12-21
ASM000953,STU0054,CRS017,6,project,100,65.3,2023-12-28,2023-12-29
ASM000954,STU0054,CRS017,6,exam,100,55.2,2023-11-28,2023-11-30
ASM000955,STU0055,CRS017,1,quiz,25,24.4,2024-02-14,2024-02-14
ASM000956,STU0055,CRS017,1,assignment,50,36.9,2024-02-14,2024-02-14
ASM000957,STU0055,CRS017,2,quiz,25,16.9,2024-03-09,2024-03-08
ASM000958,STU0055,CRS017,2,assignment,50,27.5,2024-03-03,2024-03-10
ASM000959,STU0055,CRS017,3,quiz,25,14.4,2024-03-30,2024-03-28
ASM000960,STU0055,CRS017,3,assignment,50,26.1,2024-03-15,2024-03-15
ASM000961,STU0055,CRS017,3,project,100,66.9,2024-03-18,2024-03-15
ASM000962,STU0055,CRS017,4,quiz,25,11.0,2024-03-27,2024-03-27
ASM000963,STU0055,CRS017,4,assignment,50,15.9,2024-04-12,2024-04-12
ASM000964,STU0055,CRS017,5,quiz,25,12.6,2024-05-11,2024-05-18
ASM000965,STU0055,CRS017,5,assignment,50,32.3,2024-04-11,2024-04-11
ASM000966,STU0055,CRS017,6,quiz,25,15.4,2024-05-14,2024-05-13
ASM000967,STU0055,CRS017,6,assignment,50,19.1,2024-04-20,2024-04-18
ASM000968,STU0055,CRS017,6,project,100,71.7,2024-05-20,2024-05-19
ASM000969,STU0055,CRS017,6,exam,100,35.6,2024-05-14,2024-05-14
ASM000970,STU0056,CRS005,1,quiz,25,7.8,2024-08-13,2024-08-12
ASM000971,STU0056,CRS005,1,assignment,50,33.1,2024-08-14,2024-08-14
ASM000972,STU0056,CRS005,2,quiz,25,13.4,2024-08-29,2024-08-29
ASM000973,STU0056,CRS005,2,assignment,50,44.2,2024-08-31,2024-08-31
ASM000974,STU0056,CRS005,3,quiz,25,10.2,2024-09-22,2024-09-21
ASM000975,STU0056,CRS005,3,assignment,50,17.8,2024-09-25,2024-09-23
ASM000976,STU0056,CRS005,3,project,100,48.8,2024-09-10,2024-09-08
ASM000977,STU0056,CRS005,4,quiz,25,12.2,2024-10-10,2024-10-10
ASM000978,STU0056,CRS005,4,assignment,50,33.3,2024-10-02,2024-09-30
ASM000979,STU0056,CRS005,5,quiz,25,20.2,2024-10-18,2024-10-18
ASM000980,STU0056,CRS005,5,assignment,50,18.5,2024-10-13,2024-10-13
ASM000981,STU0056,CRS005,6,quiz,25,16.8,2024-10-28,2024-10-26
ASM000982,STU0056,CRS005,6,assignment,50,33.7,2024-11-21,2024-11-21
ASM000983,STU0056,CRS005,6,project,100,15.2,2024-11-21,2024-11-19
ASM000984,STU0056,CRS005,7,quiz,25,21.0,2024-12-10,2024-12-09
ASM000985,STU0056,CRS005,7,assignment,50,35.0,2024-12-03,2024-11-30
ASM000986,STU0056,CRS005,7,exam,100,53.3,2024-11-19,2024-11-20
ASM000987,STU0057,CRS009,1,quiz,25,17.5,2023-02-14,2023-02-12
ASM000988,STU0057,CRS009,1,assignment,50,35.2,2023-02-11,2023-02-09
ASM000989,STU0057,CRS009,2,quiz,25,18.3,2023-03-10,2023-03-12
ASM000990,STU0057,CRS009,2,assignment,50,33.6,2023-02-24,2023-02-24
ASM000991,STU0057,CRS009,3,quiz,25,16.0,2023-03-22,2023-03-19
ASM000992,STU0057,CRS009,3,assignment,50,33.7,2023-03-13,2023-03-15
ASM000993,STU0057,CRS009,3,project,100,73.3,2023-03-19,2023-03-19
ASM000994,STU0057,CRS009,4,quiz,25,22.6,2023-03-24,2023-03-22
ASM000995,STU0057,CRS009,4,assignment,50,29.4,2023-04-09,2023-04-14
ASM000996,STU0057,CRS009,5,quiz,25,18.4,2023-04-22,2023-04-22
ASM000997,STU0057,CRS009,5,assignment,50,31.2,2023-04-12,2023-04-10
ASM000998,STU0057,CRS009,6,quiz,25,15.9,2023-05-09,2023-05-10
ASM000999,STU0057,CRS009,6,assignment,50,32.5,2023-05-15,2023-05-14
ASM001000,STU0057,CRS009,6,project,100,63.3,2023-04-27,2023-05-02
ASM001001,STU0057,CRS009,7,quiz,25,12.2,2023-06-23,2023-06-23
ASM001002,STU0057,CRS009,7,assignment,50,27.3,2023-05-12,2023-05-11
ASM001003,STU0057,CRS009,8,quiz,25,11.4,2023-06-28,2023-07-05
ASM001004,STU0057,CRS009,8,assignment,50,37.5,2023-07-06,2023-07-04
ASM001005,STU0057,CRS009,9,quiz,25,18.1,2023-07-17,2023-07-15
ASM001006,STU0057,CRS009,9,assignment,50,35.6,2023-07-17,2023-07-18
ASM001007,STU0057,CRS009,9,project,100,47.3,2023-06-02,2023-05-31
ASM001008,STU0057,CRS009,10,quiz,25,16.4,2023-08-25,2023-08-26
ASM001009,STU0057,CRS009,10,assignment,50,36.0,2023-07-26,2023-07-27
ASM001010,STU0057,CRS009,11,quiz,25,13.5,2023-09-04,2023-09-03
ASM001011,STU0057,CRS009,11,assignment,50,48.1,2023-09-04,2023-09-03
ASM001012,STU0057,CRS009,12,quiz,25,19.9,2023-10-06,2023-10-11
ASM001013,STU0057,CRS009,12,assignment,50,43.0,2023-09-12,2023-09-11
ASM001014,STU0057,CRS009,12,project,100,64.8,2023-07-26,2023-07-26
ASM001015,STU0057,CRS009,12,exam,100,43.1,2023-07-26,2023-07-24
ASM001016,STU0058,CRS005,1,quiz,25,20.5,2023-09-16,2023-09-17
ASM001017,STU0058,CRS005,1,assignment,50,40.6,2023-09-17,2023-09-15
ASM001018,STU0058,CRS005,2,quiz,25,15.6,2023-10-11,2023-10-09
ASM001019,STU0058,CRS005,2,assignment,50,30.0,2023-10-11,2023-10-12
ASM001020,STU0058,CRS005,3,quiz,25,23.3,2023-10-25,2023-10-27
ASM001021,STU0058,CRS005,3,assignment,50,21.5,2023-10-31,2023-10-31
ASM001022,STU0058,CRS005,3,project,100,26.8,2023-11-03,2023-11-03
ASM001023,STU0058,CRS005,4,quiz,25,18.9,2023-11-04,2023-11-06
ASM001024,STU0058,CRS005,4,assignment,50,36.8,2023-11-24,2023-11-23
ASM001025,STU0058,CRS005,5,quiz,25,15.6,2023-11-20,2023-11-17
ASM001026,STU0058,CRS005,5,assignment,50,15.6,2023-12-15,2023-12-16
ASM001027,STU0058,CRS005,6,quiz,25,15.1,2023-12-06,2023-12-06
ASM001028,STU0058,CRS005,6,assignment,50,27.8,2023-11-30,2023-12-02
ASM001029,STU0058,CRS005,6,project,100,72.9,2024-01-05,2024-01-07
ASM001030,STU0058,CRS005,7,quiz,25,22.6,2024-01-26,2024-01-26
ASM001031,STU0058,CRS005,7,assignment,50,30.9,2024-01-12,2024-01-14
ASM001032,STU0058,CRS005,8,quiz,25,16.0,2023-12-22,2023-12-29
ASM001033,STU0058,CRS005,8,assignment,50,29.0,2023-12-30,2023-12-30
ASM001034,STU0058,CRS005,8,exam,100,81.1,2024-02-16,2024-02-13
ASM001035,STU0059,CRS006,1,quiz,25,18.7,2024-03-31,2024-03-31
ASM001036,STU0059,CRS006,1,assignment,50,26.6,2024-03-31,2024-03-31
ASM001037,STU0059,CRS006,2,quiz,25,10.4,2024-04-16,2024-04-16
ASM001038,STU0059,CRS006,2,assignment,50,42.3,2024-04-26,2024-04-27
ASM001039,STU0059,CRS006,3,quiz,25,19.5,2024-05-17,2024-05-17
ASM001040,STU0059,CRS006,3,assignment,50,24.0,2024-05-14,2024-05-13
ASM001041,STU0059,CRS006,3,project,100,35.1,2024-05-14,2024-05-15
ASM001042,STU0059,CRS006,4,quiz,25,24.5,2024-05-30,2024-05-28
ASM001043,STU0059,CRS006,4,assignment,50,21.6,2024-05-10,2024-05-08
ASM001044,STU0059,CRS006,5,quiz,25,22.3,2024-05-24,2024-05-26
ASM001045,STU0059,CRS006,5,assignment,50,7.4,2024-06-18,2024-06-18
ASM001046,STU0059,CRS006,6,quiz,25,22.3,2024-07-13,2024-07-13
ASM001047,STU0059,CRS006,6,assignment,50,25.3,2024-06-25,2024-06-24
ASM001048,STU0059,CRS006,6,project,100,45.7,2024-06-13,2024-06-16
ASM001049,STU0059,CRS006,7,quiz,25,20.2,2024-06-28,2024-06-28
ASM001050,STU0059,CRS006,7,assignment,50,33.5,2024-08-09,2024-08-10
ASM001051,STU0059,CRS006,8,quiz,25,19.1,2024-08-22,2024-08-22
ASM001052,STU0059,CRS006,8,assignment,50,28.4,2024-08-30,2024-08-30
ASM001053,STU0059,CRS006,9,quiz,25,11.7,2024-09-02,2024-09-02
ASM001054,STU0059,CRS006,9,assignment,50,40.0,2024-09-20,2024-09-18
ASM001055,STU0059,CRS006,9,project,100,34.4,2024-08-15,2024-08-15
ASM001056,STU0059,CRS006,10,quiz,25,16.1,2024-09-21,2024-09-20
ASM001057,STU0059,CRS006,10,assignment,50,22.8,2024-09-11,2024-09-11
ASM001058,STU0059,CRS006,10,exam,100,73.3,2024-08-12,2024-08-14
ASM001059,STU0060,CRS015,1,quiz,25,24.5,2024-09-18,2024-09-17
ASM001060,STU0060,CRS015,1,assignment,50,41.3,2024-09-21,2024-09-23
ASM001061,STU0060,CRS015,2,quiz,25,10.9,2024-10-01,2024-10-02
ASM001062,STU0060,CRS015,2,assignment,50,26.8,2024-10-07,2024-10-05
ASM001063,STU0060,CRS015,3,quiz,25,15.2,2024-11-03,2024-11-03
ASM001064,STU0060,CRS015,3,assignment,50,35.4,2024-10-25,2024-10-25
ASM001065,STU0060,CRS015,3,project,100,53.3,2024-10-25,2024-10-25
ASM001066,STU0060,CRS015,4,quiz,25,15.5,2024-11-20,2024-11-19
ASM001067,STU0060,CRS015,4,assignment,50,14.8,2024-11-24,2024-11-25
ASM001068,STU0060,CRS015,5,quiz,25,13.5,2024-11-20,2024-11-20
ASM001069,STU0060,CRS015,5,assignment,50,42.0,2024-11-25,2024-11-26
ASM001070,STU0060,CRS015,6,quiz,25,6.8,2024-12-18,2024-12-23
ASM001071,STU0060,CRS015,6,assignment,50,32.0,2024-12-30,2025-01-04
ASM001072,STU0060,CRS015,6,project,100,58.7,2024-12-12,2024-12-12
ASM001073,STU0060,CRS015,7,quiz,25,16.1,2024-12-22,2024-12-21
ASM001074,STU0060,CRS015,7,assignment,50,17.2,2025-01-08,2025-01-08
ASM001075,STU0060,CRS015,7,exam,100,73.0,2024-12-15,2024-12-16
ASM001076,STU0061,CRS019,1,quiz,25,13.3,2023-03-02,2023-03-03
ASM001077,STU0061,CRS019,1,assignment,50,33.1,2023-03-02,2023-03-03
ASM001078,STU0061,CRS019,2,quiz,25,19.6,2023-03-16,2023-03-15
ASM001079,STU0061,CRS019,2,assignment,50,28.6,2023-03-18,2023-03-20
ASM001080,STU0061,CRS019,3,quiz,25,21.1,2023-04-13,2023-04-13
ASM001081,STU0061,CRS019,3,assignment,50,32.2,2023-03-26,2023-03-25
ASM001082,STU0061,CRS019,3,project,100,69.3,2023-04-07,2023-04-08
ASM001083,STU0061,CRS019,4,quiz,25,23.2,2023-04-17,2023-04-18
ASM001084,STU0061,CRS019,4,assignment,50,36.3,2023-04-09,2023-04-07
ASM001085,STU0061,CRS019,5,quiz,25,15.8,2023-04-28,2023-04-28
ASM001086,STU0061,CRS019,5,assignment,50,35.6,2023-05-23,2023-05-26
ASM001087,STU0061,CRS019,6,quiz,25,20.9,2023-05-13,2023-05-13
ASM001088,STU0061,CRS019,6,assignment,50,17.9,2023-05-25,2023-05-23
ASM001089,STU0061,CRS019,6,project,100,86.0,2023-05-13,2023-05-13
ASM001090,STU0061,CRS019,6,exam,100,26.3,2023-05-31,2023-05-31
ASM001091,STU0062,CRS019,1,quiz,25,22.1,2023-09-09,2023-09-08
ASM001092,STU0062,CRS019,1,assignment,50,43.8,2023-09-13,2023-09-15
ASM001093,STU0062,CRS019,2,quiz,25,15.9,2023-10-04,2023-10-06
ASM001094,STU0062,CRS019,2,assignment,50,11.4,2023-09-28,2023-09-26
ASM001095,STU0062,CRS019,3,quiz,25,15.5,2023-10-12,2023-10-11
ASM001096,STU0062,CRS019,3,assignment,50,41.6,2023-10-06,2023-10-06
ASM001097,STU0062,CRS019,3,project,100,82.2,2023-10-21,2023-10-22
ASM001098,STU0062,CRS019,4,quiz,25,19.9,2023-11-17,2023-11-18
ASM001099,STU0062,CRS019,4,assignment,50,40.4,2023-11-05,2023-11-08
ASM001100,STU0062,CRS019,5,quiz,25,14.6,2023-11-28,2023-11-30
ASM001101,STU0062,CRS019,5,assignment,50,34.5,2023-11-03,2023-11-04
ASM001102,STU0062,CRS019,6,quiz,25,15.6,2023-11-17,2023-11-18
ASM001103,STU0062,CRS019,6,assignment,50,22.9,2023-12-05,2023-12-04
ASM001104,STU0062,CRS019,6,project,100,82.0,2023-12-17,2023-12-22
ASM001105,STU0062,CRS019,6,exam,100,66.7,2023-11-23,2023-11-23
ASM001106,STU0063,CRS011,1,quiz,25,21.1,2024-03-24,2024-03-29
ASM001107,STU0063,CRS011,1,assignment,50,39.1,2024-03-30,2024-04-04
ASM001108,STU0063,CRS011,2,quiz,25,14.4,2024-04-13,2024-04-12
ASM001109,STU0063,CRS011,2,assignment,50,19.9,2024-04-11,2024-04-16
ASM001110,STU0063,CRS011,3,quiz,25,9.4,2024-05-09,2024-05-11
ASM001111,STU0063,CRS011,3,assignment,50,42.0,2024-05-03,2024-05-06
ASM001112,STU0063,CRS011,3,project,100,26.7,2024-05-12,2024-05-13
ASM001113,STU0063,CRS011,4,quiz,25,22.2,2024-05-25,2024-05-26
ASM001114,STU0063,CRS011,4,assignment,50,20.8,2024-05-13,2024-05-14
ASM001115,STU0063,CRS011,5,quiz,25,9.6,2024-05-24,2024-05-24
ASM001116,STU0063,CRS011,5,assignment,50,22.6,2024-06-13,2024-06-13
ASM001117,STU0063,CRS011,6,quiz,25,14.4,2024-06-02,2024-06-04
ASM001118,STU0063,CRS011,6,assignment,50,28.0,2024-07-14,2024-07-16
ASM001119,STU0063,CRS011,6,project,100,69.7,2024-06-14,2024-06-11
ASM001120,STU0063,CRS011,7,quiz,25,19.9,2024-06-23,2024-06-21
ASM001121,STU0063,CRS011,7,assignment,50,49.0,2024-07-07,2024-07-07
ASM001122,STU0063,CRS011,8,quiz,25,14.6,2024-07-16,2024-07-18
ASM001123,STU0063,CRS011,8,assignment,50,28.2,2024-08-17,2024-08-19
ASM001124,STU0063,CRS011,9,quiz,25,20.9,2024-08-01,2024-07-31
ASM001125,STU0063,CRS011,9,assignment,50,35.5,2024-08-28,2024-08-30
ASM001126,STU0063,CRS011,9,project,100,82.7,2024-08-01,2024-08-01
ASM001127,STU0063,CRS011,10,quiz,25,18.6,2024-09-26,2024-10-01
ASM001128,STU0063,CRS011,10,assignment,50,28.2,2024-07-28,2024-08-02
ASM001129,STU0063,CRS011,10,exam,100,76.8,2024-08-27,2024-09-01
ASM001130,STU0064,CRS005,1,quiz,25,15.8,2024-08-28,2024-08-25
ASM001131,STU0064,CRS005,1,assignment,50,45.9,2024-09-01,2024-09-02
ASM001132,STU0064,CRS005,2,quiz,25,24.5,2024-09-13,2024-09-18
ASM001133,STU0064,CRS005,2,assignment,50,17.2,2024-09-11,2024-09-08
ASM001134,STU0064,CRS005,3,quiz,25,15.0,2024-10-14,2024-10-16
ASM001135,STU0064,CRS005,3,assignment,50,31.2,2024-10-14,2024-10-12
ASM001136,STU0064,CRS005,3,project,100,53.6,2024-10-05,2024-10-04
ASM001137,STU0064,CRS005,4,quiz,25,13.5,2024-11-04,2024-11-04
ASM001138,STU0064,CRS005,4,assignment,50,35.1,2024-10-19,2024-10-26
ASM001139,STU0064,CRS005,5,quiz,25,17.3,2024-11-10,2024-11-11
ASM001140,STU0064,CRS005,5,assignment,50,37.8,2024-10-31,2024-10-28
ASM001141,STU0064,CRS005,6,quiz,25,13.0,2024-11-28,2024-11-27
ASM001142,STU0064,CRS005,6,assignment,50,34.6,2024-12-16,2024-12-14
ASM001143,STU0064,CRS005,6,project,100,52.7,2024-12-16,2024-12-14
ASM001144,STU0064,CRS005,6,exam,100,89.8,2024-11-22,2024-11-23
ASM001145,STU0065,CRS015,1,quiz,25,16.2,2023-03-16,2023-03-17
ASM001146,STU0065,CRS015,1,assignment,50,36.5,2023-03-10,2023-03-08
ASM001147,STU0065,CRS015,2,quiz,25,12.5,2023-03-30,2023-03-30
ASM001148,STU0065,CRS015,2,assignment,50,42.2,2023-03-24,2023-03-21
ASM001149,STU0065,CRS015,3,quiz,25,12.8,2023-04-25,2023-04-25
ASM001150,STU0065,CRS015,3,assignment,50,37.8,2023-04-07,2023-04-07
ASM001151,STU0065,CRS015,3,project,100,48.6,2023-04-19,2023-04-18
ASM001152,STU0065,CRS015,4,quiz,25,16.4,2023-05-19,2023-05-17
ASM001153,STU0065,CRS015,4,assignment,50,26.1,2023-05-11,2023-05-12
ASM001154,STU0065,CRS015,5,quiz,25,17.7,2023-05-30,2023-05-27
ASM001155,STU0065,CRS015,5,assignment,50,39.7,2023-05-15,2023-05-15
ASM001156,STU0065,CRS015,6,quiz,25,15.6,2023-06-18,2023-06-23
ASM001157,STU0065,CRS015,6,assignment,50,31.1,2023-06-12,2023-06-17
ASM001158,STU0065,CRS015,6,project,100,98.0,2023-06-12,2023-06-12
ASM001159,STU0065,CRS015,7,quiz,25,10.4,2023-07-14,2023-07-17
ASM001160,STU0065,CRS015,7,assignment,50,49.0,2023-06-16,2023-06-16
ASM001161,STU0065,CRS015,8,quiz,25,18.2,2023-08-11,2023-08-09
ASM001162,STU0065,CRS015,8,assignment,50,37.7,2023-06-16,2023-06-16
ASM001163,STU0065,CRS015,9,quiz,25,2.7,2023-07-18,2023-07-19
ASM001164,STU0065,CRS015,9,assignment,50,43.9,2023-09-01,2023-08-29
ASM001165,STU0065,CRS015,9,project,100,46.5,2023-08-14,2023-08-21
ASM001166,STU0065,CRS015,10,quiz,25,14.4,2023-07-24,2023-07-26
ASM001167,STU0065,CRS015,10,assignment,50,47.6,2023-08-03,2023-08-01
ASM001168,STU0065,CRS015,10,exam,100,85.1,2023-08-03,2023-08-05
ASM001169,STU0066,CRS009,1,quiz,25,14.6,2023-09-08,2023-09-08
ASM001170,STU0066,CRS009,1,assignment,50,27.2,2023-09-04,2023-09-04
ASM001171,STU0066,CRS009,2,quiz,25,23.1,2023-09-22,2023-09-22
ASM001172,STU0066,CRS009,2,assignment,50,39.6,2023-09-20,2023-09-23
ASM001173,STU0066,CRS009,3,quiz,25,18.5,2023-10-02,2023-10-01
ASM001174,STU0066,CRS009,3,assignment,50,32.0,2023-10-17,2023-10-17
ASM001175,STU0066,CRS009,3,project,100,69.2,2023-10-05,2023-10-07
ASM001176,STU0066,CRS009,4,quiz,25,17.8,2023-11-13,2023-11-13
ASM001177,STU0066,CRS009,4,assignment,50,49.0,2023-11-01,2023-11-01
ASM001178,STU0066,CRS009,5,quiz,25,16.7,2023-12-04,2023-12-04
ASM001179,STU0066,CRS009,5,assignment,50,44.8,2023-11-09,2023-11-08
ASM001180,STU0066,CRS009,6,quiz,25,18.2,2023-12-13,2023-12-15
ASM001181,STU0066,CRS009,6,assignment,50,29.3,2023-11-19,2023-11-19
ASM001182,STU0066,CRS009,6,project,100,60.2,2023-12-07,2023-12-06
ASM001183,STU0066,CRS009,7,quiz,25,17.9,2024-01-08,2024-01-06
ASM001184,STU0066,CRS009,7,assignment,50,28.2,2024-01-08,2024-01-07
ASM001185,STU0066,CRS009,8,quiz,25,11.5,2023-12-27,2023-12-25
ASM001186,STU0066,CRS009,8,assignment,50,33.1,2024-01-12,2024-01-17
ASM001187,STU0066,CRS009,9,quiz,25,19.8,2024-01-12,2024-01-12
ASM001188,STU0066,CRS009,9,assignment,50,37.4,2024-01-21,2024-01-21
ASM001189,STU0066,CRS009,9,project,100,47.6,2024-02-17,2024-02-17
ASM001190,STU0066,CRS009,10,quiz,25,14.4,2024-03-08,2024-03-10
ASM001191,STU0066,CRS009,10,assignment,50,30.2,2024-01-28,2024-01-28
ASM001192,STU0066,CRS009,11,quiz,25,16.8,2024-03-17,2024-03-24
ASM001193,STU0066,CRS009,11,assignment,50,27.8,2024-02-24,2024-02-25
ASM001194,STU0066,CRS009,12,quiz,25,6.1,2024-02-17,2024-02-16
ASM001195,STU0066,CRS009,12,assignment,50,34.9,2024-04-17,2024-04-15
ASM001196,STU0066,CRS009,12,project,100,50.6,2024-02-29,2024-03-01
ASM001197,STU0066,CRS009,12,exam,100,50.1,2024-03-24,2024-03-26
ASM001198,STU0067,CRS017,1,quiz,25,15.7,2024-02-02,2024-02-02
ASM001199,STU0067,CRS017,1,assignment,50,23.2,2024-02-02,2024-02-02
ASM001200,STU0067,CRS017,2,quiz,25,15.9,2024-03-01,2024-03-02
ASM001201,STU0067,CRS017,2,assignment,50,19.3,2024-02-24,2024-02-24
ASM001202,STU0067,CRS017,3,quiz,25,12.3,2024-03-01,2024-02-28
ASM001203,STU0067,CRS017,3,assignment,50,36.2,2024-03-22,2024-03-21
ASM001204,STU0067,CRS017,3,project,100,81.4,2024-03-04,2024-03-04
ASM001205,STU0067,CRS017,4,quiz,25,15.0,2024-03-31,2024-03-31
ASM001206,STU0067,CRS017,4,assignment,50,17.6,2024-04-12,2024-04-13
ASM001207,STU0067,CRS017,5,quiz,25,23.4,2024-04-18,2024-04-18
ASM001208,STU0067,CRS017,5,assignment,50,24.4,2024-04-13,2024-04-12
ASM001209,STU0067,CRS017,6,quiz,25,20.6,2024-05-06,2024-05-09
ASM001210,STU0067,CRS017,6,assignment,50,39.4,2024-04-12,2024-04-12
ASM001211,STU0067,CRS017,6,project,100,37.7,2024-04-12,2024-04-11
ASM001212,STU0067,CRS017,6,exam,100,69.0,2024-05-24,2024-05-24
ASM001213,STU0068,CRS015,1,quiz,25,22.8,2024-08-05,2024-08-06
ASM001214,STU0068,CRS015,1,assignment,50,29.4,2024-08-04,2024-08-02
ASM001215,STU0068,CRS015,2,quiz,25,16.9,2024-08-18,2024-08-15
ASM001216,STU0068,CRS015,2,assignment,50,33.5,2024-08-20,2024-08-23
ASM001217,STU0068,CRS015,3,quiz,25,18.3,2024-09-06,2024-09-06
ASM001218,STU0068,CRS015,3,assignment,50,37.8,2024-09-06,2024-09-04
ASM001219,STU0068,CRS015,3,project,100,57.1,2024-09-18,2024-09-16
ASM001220,STU0068,CRS015,4,quiz,25,17.3,2024-09-19,2024-09-20
ASM001221,STU0068,CRS015,4,assignment,50,14.9,2024-10-09,2024-10-16
ASM001222,STU0068,CRS015,5,quiz,25,17.8,2024-10-10,2024-10-09
ASM001223,STU0068,CRS015,5,assignment,50,45.2,2024-10-25,2024-10-23
ASM001224,STU0068,CRS015,6,quiz,25,16.6,2024-11-14,2024-11-21
ASM001225,STU0068,CRS015,6,assignment,50,23.1,2024-11-20,2024-11-21
ASM001226,STU0068,CRS015,6,project,100,52.0,2024-11-02,2024-10-30
ASM001227,STU0068,CRS015,7,quiz,25,11.0,2024-12-04,2024-12-04
ASM001228,STU0068,CRS015,7,assignment,50,25.8,2024-12-11,2024-12-10
ASM001229,STU0068,CRS015,7,exam,100,51.2,2024-10-23,2024-10-23
ASM001230,STU0069,CRS010,1,quiz,25,18.1,2023-02-03,2023-02-02
ASM001231,STU0069,CRS010,1,assignment,50,41.8,2023-02-08,2023-02-11
ASM001232,STU0069,CRS010,2,quiz,25,20.5,2023-02-26,2023-02-26
ASM001233,STU0069,CRS010,2,assignment,50,31.1,2023-02-28,2023-02-25
ASM001234,STU0069,CRS010,3,quiz,25,19.1,2023-03-17,2023-03-17
ASM001235,STU0069,CRS010,3,assignment,50,24.4,2023-03-11,2023-03-11
ASM001236,STU0069,CRS010,3,project,100,27.7,2023-03-23,2023-03-21
ASM001237,STU0069,CRS010,4,quiz,25,12.6,2023-04-01,2023-04-02
ASM001238,STU0069,CRS010,4,assignment,50,38.4,2023-04-05,2023-04-07
ASM001239,STU0069,CRS010,5,quiz,25,14.7,2023-04-09,2023-04-10
ASM001240,STU0069,CRS010,5,assignment,50,47.2,2023-05-04,2023-05-02
ASM001241,STU0069,CRS010,6,quiz,25,8.3,2023-05-01,2023-04-30
ASM001242,STU0069,CRS010,6,assignment,50,33.3,2023-05-25,2023-05-25
ASM001243,STU0069,CRS010,6,project,100,82.0,2023-05-01,2023-05-01
ASM001244,STU0069,CRS010,7,quiz,25,16.2,2023-05-25,2023-05-25
ASM001245,STU0069,CRS010,7,assignment,50,39.3,2023-05-11,2023-05-10
ASM001246,STU0069,CRS010,8,quiz,25,12.1,2023-05-19,2023-05-19
ASM001247,STU0069,CRS010,8,assignment,50,37.2,2023-05-19,2023-05-20
ASM001248,STU0069,CRS010,9,quiz,25,18.5,2023-06-30,2023-07-07
ASM001249,STU0069,CRS010,9,assignment,50,33.9,2023-07-09,2023-07-11
ASM001250,STU0069,CRS010,9,project,100,42.2,2023-06-12,2023-06-15
ASM001251,STU0069,CRS010,10,quiz,25,20.6,2023-06-18,2023-06-19
ASM001252,STU0069,CRS010,10,assignment,50,28.2,2023-08-17,2023-08-24
ASM001253,STU0069,CRS010,10,exam,100,69.9,2023-06-18,2023-06-25
ASM001254,STU0070,CRS003,1,quiz,25,10.2,2023-09-07,2023-09-09
ASM001255,STU0070,CRS003,1,assignment,50,34.7,2023-09-06,2023-09-06
ASM001256,STU0070,CRS003,2,quiz,25,18.2,2023-09-26,2023-10-01
ASM001257,STU0070,CRS003,2,assignment,50,28.5,2023-09-24,2023-09-25
ASM001258,STU0070,CRS003,3,quiz,25,8.9,2023-10-25,2023-10-26
ASM001259,STU0070,CRS003,3,assignment,50,21.6,2023-10-07,2023-10-06
ASM001260,STU0070,CRS003,3,project,100,90.1,2023-10-07,2023-10-09
ASM001261,STU0070,CRS003,4,quiz,25,16.3,2023-11-15,2023-11-22
ASM001262,STU0070,CRS003,4,assignment,50,31.5,2023-11-15,2023-11-15
ASM001263,STU0070,CRS003,5,quiz,25,11.0,2023-11-11,2023-11-09
ASM001264,STU0070,CRS003,5,assignment,50,43.3,2023-11-26,2023-11-27
ASM001265,STU0070,CRS003,5,exam,100,65.4,2023-11-16,2023-11-15
ASM001266,STU0071,CRS013,1,quiz,25,11.5,2024-03-01,2024-02-28
ASM001267,STU0071,CRS013,1,assignment,50,24.1,2024-03-04,2024-03-04
ASM001268,STU0071,CRS013,2,quiz,25,18.9,2024-03-22,2024-03-27
ASM001269,STU0071,CRS013,2,assignment,50,48.8,2024-03-26,2024-03-24
ASM001270,STU0071,CRS013,3,quiz,25,16.8,2024-03-29,2024-03-27
ASM001271,STU0071,CRS013,3,assignment,50,33.8,2024-04-10,2024-04-10
ASM001272,STU0071,CRS013,3,project,100,46.0,2024-04-13,2024-04-15
ASM001273,STU0071,CRS013,4,quiz,25,22.2,2024-04-17,2024-04-22
ASM001274,STU0071,CRS013,4,assignment,50,37.0,2024-04-25,2024-04-25
ASM001275,STU0071,CRS013,5,quiz,25,14.6,2024-05-13,2024-05-14
ASM001276,STU0071,CRS013,5,assignment,50,40.1,2024-05-13,2024-05-18
ASM001277,STU0071,CRS013,6,quiz,25,13.4,2024-05-19,2024-05-20
ASM001278,STU0071,CRS013,6,assignment,50,34.5,2024-06-18,2024-06-19
ASM001279,STU0071,CRS013,6,project,100,70.5,2024-06-12,2024-06-14
ASM001280,STU0071,CRS013,7,quiz,25,15.0,2024-06-25,2024-06-25
ASM001281,STU0071,CRS013,7,assignment,50,26.5,2024-06-04,2024-06-04
ASM001282,STU0071,CRS013,8,quiz,25,15.5,2024-07-06,2024-07-06
ASM001283,STU0071,CRS013,8,assignment,50,41.2,2024-06-20,2024-06-17
ASM001284,STU0071,CRS013,8,exam,100,50.7,2024-07-06,2024-07-05
ASM001285,STU0072,CRS002,1,quiz,25,18.4,2024-08-30,2024-08-31
ASM001286,STU0072,CRS002,1,assignment,50,32.1,2024-08-26,2024-08-28
ASM001287,STU0072,CRS002,2,quiz,25,15.4,2024-09-17,2024-09-18
ASM001288,STU0072,CRS002,2,assignment,50,34.7,2024-09-11,2024-09-11
ASM001289,STU0072,CRS002,3,quiz,25,24.3,2024-09-23,2024-09-23
ASM001290,STU0072,CRS002,3,assignment,50,30.8,2024-10-02,2024-10-02
ASM001291,STU0072,CRS002,3,project,100,74.3,2024-10-05,2024-10-06
ASM001292,STU0072,CRS002,4,quiz,25,10.9,2024-10-15,2024-10-16
ASM001293,STU0072,CRS002,4,assignment,50,26.6,2024-10-19,2024-10-17
ASM001294,STU0072,CRS002,5,quiz,25,15.9,2024-11-15,2024-11-15
ASM001295,STU0072,CRS002,5,assignment,50,34.3,2024-10-31,2024-11-01
ASM001296,STU0072,CRS002,6,quiz,25,14.6,2024-11-04,2024-11-04
ASM001297,STU0072,CRS002,6,assignment,50,24.3,2024-11-16,2024-11-16
ASM001298,STU0072,CRS002,6,project,100,70.7,2024-12-10,2024-12-10
ASM001299,STU0072,CRS002,6,exam,100,42.9,2024-12-10,2024-12-13
ASM001300,STU0073,CRS007,1,quiz,25,13.0,2023-02-25,2023-02-26
ASM001301,STU0073,CRS007,1,assignment,50,27.8,2023-02-25,2023-02-26
ASM001302,STU0073,CRS007,2,quiz,25,17.6,2023-03-08,2023-03-08
ASM001303,STU0073,CRS007,2,assignment,50,27.4,2023-03-18,2023-03-16
ASM001304,STU0073,CRS007,3,quiz,25,7.6,2023-03-21,2023-03-22
ASM001305,STU0073,CRS007,3,assignment,50,32.0,2023-04-08,2023-04-08
ASM001306,STU0073,CRS007,3,project,100,21.8,2023-04-02,2023-04-07
ASM001307,STU0073,CRS007,4,quiz,25,14.3,2023-04-05,2023-04-06
ASM001308,STU0073,CRS007,4,assignment,50,35.0,2023-04-17,2023-04-14
ASM001309,STU0073,CRS007,5,quiz,25,14.8,2023-04-25,2023-04-23
ASM001310,STU0073,CRS007,5,assignment,50,40.7,2023-05-05,2023-05-05
ASM001311,STU0073,CRS007,6,quiz,25,15.0,2023-05-11,2023-05-09
ASM001312,STU0073,CRS007,6,assignment,50,31.0,2023-05-23,2023-05-26
ASM001313,STU0073,CRS007,6,project,100,64.9,2023-05-17,2023-05-16
ASM001314,STU0073,CRS007,7,quiz,25,16.0,2023-06-17,2023-06-15
ASM001315,STU0073,CRS007,7,assignment,50,22.1,2023-05-13,2023-05-13
ASM001316,STU0073,CRS007,8,quiz,25,13.7,2023-07-06,2023-07-08
ASM001317,STU0073,CRS007,8,assignment,50,34.9,2023-07-22,2023-07-24
ASM001318,STU0073,CRS007,8,exam,100,56.7,2023-06-12,2023-06-12
ASM001319,STU0074,CRS017,1,quiz,25,15.0,2023-08-14,2023-08-16
ASM001320,STU0074,CRS017,1,assignment,50,28.1,2023-08-12,2023-08-10
ASM001321,STU0074,CRS017,2,quiz,25,19.6,2023-09-02,2023-09-02
ASM001322,STU0074,CRS017,2,assignment,50,27.7,2023-08-21,2023-08-28
ASM001323,STU0074,CRS017,3,quiz,25,10.8,2023-09-25,2023-09-26
ASM001324,STU0074,CRS017,3,assignment,50,18.2,2023-09-04,2023-09-04
ASM001325,STU0074,CRS017,3,project,100,81.4,2023-09-16,2023-09-16
ASM001326,STU0074,CRS017,4,quiz,25,20.3,2023-09-30,2023-10-07
ASM001327,STU0074,CRS017,4,assignment,50,17.6,2023-09-18,2023-09-25
ASM001328,STU0074,CRS017,5,quiz,25,15.2,2023-10-02,2023-09-30
ASM001329,STU0074,CRS017,5,assignment,50,31.5,2023-10-12,2023-10-19
ASM001330,STU0074,CRS017,6,quiz,25,19.3,2023-11-27,2023-11-25
ASM001331,STU0074,CRS017,6,assignment,50,49.0,2023-11-15,2023-11-15
ASM001332,STU0074,CRS017,6,project,100,75.0,2023-10-16,2023-10-16
ASM001333,STU0074,CRS017,6,exam,100,75.0,2023-10-28,2023-10-28
ASM001334,STU0075,CRS004,1,quiz,25,13.2,2024-03-24,2024-03-22
ASM001335,STU0075,CRS004,1,assignment,50,31.2,2024-03-21,2024-03-21
ASM001336,STU0075,CRS004,2,quiz,25,19.0,2024-04-05,2024-04-04
ASM001337,STU0075,CRS004,2,assignment,50,49.0,2024-04-15,2024-04-16
ASM001338,STU0075,CRS004,3,quiz,25,20.4,2024-04-23,2024-04-20
ASM001339,STU0075,CRS004,3,assignment,50,36.6,2024-04-17,2024-04-16
ASM001340,STU0075,CRS004,3,project,100,70.8,2024-05-02,2024-05-01
ASM001341,STU0075,CRS004,4,quiz,25,16.6,2024-05-05,2024-05-03
ASM001342,STU0075,CRS004,4,assignment,50,44.6,2024-05-13,2024-05-13
ASM001343,STU0075,CRS004,5,quiz,25,15.8,2024-06-14,2024-06-19
ASM001344,STU0075,CRS004,5,assignment,50,40.3,2024-06-14,2024-06-12
ASM001345,STU0075,CRS004,6,quiz,25,17.2,2024-05-29,2024-05-29
ASM001346,STU0075,CRS004,6,assignment,50,49.0,2024-06-22,2024-06-22
ASM001347,STU0075,CRS004,6,project,100,35.3,2024-06-04,2024-06-03
ASM001348,STU0075,CRS004,6,exam,100,54.4,2024-06-22,2024-06-22
ASM001349,STU0076,CRS003,1,quiz,25,14.3,2024-09-06,2024-09-04
ASM001350,STU0076,CRS003,1,assignment,50,27.9,2024-09-01,2024-09-01
ASM001351,STU0076,CRS003,2,quiz,25,11.7,2024-09-17,2024-09-19
ASM001352,STU0076,CRS003,2,assignment,50,30.3,2024-09-27,2024-09-24
ASM001353,STU0076,CRS003,3,quiz,25,11.5,2024-10-18,2024-10-25
ASM001354,STU0076,CRS003,3,assignment,50,23.5,2024-10-03,2024-09-30
ASM001355,STU0076,CRS003,3,project,100,64.8,2024-10-18,2024-10-17
ASM001356,STU0076,CRS003,4,quiz,25,23.0,2024-10-31,2024-11-02
ASM001357,STU0076,CRS003,4,assignment,50,29.8,2024-10-23,2024-10-23
ASM001358,STU0076,CRS003,5,quiz,25,16.2,2024-10-30,2024-10-30
ASM001359,STU0076,CRS003,5,assignment,50,39.5,2024-11-24,2024-11-25
ASM001360,STU0076,CRS003,5,exam,100,39.7,2024-11-14,2024-11-17
ASM001361,STU0077,CRS002,1,quiz,25,20.0,2023-02-16,2023-02-17
ASM001362,STU0077,CRS002,1,assignment,50,30.4,2023-02-18,2023-02-19
ASM001363,STU0077,CRS002,2,quiz,25,14.2,2023-03-13,2023-03-12
ASM001364,STU0077,CRS002,2,assignment,50,25.7,2023-03-05,2023-03-05
ASM001365,STU0077,CRS002,3,quiz,25,13.9,2023-03-28,2023-03-25
ASM001366,STU0077,CRS002,3,assignment,50,20.4,2023-03-13,2023-03-14
ASM001367,STU0077,CRS002,3,project,100,56.3,2023-03-13,2023-03-18
ASM001368,STU0077,CRS002,4,quiz,25,12.1,2023-04-24,2023-04-26
ASM001369,STU0077,CRS002,4,assignment,50,30.4,2023-03-31,2023-04-02
ASM001370,STU0077,CRS002,5,quiz,25,14.8,2023-04-10,2023-04-13
ASM001371,STU0077,CRS002,5,assignment,50,22.6,2023-05-15,2023-05-16
ASM001372,STU0077,CRS002,6,quiz,25,22.8,2023-05-24,2023-05-24
ASM001373,STU0077,CRS002,6,assignment,50,28.5,2023-04-24,2023-04-22
ASM001374,STU0077,CRS002,6,project,100,73.6,2023-04-24,2023-04-23
ASM001375,STU0077,CRS002,6,exam,100,53.0,2023-04-24,2023-04-26
ASM001376,STU0078,CRS015,1,quiz,25,9.8,2023-09-03,2023-09-01
ASM001377,STU0078,CRS015,1,assignment,50,37.0,2023-09-04,2023-09-06
ASM001378,STU0078,CRS015,2,quiz,25,24.5,2023-09-24,2023-09-21
ASM001379,STU0078,CRS015,2,assignment,50,30.9,2023-09-28,2023-10-03
ASM001380,STU0078,CRS015,3,quiz,25,13.3,2023-10-07,2023-10-14
ASM001381,STU0078,CRS015,3,assignment,50,30.7,2023-10-16,2023-10-14
ASM001382,STU0078,CRS015,3,project,100,85.9,2023-10-04,2023-10-04
ASM001383,STU0078,CRS015,4,quiz,25,17.4,2023-10-20,2023-10-18
ASM001384,STU0078,CRS015,4,assignment,50,34.9,2023-10-28,2023-11-02
ASM001385,STU0078,CRS015,5,quiz,25,15.8,2023-11-10,2023-11-13
ASM001386,STU0078,CRS015,5,assignment,50,25.4,2023-10-26,2023-11-02
ASM001387,STU0078,CRS015,6,quiz,25,16.5,2023-12-03,2023-12-04
ASM001388,STU0078,CRS015,6,assignment,50,32.1,2023-12-15,2023-12-16
ASM001389,STU0078,CRS015,6,project,100,49.6,2023-11-09,2023-11-12
ASM001390,STU0078,CRS015,7,quiz,25,24.0,2024-01-04,2024-01-03
ASM001391,STU0078,CRS015,7,assignment,50,29.8,2024-01-11,2024-01-11
ASM001392,STU0078,CRS015,8,quiz,25,16.1,2023-12-31,2023-12-28
ASM001393,STU0078,CRS015,8,assignment,50,28.9,2024-01-24,2024-01-24
ASM001394,STU0078,CRS015,9,quiz,25,20.4,2024-02-04,2024-02-02
ASM001395,STU0078,CRS015,9,assignment,50,34.6,2023-12-21,2023-12-28
ASM001396,STU0078,CRS015,9,project,100,92.2,2023-12-30,2024-01-04
ASM001397,STU0078,CRS015,10,quiz,25,13.9,2024-02-03,2024-02-02
ASM001398,STU0078,CRS015,10,assignment,50,44.2,2024-01-14,2024-01-11
ASM001399,STU0078,CRS015,10,exam,100,43.9,2024-03-04,2024-03-06
ASM001400,STU0079,CRS006,1,quiz,25,12.8,2024-02-26,2024-02-28
ASM001401,STU0079,CRS006,1,assignment,50,33.1,2024-02-24,2024-02-22
ASM001402,STU0079,CRS006,2,quiz,25,20.3,2024-03-06,2024-03-08
ASM001403,STU0079,CRS006,2,assignment,50,34.5,2024-03-12,2024-03-17
ASM001404,STU0079,CRS006,3,quiz,25,10.1,2024-03-23,2024-03-24
ASM001405,STU0079,CRS006,3,assignment,50,34.7,2024-03-23,2024-03-21
ASM001406,STU0079,CRS006,3,project,100,66.7,2024-04-04,2024-04-07
ASM001407,STU0079,CRS006,4,quiz,25,23.7,2024-04-07,2024-04-09
ASM001408,STU0079,CRS006,4,assignment,50,38.7,2024-04-03,2024-04-03
ASM001409,STU0079,CRS006,5,quiz,25,13.7,2024-05-17,2024-05-15
ASM001410,STU0079,CRS006,5,assignment,50,22.2,2024-05-07,2024-05-09
ASM001411,STU0079,CRS006,6,quiz,25,16.3,2024-06-06,2024-06-04
ASM001412,STU0079,CRS006,6,assignment,50,25.9,2024-05-01,2024-05-01
ASM001413,STU0079,CRS006,6,project,100,83.2,2024-06-12,2024-06-14
ASM001414,STU0079,CRS006,7,quiz,25,12.0,2024-06-19,2024-06-20
ASM001415,STU0079,CRS006,7,assignment,50,29.7,2024-05-15,2024-05-15
ASM001416,STU0079,CRS006,8,quiz,25,18.8,2024-06-06,2024-06-03
ASM001417,STU0079,CRS006,8,assignment,50,43.0,2024-06-06,2024-06-06
ASM001418,STU0079,CRS006,9,quiz,25,8.0,2024-06-30,2024-07-01
ASM001419,STU0079,CRS006,9,assignment,50,20.1,2024-07-18,2024-07-18
ASM001420,STU0079,CRS006,9,project,100,67.9,2024-06-30,2024-06-29
ASM001421,STU0079,CRS006,10,quiz,25,14.4,2024-06-26,2024-06-24
ASM001422,STU0079,CRS006,10,assignment,50,41.4,2024-08-15,2024-08-15
ASM001423,STU0079,CRS006,10,exam,100,59.1,2024-07-16,2024-07-14
ASM001424,STU0080,CRS010,1,quiz,25,20.1,2024-08-27,2024-09-03
ASM001425,STU0080,CRS010,1,assignment,50,15.4,2024-08-24,2024-08-22
ASM001426,STU0080,CRS010,2,quiz,25,15.9,2024-09-05,2024-09-05
ASM001427,STU0080,CRS010,2,assignment,50,28.7,2024-09-11,2024-09-18
ASM001428,STU0080,CRS010,3,quiz,25,13.9,2024-09-22,2024-09-22
ASM001429,STU0080,CRS010,3,assignment,50,44.6,2024-10-10,2024-10-11
ASM001430,STU0080,CRS010,3,project,100,62.2,2024-10-04,2024-10-07
ASM001431,STU0080,CRS010,4,quiz,25,13.9,2024-10-23,2024-10-24
ASM001432,STU0080,CRS010,4,assignment,50,35.1,2024-10-31,2024-11-03
ASM001433,STU0080,CRS010,5,quiz,25,21.9,2024-10-17,2024-10-17
ASM001434,STU0080,CRS010,5,assignment,50,26.3,2024-11-01,2024-11-01
ASM001435,STU0080,CRS010,6,quiz,25,15.2,2024-11-18,2024-11-17
ASM001436,STU0080,CRS010,6,assignment,50,10.4,2024-11-30,2024-12-02
ASM001437,STU0080,CRS010,6,project,100,86.9,2024-12-06,2024-12-05
ASM001438,STU0080,CRS010,7,quiz,25,24.5,2024-12-19,2024-12-16
ASM001439,STU0080,CRS010,7,assignment,50,38.1,2024-12-19,2024-12-16
ASM001440,STU0080,CRS010,7,exam,100,74.9,2024-12-05,2024-12-06
ASM001441,STU0081,CRS011,1,quiz,25,19.2,2023-03-18,2023-03-15
ASM001442,STU0081,CRS011,1,assignment,50,33.6,2023-03-15,2023-03-14
ASM001443,STU0081,CRS011,2,quiz,25,13.2,2023-04-04,2023-04-05
ASM001444,STU0081,CRS011,2,assignment,50,42.2,2023-03-31,2023-03-30
ASM001445,STU0081,CRS011,3,quiz,25,17.0,2023-04-16,2023-04-18
ASM001446,STU0081,CRS011,3,assignment,50,31.5,2023-04-16,2023-04-16
ASM001447,STU0081,CRS011,3,project,100,69.9,2023-04-13,2023-04-13
ASM001448,STU0081,CRS011,4,quiz,25,21.1,2023-05-14,2023-05-16
ASM001449,STU0081,CRS011,4,assignment,50,49.0,2023-05-02,2023-05-07
ASM001450,STU0081,CRS011,5,quiz,25,14.0,2023-06-07,2023-06-10
ASM001451,STU0081,CRS011,5,assignment,50,36.0,2023-05-13,2023-05-11
ASM001452,STU0081,CRS011,6,quiz,25,14.6,2023-06-09,2023-06-08
ASM001453,STU0081,CRS011,6,assignment,50,28.6,2023-06-27,2023-06-28
ASM001454,STU0081,CRS011,6,project,100,82.4,2023-06-09,2023-06-14
ASM001455,STU0081,CRS011,7,quiz,25,15.6,2023-06-26,2023-06-29
ASM001456,STU0081,CRS011,7,assignment,50,37.4,2023-06-26,2023-06-24
ASM001457,STU0081,CRS011,8,quiz,25,23.3,2023-07-21,2023-07-24
ASM001458,STU0081,CRS011,8,assignment,50,13.5,2023-08-14,2023-08-13
ASM001459,STU0081,CRS011,9,quiz,25,17.8,2023-07-12,2023-07-14
ASM001460,STU0081,CRS011,9,assignment,50,20.5,2023-07-21,2023-07-21
ASM001461,STU0081,CRS011,9,project,100,49.5,2023-08-17,2023-08-17
ASM001462,STU0081,CRS011,10,quiz,25,17.1,2023-09-05,2023-09-05
ASM001463,STU0081,CRS011,10,assignment,50,25.4,2023-09-25,2023-09-26
ASM001464,STU0081,CRS011,10,exam,100,65.5,2023-09-15,2023-09-16
ASM001465,STU0082,CRS011,1,quiz,25,20.1,2023-08-02,2023-08-01
ASM001466,STU0082,CRS011,1,assignment,50,26.4,2023-08-05,2023-08-05
ASM001467,STU0082,CRS011,2,quiz,25,14.4,2023-08-24,2023-08-24
ASM001468,STU0082,CRS011,2,assignment,50,36.2,2023-08-26,2023-08-25
ASM001469,STU0082,CRS011,3,quiz,25,20.5,2023-09-02,2023-08-31
ASM001470,STU0082,CRS011,3,assignment,50,37.4,2023-09-14,2023-09-13
ASM001471,STU0082,CRS011,3,project,100,51.3,2023-08-30,2023-08-30
ASM001472,STU0082,CRS011,4,quiz,25,13.0,2023-10-11,2023-10-11
ASM001473,STU0082,CRS011,4,assignment,50,28.9,2023-10-03,2023-10-05
ASM001474,STU0082,CRS011,5,quiz,25,20.3,2023-10-07,2023-10-07
ASM001475,STU0082,CRS011,5,assignment,50,30.1,2023-10-17,2023-10-18
ASM001476,STU0082,CRS011,6,quiz,25,17.7,2023-10-17,2023-10-19
ASM001477,STU0082,CRS011,6,assignment,50,34.8,2023-10-29,2023-10-27
ASM001478,STU0082,CRS011,6,project,100,67.2,2023-10-29,2023-10-29
ASM001479,STU0082,CRS011,7,quiz,25,16.0,2023-11-29,2023-11-28
ASM001480,STU0082,CRS011,7,assignment,50,17.1,2023-11-22,2023-11-21
ASM001481,STU0082,CRS011,8,quiz,25,16.4,2023-11-24,2023-12-01
ASM001482,STU0082,CRS011,8,assignment,50,17.7,2023-12-10,2023-12-07
ASM001483,STU0082,CRS011,9,quiz,25,7.5,2023-12-28,2023-12-27
ASM001484,STU0082,CRS011,9,assignment,50,49.0,2024-01-15,2024-01-17
ASM001485,STU0082,CRS011,9,project,100,34.6,2023-11-22,2023-11-22
ASM001486,STU0082,CRS011,10,quiz,25,15.6,2023-12-26,2023-12-29
ASM001487,STU0082,CRS011,10,assignment,50,32.4,2024-01-05,2024-01-04
ASM001488,STU0082,CRS011,10,exam,100,44.6,2024-02-14,2024-02-15
ASM001489,STU0083,CRS018,1,quiz,25,23.7,2024-03-19,2024-03-19
ASM001490,STU0083,CRS018,1,assignment,50,41.4,2024-03-18,2024-03-20
ASM001491,STU0083,CRS018,2,quiz,25,10.8,2024-04-07,2024-04-06
ASM001492,STU0083,CRS018,2,assignment,50,36.1,2024-04-05,2024-04-03
ASM001493,STU0083,CRS018,3,quiz,25,15.8,2024-04-15,2024-04-15
ASM001494,STU0083,CRS018,3,assignment,50,21.9,2024-04-24,2024-04-24
ASM001495,STU0083,CRS018,3,project,100,65.5,2024-04-27,2024-04-27
ASM001496,STU0083,CRS018,4,quiz,25,8.6,2024-05-09,2024-05-09
ASM001497,STU0083,CRS018,4,assignment,50,37.3,2024-04-23,2024-04-23
ASM001498,STU0083,CRS018,5,quiz,25,16.7,2024-06-01,2024-06-01
ASM001499,STU0083,CRS018,5,assignment,50,35.0,2024-06-06,2024-06-13
ASM001500,STU0083,CRS018,6,quiz,25,20.5,2024-06-26,2024-06-25
ASM001501,STU0083,CRS018,6,assignment,50,45.0,2024-05-27,2024-05-27
ASM001502,STU0083,CRS018,6,project,100,58.9,2024-06-14,2024-06-12
ASM001503,STU0083,CRS018,7,quiz,25,19.9,2024-06-11,2024-06-12
ASM001504,STU0083,CRS018,7,assignment,50,47.6,2024-07-23,2024-07-20
ASM001505,STU0083,CRS018,8,quiz,25,19.8,2024-07-12,2024-07-10
ASM001506,STU0083,CRS018,8,assignment,50,30.8,2024-07-12,2024-07-11
ASM001507,STU0083,CRS018,8,exam,100,63.2,2024-06-26,2024-06-26
ASM001508,STU0084,CRS009,1,quiz,25,16.7,2024-09-18,2024-09-21
ASM001509,STU0084,CRS009,1,assignment,50,37.2,2024-09-19,2024-09-19
ASM001510,STU0084,CRS009,2,quiz,25,16.1,2024-10-09,2024-10-09
ASM001511,STU0084,CRS009,2,assignment,50,37.5,2024-09-29,2024-09-29
ASM001512,STU0084,CRS009,3,quiz,25,14.5,2024-10-20,2024-10-20
ASM001513,STU0084,CRS009,3,assignment,50,25.6,2024-11-01,2024-10-31
ASM001514,STU0084,CRS009,3,project,100,57.9,2024-10-20,2024-10-20
ASM001515,STU0084,CRS009,4,quiz,25,18.7,2024-11-22,2024-11-21
ASM001516,STU0084,CRS009,4,assignment,50,32.7,2024-10-29,2024-10-31
ASM001517,STU0084,CRS009,5,quiz,25,24.1,2024-11-23,2024-11-23
ASM001518,STU0084,CRS009,5,assignment,50,22.6,2024-12-13,2024-12-13
ASM001519,STU0084,CRS009,6,quiz,25,14.1,2024-11-22,2024-11-23
ASM001520,STU0084,CRS009,6,assignment,50,49.0,2025-01-03,2025-01-03
ASM001521,STU0084,CRS009,6,project,100,80.6,2024-12-16,2024-12-16
ASM001522,STU0084,CRS009,7,quiz,25,8.4,2025-01-11,2025-01-10
ASM001523,STU0084,CRS009,7,assignment,50,25.0,2025-01-07,2025-01-07
ASM001524,STU0084,CRS009,7,exam,100,41.6,2024-12-13,2024-12-13
ASM001525,STU0085,CRS020,1,quiz,25,18.7,2023-03-25,2023-03-24
ASM001526,STU0085,CRS020,1,assignment,50,27.3,2023-03-29,2023-03-30
ASM001527,STU0085,CRS020,2,quiz,25,15.7,2023-04-10,2023-04-11
ASM001528,STU0085,CRS020,2,assignment,50,26.3,2023-04-22,2023-04-22
ASM001529,STU0085,CRS020,3,quiz,25,18.1,2023-04-25,2023-05-02
ASM001530,STU0085,CRS020,3,assignment,50,34.5,2023-05-07,2023-05-07
ASM001531,STU0085,CRS020,3,project,100,45.0,2023-04-28,2023-04-27
ASM001532,STU0085,CRS020,4,quiz,25,16.1,2023-05-10,2023-05-11
ASM001533,STU0085,CRS020,4,assignment,50,32.1,2023-06-03,2023-06-03
ASM001534,STU0085,CRS020,4,exam,100,29.6,2023-05-30,2023-05-27
ASM001535,STU0086,CRS003,1,quiz,25,19.7,2023-09-08,2023-09-06
ASM001536,STU0086,CRS003,1,assignment,50,28.5,2023-09-11,2023-09-11
ASM001537,STU0086,CRS003,2,quiz,25,12.3,2023-09-20,2023-09-18
ASM001538,STU0086,CRS003,2,assignment,50,20.6,2023-10-02,2023-09-30
ASM001539,STU0086,CRS003,3,quiz,25,16.7,2023-10-14,2023-10-16
ASM001540,STU0086,CRS003,3,assignment,50,34.0,2023-10-05,2023-10-04
ASM001541,STU0086,CRS003,3,project,100,59.4,2023-10-05,2023-10-05
ASM001542,STU0086,CRS003,4,quiz,25,17.4,2023-10-16,2023-10-17
ASM001543,STU0086,CRS003,4,assignment,50,38.7,2023-10-24,2023-10-24
ASM001544,STU0086,CRS003,5,quiz,25,22.7,2023-11-14,2023-11-14
ASM001545,STU0086,CRS003,5,assignment,50,37.4,2023-10-30,2023-11-01
ASM001546,STU0086,CRS003,5,exam,100,41.1,2023-11-04,2023-11-04
ASM001547,STU0087,CRS012,1,quiz,25,15.1,2024-02-21,2024-02-21
ASM001548,STU0087,CRS012,1,assignment,50,30.9,2024-02-23,2024-02-25
ASM001549,STU0087,CRS012,2,quiz,25,16.4,2024-03-08,2024-03-08
ASM001550,STU0087,CRS012,2,assignment,50,36.4,2024-03-14,2024-03-11
ASM001551,STU0087,CRS012,3,quiz,25,18.6,2024-03-16,2024-03-16
ASM001552,STU0087,CRS012,3,assignment,50,45.0,2024-03-25,2024-04-01
ASM001553,STU0087,CRS012,3,project,100,70.3,2024-03-19,2024-03-21
ASM001554,STU0087,CRS012,4,quiz,25,13.9,2024-04-07,2024-04-04
ASM001555,STU0087,CRS012,4,assignment,50,26.9,2024-04-03,2024-04-05
ASM001556,STU0087,CRS012,5,quiz,25,21.9,2024-04-28,2024-05-03
ASM001557,STU0087,CRS012,5,assignment,50,37.0,2024-05-13,2024-05-18
ASM001558,STU0087,CRS012,6,quiz,25,18.4,2024-05-27,2024-05-27
ASM001559,STU0087,CRS012,6,assignment,50,28.9,2024-04-27,2024-04-27
ASM001560,STU0087,CRS012,6,project,100,81.3,2024-06-08,2024-06-07
ASM001561,STU0087,CRS012,7,quiz,25,15.1,2024-06-08,2024-06-09
ASM001562,STU0087,CRS012,7,assignment,50,35.0,2024-06-01,2024-06-01
ASM001563,STU0087,CRS012,8,quiz,25,20.7,2024-07-20,2024-07-27
ASM001564,STU0087,CRS012,8,assignment,50,39.2,2024-06-10,2024-06-09
ASM001565,STU0087,CRS012,8,exam,100,92.6,2024-06-02,2024-06-02
ASM001566,STU0088,CRS013,1,quiz,25,15.4,2024-08-08,2024-08-08
ASM001567,STU0088,CRS013,1,assignment,50,30.8,2024-08-11,2024-08-18
ASM001568,STU0088,CRS013,2,quiz,25,14.8,2024-08-20,2024-08-21
ASM001569,STU0088,CRS013,2,assignment,50,28.3,2024-09-03,2024-09-03
ASM001570,STU0088,CRS013,3,quiz,25,13.7,2024-09-03,2024-09-02
ASM001571,STU0088,CRS013,3,assignment,50,31.4,2024-09-06,2024-09-06
ASM001572,STU0088,CRS013,3,project,100,34.8,2024-09-06,2024-09-04
ASM001573,STU0088,CRS013,4,quiz,25,17.5,2024-10-07,2024-10-07
ASM001574,STU0088,CRS013,4,assignment,50,40.8,2024-09-17,2024-09-16
ASM001575,STU0088,CRS013,5,quiz,25,14.5,2024-11-05,2024-11-06
ASM001576,STU0088,CRS013,5,assignment,50,38.9,2024-10-01,2024-10-01
ASM001577,STU0088,CRS013,6,quiz,25,16.0,2024-11-20,2024-11-21
ASM001578,STU0088,CRS013,6,assignment,50,34.4,2024-11-14,2024-11-14
ASM001579,STU0088,CRS013,6,project,100,87.2,2024-11-02,2024-11-02
ASM001580,STU0088,CRS013,7,quiz,25,12.6,2024-11-19,2024-11-21
ASM001581,STU0088,CRS013,7,assignment,50,26.7,2024-11-19,2024-11-20
ASM001582,STU0088,CRS013,8,quiz,25,18.9,2025-01-07,2025-01-08
ASM001583,STU0088,CRS013,8,assignment,50,37.8,2024-11-20,2024-11-23
ASM001584,STU0088,CRS013,8,exam,100,70.0,2024-11-28,2024-12-03
ASM001585,STU0089,CRS003,1,quiz,25,9.2,2023-02-19,2023-02-17
ASM001586,STU0089,CRS003,1,assignment,50,23.2,2023-02-20,2023-02-19
ASM001587,STU0089,CRS003,2,quiz,25,13.6,2023-03-05,2023-03-05
ASM001588,STU0089,CRS003,2,assignment,50,33.6,2023-03-09,2023-03-08
ASM001589,STU0089,CRS003,3,quiz,25,14.3,2023-03-23,2023-03-24
ASM001590,STU0089,CRS003,3,assignment,50,43.6,2023-03-26,2023-03-25
ASM001591,STU0089,CRS003,3,project,100,82.9,2023-04-07,2023-04-05
ASM001592,STU0089,CRS003,4,quiz,25,15.5,2023-04-08,2023-04-08
ASM001593,STU0089,CRS003,4,assignment,50,31.1,2023-04-24,2023-04-24
ASM001594,STU0089,CRS003,5,quiz,25,8.7,2023-05-19,2023-05-16
ASM001595,STU0089,CRS003,5,assignment,50,49.0,2023-05-14,2023-05-14
ASM001596,STU0089,CRS003,5,exam,100,84.6,2023-05-04,2023-05-04
ASM001597,STU0090,CRS011,1,quiz,25,18.2,2023-09-21,2023-09-21
ASM001598,STU0090,CRS011,1,assignment,50,40.4,2023-09-23,2023-09-23
ASM001599,STU0090,CRS011,2,quiz,25,12.2,2023-10-15,2023-10-15
ASM001600,STU0090,CRS011,2,assignment,50,33.5,2023-10-17,2023-10-16
ASM001601,STU0090,CRS011,3,quiz,25,21.0,2023-10-26,2023-10-23
ASM001602,STU0090,CRS011,3,assignment,50,21.4,2023-11-01,2023-11-01
ASM001603,STU0090,CRS011,3,project,100,82.1,2023-11-04,2023-11-09
ASM001604,STU0090,CRS011,4,quiz,25,15.4,2023-11-28,2023-11-28
ASM001605,STU0090,CRS011,4,assignment,50,49.0,2023-11-04,2023-11-04
ASM001606,STU0090,CRS011,5,quiz,25,18.7,2023-12-14,2023-12-19
ASM001607,STU0090,CRS011,5,assignment,50,26.1,2023-11-24,2023-11-23
ASM001608,STU0090,CRS011,6,quiz,25,17.6,2023-12-28,2023-12-28
ASM001609,STU0090,CRS011,6,assignment,50,30.4,2024-01-09,2024-01-10
ASM001610,STU0090,CRS011,6,project,100,69.6,2024-01-03,2024-01-08
ASM001611,STU0090,CRS011,7,quiz,25,24.3,2024-01-02,2024-01-01
ASM001612,STU0090,CRS011,7,assignment,50,36.0,2023-12-12,2023-12-13
ASM001613,STU0090,CRS011,8,quiz,25,9.7,2024-01-11,2024-01-10
ASM001614,STU0090,CRS011,8,assignment,50,36.3,2024-01-27,2024-01-26
ASM001615,STU0090,CRS011,9,quiz,25,17.1,2024-01-27,2024-01-24
ASM001616,STU0090,CRS011,9,assignment,50,19.7,2024-03-03,2024-03-03
ASM001617,STU0090,CRS011,9,project,100,72.1,2024-01-18,2024-01-18
ASM001618,STU0090,CRS011,10,quiz,25,20.6,2024-03-23,2024-03-22
ASM001619,STU0090,CRS011,10,assignment,50,14.1,2024-03-03,2024-03-03
ASM001620,STU0090,CRS011,10,exam,100,57.2,2024-03-03,2024-03-04
ASM001621,STU0091,CRS017,1,quiz,25,9.0,2024-02-04,2024-02-02
ASM001622,STU0091,CRS017,1,assignment,50,25.4,2024-02-05,2024-02-04
ASM001623,STU0091,CRS017,2,quiz,25,13.2,2024-02-23,2024-02-28
ASM001624,STU0091,CRS017,2,assignment,50,37.1,2024-02-21,2024-02-23
ASM001625,STU0091,CRS017,3,quiz,25,16.9,2024-03-02,2024-02-29
ASM001626,STU0091,CRS017,3,assignment,50,23.2,2024-03-20,2024-03-21
ASM001627,STU0091,CRS017,3,project,100,45.2,2024-03-20,2024-03-19
ASM001628,STU0091,CRS017,4,quiz,25,21.2,2024-03-28,2024-03-28
ASM001629,STU0091,CRS017,4,assignment,50,34.8,2024-03-20,2024-03-20
ASM001630,STU0091,CRS017,5,quiz,25,13.6,2024-03-30,2024-03-31
ASM001631,STU0091,CRS017,5,assignment,50,40.0,2024-04-14,2024-04-13
ASM001632,STU0091,CRS017,6,quiz,25,13.6,2024-04-19,2024-04-22
ASM001633,STU0091,CRS017,6,assignment,50,36.5,2024-04-25,2024-04-23
ASM001634,STU0091,CRS017,6,project,100,69.8,2024-04-19,2024-04-19
ASM001635,STU0091,CRS017,6,exam,100,61.1,2024-05-01,2024-05-01
ASM001636,STU0092,CRS014,1,quiz,25,14.4,2024-08-30,2024-08-29
ASM001637,STU0092,CRS014,1,assignment,50,33.1,2024-08-30,2024-08-31
ASM001638,STU0092,CRS014,2,quiz,25,15.0,2024-09-19,2024-09-19
ASM001639,STU0092,CRS014,2,assignment,50,9.7,2024-09-13,2024-09-13
ASM001640,STU0092,CRS014,3,quiz,25,14.8,2024-10-09,2024-10-14
ASM001641,STU0092,CRS014,3,assignment,50,26.0,2024-10-18,2024-10-20
ASM001642,STU0092,CRS014,3,project,100,55.1,2024-10-12,2024-10-19
ASM001643,STU0092,CRS014,4,quiz,25,14.0,2024-10-23,2024-10-28
ASM001644,STU0092,CRS014,4,assignment,50,24.9,2024-10-11,2024-10-18
ASM001645,STU0092,CRS014,5,quiz,25,24.5,2024-11-19,2024-11-21
ASM001646,STU0092,CRS014,5,assignment,50,32.9,2024-11-24,2024-11-25
ASM001647,STU0092,CRS014,6,quiz,25,20.2,2024-11-20,2024-11-17
ASM001648,STU0092,CRS014,6,assignment,50,40.2,2024-11-26,2024-11-26
ASM001649,STU0092,CRS014,6,project,100,64.2,2024-12-20,2024-12-20
ASM001650,STU0092,CRS014,6,exam,100,63.8,2024-12-08,2024-12-05
ASM001651,STU0093,CRS012,1,quiz,25,23.5,2023-02-22,2023-02-25
ASM001652,STU0093,CRS012,1,assignment,50,29.7,2023-02-24,2023-02-23
ASM001653,STU0093,CRS012,2,quiz,25,14.8,2023-03-17,2023-03-17
ASM001654,STU0093,CRS012,2,assignment,50,30.1,2023-03-15,2023-03-20
ASM001655,STU0093,CRS012,3,quiz,25,22.3,2023-04-07,2023-04-14
ASM001656,STU0093,CRS012,3,assignment,50,17.2,2023-04-04,2023-04-03
ASM001657,STU0093,CRS012,3,project,100,90.2,2023-03-26,2023-03-27
ASM001658,STU0093,CRS012,4,quiz,25,9.5,2023-03-31,2023-03-29
ASM001659,STU0093,CRS012,4,assignment,50,27.2,2023-04-04,2023-04-04
ASM001660,STU0093,CRS012,5,quiz,25,11.2,2023-05-19,2023-05-18
ASM001661,STU0093,CRS012,5,assignment,50,21.3,2023-05-19,2023-05-26
ASM001662,STU0093,CRS012,6,quiz,25,16.9,2023-05-16,2023-05-15
ASM001663,STU0093,CRS012,6,assignment,50,34.7,2023-05-04,2023-05-02
ASM001664,STU0093,CRS012,6,project,100,64.8,2023-05-28,2023-06-02
ASM001665,STU0093,CRS012,7,quiz,25,16.0,2023-06-09,2023-06-08
ASM001666,STU0093,CRS012,7,assignment,50,42.7,2023-05-19,2023-05-20
ASM001667,STU0093,CRS012,8,quiz,25,13.0,2023-07-21,2023-07-19
ASM001668,STU0093,CRS012,8,assignment,50,15.5,2023-06-03,2023-06-04
ASM001669,STU0093,CRS012,8,exam,100,63.7,2023-07-13,2023-07-18
ASM001670,STU0094,CRS011,1,quiz,25,9.0,2023-10-03,2023-10-05
ASM001671,STU0094,CRS011,1,assignment,50,31.4,2023-09-30,2023-09-29
ASM001672,STU0094,CRS011,2,quiz,25,18.4,2023-10-21,2023-10-22
ASM001673,STU0094,CRS011,2,assignment,50,38.9,2023-10-17,2023-10-18
ASM001674,STU0094,CRS011,3,quiz,25,19.1,2023-11-09,2023-11-16
ASM001675,STU0094,CRS011,3,assignment,50,27.6,2023-10-25,2023-10-25
ASM001676,STU0094,CRS011,3,project,100,58.7,2023-11-12,2023-11-19
ASM001677,STU0094,CRS011,4,quiz,25,19.3,2023-11-28,2023-11-30
ASM001678,STU0094,CRS011,4,assignment,50,12.4,2023-11-16,2023-11-16
ASM001679,STU0094,CRS011,5,quiz,25,24.5,2023-12-07,2023-12-05
ASM001680,STU0094,CRS011,5,assignment,50,33.5,2023-12-17,2023-12-15
ASM001681,STU0094,CRS011,6,quiz,25,11.3,2023-12-30,2024-01-01
ASM001682,STU0094,CRS011,6,assignment,50,32.5,2023-12-30,2023-12-28
ASM001683,STU0094,CRS011,6,project,100,45.2,2023-12-06,2023-12-06
ASM001684,STU0094,CRS011,7,quiz,25,24.5,2023-12-27,2023-12-26
ASM001685,STU0094,CRS011,7,assignment,50,34.1,2024-02-07,2024-02-08
ASM001686,STU0094,CRS011,8,quiz,25,19.9,2024-02-20,2024-02-18
ASM001687,STU0094,CRS011,8,assignment,50,28.9,2024-02-12,2024-02-11
ASM001688,STU0094,CRS011,9,quiz,25,7.7,2024-02-13,2024-02-14
ASM001689,STU0094,CRS011,9,assignment,50,35.4,2024-01-17,2024-01-22
ASM001690,STU0094,CRS011,9,project,100,30.0,2024-03-11,2024-03-10
ASM001691,STU0094,CRS011,10,quiz,25,12.4,2024-02-20,2024-02-27
ASM001692,STU0094,CRS011,10,assignment,50,30.1,2024-04-10,2024-04-17
ASM001693,STU0094,CRS011,10,exam,100,50.5,2024-03-31,2024-03-31
ASM001694,STU0095,CRS008,1,quiz,25,15.6,2024-02-09,2024-02-10
ASM001695,STU0095,CRS008,1,assignment,50,25.4,2024-02-12,2024-02-10
ASM001696,STU0095,CRS008,2,quiz,25,23.4,2024-02-20,2024-02-22
ASM001697,STU0095,CRS008,2,assignment,50,35.0,2024-02-28,2024-02-28
ASM001698,STU0095,CRS008,3,quiz,25,18.3,2024-03-26,2024-03-25
ASM001699,STU0095,CRS008,3,assignment,50,34.5,2024-03-11,2024-03-10
ASM001700,STU0095,CRS008,3,project,100,53.8,2024-03-05,2024-03-05
ASM001701,STU0095,CRS008,4,quiz,25,18.8,2024-03-23,2024-03-24
ASM001702,STU0095,CRS008,4,assignment,50,32.1,2024-04-12,2024-04-13
ASM001703,STU0095,CRS008,5,quiz,25,24.5,2024-04-12,2024-04-17
ASM001704,STU0095,CRS008,5,assignment,50,46.3,2024-04-12,2024-04-17
ASM001705,STU0095,CRS008,6,quiz,25,12.7,2024-04-22,2024-04-29
ASM001706,STU0095,CRS008,6,assignment,50,22.7,2024-04-28,2024-04-29
ASM001707,STU0095,CRS008,6,project,100,78.3,2024-05-22,2024-05-21
ASM001708,STU0095,CRS008,6,exam,100,77.3,2024-05-10,2024-05-11
ASM001709,STU0096,CRS010,1,quiz,25,11.4,2024-09-23,2024-09-24
ASM001710,STU0096,CRS010,1,assignment,50,42.2,2024-09-22,2024-09-24
ASM001711,STU0096,CRS010,2,quiz,25,13.8,2024-10-17,2024-10-16
ASM001712,STU0096,CRS010,2,assignment,50,25.4,2024-10-07,2024-10-05
ASM001713,STU0096,CRS010,3,quiz,25,13.6,2024-10-22,2024-10-22
ASM001714,STU0096,CRS010,3,assignment,50,23.1,2024-10-19,2024-10-19
ASM001715,STU0096,CRS010,3,project,100,64.1,2024-11-09,2024-11-08
ASM001716,STU0096,CRS010,4,quiz,25,8.3,2024-11-10,2024-11-10
ASM001717,STU0096,CRS010,4,assignment,50,38.1,2024-11-26,2024-11-25
ASM001718,STU0096,CRS010,5,quiz,25,19.1,2024-11-26,2024-11-26
ASM001719,STU0096,CRS010,5,assignment,50,39.0,2024-11-16,2024-11-16
ASM001720,STU0096,CRS010,5,exam,100,36.3,2024-12-21,2024-12-19
ASM001721,STU0097,CRS018,1,quiz,25,18.0,2023-03-24,2023-03-26
ASM001722,STU0097,CRS018,1,assignment,50,45.2,2023-03-24,2023-03-23
ASM001723,STU0097,CRS018,2,quiz,25,12.6,2023-04-10,2023-04-07
ASM001724,STU0097,CRS018,2,assignment,50,35.0,2023-04-06,2023-04-04
ASM001725,STU0097,CRS018,3,quiz,25,19.2,2023-04-29,2023-04-30
ASM001726,STU0097,CRS018,3,assignment,50,36.1,2023-04-20,2023-04-18
ASM001727,STU0097,CRS018,3,project,100,50.2,2023-04-23,2023-04-23
ASM001728,STU0097,CRS018,4,quiz,25,20.5,2023-05-28,2023-06-04
ASM001729,STU0097,CRS018,4,assignment,50,49.0,2023-05-04,2023-05-03
ASM001730,STU0097,CRS018,5,quiz,25,19.4,2023-06-07,2023-06-08
ASM001731,STU0097,CRS018,5,assignment,50,24.7,2023-06-22,2023-06-20
ASM001732,STU0097,CRS018,6,quiz,25,16.5,2023-07-01,2023-07-02
ASM001733,STU0097,CRS018,6,assignment,50,31.1,2023-06-19,2023-06-20
ASM001734,STU0097,CRS018,6,project,100,60.4,2023-06-01,2023-05-31
ASM001735,STU0097,CRS018,7,quiz,25,16.8,2023-07-13,2023-07-16
ASM001736,STU0097,CRS018,7,assignment,50,37.2,2023-07-06,2023-07-06
ASM001737,STU0097,CRS018,8,quiz,25,15.0,2023-07-31,2023-07-29
ASM001738,STU0097,CRS018,8,assignment,50,30.0,2023-07-31,2023-07-30
ASM001739,STU0097,CRS018,8,exam,100,76.9,2023-07-15,2023-07-15
ASM001740,STU0098,CRS017,1,quiz,25,18.0,2023-08-06,2023-08-11
ASM001741,STU0098,CRS017,1,assignment,50,45.7,2023-08-02,2023-08-02
ASM001742,STU0098,CRS017,2,quiz,25,19.4,2023-08-20,2023-08-21
ASM001743,STU0098,CRS017,2,assignment,50,48.5,2023-08-18,2023-08-18
ASM001744,STU0098,CRS017,3,quiz,25,24.5,2023-09-15,2023-09-15
ASM001745,STU0098,CRS017,3,assignment,50,35.6,2023-09-06,2023-09-04
ASM001746,STU0098,CRS017,3,project,100,71.1,2023-09-15,2023-09-13
ASM001747,STU0098,CRS017,4,quiz,25,14.4,2023-09-15,2023-09-15
ASM001748,STU0098,CRS017,4,assignment,50,38.7,2023-09-23,2023-09-22
ASM001749,STU0098,CRS017,5,quiz,25,20.6,2023-09-30,2023-09-30
ASM001750,STU0098,CRS017,5,assignment,50,30.8,2023-09-30,2023-10-02
ASM001751,STU0098,CRS017,6,quiz,25,15.7,2023-10-15,2023-10-14
ASM001752,STU0098,CRS017,6,assignment,50,24.9,2023-11-20,2023-11-18
ASM001753,STU0098,CRS017,6,project,100,80.1,2023-11-08,2023-11-09
ASM001754,STU0098,CRS017,6,exam,100,47.9,2023-10-15,2023-10-18
ASM001755,STU0099,CRS020,1,quiz,25,16.3,2024-02-08,2024-02-08
ASM001756,STU0099,CRS020,1,assignment,50,26.8,2024-02-12,2024-02-12
ASM001757,STU0099,CRS020,2,quiz,25,13.5,2024-02-24,2024-02-23
ASM001758,STU0099,CRS020,2,assignment,50,19.4,2024-02-24,2024-02-22
ASM001759,STU0099,CRS020,3,quiz,25,14.4,2024-03-17,2024-03-15
ASM001760,STU0099,CRS020,3,assignment,50,8.4,2024-03-14,2024-03-15
ASM001761,STU0099,CRS020,3,project,100,86.5,2024-03-23,2024-03-24
ASM001762,STU0099,CRS020,4,quiz,25,24.5,2024-04-16,2024-04-16
ASM001763,STU0099,CRS020,4,assignment,50,18.3,2024-04-04,2024-04-11
ASM001764,STU0099,CRS020,4,exam,100,61.3,2024-03-31,2024-03-31
ASM001765,STU0100,CRS005,1,quiz,25,13.0,2024-08-09,2024-08-14
ASM001766,STU0100,CRS005,1,assignment,50,36.8,2024-08-09,2024-08-10
ASM001767,STU0100,CRS005,2,quiz,25,18.8,2024-08-24,2024-08-25
ASM001768,STU0100,CRS005,2,assignment,50,30.7,2024-08-22,2024-08-20
ASM001769,STU0100,CRS005,3,quiz,25,7.1,2024-09-17,2024-09-17
ASM001770,STU0100,CRS005,3,assignment,50,33.3,2024-09-23,2024-09-24
ASM001771,STU0100,CRS005,3,project,100,10.0,2024-09-11,2024-09-11
ASM001772,STU0100,CRS005,4,quiz,25,14.8,2024-09-23,2024-09-23
ASM001773,STU0100,CRS005,4,assignment,50,32.1,2024-10-01,2024-10-06
ASM001774,STU0100,CRS005,5,quiz,25,9.1,2024-10-28,2024-10-27
ASM001775,STU0100,CRS005,5,assignment,50,45.7,2024-10-03,2024-10-04
ASM001776,STU0100,CRS005,6,quiz,25,14.8,2024-11-04,2024-11-03
ASM001777,STU0100,CRS005,6,assignment,50,10.4,2024-11-16,2024-11-18
ASM001778,STU0100,CRS005,6,project,100,61.2,2024-11-22,2024-11-22
ASM001779,STU0100,CRS005,7,quiz,25,23.8,2024-11-14,2024-11-14
ASM001780,STU0100,CRS005,7,assignment,50,45.5,2024-11-21,2024-11-23
ASM001781,STU0100,CRS005,7,exam,100,51.0,2024-11-07,2024-11-06
ASM001782,STU0101,CRS020,1,quiz,25,16.6,2023-03-21,2023-03-22
ASM001783,STU0101,CRS020,1,assignment,50,25.4,2023-03-27,2023-03-26
ASM001784,STU0101,CRS020,2,quiz,25,24.5,2023-04-04,2023-04-09
ASM001785,STU0101,CRS020,2,assignment,50,42.5,2023-04-18,2023-04-16
ASM001786,STU0101,CRS020,3,quiz,25,16.4,2023-04-30,2023-04-30
ASM001787,STU0101,CRS020,3,assignment,50,30.9,2023-04-18,2023-04-18
ASM001788,STU0101,CRS020,3,project,100,47.0,2023-04-18,2023-04-16
ASM001789,STU0101,CRS020,4,quiz,25,6.8,2023-05-30,2023-05-29
ASM001790,STU0101,CRS020,4,assignment,50,29.0,2023-05-26,2023-05-24
ASM001791,STU0101,CRS020,4,exam,100,66.7,2023-05-30,2023-05-27
ASM001792,STU0102,CRS015,1,quiz,25,12.9,2023-08-07,2023-08-07
ASM001793,STU0102,CRS015,1,assignment,50,41.2,2023-08-04,2023-08-04
ASM001794,STU0102,CRS015,2,quiz,25,12.8,2023-08-22,2023-08-20
ASM001795,STU0102,CRS015,2,assignment,50,27.9,2023-08-28,2023-08-29
ASM001796,STU0102,CRS015,3,quiz,25,17.2,2023-09-15,2023-09-12
ASM001797,STU0102,CRS015,3,assignment,50,31.5,2023-09-06,2023-09-04
ASM001798,STU0102,CRS015,3,project,100,74.4,2023-09-15,2023-09-16
ASM001799,STU0102,CRS015,4,quiz,25,17.9,2023-09-11,2023-09-10
ASM001800,STU0102,CRS015,4,assignment,50,42.3,2023-09-27,2023-09-25
ASM001801,STU0102,CRS015,5,quiz,25,18.4,2023-10-30,2023-10-30
ASM001802,STU0102,CRS015,5,assignment,50,18.9,2023-10-20,2023-10-22
ASM001803,STU0102,CRS015,6,quiz,25,23.9,2023-11-14,2023-11-14
ASM001804,STU0102,CRS015,6,assignment,50,24.5,2023-11-14,2023-11-12
ASM001805,STU0102,CRS015,6,project,100,76.6,2023-10-15,2023-10-17
ASM001806,STU0102,CRS015,7,quiz,25,19.2,2023-10-23,2023-10-25
ASM001807,STU0102,CRS015,7,assignment,50,37.1,2023-11-13,2023-11-11
ASM001808,STU0102,CRS015,8,quiz,25,12.1,2023-11-06,2023-11-06
ASM001809,STU0102,CRS015,8,assignment,50,40.8,2023-12-08,2023-12-07
ASM001810,STU0102,CRS015,9,quiz,25,18.6,2023-12-08,2023-12-09
ASM001811,STU0102,CRS015,9,assignment,50,34.4,2023-12-08,2023-12-07
ASM001812,STU0102,CRS015,9,project,100,29.2,2023-12-17,2023-12-18
ASM001813,STU0102,CRS015,10,quiz,25,14.0,2024-02-02,2024-02-01
ASM001814,STU0102,CRS015,10,assignment,50,16.7,2023-12-24,2023-12-23
ASM001815,STU0102,CRS015,10,exam,100,68.4,2023-12-24,2023-12-23
ASM001816,STU0103,CRS008,1,quiz,25,17.2,2024-02-29,2024-03-05
ASM001817,STU0103,CRS008,1,assignment,50,38.1,2024-03-03,2024-02-29
ASM001818,STU0103,CRS008,2,quiz,25,24.5,2024-03-23,2024-03-23
ASM001819,STU0103,CRS008,2,assignment,50,38.8,2024-03-19,2024-03-20
ASM001820,STU0103,CRS008,3,quiz,25,15.9,2024-04-12,2024-04-12
ASM001821,STU0103,CRS008,3,assignment,50,30.1,2024-04-12,2024-04-13
ASM001822,STU0103,CRS008,3,project,100,78.4,2024-04-06,2024-04-11
ASM001823,STU0103,CRS008,4,quiz,25,18.5,2024-05-02,2024-05-01
ASM001824,STU0103,CRS008,4,assignment,50,29.0,2024-04-08,2024-04-06
ASM001825,STU0103,CRS008,5,quiz,25,6.6,2024-05-17,2024-05-16
ASM001826,STU0103,CRS008,5,assignment,50,35.9,2024-04-27,2024-04-27
ASM001827,STU0103,CRS008,6,quiz,25,13.7,2024-05-30,2024-06-04
ASM001828,STU0103,CRS008,6,assignment,50,38.3,2024-05-12,2024-05-13
ASM001829,STU0103,CRS008,6,project,100,64.1,2024-05-18,2024-05-18
ASM001830,STU0103,CRS008,6,exam,100,48.0,2024-06-05,2024-06-04
ASM001831,STU0104,CRS015,1,quiz,25,9.2,2024-08-16,2024-08-15
ASM001832,STU0104,CRS015,1,assignment,50,45.0,2024-08-14,2024-08-15
ASM001833,STU0104,CRS015,2,quiz,25,24.5,2024-08-28,2024-08-25
ASM001834,STU0104,CRS015,2,assignment,50,28.8,2024-09-01,2024-08-31
ASM001835,STU0104,CRS015,3,quiz,25,21.3,2024-09-30,2024-10-05
ASM001836,STU0104,CRS015,3,assignment,50,37.6,2024-09-24,2024-09-24
ASM001837,STU0104,CRS015,3,project,100,73.5,2024-09-30,2024-10-07
ASM001838,STU0104,CRS015,4,quiz,25,23.1,2024-09-23,2024-09-21
ASM001839,STU0104,CRS015,4,assignment,50,32.2,2024-10-17,2024-10-17
ASM001840,STU0104,CRS015,5,quiz,25,24.5,2024-11-01,2024-11-04
ASM001841,STU0104,CRS015,5,assignment,50,39.6,2024-11-11,2024-11-12
ASM001842,STU0104,CRS015,6,quiz,25,19.5,2024-12-02,2024-12-02
ASM001843,STU0104,CRS015,6,assignment,50,28.9,2024-10-21,2024-10-20
ASM001844,STU0104,CRS015,6,project,100,98.0,2024-11-14,2024-11-11
ASM001845,STU0104,CRS015,7,quiz,25,13.7,2024-11-04,2024-11-06
ASM001846,STU0104,CRS015,7,assignment,50,18.6,2024-12-16,2024-12-16
ASM001847,STU0104,CRS015,8,quiz,25,16.3,2024-11-26,2024-11-25
ASM001848,STU0104,CRS015,8,assignment,50,23.6,2025-01-05,2025-01-05
ASM001849,STU0104,CRS015,9,quiz,25,22.1,2025-01-07,2025-01-06
ASM001850,STU0104,CRS015,9,assignment,50,32.8,2024-12-02,2024-12-05
ASM001851,STU0104,CRS015,9,project,100,49.9,2025-01-06,2025-01-07
ASM001852,STU0104,CRS015,9,exam,100,62.6,2024-12-29,2024-12-28
ASM001853,STU0105,CRS010,1,quiz,25,16.9,2023-03-25,2023-03-25
ASM001854,STU0105,CRS010,1,assignment,50,34.9,2023-03-24,2023-03-23
ASM001855,STU0105,CRS010,2,quiz,25,15.8,2023-04-08,2023-04-13
ASM001856,STU0105,CRS010,2,assignment,50,37.2,2023-04-04,2023-04-05
ASM001857,STU0105,CRS010,3,quiz,25,16.8,2023-04-27,2023-05-04
ASM001858,STU0105,CRS010,3,assignment,50,36.8,2023-05-03,2023-05-04
ASM001859,STU0105,CRS010,3,project,100,98.0,2023-05-03,2023-05-03
ASM001860,STU0105,CRS010,4,quiz,25,13.2,2023-05-18,2023-05-19
ASM001861,STU0105,CRS010,4,assignment,50,25.2,2023-05-26,2023-05-29
ASM001862,STU0105,CRS010,5,quiz,25,24.5,2023-05-16,2023-05-18
ASM001863,STU0105,CRS010,5,assignment,50,31.2,2023-05-31,2023-06-01
ASM001864,STU0105,CRS010,6,quiz,25,19.7,2023-05-30,2023-05-30
ASM001865,STU0105,CRS010,6,assignment,50,24.3,2023-06-05,2023-06-06
ASM001866,STU0105,CRS010,6,project,100,24.8,2023-06-23,2023-06-26
ASM001867,STU0105,CRS010,7,quiz,25,16.9,2023-07-04,2023-07-06
ASM001868,STU0105,CRS010,7,assignment,50,39.5,2023-07-25,2023-07-24
ASM001869,STU0105,CRS010,8,quiz,25,13.9,2023-07-21,2023-07-22
ASM001870,STU0105,CRS010,8,assignment,50,34.6,2023-08-22,2023-08-20
ASM001871,STU0105,CRS010,9,quiz,25,17.4,2023-07-29,2023-07-29
ASM001872,STU0105,CRS010,9,assignment,50,27.4,2023-09-12,2023-09-17
ASM001873,STU0105,CRS010,9,project,100,75.6,2023-07-29,2023-07-30
ASM001874,STU0105,CRS010,10,quiz,25,16.6,2023-08-14,2023-08-16
ASM001875,STU0105,CRS010,10,assignment,50,38.6,2023-08-24,2023-08-22
ASM001876,STU0105,CRS010,10,exam,100,70.9,2023-09-23,2023-09-21
ASM001877,STU0106,CRS007,1,quiz,25,18.4,2023-08-23,2023-08-24
ASM001878,STU0106,CRS007,1,assignment,50,21.1,2023-08-27,2023-08-27
ASM001879,STU0106,CRS007,2,quiz,25,16.8,2023-09-06,2023-09-08
ASM001880,STU0106,CRS007,2,assignment,50,19.6,2023-09-04,2023-09-02
ASM001881,STU0106,CRS007,3,quiz,25,21.9,2023-09-21,2023-09-20
ASM001882,STU0106,CRS007,3,assignment,50,27.9,2023-09-18,2023-09-25
ASM001883,STU0106,CRS007,3,project,100,79.7,2023-09-21,2023-09-21
ASM001884,STU0106,CRS007,4,quiz,25,8.2,2023-10-06,2023-10-05
ASM001885,STU0106,CRS007,4,assignment,50,45.4,2023-10-30,2023-11-01
ASM001886,STU0106,CRS007,5,quiz,25,11.1,2023-11-05,2023-11-05
ASM001887,STU0106,CRS007,5,assignment,50,25.7,2023-10-26,2023-10-25
ASM001888,STU0106,CRS007,6,quiz,25,15.3,2023-11-05,2023-11-02
ASM001889,STU0106,CRS007,6,assignment,50,29.4,2023-10-30,2023-10-28
ASM001890,STU0106,CRS007,6,project,100,85.6,2023-12-05,2023-12-03
ASM001891,STU0106,CRS007,7,quiz,25,14.0,2023-12-04,2023-12-01
ASM001892,STU0106,CRS007,7,assignment,50,34.7,2023-12-11,2023-12-10
ASM001893,STU0106,CRS007,8,quiz,25,14.1,2024-01-14,2024-01-15
ASM001894,STU0106,CRS007,8,assignment,50,13.6,2024-01-22,2024-01-21
ASM001895,STU0106,CRS007,8,exam,100,79.1,2023-12-05,2023-12-04
ASM001896,STU0107,CRS015,1,quiz,25,15.3,2024-02-28,2024-02-29
ASM001897,STU0107,CRS015,1,assignment,50,35.9,2024-02-28,2024-02-28
ASM001898,STU0107,CRS015,2,quiz,25,15.4,2024-03-12,2024-03-13
ASM001899,STU0107,CRS015,2,assignment,50,29.6,2024-03-16,2024-03-16
ASM001900,STU0107,CRS015,3,quiz,25,18.7,2024-04-13,2024-04-12
ASM001901,STU0107,CRS015,3,assignment,50,28.3,2024-04-07,2024-04-08
ASM001902,STU0107,CRS015,3,project,100,98.0,2024-04-07,2024-04-12
ASM001903,STU0107,CRS015,4,quiz,25,18.9,2024-04-29,2024-05-04
ASM001904,STU0107,CRS015,4,assignment,50,19.3,2024-04-13,2024-04-15
ASM001905,STU0107,CRS015,5,quiz,25,17.8,2024-05-03,2024-05-05
ASM001906,STU0107,CRS015,5,assignment,50,36.6,2024-05-28,2024-05-29
ASM001907,STU0107,CRS015,6,quiz,25,19.9,2024-06-18,2024-06-20
ASM001908,STU0107,CRS015,6,assignment,50,38.7,2024-05-31,2024-05-29
ASM001909,STU0107,CRS015,6,project,100,72.4,2024-06-06,2024-06-13
ASM001910,STU0107,CRS015,7,quiz,25,20.3,2024-06-25,2024-06-25
ASM001911,STU0107,CRS015,7,assignment,50,18.8,2024-07-09,2024-07-10
ASM001912,STU0107,CRS015,8,quiz,25,20.4,2024-07-14,2024-07-12
ASM001913,STU0107,CRS015,8,assignment,50,21.8,2024-06-28,2024-06-28
ASM001914,STU0107,CRS015,9,quiz,25,14.5,2024-08-20,2024-08-20
ASM001915,STU0107,CRS015,9,assignment,50,24.3,2024-07-15,2024-07-15
ASM001916,STU0107,CRS015,9,project,100,55.8,2024-07-15,2024-07-16
ASM001917,STU0107,CRS015,10,quiz,25,18.8,2024-08-01,2024-08-01
ASM001918,STU0107,CRS015,10,assignment,50,49.0,2024-08-21,2024-08-21
ASM001919,STU0107,CRS015,10,exam,100,80.5,2024-07-22,2024-07-27
ASM001920,STU0108,CRS013,1,quiz,25,17.8,2024-09-01,2024-08-31
ASM001921,STU0108,CRS013,1,assignment,50,12.7,2024-09-01,2024-09-03
ASM001922,STU0108,CRS013,2,quiz,25,12.9,2024-09-25,2024-09-24
ASM001923,STU0108,CRS013,2,assignment,50,47.4,2024-09-19,2024-09-17
ASM001924,STU0108,CRS013,3,quiz,25,24.5,2024-10-03,2024-10-03
ASM001925,STU0108,CRS013,3,assignment,50,29.8,2024-09-27,2024-09-28
ASM001926,STU0108,CRS013,3,project,100,67.7,2024-09-30,2024-10-01
ASM001927,STU0108,CRS013,4,quiz,25,14.1,2024-10-15,2024-10-15
ASM001928,STU0108,CRS013,4,assignment,50,29.6,2024-10-19,2024-10-19
ASM001929,STU0108,CRS013,5,quiz,25,24.5,2024-10-30,2024-10-29
ASM001930,STU0108,CRS013,5,assignment,50,33.8,2024-11-24,2024-11-22
ASM001931,STU0108,CRS013,6,quiz,25,19.8,2024-11-20,2024-11-20
ASM001932,STU0108,CRS013,6,assignment,50,41.0,2024-12-02,2024-12-02
ASM001933,STU0108,CRS013,6,project,100,63.2,2024-12-08,2024-12-08
ASM001934,STU0108,CRS013,7,quiz,25,15.7,2024-11-29,2024-11-28
ASM001935,STU0108,CRS013,7,assignment,50,35.0,2024-11-22,2024-11-23
ASM001936,STU0108,CRS013,8,quiz,25,18.6,2025-01-01,2025-01-01
ASM001937,STU0108,CRS013,8,assignment,50,31.9,2025-01-06,2025-01-07
ASM001938,STU0108,CRS013,8,exam,100,88.4,2025-01-07,2025-01-08
ASM001939,STU0109,CRS006,1,quiz,25,16.0,2023-03-28,2023-04-02
ASM001940,STU0109,CRS006,1,assignment,50,36.4,2023-03-28,2023-04-04
ASM001941,STU0109,CRS006,2,quiz,25,15.0,2023-04-09,2023-04-10
ASM001942,STU0109,CRS006,2,assignment,50,34.3,2023-04-17,2023-04-16
ASM001943,STU0109,CRS006,3,quiz,25,12.4,2023-04-22,2023-04-24
ASM001944,STU0109,CRS006,3,assignment,50,34.0,2023-05-07,2023-05-09
ASM001945,STU0109,CRS006,3,project,100,51.9,2023-04-25,2023-04-23
ASM001946,STU0109,CRS006,4,quiz,25,19.7,2023-05-19,2023-05-17
ASM001947,STU0109,CRS006,4,assignment,50,34.0,2023-05-07,2023-05-07
ASM001948,STU0109,CRS006,5,quiz,25,12.2,2023-06-01,2023-05-31
ASM001949,STU0109,CRS006,5,assignment,50,20.1,2023-05-22,2023-05-20
ASM001950,STU0109,CRS006,6,quiz,25,11.9,2023-06-24,2023-06-23
ASM001951,STU0109,CRS006,6,assignment,50,39.5,2023-06-18,2023-06-19
ASM001952,STU0109,CRS006,6,project,100,67.9,2023-05-31,2023-05-31
ASM001953,STU0109,CRS006,7,quiz,25,12.0,2023-08-02,2023-07-30
ASM001954,STU0109,CRS006,7,assignment,50,49.0,2023-06-14,2023-06-21
ASM001955,STU0109,CRS006,8,quiz,25,12.3,2023-07-30,2023-08-06
ASM001956,STU0109,CRS006,8,assignment,50,32.5,2023-08-15,2023-08-16
ASM001957,STU0109,CRS006,9,quiz,25,20.0,2023-07-30,2023-07-31
ASM001958,STU0109,CRS006,9,assignment,50,37.8,2023-07-21,2023-07-21
ASM001959,STU0109,CRS006,9,project,100,70.8,2023-07-30,2023-07-27
ASM001960,STU0109,CRS006,10,quiz,25,11.3,2023-07-26,2023-07-25
ASM001961,STU0109,CRS006,10,assignment,50,43.6,2023-08-15,2023-08-16
ASM001962,STU0109,CRS006,10,exam,100,77.0,2023-08-25,2023-08-28
ASM001963,STU0110,CRS020,1,quiz,25,22.4,2023-08-08,2023-08-10
ASM001964,STU0110,CRS020,1,assignment,50,49.0,2023-08-11,2023-08-11
ASM001965,STU0110,CRS020,2,quiz,25,10.6,2023-08-24,2023-08-24
ASM001966,STU0110,CRS020,2,assignment,50,46.1,2023-09-01,2023-08-29
ASM001967,STU0110,CRS020,3,quiz,25,22.4,2023-09-21,2023-09-20
ASM001968,STU0110,CRS020,3,assignment,50,32.3,2023-09-09,2023-09-09
ASM001969,STU0110,CRS020,3,project,100,95.6,2023-09-24,2023-09-22
ASM001970,STU0110,CRS020,4,quiz,25,17.0,2023-10-03,2023-10-03
ASM001971,STU0110,CRS020,4,assignment,50,27.2,2023-09-21,2023-09-21
ASM001972,STU0110,CRS020,4,exam,100,68.1,2023-10-03,2023-10-02
ASM001973,STU0111,CRS016,1,quiz,25,15.2,2024-03-28,2024-03-28
ASM001974,STU0111,CRS016,1,assignment,50,35.3,2024-03-31,2024-03-30
ASM001975,STU0111,CRS016,2,quiz,25,16.7,2024-04-21,2024-04-28
ASM001976,STU0111,CRS016,2,assignment,50,22.8,2024-04-11,2024-04-16
ASM001977,STU0111,CRS016,3,quiz,25,19.1,2024-05-12,2024-05-09
ASM001978,STU0111,CRS016,3,assignment,50,25.4,2024-04-27,2024-04-27
ASM001979,STU0111,CRS016,3,project,100,56.2,2024-05-06,2024-05-06
ASM001980,STU0111,CRS016,4,quiz,25,11.4,2024-05-21,2024-05-24
ASM001981,STU0111,CRS016,4,assignment,50,23.3,2024-05-05,2024-05-06
ASM001982,STU0111,CRS016,5,quiz,25,10.4,2024-06-03,2024-06-04
ASM001983,STU0111,CRS016,5,assignment,50,39.4,2024-05-19,2024-05-18
ASM001984,STU0111,CRS016,6,quiz,25,18.9,2024-07-08,2024-07-11
ASM001985,STU0111,CRS016,6,assignment,50,28.6,2024-06-20,2024-06-20
ASM001986,STU0111,CRS016,6,project,100,66.9,2024-07-14,2024-07-14
ASM001987,STU0111,CRS016,6,exam,100,68.7,2024-07-14,2024-07-12
ASM001988,STU0112,CRS004,1,quiz,25,18.2,2024-09-18,2024-09-20
ASM001989,STU0112,CRS004,1,assignment,50,40.1,2024-09-15,2024-09-15
ASM001990,STU0112,CRS004,2,quiz,25,17.9,2024-10-10,2024-10-09
ASM001991,STU0112,CRS004,2,assignment,50,21.7,2024-10-10,2024-10-08
ASM001992,STU0112,CRS004,3,quiz,25,17.8,2024-10-31,2024-10-29
ASM001993,STU0112,CRS004,3,assignment,50,44.5,2024-10-19,2024-10-19
ASM001994,STU0112,CRS004,3,project,100,69.8,2024-10-28,2024-10-26
ASM001995,STU0112,CRS004,4,quiz,25,19.3,2024-11-13,2024-11-15
ASM001996,STU0112,CRS004,4,assignment,50,31.7,2024-11-05,2024-11-08
ASM001997,STU0112,CRS004,5,quiz,25,15.0,2024-12-07,2024-12-06
ASM001998,STU0112,CRS004,5,assignment,50,29.7,2024-11-12,2024-11-11
ASM001999,STU0112,CRS004,6,quiz,25,14.1,2024-11-27,2024-11-26
ASM002000,STU0112,CRS004,6,assignment,50,14.8,2024-12-09,2024-12-10
ASM002001,STU0112,CRS004,6,project,100,98.0,2024-12-15,2024-12-14
ASM002002,STU0112,CRS004,6,exam,100,77.7,2024-12-27,2024-12-27
ASM002003,STU0113,CRS004,1,quiz,25,13.5,2023-02-20,2023-02-19
ASM002004,STU0113,CRS004,1,assignment,50,40.1,2023-02-23,2023-02-23
ASM002005,STU0113,CRS004,2,quiz,25,7.1,2023-03-06,2023-03-13
ASM002006,STU0113,CRS004,2,assignment,50,40.2,2023-03-14,2023-03-16
ASM002007,STU0113,CRS004,3,quiz,25,13.2,2023-03-25,2023-03-23
ASM002008,STU0113,CRS004,3,assignment,50,21.7,2023-03-31,2023-04-01
ASM002009,STU0113,CRS004,3,project,100,98.0,2023-03-31,2023-03-28
ASM002010,STU0113,CRS004,4,quiz,25,9.9,2023-04-27,2023-04-30
ASM002011,STU0113,CRS004,4,assignment,50,29.3,2023-04-03,2023-04-05
ASM002012,STU0113,CRS004,5,quiz,25,13.1,2023-04-13,2023-04-20
ASM002013,STU0113,CRS004,5,assignment,50,24.9,2023-04-23,2023-04-24
ASM002014,STU0113,CRS004,6,quiz,25,11.7,2023-04-27,2023-04-26
ASM002015,STU0113,CRS004,6,assignment,50,27.3,2023-05-15,2023-05-15
ASM002016,STU0113,CRS004,6,project,100,61.9,2023-06-02,2023-06-01
ASM002017,STU0113,CRS004,6,exam,100,88.2,2023-05-15,2023-05-22
ASM002018,STU0114,CRS006,1,quiz,25,15.2,2023-08-15,2023-08-15
ASM002019,STU0114,CRS006,1,assignment,50,41.0,2023-08-20,2023-08-17
ASM002020,STU0114,CRS006,2,quiz,25,13.0,2023-08-31,2023-09-01
ASM002021,STU0114,CRS006,2,assignment,50,22.4,2023-09-12,2023-09-12
ASM002022,STU0114,CRS006,3,quiz,25,23.0,2023-09-30,2023-09-30
ASM002023,STU0114,CRS006,3,assignment,50,36.8,2023-09-27,2023-09-25
ASM002024,STU0114,CRS006,3,project,100,82.0,2023-09-18,2023-09-18
ASM002025,STU0114,CRS006,4,quiz,25,9.9,2023-10-04,2023-10-04
ASM002026,STU0114,CRS006,4,assignment,50,44.3,2023-10-20,2023-10-21
ASM002027,STU0114,CRS006,5,quiz,25,17.0,2023-10-15,2023-10-22
ASM002028,STU0114,CRS006,5,assignment,50,28.5,2023-10-10,2023-10-11
ASM002029,STU0114,CRS006,6,quiz,25,16.2,2023-11-29,2023-11-27
ASM002030,STU0114,CRS006,6,assignment,50,19.9,2023-10-30,2023-10-31
ASM002031,STU0114,CRS006,6,project,100,72.4,2023-10-24,2023-10-25
ASM002032,STU0114,CRS006,7,quiz,25,13.8,2023-12-26,2023-12-26
ASM002033,STU0114,CRS006,7,assignment,50,27.9,2023-11-14,2023-11-13
ASM002034,STU0114,CRS006,8,quiz,25,16.7,2024-01-16,2024-01-16
ASM002035,STU0114,CRS006,8,assignment,50,28.0,2024-01-08,2024-01-05
ASM002036,STU0114,CRS006,9,quiz,25,18.5,2024-01-10,2024-01-09
ASM002037,STU0114,CRS006,9,assignment,50,48.6,2024-01-10,2024-01-10
ASM002038,STU0114,CRS006,9,project,100,42.4,2024-01-01,2023-12-29
ASM002039,STU0114,CRS006,10,quiz,25,24.1,2024-02-17,2024-02-14
ASM002040,STU0114,CRS006,10,assignment,50,35.1,2024-02-07,2024-02-07
ASM002041,STU0114,CRS006,10,exam,100,76.6,2024-02-17,2024-02-16
ASM002042,STU0115,CRS017,1,quiz,25,15.8,2024-02-13,2024-02-15
ASM002043,STU0115,CRS017,1,assignment,50,16.3,2024-02-13,2024-02-11
ASM002044,STU0115,CRS017,2,quiz,25,6.9,2024-02-25,2024-02-25
ASM002045,STU0115,CRS017,2,assignment,50,28.7,2024-03-02,2024-03-02
ASM002046,STU0115,CRS017,3,quiz,25,17.0,2024-03-12,2024-03-12
ASM002047,STU0115,CRS017,3,assignment,50,27.6,2024-03-24,2024-03-26
ASM002048,STU0115,CRS017,3,project,100,55.0,2024-03-12,2024-03-17
ASM002049,STU0115,CRS017,4,quiz,25,16.9,2024-04-01,2024-03-30
ASM002050,STU0115,CRS017,4,assignment,50,32.7,2024-03-28,2024-03-25
ASM002051,STU0115,CRS017,5,quiz,25,23.5,2024-04-08,2024-04-08
ASM002052,STU0115,CRS017,5,assignment,50,34.8,2024-05-08,2024-05-09
ASM002053,STU0115,CRS017,6,quiz,25,14.4,2024-05-17,2024-05-16
ASM002054,STU0115,CRS017,6,assignment,50,27.3,2024-05-05,2024-05-05
ASM002055,STU0115,CRS017,6,project,100,71.2,2024-05-05,2024-05-06
ASM002056,STU0115,CRS017,6,exam,100,48.6,2024-05-11,2024-05-12
ASM002057,STU0116,CRS008,1,quiz,25,16.9,2024-09-23,2024-09-21
ASM002058,STU0116,CRS008,1,assignment,50,34.0,2024-09-20,2024-09-18
ASM002059,STU0116,CRS008,2,quiz,25,14.3,2024-10-05,2024-10-03
ASM002060,STU0116,CRS008,2,assignment,50,49.0,2024-10-05,2024-10-03
ASM002061,STU0116,CRS008,3,quiz,25,16.8,2024-11-01,2024-11-06
ASM002062,STU0116,CRS008,3,assignment,50,36.5,2024-10-17,2024-10-17
ASM002063,STU0116,CRS008,3,project,100,89.4,2024-11-07,2024-11-14
ASM002064,STU0116,CRS008,4,quiz,25,19.4,2024-11-24,2024-11-27
ASM002065,STU0116,CRS008,4,assignment,50,33.0,2024-11-28,2024-11-30
ASM002066,STU0116,CRS008,5,quiz,25,16.8,2024-11-24,2024-11-25
ASM002067,STU0116,CRS008,5,assignment,50,27.9,2024-11-14,2024-11-12
ASM002068,STU0116,CRS008,6,quiz,25,19.7,2024-11-28,2024-11-27
ASM002069,STU0116,CRS008,6,assignment,50,33.3,2024-12-22,2024-12-27
ASM002070,STU0116,CRS008,6,project,100,69.1,2024-11-28,2024-11-28
ASM002071,STU0116,CRS008,6,exam,100,39.6,2024-12-10,2024-12-09
ASM002072,STU0117,CRS012,1,quiz,25,23.5,2023-03-29,2023-03-29
ASM002073,STU0117,CRS012,1,assignment,50,30.8,2023-04-01,2023-03-30
ASM002074,STU0117,CRS012,2,quiz,25,14.1,2023-04-20,2023-04-20
ASM002075,STU0117,CRS012,2,assignment,50,25.4,2023-04-14,2023-04-14
ASM002076,STU0117,CRS012,3,quiz,25,15.1,2023-05-17,2023-05-17
ASM002077,STU0117,CRS012,3,assignment,50,32.5,2023-05-14,2023-05-19
ASM002078,STU0117,CRS012,3,project,100,77.0,2023-05-08,2023-05-15
ASM002079,STU0117,CRS012,4,quiz,25,16.7,2023-05-14,2023-05-14
ASM002080,STU0117,CRS012,4,assignment,50,24.8,2023-05-22,2023-05-29
ASM002081,STU0117,CRS012,5,quiz,25,10.5,2023-06-28,2023-06-28
ASM002082,STU0117,CRS012,5,assignment,50,36.5,2023-06-13,2023-06-15
ASM002083,STU0117,CRS012,6,quiz,25,11.0,2023-06-13,2023-06-14
ASM002084,STU0117,CRS012,6,assignment,50,37.5,2023-07-07,2023-07-10
ASM002085,STU0117,CRS012,6,project,100,98.0,2023-06-13,2023-06-13
ASM002086,STU0117,CRS012,7,quiz,25,9.0,2023-07-19,2023-07-19
ASM002087,STU0117,CRS012,7,assignment,50,48.3,2023-07-19,2023-07-20
ASM002088,STU0117,CRS012,8,quiz,25,8.6,2023-08-14,2023-08-14
ASM002089,STU0117,CRS012,8,assignment,50,25.5,2023-07-13,2023-07-12
ASM002090,STU0117,CRS012,8,exam,100,93.6,2023-08-14,2023-08-13
ASM002091,STU0118,CRS002,1,quiz,25,10.8,2023-08-26,2023-08-27
ASM002092,STU0118,CRS002,1,assignment,50,43.8,2023-08-24,2023-08-21
ASM002093,STU0118,CRS002,2,quiz,25,17.6,2023-09-06,2023-09-07
ASM002094,STU0118,CRS002,2,assignment,50,43.9,2023-09-16,2023-09-19
ASM002095,STU0118,CRS002,3,quiz,25,11.8,2023-09-23,2023-09-23
ASM002096,STU0118,CRS002,3,assignment,50,25.9,2023-09-23,2023-09-23
ASM002097,STU0118,CRS002,3,project,100,48.5,2023-09-23,2023-09-23
ASM002098,STU0118,CRS002,4,quiz,25,10.8,2023-10-28,2023-10-28
ASM002099,STU0118,CRS002,4,assignment,50,42.5,2023-10-24,2023-10-23
ASM002100,STU0118,CRS002,5,quiz,25,17.9,2023-10-18,2023-10-25
ASM002101,STU0118,CRS002,5,assignment,50,20.8,2023-11-17,2023-11-15
ASM002102,STU0118,CRS002,6,quiz,25,18.0,2023-12-07,2023-12-06
ASM002103,STU0118,CRS002,6,assignment,50,21.5,2023-11-01,2023-10-31
ASM002104,STU0118,CRS002,6,project,100,37.2,2023-11-01,2023-11-06
ASM002105,STU0118,CRS002,6,exam,100,69.8,2023-11-25,2023-11-23
ASM002106,STU0119,CRS008,1,quiz,25,16.0,2024-02-22,2024-02-22
ASM002107,STU0119,CRS008,1,assignment,50,45.9,2024-02-22,2024-02-20
ASM002108,STU0119,CRS008,2,quiz,25,20.8,2024-03-15,2024-03-14
ASM002109,STU0119,CRS008,2,assignment,50,25.2,2024-03-17,2024-03-17
ASM002110,STU0119,CRS008,3,quiz,25,14.9,2024-03-21,2024-03-21
ASM002111,STU0119,CRS008,3,assignment,50,20.0,2024-04-11,2024-04-11
ASM002112,STU0119,CRS008,3,project,100,34.4,2024-04-05,2024-04-10
ASM002113,STU0119,CRS008,4,quiz,25,16.9,2024-04-08,2024-04-05
ASM002114,STU0119,CRS008,4,assignment,50,32.9,2024-04-08,2024-04-15
ASM002115,STU0119,CRS008,5,quiz,25,22.4,2024-05-18,2024-05-17
ASM002116,STU0119,CRS008,5,assignment,50,40.1,2024-05-13,2024-05-15
ASM002117,STU0119,CRS008,6,quiz,25,18.6,2024-05-02,2024-05-07
ASM002118,STU0119,CRS008,6,assignment,50,27.4,2024-05-02,2024-04-30
ASM002119,STU0119,CRS008,6,project,100,53.1,2024-05-26,2024-05-24
ASM002120,STU0119,CRS008,6,exam,100,86.8,2024-06-07,2024-06-06
ASM002121,STU0120,CRS008,1,quiz,25,14.3,2024-08-01,2024-08-06
ASM002122,STU0120,CRS008,1,assignment,50,30.2,2024-08-04,2024-08-07
ASM002123,STU0120,CRS008,2,quiz,25,13.6,2024-08-25,2024-08-26
ASM002124,STU0120,CRS008,2,assignment,50,23.0,2024-08-19,2024-08-19
ASM002125,STU0120,CRS008,3,quiz,25,13.1,2024-09-17,2024-09-24
ASM002126,STU0120,CRS008,3,assignment,50,45.6,2024-09-05,2024-09-03
ASM002127,STU0120,CRS008,3,project,100,44.4,2024-09-08,2024-09-09
ASM002128,STU0120,CRS008,4,quiz,25,23.1,2024-09-22,2024-09-23
ASM002129,STU0120,CRS008,4,assignment,50,41.9,2024-09-22,2024-09-23
ASM002130,STU0120,CRS008,5,quiz,25,18.6,2024-10-09,2024-10-06
ASM002131,STU0120,CRS008,5,assignment,50,24.7,2024-10-09,2024-10-09
ASM002132,STU0120,CRS008,6,quiz,25,19.7,2024-11-07,2024-11-06
ASM002133,STU0120,CRS008,6,assignment,50,28.7,2024-11-07,2024-11-09
ASM002134,STU0120,CRS008,6,project,100,83.3,2024-10-20,2024-10-22
ASM002135,STU0120,CRS008,6,exam,100,68.3,2024-10-14,2024-10-19
ASM002136,STU0121,CRS004,1,quiz,25,20.4,2023-03-30,2023-04-02
ASM002137,STU0121,CRS004,1,assignment,50,35.3,2023-03-26,2023-03-28
ASM002138,STU0121,CRS004,2,quiz,25,19.6,2023-04-10,2023-04-11
ASM002139,STU0121,CRS004,2,assignment,50,43.1,2023-04-08,2023-04-06
ASM002140,STU0121,CRS004,3,quiz,25,11.0,2023-04-29,2023-04-26
ASM002141,STU0121,CRS004,3,assignment,50,45.5,2023-05-11,2023-05-10
ASM002142,STU0121,CRS004,3,project,100,69.7,2023-05-11,2023-05-11
ASM002143,STU0121,CRS004,4,quiz,25,20.4,2023-05-08,2023-05-13
ASM002144,STU0121,CRS004,4,assignment,50,37.3,2023-05-12,2023-05-12
ASM002145,STU0121,CRS004,5,quiz,25,19.6,2023-06-17,2023-06-17
ASM002146,STU0121,CRS004,5,assignment,50,34.9,2023-05-23,2023-05-20
ASM002147,STU0121,CRS004,6,quiz,25,12.9,2023-07-07,2023-07-08
ASM002148,STU0121,CRS004,6,assignment,50,36.0,2023-07-07,2023-07-06
ASM002149,STU0121,CRS004,6,project,100,45.8,2023-06-25,2023-06-25
ASM002150,STU0121,CRS004,6,exam,100,65.8,2023-06-01,2023-06-02
ASM002151,STU0122,CRS011,1,quiz,25,17.4,2023-09-18,2023-09-17
ASM002152,STU0122,CRS011,1,assignment,50,33.3,2023-09-21,2023-09-20
ASM002153,STU0122,CRS011,2,quiz,25,21.4,2023-10-03,2023-10-02
ASM002154,STU0122,CRS011,2,assignment,50,23.1,2023-10-13,2023-10-13
ASM002155,STU0122,CRS011,3,quiz,25,19.3,2023-10-18,2023-10-17
ASM002156,STU0122,CRS011,3,assignment,50,20.2,2023-11-05,2023-11-04
ASM002157,STU0122,CRS011,3,project,100,59.3,2023-10-24,2023-10-24
ASM002158,STU0122,CRS011,4,quiz,25,22.1,2023-10-29,2023-10-27
ASM002159,STU0122,CRS011,4,assignment,50,40.8,2023-11-26,2023-11-27
ASM002160,STU0122,CRS011,5,quiz,25,10.8,2023-11-22,2023-11-22
ASM002161,STU0122,CRS011,5,assignment,50,27.6,2023-11-17,2023-11-16
ASM002162,STU0122,CRS011,6,quiz,25,20.6,2023-11-26,2023-11-27
ASM002163,STU0122,CRS011,6,assignment,50,35.6,2024-01-01,2024-01-01
ASM002164,STU0122,CRS011,6,project,100,77.7,2023-12-02,2023-12-01
ASM002165,STU0122,CRS011,7,quiz,25,22.1,2023-12-10,2023-12-10
ASM002166,STU0122,CRS011,7,assignment,50,30.2,2024-01-28,2024-01-31
ASM002167,STU0122,CRS011,8,quiz,25,18.7,2024-02-18,2024-02-16
ASM002168,STU0122,CRS011,8,assignment,50,21.9,2024-01-25,2024-01-27
ASM002169,STU0122,CRS011,9,quiz,25,16.6,2024-01-25,2024-01-27
ASM002170,STU0122,CRS011,9,assignment,50,28.4,2024-02-21,2024-02-21
ASM002171,STU0122,CRS011,9,project,100,64.0,2024-02-21,2024-02-28
ASM002172,STU0122,CRS011,10,quiz,25,21.4,2024-03-11,2024-03-11
ASM002173,STU0122,CRS011,10,assignment,50,27.0,2024-03-11,2024-03-11
ASM002174,STU0122,CRS011,10,exam,100,83.8,2024-03-31,2024-03-29
ASM002175,STU0123,CRS002,1,quiz,25,13.6,2024-02-16,2024-02-14
ASM002176,STU0123,CRS002,1,assignment,50,35.9,2024-02-18,2024-02-18
ASM002177,STU0123,CRS002,2,quiz,25,15.6,2024-03-01,2024-02-29
ASM002178,STU0123,CRS002,2,assignment,50,8.3,2024-03-11,2024-03-10
ASM002179,STU0123,CRS002,3,quiz,25,22.4,2024-03-18,2024-03-17
ASM002180,STU0123,CRS002,3,assignment,50,28.9,2024-03-27,2024-03-30
ASM002181,STU0123,CRS002,3,project,100,72.9,2024-04-05,2024-04-12
ASM002182,STU0123,CRS002,4,quiz,25,14.3,2024-04-18,2024-04-21
ASM002183,STU0123,CRS002,4,assignment,50,39.3,2024-04-22,2024-04-22
ASM002184,STU0123,CRS002,5,quiz,25,15.0,2024-04-27,2024-04-24
ASM002185,STU0123,CRS002,5,assignment,50,44.0,2024-05-07,2024-05-09
ASM002186,STU0123,CRS002,6,quiz,25,21.8,2024-05-26,2024-05-25
ASM002187,STU0123,CRS002,6,assignment,50,28.5,2024-04-26,2024-04-26
ASM002188,STU0123,CRS002,6,project,100,46.5,2024-05-08,2024-05-08
ASM002189,STU0123,CRS002,6,exam,100,57.1,2024-05-20,2024-05-21
ASM002190,STU0124,CRS005,1,quiz,25,13.0,2024-09-19,2024-09-17
ASM002191,STU0124,CRS005,1,assignment,50,39.6,2024-09-19,2024-09-16
ASM002192,STU0124,CRS005,2,quiz,25,17.2,2024-10-01,2024-09-29
ASM002193,STU0124,CRS005,2,assignment,50,22.3,2024-10-07,2024-10-04
ASM002194,STU0124,CRS005,3,quiz,25,23.1,2024-10-13,2024-10-12
ASM002195,STU0124,CRS005,3,assignment,50,34.8,2024-10-28,2024-10-31
ASM002196,STU0124,CRS005,3,project,100,44.3,2024-10-19,2024-10-26
ASM002197,STU0124,CRS005,4,quiz,25,15.7,2024-11-12,2024-11-10
ASM002198,STU0124,CRS005,4,assignment,50,23.0,2024-10-31,2024-10-30
ASM002199,STU0124,CRS005,5,quiz,25,11.2,2024-11-10,2024-11-10
ASM002200,STU0124,CRS005,5,assignment,50,45.5,2024-12-10,2024-12-10
ASM002201,STU0124,CRS005,6,quiz,25,21.6,2024-11-30,2024-12-03
ASM002202,STU0124,CRS005,6,assignment,50,26.7,2024-12-06,2024-12-06
ASM002203,STU0124,CRS005,6,project,100,84.7,2024-12-24,2024-12-26
ASM002204,STU0124,CRS005,7,quiz,25,22.1,2025-01-05,2025-01-03
ASM002205,STU0124,CRS005,7,assignment,50,42.5,2024-12-29,2024-12-29
ASM002206,STU0124,CRS005,7,exam,100,76.9,2025-01-06,2025-01-05
ASM002207,STU0125,CRS015,1,quiz,25,9.4,2023-03-15,2023-03-13
ASM002208,STU0125,CRS015,1,assignment,50,30.2,2023-03-14,2023-03-14
ASM002209,STU0125,CRS015,2,quiz,25,21.1,2023-04-04,2023-04-04
ASM002210,STU0125,CRS015,2,assignment,50,30.1,2023-03-23,2023-03-30
ASM002211,STU0125,CRS015,3,quiz,25,22.5,2023-04-24,2023-04-22
ASM002212,STU0125,CRS015,3,assignment,50,47.7,2023-04-15,2023-04-15
ASM002213,STU0125,CRS015,3,project,100,42.6,2023-04-21,2023-04-19
ASM002214,STU0125,CRS015,4,quiz,25,14.7,2023-05-06,2023-05-04
ASM002215,STU0125,CRS015,4,assignment,50,27.7,2023-05-14,2023-05-12
ASM002216,STU0125,CRS015,5,quiz,25,11.9,2023-06-08,2023-06-10
ASM002217,STU0125,CRS015,5,assignment,50,38.8,2023-05-09,2023-05-07
ASM002218,STU0125,CRS015,6,quiz,25,10.5,2023-06-17,2023-06-17
ASM002219,STU0125,CRS015,6,assignment,50,25.9,2023-06-11,2023-06-11
ASM002220,STU0125,CRS015,6,project,100,31.5,2023-05-24,2023-05-25
ASM002221,STU0125,CRS015,7,quiz,25,10.5,2023-06-01,2023-06-02
ASM002222,STU0125,CRS015,7,assignment,50,31.3,2023-07-20,2023-07-18
ASM002223,STU0125,CRS015,8,quiz,25,11.2,2023-07-01,2023-07-01
ASM002224,STU0125,CRS015,8,assignment,50,49.0,2023-06-15,2023-06-17
ASM002225,STU0125,CRS015,9,quiz,25,22.4,2023-07-26,2023-07-24
ASM002226,STU0125,CRS015,9,assignment,50,32.5,2023-07-08,2023-07-08
ASM002227,STU0125,CRS015,9,project,100,31.4,2023-07-26,2023-07-25
ASM002228,STU0125,CRS015,10,quiz,25,17.6,2023-09-21,2023-09-21
ASM002229,STU0125,CRS015,10,assignment,50,26.8,2023-07-23,2023-07-22
ASM002230,STU0125,CRS015,10,exam,100,66.2,2023-08-12,2023-08-14
ASM002231,STU0126,CRS003,1,quiz,25,12.5,2023-08-03,2023-08-05
ASM002232,STU0126,CRS003,1,assignment,50,16.3,2023-07-31,2023-07-31
ASM002233,STU0126,CRS003,2,quiz,25,19.0,2023-08-13,2023-08-12
ASM002234,STU0126,CRS003,2,assignment,50,20.5,2023-08-17,2023-08-17
ASM002235,STU0126,CRS003,3,quiz,25,14.6,2023-09-05,2023-09-05
ASM002236,STU0126,CRS003,3,assignment,50,45.4,2023-09-17,2023-09-17
ASM002237,STU0126,CRS003,3,project,100,62.2,2023-09-08,2023-09-08
ASM002238,STU0126,CRS003,4,quiz,25,14.2,2023-10-04,2023-10-06
ASM002239,STU0126,CRS003,4,assignment,50,21.3,2023-09-18,2023-09-15
ASM002240,STU0126,CRS003,5,quiz,25,17.8,2023-09-24,2023-09-24
ASM002241,STU0126,CRS003,5,assignment,50,42.3,2023-09-24,2023-09-25
ASM002242,STU0126,CRS003,5,exam,100,49.4,2023-09-24,2023-09-29
ASM002243,STU0127,CRS005,1,quiz,25,9.2,2024-03-09,2024-03-16
ASM002244,STU0127,CRS005,1,assignment,50,35.4,2024-03-08,2024-03-05
ASM002245,STU0127,CRS005,2,quiz,25,19.5,2024-03-22,2024-03-22
ASM002246,STU0127,CRS005,2,assignment,50,24.1,2024-03-28,2024-04-02
ASM002247,STU0127,CRS005,3,quiz,25,17.4,2024-04-19,2024-04-19
ASM002248,STU0127,CRS005,3,assignment,50,37.1,2024-04-16,2024-04-16
ASM002249,STU0127,CRS005,3,project,100,66.2,2024-04-07,2024-04-06
ASM002250,STU0127,CRS005,4,quiz,25,12.4,2024-05-09,2024-05-07
ASM002251,STU0127,CRS005,4,assignment,50,19.5,2024-05-13,2024-05-13
ASM002252,STU0127,CRS005,5,quiz,25,17.4,2024-05-19,2024-05-17
ASM002253,STU0127,CRS005,5,assignment,50,22.1,2024-05-24,2024-05-24
ASM002254,STU0127,CRS005,6,quiz,25,13.4,2024-06-18,2024-06-16
ASM002255,STU0127,CRS005,6,assignment,50,34.7,2024-05-13,2024-05-16
ASM002256,STU0127,CRS005,6,project,100,71.8,2024-05-19,2024-05-19
ASM002257,STU0127,CRS005,7,quiz,25,17.1,2024-07-15,2024-07-15
ASM002258,STU0127,CRS005,7,assignment,50,47.9,2024-06-17,2024-06-15
ASM002259,STU0127,CRS005,8,quiz,25,7.2,2024-06-26,2024-06-27
ASM002260,STU0127,CRS005,8,assignment,50,48.6,2024-06-18,2024-06-16
ASM002261,STU0127,CRS005,8,exam,100,69.0,2024-07-12,2024-07-10
ASM002262,STU0128,CRS017,1,quiz,25,14.8,2024-08-30,2024-08-31
ASM002263,STU0128,CRS017,1,assignment,50,26.5,2024-08-25,2024-08-30
ASM002264,STU0128,CRS017,2,quiz,25,22.5,2024-09-20,2024-09-18
ASM002265,STU0128,CRS017,2,assignment,50,19.0,2024-09-14,2024-09-13
ASM002266,STU0128,CRS017,3,quiz,25,16.6,2024-10-01,2024-09-30
ASM002267,STU0128,CRS017,3,assignment,50,16.9,2024-09-28,2024-09-28
ASM002268,STU0128,CRS017,3,project,100,59.3,2024-09-25,2024-09-25
ASM002269,STU0128,CRS017,4,quiz,25,19.8,2024-10-10,2024-10-09
ASM002270,STU0128,CRS017,4,assignment,50,14.8,2024-10-26,2024-10-28
ASM002271,STU0128,CRS017,5,quiz,25,11.6,2024-10-25,2024-10-25
ASM002272,STU0128,CRS017,5,assignment,50,11.9,2024-11-24,2024-11-23
ASM002273,STU0128,CRS017,6,quiz,25,12.1,2024-11-21,2024-11-21
ASM002274,STU0128,CRS017,6,assignment,50,33.9,2024-11-15,2024-11-17
ASM002275,STU0128,CRS017,6,project,100,60.1,2024-12-15,2024-12-15
ASM002276,STU0128,CRS017,6,exam,100,69.8,2024-11-09,2024-11-07
ASM002277,STU0129,CRS010,1,quiz,25,14.8,2023-02-17,2023-02-15
ASM002278,STU0129,CRS010,1,assignment,50,32.5,2023-02-18,2023-02-15
ASM002279,STU0129,CRS010,2,quiz,25,16.2,2023-03-07,2023-03-12
ASM002280,STU0129,CRS010,2,assignment,50,46.5,2023-03-01,2023-03-04
ASM002281,STU0129,CRS010,3,quiz,25,21.5,2023-03-19,2023-03-26
ASM002282,STU0129,CRS010,3,assignment,50,37.8,2023-03-25,2023-03-25
ASM002283,STU0129,CRS010,3,project,100,83.5,2023-03-13,2023-03-13
ASM002284,STU0129,CRS010,4,quiz,25,12.5,2023-04-12,2023-04-13
ASM002285,STU0129,CRS010,4,assignment,50,31.9,2023-03-27,2023-03-27
ASM002286,STU0129,CRS010,5,quiz,25,20.3,2023-04-10,2023-04-08
ASM002287,STU0129,CRS010,5,assignment,50,22.9,2023-05-05,2023-05-10
ASM002288,STU0129,CRS010,6,quiz,25,8.4,2023-05-12,2023-05-12
ASM002289,STU0129,CRS010,6,assignment,50,40.9,2023-04-24,2023-04-24
ASM002290,STU0129,CRS010,6,project,100,73.0,2023-04-30,2023-05-03
ASM002291,STU0129,CRS010,7,quiz,25,16.1,2023-06-26,2023-07-01
ASM002292,STU0129,CRS010,7,assignment,50,35.1,2023-05-08,2023-05-08
ASM002293,STU0129,CRS010,8,quiz,25,12.8,2023-06-15,2023-06-16
ASM002294,STU0129,CRS010,8,assignment,50,35.7,2023-06-15,2023-06-12
ASM002295,STU0129,CRS010,9,quiz,25,16.8,2023-06-05,2023-06-02
ASM002296,STU0129,CRS010,9,assignment,50,26.7,2023-07-29,2023-07-30
ASM002297,STU0129,CRS010,9,project,100,94.0,2023-06-05,2023-06-05
ASM002298,STU0129,CRS010,10,quiz,25,18.7,2023-07-09,2023-07-09
ASM002299,STU0129,CRS010,10,assignment,50,35.9,2023-08-18,2023-08-18
ASM002300,STU0129,CRS010,10,exam,100,71.0,2023-08-08,2023-08-08
ASM002301,STU0130,CRS002,1,quiz,25,19.3,2023-08-18,2023-08-18
ASM002302,STU0130,CRS002,1,assignment,50,34.8,2023-08-13,2023-08-12
ASM002303,STU0130,CRS002,2,quiz,25,23.4,2023-08-27,2023-09-03
ASM002304,STU0130,CRS002,2,assignment,50,33.8,2023-08-27,2023-08-25
ASM002305,STU0130,CRS002,3,quiz,25,15.5,2023-09-16,2023-09-16
ASM002306,STU0130,CRS002,3,assignment,50,40.2,2023-09-19,2023-09-26
ASM002307,STU0130,CRS002,3,project,100,55.9,2023-09-16,2023-09-17
ASM002308,STU0130,CRS002,4,quiz,25,16.6,2023-09-28,2023-09-26
ASM002309,STU0130,CRS002,4,assignment,50,31.7,2023-10-06,2023-10-06
ASM002310,STU0130,CRS002,5,quiz,25,12.0,2023-10-23,2023-10-23
ASM002311,STU0130,CRS002,5,assignment,50,33.9,2023-10-28,2023-11-02
ASM002312,STU0130,CRS002,6,quiz,25,12.6,2023-11-09,2023-11-09
ASM002313,STU0130,CRS002,6,assignment,50,28.4,2023-11-15,2023-11-15
ASM002314,STU0130,CRS002,6,project,100,62.8,2023-11-21,2023-11-26
ASM002315,STU0130,CRS002,6,exam,100,67.8,2023-12-03,2023-12-02
ASM002316,STU0131,CRS020,1,quiz,25,18.6,2024-03-01,2024-03-01
ASM002317,STU0131,CRS020,1,assignment,50,30.0,2024-03-01,2024-02-28
ASM002318,STU0131,CRS020,2,quiz,25,8.4,2024-03-12,2024-03-19
ASM002319,STU0131,CRS020,2,assignment,50,28.3,2024-03-26,2024-03-27
ASM002320,STU0131,CRS020,3,quiz,25,16.9,2024-04-16,2024-04-18
ASM002321,STU0131,CRS020,3,assignment,50,19.9,2024-04-07,2024-04-06
ASM002322,STU0131,CRS020,3,project,100,87.4,2024-03-29,2024-03-27
ASM002323,STU0131,CRS020,4,quiz,25,19.1,2024-05-03,2024-05-03
ASM002324,STU0131,CRS020,4,assignment,50,25.8,2024-04-09,2024-04-08
ASM002325,STU0131,CRS020,4,exam,100,59.6,2024-05-03,2024-05-02
ASM002326,STU0132,CRS016,1,quiz,25,16.9,2024-09-09,2024-09-06
ASM002327,STU0132,CRS016,1,assignment,50,45.2,2024-09-10,2024-09-15
ASM002328,STU0132,CRS016,2,quiz,25,12.2,2024-09-29,2024-10-04
ASM002329,STU0132,CRS016,2,assignment,50,19.8,2024-09-27,2024-09-29
ASM002330,STU0132,CRS016,3,quiz,25,12.2,2024-10-18,2024-10-19
ASM002331,STU0132,CRS016,3,assignment,50,36.7,2024-10-21,2024-10-24
ASM002332,STU0132,CRS016,3,project,100,24.5,2024-10-03,2024-10-05
ASM002333,STU0132,CRS016,4,quiz,25,19.6,2024-11-10,2024-11-17
ASM002334,STU0132,CRS016,4,assignment,50,29.4,2024-11-14,2024-11-14
ASM002335,STU0132,CRS016,5,quiz,25,10.8,2024-11-20,2024-11-19
ASM002336,STU0132,CRS016,5,assignment,50,42.6,2024-11-15,2024-11-13
ASM002337,STU0132,CRS016,6,quiz,25,14.8,2024-11-14,2024-11-13
ASM002338,STU0132,CRS016,6,assignment,50,25.9,2024-12-02,2024-12-04
ASM002339,STU0132,CRS016,6,project,100,45.4,2024-12-08,2024-12-08
ASM002340,STU0132,CRS016,6,exam,100,80.3,2024-12-14,2024-12-13
ASM002341,STU0133,CRS017,1,quiz,25,18.5,2023-03-10,2023-03-12
ASM002342,STU0133,CRS017,1,assignment,50,21.1,2023-03-07,2023-03-07
ASM002343,STU0133,CRS017,2,quiz,25,19.1,2023-03-30,2023-04-01
ASM002344,STU0133,CRS017,2,assignment,50,24.5,2023-03-20,2023-03-20
ASM002345,STU0133,CRS017,3,quiz,25,12.2,2023-04-24,2023-04-21
ASM002346,STU0133,CRS017,3,assignment,50,42.4,2023-04-12,2023-04-12
ASM002347,STU0133,CRS017,3,project,100,53.0,2023-04-06,2023-04-05
ASM002348,STU0133,CRS017,4,quiz,25,13.8,2023-04-21,2023-04-21
ASM002349,STU0133,CRS017,4,assignment,50,29.5,2023-05-03,2023-05-05
ASM002350,STU0133,CRS017,5,quiz,25,24.5,2023-05-11,2023-05-10
ASM002351,STU0133,CRS017,5,assignment,50,30.4,2023-05-11,2023-05-09
ASM002352,STU0133,CRS017,6,quiz,25,15.3,2023-05-21,2023-05-22
ASM002353,STU0133,CRS017,6,assignment,50,40.1,2023-05-27,2023-05-28
ASM002354,STU0133,CRS017,6,project,100,46.8,2023-05-15,2023-05-15
ASM002355,STU0133,CRS017,6,exam,100,61.9,2023-06-02,2023-05-31
ASM002356,STU0134,CRS005,1,quiz,25,12.9,2023-08-20,2023-08-17
ASM002357,STU0134,CRS005,1,assignment,50,38.8,2023-08-21,2023-08-21
ASM002358,STU0134,CRS005,2,quiz,25,17.2,2023-09-01,2023-08-30
ASM002359,STU0134,CRS005,2,assignment,50,37.9,2023-09-13,2023-09-11
ASM002360,STU0134,CRS005,3,quiz,25,17.7,2023-09-28,2023-09-30
ASM002361,STU0134,CRS005,3,assignment,50,25.9,2023-10-01,2023-09-29
ASM002362,STU0134,CRS005,3,project,100,71.5,2023-09-13,2023-09-13
ASM002363,STU0134,CRS005,4,quiz,25,10.8,2023-10-17,2023-10-17
ASM002364,STU0134,CRS005,4,assignment,50,39.6,2023-10-25,2023-10-30
ASM002365,STU0134,CRS005,5,quiz,25,17.0,2023-10-31,2023-11-01
ASM002366,STU0134,CRS005,5,assignment,50,34.8,2023-10-21,2023-10-26
ASM002367,STU0134,CRS005,6,quiz,25,17.2,2023-10-25,2023-10-23
ASM002368,STU0134,CRS005,6,assignment,50,40.1,2023-11-24,2023-11-29
ASM002369,STU0134,CRS005,6,project,100,93.4,2023-11-30,2023-12-02
ASM002370,STU0134,CRS005,7,quiz,25,17.7,2023-12-20,2023-12-22
ASM002371,STU0134,CRS005,7,assignment,50,49.0,2023-11-15,2023-11-22
ASM002372,STU0134,CRS005,8,quiz,25,12.6,2024-01-09,2024-01-09
ASM002373,STU0134,CRS005,8,assignment,50,29.6,2023-11-30,2023-12-02
ASM002374,STU0134,CRS005,8,exam,100,64.0,2024-01-17,2024-01-18
ASM002375,STU0135,CRS020,1,quiz,25,18.2,2024-02-27,2024-02-27
ASM002376,STU0135,CRS020,1,assignment,50,43.6,2024-02-23,2024-02-23
ASM002377,STU0135,CRS020,2,quiz,25,11.5,2024-03-15,2024-03-14
ASM002378,STU0135,CRS020,2,assignment,50,49.0,2024-03-11,2024-03-11
ASM002379,STU0135,CRS020,3,quiz,25,13.1,2024-04-06,2024-04-06
ASM002380,STU0135,CRS020,3,assignment,50,41.1,2024-04-03,2024-04-04
ASM002381,STU0135,CRS020,3,project,100,44.6,2024-03-28,2024-03-28
ASM002382,STU0135,CRS020,4,quiz,25,19.1,2024-04-10,2024-04-15
ASM002383,STU0135,CRS020,4,assignment,50,22.5,2024-04-14,2024-04-16
ASM002384,STU0135,CRS020,4,exam,100,78.1,2024-04-10,2024-04-11
ASM002385,STU0136,CRS014,1,quiz,25,19.7,2024-08-13,2024-08-13
ASM002386,STU0136,CRS014,1,assignment,50,38.7,2024-08-11,2024-08-11
ASM002387,STU0136,CRS014,2,quiz,25,16.8,2024-08-29,2024-09-01
ASM002388,STU0136,CRS014,2,assignment,50,31.4,2024-08-25,2024-08-25
ASM002389,STU0136,CRS014,3,quiz,25,17.1,2024-09-27,2024-09-28
ASM002390,STU0136,CRS014,3,assignment,50,34.2,2024-09-24,2024-09-21
ASM002391,STU0136,CRS014,3,project,100,89.3,2024-09-12,2024-09-19
ASM002392,STU0136,CRS014,4,quiz,25,22.9,2024-10-14,2024-10-19
ASM002393,STU0136,CRS014,4,assignment,50,30.3,2024-10-10,2024-10-08
ASM002394,STU0136,CRS014,5,quiz,25,13.1,2024-10-24,2024-10-22
ASM002395,STU0136,CRS014,5,assignment,50,11.1,2024-10-29,2024-10-29
ASM002396,STU0136,CRS014,6,quiz,25,6.6,2024-10-18,2024-10-16
ASM002397,STU0136,CRS014,6,assignment,50,43.3,2024-11-17,2024-11-22
ASM002398,STU0136,CRS014,6,project,100,51.5,2024-11-23,2024-11-22
ASM002399,STU0136,CRS014,6,exam,100,62.0,2024-11-29,2024-11-30
ASM002400,STU0137,CRS003,1,quiz,25,9.1,2023-03-04,2023-03-03
ASM002401,STU0137,CRS003,1,assignment,50,23.6,2023-03-03,2023-03-03
ASM002402,STU0137,CRS003,2,quiz,25,21.0,2023-03-29,2023-03-29
ASM002403,STU0137,CRS003,2,assignment,50,14.1,2023-03-21,2023-03-21
ASM002404,STU0137,CRS003,3,quiz,25,10.6,2023-04-03,2023-04-02
ASM002405,STU0137,CRS003,3,assignment,50,14.8,2023-04-21,2023-04-21
ASM002406,STU0137,CRS003,3,project,100,49.9,2023-04-18,2023-04-17
ASM002407,STU0137,CRS003,4,quiz,25,17.3,2023-05-08,2023-05-08
ASM002408,STU0137,CRS003,4,assignment,50,37.0,2023-04-26,2023-04-26
ASM002409,STU0137,CRS003,5,quiz,25,14.7,2023-05-18,2023-05-18
ASM002410,STU0137,CRS003,5,assignment,50,29.8,2023-05-18,2023-05-17
ASM002411,STU0137,CRS003,5,exam,100,30.3,2023-05-18,2023-05-17
ASM002412,STU0138,CRS017,1,quiz,25,19.8,2023-09-05,2023-09-10
ASM002413,STU0138,CRS017,1,assignment,50,32.9,2023-09-05,2023-09-12
ASM002414,STU0138,CRS017,2,quiz,25,6.0,2023-09-23,2023-09-21
ASM002415,STU0138,CRS017,2,assignment,50,27.0,2023-09-21,2023-09-21
ASM002416,STU0138,CRS017,3,quiz,25,16.1,2023-09-29,2023-10-06
ASM002417,STU0138,CRS017,3,assignment,50,33.5,2023-10-08,2023-10-05
ASM002418,STU0138,CRS017,3,project,100,61.4,2023-10-08,2023-10-07
ASM002419,STU0138,CRS017,4,quiz,25,7.8,2023-11-06,2023-11-07
ASM002420,STU0138,CRS017,4,assignment,50,30.3,2023-10-29,2023-11-03
ASM002421,STU0138,CRS017,5,quiz,25,13.0,2023-11-01,2023-11-01
ASM002422,STU0138,CRS017,5,assignment,50,35.4,2023-11-06,2023-11-13
ASM002423,STU0138,CRS017,6,quiz,25,18.7,2023-11-16,2023-11-23
ASM002424,STU0138,CRS017,6,assignment,50,18.5,2023-11-28,2023-11-29
ASM002425,STU0138,CRS017,6,project,100,54.9,2023-12-10,2023-12-09
ASM002426,STU0138,CRS017,6,exam,100,82.0,2023-11-16,2023-11-17
ASM002427,STU0139,CRS017,1,quiz,25,18.3,2024-03-09,2024-03-12
ASM002428,STU0139,CRS017,1,assignment,50,33.5,2024-03-09,2024-03-08
ASM002429,STU0139,CRS017,2,quiz,25,13.9,2024-03-18,2024-03-23
ASM002430,STU0139,CRS017,2,assignment,50,27.7,2024-03-30,2024-04-02
ASM002431,STU0139,CRS017,3,quiz,25,16.0,2024-04-10,2024-04-11
ASM002432,STU0139,CRS017,3,assignment,50,37.6,2024-04-07,2024-04-08
ASM002433,STU0139,CRS017,3,project,100,59.9,2024-04-13,2024-04-11
ASM002434,STU0139,CRS017,4,quiz,25,14.8,2024-04-27,2024-04-24
ASM002435,STU0139,CRS017,4,assignment,50,21.7,2024-04-19,2024-04-19
ASM002436,STU0139,CRS017,5,quiz,25,11.7,2024-04-29,2024-04-29
ASM002437,STU0139,CRS017,5,assignment,50,28.0,2024-05-19,2024-05-20
ASM002438,STU0139,CRS017,6,quiz,25,13.8,2024-06-12,2024-06-12
ASM002439,STU0139,CRS017,6,assignment,50,42.4,2024-05-25,2024-05-28
ASM002440,STU0139,CRS017,6,project,100,34.1,2024-06-24,2024-06-24
ASM002441,STU0139,CRS017,6,exam,100,50.5,2024-06-18,2024-06-18
ASM002442,STU0140,CRS016,1,quiz,25,15.2,2024-08-03,2024-08-01
ASM002443,STU0140,CRS016,1,assignment,50,26.1,2024-08-04,2024-08-04
ASM002444,STU0140,CRS016,2,quiz,25,17.4,2024-08-26,2024-08-24
ASM002445,STU0140,CRS016,2,assignment,50,28.1,2024-08-28,2024-09-04
ASM002446,STU0140,CRS016,3,quiz,25,12.7,2024-09-15,2024-09-16
ASM002447,STU0140,CRS016,3,assignment,50,40.5,2024-09-18,2024-09-20
ASM002448,STU0140,CRS016,3,project,100,46.6,2024-09-06,2024-09-03
ASM002449,STU0140,CRS016,4,quiz,25,22.3,2024-09-27,2024-09-27
ASM002450,STU0140,CRS016,4,assignment,50,22.5,2024-09-11,2024-09-11
ASM002451,STU0140,CRS016,5,quiz,25,14.4,2024-10-20,2024-10-19
ASM002452,STU0140,CRS016,5,assignment,50,40.7,2024-10-30,2024-10-30
ASM002453,STU0140,CRS016,6,quiz,25,15.4,2024-11-02,2024-11-07
ASM002454,STU0140,CRS016,6,assignment,50,46.9,2024-11-08,2024-11-09
ASM002455,STU0140,CRS016,6,project,100,45.2,2024-10-09,2024-10-09
ASM002456,STU0140,CRS016,6,exam,100,77.6,2024-10-21,2024-10-21
ASM002457,STU0141,CRS012,1,quiz,25,13.2,2023-02-15,2023-02-20
ASM002458,STU0141,CRS012,1,assignment,50,27.2,2023-02-14,2023-02-21
ASM002459,STU0141,CRS012,2,quiz,25,22.2,2023-02-28,2023-03-02
ASM002460,STU0141,CRS012,2,assignment,50,40.1,2023-03-10,2023-03-12
ASM002461,STU0141,CRS012,3,quiz,25,12.0,2023-03-17,2023-03-18
ASM002462,STU0141,CRS012,3,assignment,50,31.5,2023-03-23,2023-03-30
ASM002463,STU0141,CRS012,3,project,100,69.2,2023-04-01,2023-04-04
ASM002464,STU0141,CRS012,4,quiz,25,24.3,2023-04-17,2023-04-17
ASM002465,STU0141,CRS012,4,assignment,50,32.5,2023-04-09,2023-04-09
ASM002466,STU0141,CRS012,5,quiz,25,17.0,2023-04-11,2023-04-13
ASM002467,STU0141,CRS012,5,assignment,50,33.2,2023-04-16,2023-04-16
ASM002468,STU0141,CRS012,6,quiz,25,15.0,2023-05-19,2023-05-19
ASM002469,STU0141,CRS012,6,assignment,50,31.6,2023-05-13,2023-05-14
ASM002470,STU0141,CRS012,6,project,100,60.6,2023-05-01,2023-05-03
ASM002471,STU0141,CRS012,7,quiz,25,21.3,2023-06-20,2023-06-21
ASM002472,STU0141,CRS012,7,assignment,50,43.4,2023-06-06,2023-06-09
ASM002473,STU0141,CRS012,8,quiz,25,14.9,2023-05-31,2023-05-29
ASM002474,STU0141,CRS012,8,assignment,50,17.5,2023-07-10,2023-07-07
ASM002475,STU0141,CRS012,8,exam,100,49.8,2023-06-08,2023-06-06
ASM002476,STU0142,CRS012,1,quiz,25,13.9,2023-09-21,2023-09-23
ASM002477,STU0142,CRS012,1,assignment,50,39.6,2023-09-23,2023-09-23
ASM002478,STU0142,CRS012,2,quiz,25,16.8,2023-10-07,2023-10-05
ASM002479,STU0142,CRS012,2,assignment,50,26.7,2023-10-15,2023-10-15
ASM002480,STU0142,CRS012,3,quiz,25,17.6,2023-11-02,2023-11-02
ASM002481,STU0142,CRS012,3,assignment,50,29.4,2023-11-05,2023-11-04
ASM002482,STU0142,CRS012,3,project,100,44.5,2023-11-02,2023-10-30
ASM002483,STU0142,CRS012,4,quiz,25,23.5,2023-11-26,2023-11-27
ASM002484,STU0142,CRS012,4,assignment,50,27.9,2023-11-02,2023-11-02
ASM002485,STU0142,CRS012,5,quiz,25,16.7,2023-11-12,2023-11-12
ASM002486,STU0142,CRS012,5,assignment,50,41.1,2023-11-17,2023-11-18
ASM002487,STU0142,CRS012,6,quiz,25,15.0,2023-12-26,2023-12-24
ASM002488,STU0142,CRS012,6,assignment,50,29.8,2023-12-08,2023-12-07
ASM002489,STU0142,CRS012,6,project,100,80.8,2024-01-07,2024-01-07
ASM002490,STU0142,CRS012,7,quiz,25,18.5,2024-01-28,2024-01-28
ASM002491,STU0142,CRS012,7,assignment,50,23.2,2023-12-31,2023-12-29
ASM002492,STU0142,CRS012,8,quiz,25,16.4,2024-02-02,2024-02-04
ASM002493,STU0142,CRS012,8,assignment,50,24.1,2023-12-24,2023-12-24
ASM002494,STU0142,CRS012,8,exam,100,57.7,2023-12-24,2023-12-23
ASM002495,STU0143,CRS008,1,quiz,25,17.8,2024-03-18,2024-03-20
ASM002496,STU0143,CRS008,1,assignment,50,21.6,2024-03-20,2024-03-27
ASM002497,STU0143,CRS008,2,quiz,25,14.9,2024-04-04,2024-04-04
ASM002498,STU0143,CRS008,2,assignment,50,22.0,2024-03-31,2024-04-05
ASM002499,STU0143,CRS008,3,quiz,25,10.9,2024-04-30,2024-05-01
ASM002500,STU0143,CRS008,3,assignment,50,43.2,2024-04-18,2024-04-18
ASM002501,STU0143,CRS008,3,project,100,20.5,2024-04-15,2024-04-14
ASM002502,STU0143,CRS008,4,quiz,25,20.8,2024-04-26,2024-04-29
ASM002503,STU0143,CRS008,4,assignment,50,35.9,2024-05-24,2024-05-23
ASM002504,STU0143,CRS008,5,quiz,25,11.3,2024-06-09,2024-06-09
ASM002505,STU0143,CRS008,5,assignment,50,46.9,2024-05-30,2024-05-28
ASM002506,STU0143,CRS008,6,quiz,25,16.1,2024-06-17,2024-06-17
ASM002507,STU0143,CRS008,6,assignment,50,36.3,2024-06-23,2024-06-23
ASM002508,STU0143,CRS008,6,project,100,77.9,2024-06-11,2024-06-13
ASM002509,STU0143,CRS008,6,exam,100,64.8,2024-06-23,2024-06-23
ASM002510,STU0144,CRS004,1,quiz,25,21.3,2024-09-21,2024-09-26
ASM002511,STU0144,CRS004,1,assignment,50,30.3,2024-09-18,2024-09-17
ASM002512,STU0144,CRS004,2,quiz,25,11.3,2024-10-10,2024-10-10
ASM002513,STU0144,CRS004,2,assignment,50,33.5,2024-10-04,2024-10-04
ASM002514,STU0144,CRS004,3,quiz,25,16.2,2024-10-23,2024-10-22
ASM002515,STU0144,CRS004,3,assignment,50,30.9,2024-10-17,2024-10-17
ASM002516,STU0144,CRS004,3,project,100,70.6,2024-11-04,2024-11-04
ASM002517,STU0144,CRS004,4,quiz,25,13.2,2024-11-01,2024-11-01
ASM002518,STU0144,CRS004,4,assignment,50,30.2,2024-10-28,2024-11-02
ASM002519,STU0144,CRS004,5,quiz,25,20.3,2024-12-01,2024-11-30
ASM002520,STU0144,CRS004,5,assignment,50,27.5,2024-12-01,2024-12-01
ASM002521,STU0144,CRS004,6,quiz,25,10.3,2024-12-31,2025-01-05
ASM002522,STU0144,CRS004,6,assignment,50,27.7,2024-12-13,2024-12-11
ASM002523,STU0144,CRS004,6,project,100,67.4,2024-12-07,2024-12-05
ASM002524,STU0144,CRS004,6,exam,100,76.0,2024-12-01,2024-11-29
ASM002525,STU0145,CRS011,1,quiz,25,17.1,2023-02-12,2023-02-12
ASM002526,STU0145,CRS011,1,assignment,50,20.6,2023-02-10,2023-02-17
ASM002527,STU0145,CRS011,2,quiz,25,19.5,2023-03-06,2023-03-05
ASM002528,STU0145,CRS011,2,assignment,50,32.6,2023-02-26,2023-02-24
ASM002529,STU0145,CRS011,3,quiz,25,16.2,2023-03-12,2023-03-10
ASM002530,STU0145,CRS011,3,assignment,50,32.5,2023-03-09,2023-03-12
ASM002531,STU0145,CRS011,3,project,100,71.7,2023-03-06,2023-03-04
ASM002532,STU0145,CRS011,4,quiz,25,11.8,2023-04-17,2023-04-17
ASM002533,STU0145,CRS011,4,assignment,50,20.3,2023-03-24,2023-03-23
ASM002534,STU0145,CRS011,5,quiz,25,21.1,2023-05-08,2023-05-08
ASM002535,STU0145,CRS011,5,assignment,50,45.3,2023-04-28,2023-04-28
ASM002536,STU0145,CRS011,6,quiz,25,10.5,2023-04-29,2023-05-04
ASM002537,STU0145,CRS011,6,assignment,50,38.7,2023-05-11,2023-05-12
ASM002538,STU0145,CRS011,6,project,100,45.5,2023-05-29,2023-05-30
ASM002539,STU0145,CRS011,7,quiz,25,11.8,2023-05-29,2023-05-30
ASM002540,STU0145,CRS011,7,assignment,50,29.1,2023-06-05,2023-06-04
ASM002541,STU0145,CRS011,8,quiz,25,16.8,2023-06-24,2023-06-27
ASM002542,STU0145,CRS011,8,assignment,50,24.3,2023-07-02,2023-07-01
ASM002543,STU0145,CRS011,9,quiz,25,19.5,2023-06-25,2023-06-25
ASM002544,STU0145,CRS011,9,assignment,50,46.0,2023-05-29,2023-05-28
ASM002545,STU0145,CRS011,9,project,100,80.5,2023-07-13,2023-07-13
ASM002546,STU0145,CRS011,10,quiz,25,16.4,2023-06-22,2023-06-27
ASM002547,STU0145,CRS011,10,assignment,50,39.7,2023-07-22,2023-07-22
ASM002548,STU0145,CRS011,10,exam,100,66.2,2023-07-22,2023-07-23
ASM002549,STU0146,CRS018,1,quiz,25,15.1,2023-08-25,2023-08-22
ASM002550,STU0146,CRS018,1,assignment,50,26.0,2023-08-19,2023-08-26
ASM002551,STU0146,CRS018,2,quiz,25,24.5,2023-09-02,2023-09-05
ASM002552,STU0146,CRS018,2,assignment,50,18.9,2023-09-16,2023-09-16
ASM002553,STU0146,CRS018,3,quiz,25,12.9,2023-10-07,2023-10-08
ASM002554,STU0146,CRS018,3,assignment,50,23.5,2023-09-19,2023-09-16
ASM002555,STU0146,CRS018,3,project,100,58.6,2023-09-16,2023-09-17
ASM002556,STU0146,CRS018,4,quiz,25,9.4,2023-10-08,2023-10-11
ASM002557,STU0146,CRS018,4,assignment,50,34.8,2023-10-08,2023-10-06
ASM002558,STU0146,CRS018,5,quiz,25,14.3,2023-11-18,2023-11-19
ASM002559,STU0146,CRS018,5,assignment,50,37.1,2023-10-14,2023-10-14
ASM002560,STU0146,CRS018,6,quiz,25,13.4,2023-11-15,2023-11-16
ASM002561,STU0146,CRS018,6,assignment,50,23.4,2023-10-28,2023-10-28
ASM002562,STU0146,CRS018,6,project,100,30.9,2023-11-09,2023-11-14
ASM002563,STU0146,CRS018,7,quiz,25,20.5,2023-12-16,2023-12-16
ASM002564,STU0146,CRS018,7,assignment,50,29.2,2023-11-11,2023-11-09
ASM002565,STU0146,CRS018,8,quiz,25,20.5,2023-12-11,2023-12-12
ASM002566,STU0146,CRS018,8,assignment,50,37.4,2023-12-27,2023-12-28
ASM002567,STU0146,CRS018,8,exam,100,64.3,2024-01-12,2024-01-11
ASM002568,STU0147,CRS015,1,quiz,25,7.7,2024-03-13,2024-03-13
ASM002569,STU0147,CRS015,1,assignment,50,15.8,2024-03-18,2024-03-16
ASM002570,STU0147,CRS015,2,quiz,25,18.1,2024-03-29,2024-03-29
ASM002571,STU0147,CRS015,2,assignment,50,37.5,2024-04-10,2024-04-08
ASM002572,STU0147,CRS015,3,quiz,25,14.8,2024-04-13,2024-04-12
ASM002573,STU0147,CRS015,3,assignment,50,34.0,2024-04-10,2024-04-12
ASM002574,STU0147,CRS015,3,project,100,52.8,2024-04-25,2024-04-25
ASM002575,STU0147,CRS015,4,quiz,25,11.7,2024-05-06,2024-05-06
ASM002576,STU0147,CRS015,4,assignment,50,13.0,2024-05-06,2024-05-07
ASM002577,STU0147,CRS015,5,quiz,25,13.6,2024-05-18,2024-05-18
ASM002578,STU0147,CRS015,5,assignment,50,37.6,2024-05-28,2024-05-26
ASM002579,STU0147,CRS015,6,quiz,25,18.1,2024-06-21,2024-06-21
ASM002580,STU0147,CRS015,6,assignment,50,26.3,2024-06-09,2024-06-08
ASM002581,STU0147,CRS015,6,project,100,57.6,2024-06-15,2024-06-14
ASM002582,STU0147,CRS015,7,quiz,25,17.0,2024-07-10,2024-07-10
ASM002583,STU0147,CRS015,7,assignment,50,15.7,2024-07-10,2024-07-12
ASM002584,STU0147,CRS015,8,quiz,25,15.0,2024-07-05,2024-07-02
ASM002585,STU0147,CRS015,8,assignment,50,6.5,2024-08-06,2024-08-05
ASM002586,STU0147,CRS015,9,quiz,25,10.3,2024-08-26,2024-08-26
ASM002587,STU0147,CRS015,9,assignment,50,29.2,2024-08-08,2024-08-07
ASM002588,STU0147,CRS015,9,project,100,44.7,2024-08-08,2024-08-06
ASM002589,STU0147,CRS015,10,quiz,25,15.1,2024-08-16,2024-08-15
ASM002590,STU0147,CRS015,10,assignment,50,33.0,2024-07-27,2024-07-27
ASM002591,STU0147,CRS015,10,exam,100,49.4,2024-08-06,2024-08-06
ASM002592,STU0148,CRS006,1,quiz,25,17.1,2024-09-24,2024-09-25
ASM002593,STU0148,CRS006,1,assignment,50,39.2,2024-09-18,2024-09-18
ASM002594,STU0148,CRS006,2,quiz,25,18.8,2024-10-02,2024-10-01
ASM002595,STU0148,CRS006,2,assignment,50,30.0,2024-10-16,2024-10-16
ASM002596,STU0148,CRS006,3,quiz,25,14.6,2024-10-31,2024-10-31
ASM002597,STU0148,CRS006,3,assignment,50,32.6,2024-11-06,2024-11-06
ASM002598,STU0148,CRS006,3,project,100,45.6,2024-11-06,2024-11-06
ASM002599,STU0148,CRS006,4,quiz,25,12.9,2024-11-23,2024-11-24
ASM002600,STU0148,CRS006,4,assignment,50,33.6,2024-11-19,2024-11-20
ASM002601,STU0148,CRS006,5,quiz,25,12.5,2024-12-18,2024-12-19
ASM002602,STU0148,CRS006,5,assignment,50,49.0,2024-11-28,2024-11-30
ASM002603,STU0148,CRS006,5,exam,100,71.7,2024-11-18,2024-11-18
ASM002604,STU0149,CRS015,1,quiz,25,5.2,2023-02-06,2023-02-06
ASM002605,STU0149,CRS015,1,assignment,50,49.0,2023-02-02,2023-02-02
ASM002606,STU0149,CRS015,2,quiz,25,11.8,2023-02-20,2023-02-27
ASM002607,STU0149,CRS015,2,assignment,50,21.1,2023-02-18,2023-02-16
ASM002608,STU0149,CRS015,3,quiz,25,24.5,2023-03-03,2023-03-03
ASM002609,STU0149,CRS015,3,assignment,50,27.3,2023-03-06,2023-03-08
ASM002610,STU0149,CRS015,3,project,100,67.8,2023-02-28,2023-03-01
ASM002611,STU0149,CRS015,4,quiz,25,15.7,2023-03-26,2023-03-29
ASM002612,STU0149,CRS015,4,assignment,50,36.0,2023-03-26,2023-03-29
ASM002613,STU0149,CRS015,5,quiz,25,16.5,2023-04-27,2023-04-25
ASM002614,STU0149,CRS015,5,assignment,50,46.2,2023-04-22,2023-04-19
ASM002615,STU0149,CRS015,6,quiz,25,9.5,2023-04-23,2023-04-23
ASM002616,STU0149,CRS015,6,assignment,50,35.0,2023-04-29,2023-05-04
ASM002617,STU0149,CRS015,6,project,100,56.7,2023-05-17,2023-05-19
ASM002618,STU0149,CRS015,7,quiz,25,8.9,2023-05-02,2023-05-02
ASM002619,STU0149,CRS015,7,assignment,50,42.9,2023-05-30,2023-06-01
ASM002620,STU0149,CRS015,8,quiz,25,22.0,2023-06-10,2023-06-12
ASM002621,STU0149,CRS015,8,assignment,50,24.4,2023-06-26,2023-06-26
ASM002622,STU0149,CRS015,9,quiz,25,15.4,2023-05-23,2023-05-22
ASM002623,STU0149,CRS015,9,assignment,50,26.9,2023-06-10,2023-06-12
ASM002624,STU0149,CRS015,9,project,100,77.0,2023-05-23,2023-05-24
ASM002625,STU0149,CRS015,10,quiz,25,14.8,2023-08-05,2023-08-10
ASM002626,STU0149,CRS015,10,assignment,50,28.6,2023-07-06,2023-07-03
ASM002627,STU0149,CRS015,10,exam,100,51.0,2023-07-16,2023-07-16
ASM002628,STU0150,CRS002,1,quiz,25,21.8,2023-09-23,2023-09-22
ASM002629,STU0150,CRS002,1,assignment,50,33.5,2023-09-21,2023-09-21
ASM002630,STU0150,CRS002,2,quiz,25,15.2,2023-10-13,2023-10-12
ASM002631,STU0150,CRS002,2,assignment,50,37.6,2023-10-13,2023-10-14
ASM002632,STU0150,CRS002,3,quiz,25,11.9,2023-10-18,2023-10-18
ASM002633,STU0150,CRS002,3,assignment,50,19.0,2023-10-18,2023-10-19
ASM002634,STU0150,CRS002,3,project,100,83.4,2023-10-21,2023-10-21
ASM002635,STU0150,CRS002,4,quiz,25,22.8,2023-11-22,2023-11-23
ASM002636,STU0150,CRS002,4,assignment,50,33.5,2023-11-22,2023-11-22
ASM002637,STU0150,CRS002,5,quiz,25,15.9,2023-11-12,2023-11-12
ASM002638,STU0150,CRS002,5,assignment,50,45.2,2023-12-17,2023-12-17
ASM002639,STU0150,CRS002,6,quiz,25,23.0,2024-01-07,2024-01-08
ASM002640,STU0150,CRS002,6,assignment,50,12.5,2023-12-02,2023-12-04
ASM002641,STU0150,CRS002,6,project,100,44.9,2024-01-01,2024-01-01
ASM002642,STU0150,CRS002,6,exam,100,83.0,2023-12-08,2023-12-05
ASM002643,STU0151,CRS002,1,quiz,25,19.0,2024-02-22,2024-02-21
ASM002644,STU0151,CRS002,1,assignment,50,19.1,2024-02-25,2024-02-25
ASM002645,STU0151,CRS002,2,quiz,25,20.0,2024-03-17,2024-03-16
ASM002646,STU0151,CRS002,2,assignment,50,39.7,2024-03-13,2024-03-11
ASM002647,STU0151,CRS002,3,quiz,25,14.3,2024-04-01,2024-03-31
ASM002648,STU0151,CRS002,3,assignment,50,38.9,2024-03-17,2024-03-17
ASM002649,STU0151,CRS002,3,project,100,48.0,2024-03-23,2024-03-22
ASM002650,STU0151,CRS002,4,quiz,25,18.7,2024-04-16,2024-04-17
ASM002651,STU0151,CRS002,4,assignment,50,46.9,2024-04-04,2024-04-04
ASM002652,STU0151,CRS002,5,quiz,25,17.9,2024-04-29,2024-04-28
ASM002653,STU0151,CRS002,5,assignment,50,39.0,2024-04-19,2024-04-17
ASM002654,STU0151,CRS002,6,quiz,25,20.4,2024-05-22,2024-05-22
ASM002655,STU0151,CRS002,6,assignment,50,33.1,2024-06-09,2024-06-10
ASM002656,STU0151,CRS002,6,project,100,98.0,2024-06-09,2024-06-06
ASM002657,STU0151,CRS002,6,exam,100,94.8,2024-05-28,2024-05-28
ASM002658,STU0152,CRS013,1,quiz,25,24.5,2024-09-20,2024-09-20
ASM002659,STU0152,CRS013,1,assignment,50,27.5,2024-09-20,2024-09-20
ASM002660,STU0152,CRS013,2,quiz,25,13.4,2024-10-15,2024-10-12
ASM002661,STU0152,CRS013,2,assignment,50,32.3,2024-10-11,2024-10-12
ASM002662,STU0152,CRS013,3,quiz,25,14.4,2024-11-04,2024-11-11
ASM002663,STU0152,CRS013,3,assignment,50,44.9,2024-10-26,2024-10-26
ASM002664,STU0152,CRS013,3,project,100,64.2,2024-10-26,2024-10-27
ASM002665,STU0152,CRS013,4,quiz,25,8.7,2024-10-31,2024-10-31
ASM002666,STU0152,CRS013,4,assignment,50,35.1,2024-11-24,2024-11-23
ASM002667,STU0152,CRS013,5,quiz,25,13.3,2024-11-24,2024-11-23
ASM002668,STU0152,CRS013,5,assignment,50,21.7,2024-11-24,2024-11-25
ASM002669,STU0152,CRS013,6,quiz,25,18.3,2024-12-22,2024-12-19
ASM002670,STU0152,CRS013,6,assignment,50,47.6,2024-12-10,2024-12-09
ASM002671,STU0152,CRS013,6,project,100,80.6,2025-01-09,2025-01-09
ASM002672,STU0152,CRS013,7,quiz,25,15.7,2025-01-02,2025-01-01
ASM002673,STU0152,CRS013,7,assignment,50,29.2,2025-01-11,2025-01-09
ASM002674,STU0152,CRS013,7,exam,100,92.6,2025-01-05,2025-01-05
ASM002675,STU0153,CRS009,1,quiz,25,10.6,2023-02-05,2023-02-05
ASM002676,STU0153,CRS009,1,assignment,50,34.3,2023-02-05,2023-02-05
ASM002677,STU0153,CRS009,2,quiz,25,21.4,2023-02-24,2023-02-26
ASM002678,STU0153,CRS009,2,assignment,50,46.9,2023-02-28,2023-02-27
ASM002679,STU0153,CRS009,3,quiz,25,16.2,2023-03-06,2023-03-07
ASM002680,STU0153,CRS009,3,assignment,50,34.8,2023-03-03,2023-03-04
ASM002681,STU0153,CRS009,3,project,100,64.7,2023-03-15,2023-03-13
ASM002682,STU0153,CRS009,4,quiz,25,10.7,2023-03-30,2023-03-29
ASM002683,STU0153,CRS009,4,assignment,50,27.4,2023-04-03,2023-04-03
ASM002684,STU0153,CRS009,5,quiz,25,16.8,2023-04-07,2023-04-08
ASM002685,STU0153,CRS009,5,assignment,50,33.9,2023-04-27,2023-04-27
ASM002686,STU0153,CRS009,6,quiz,25,8.8,2023-05-05,2023-05-05
ASM002687,STU0153,CRS009,6,assignment,50,24.6,2023-05-23,2023-05-30
ASM002688,STU0153,CRS009,6,project,100,80.8,2023-05-17,2023-05-18
ASM002689,STU0153,CRS009,7,quiz,25,19.0,2023-05-02,2023-04-30
ASM002690,STU0153,CRS009,7,assignment,50,49.0,2023-05-23,2023-05-22
ASM002691,STU0153,CRS009,8,quiz,25,24.5,2023-05-25,2023-05-27
ASM002692,STU0153,CRS009,8,assignment,50,30.1,2023-06-26,2023-06-26
ASM002693,STU0153,CRS009,9,quiz,25,13.0,2023-06-19,2023-06-19
ASM002694,STU0153,CRS009,9,assignment,50,27.9,2023-07-07,2023-07-08
ASM002695,STU0153,CRS009,9,project,100,52.4,2023-07-07,2023-07-07
ASM002696,STU0153,CRS009,10,quiz,25,15.6,2023-08-05,2023-08-05
ASM002697,STU0153,CRS009,10,assignment,50,37.2,2023-08-15,2023-08-14
ASM002698,STU0153,CRS009,11,quiz,25,15.0,2023-07-12,2023-07-12
ASM002699,STU0153,CRS009,11,assignment,50,27.4,2023-06-20,2023-06-20
ASM002700,STU0153,CRS009,12,quiz,25,20.6,2023-07-28,2023-07-29
ASM002701,STU0153,CRS009,12,assignment,50,18.6,2023-07-16,2023-07-16
ASM002702,STU0153,CRS009,12,project,100,25.1,2023-09-14,2023-09-13
ASM002703,STU0153,CRS009,12,exam,100,81.1,2023-07-04,2023-07-05
ASM002704,STU0154,CRS010,1,quiz,25,21.0,2023-08-21,2023-08-21
ASM002705,STU0154,CRS010,1,assignment,50,29.4,2023-08-26,2023-08-31
ASM002706,STU0154,CRS010,2,quiz,25,19.3,2023-09-17,2023-09-18
ASM002707,STU0154,CRS010,2,assignment,50,19.7,2023-09-13,2023-09-10
ASM002708,STU0154,CRS010,3,quiz,25,11.5,2023-10-05,2023-10-05
ASM002709,STU0154,CRS010,3,assignment,50,37.1,2023-09-26,2023-09-29
ASM002710,STU0154,CRS010,3,project,100,79.7,2023-09-26,2023-09-25
ASM002711,STU0154,CRS010,4,quiz,25,13.7,2023-10-13,2023-10-13
ASM002712,STU0154,CRS010,4,assignment,50,49.0,2023-10-13,2023-10-13
ASM002713,STU0154,CRS010,5,quiz,25,5.4,2023-11-19,2023-11-18
ASM002714,STU0154,CRS010,5,assignment,50,16.0,2023-10-25,2023-11-01
ASM002715,STU0154,CRS010,6,quiz,25,21.0,2023-11-04,2023-11-06
ASM002716,STU0154,CRS010,6,assignment,50,17.0,2023-11-10,2023-11-09
ASM002717,STU0154,CRS010,6,project,100,91.5,2023-11-04,2023-11-01
ASM002718,STU0154,CRS010,7,quiz,25,17.6,2023-12-31,2024-01-03
ASM002719,STU0154,CRS010,7,assignment,50,49.0,2023-11-19,2023-11-21
ASM002720,STU0154,CRS010,8,quiz,25,13.8,2023-12-04,2023-12-05
ASM002721,STU0154,CRS010,8,assignment,50,34.0,2023-11-26,2023-11-26
ASM002722,STU0154,CRS010,9,quiz,25,14.9,2024-02-02,2024-02-04
ASM002723,STU0154,CRS010,9,assignment,50,30.3,2023-12-10,2023-12-10
ASM002724,STU0154,CRS010,9,project,100,43.9,2024-02-11,2024-02-11
ASM002725,STU0154,CRS010,10,quiz,25,20.6,2024-01-03,2024-01-01
ASM002726,STU0154,CRS010,10,assignment,50,20.1,2024-01-03,2024-01-04
ASM002727,STU0154,CRS010,10,exam,100,43.7,2024-02-12,2024-02-12
ASM002728,STU0155,CRS011,1,quiz,25,24.5,2024-02-22,2024-02-21
ASM002729,STU0155,CRS011,1,assignment,50,29.0,2024-02-16,2024-02-16
ASM002730,STU0155,CRS011,2,quiz,25,11.6,2024-03-14,2024-03-16
ASM002731,STU0155,CRS011,2,assignment,50,29.5,2024-03-08,2024-03-08
ASM002732,STU0155,CRS011,3,quiz,25,12.5,2024-04-04,2024-04-05
ASM002733,STU0155,CRS011,3,assignment,50,32.9,2024-03-26,2024-03-26
ASM002734,STU0155,CRS011,3,project,100,54.8,2024-03-26,2024-03-23
ASM002735,STU0155,CRS011,4,quiz,25,15.4,2024-04-17,2024-04-17
ASM002736,STU0155,CRS011,4,assignment,50,25.0,2024-04-05,2024-04-05
ASM002737,STU0155,CRS011,5,quiz,25,12.8,2024-05-01,2024-05-01
ASM002738,STU0155,CRS011,5,assignment,50,35.3,2024-04-21,2024-04-19
ASM002739,STU0155,CRS011,6,quiz,25,16.1,2024-05-19,2024-05-22
ASM002740,STU0155,CRS011,6,assignment,50,39.0,2024-05-13,2024-05-13
ASM002741,STU0155,CRS011,6,project,100,63.3,2024-05-07,2024-05-07
ASM002742,STU0155,CRS011,7,quiz,25,23.4,2024-06-20,2024-06-20
ASM002743,STU0155,CRS011,7,assignment,50,25.1,2024-05-23,2024-05-30
ASM002744,STU0155,CRS011,8,quiz,25,11.5,2024-07-02,2024-07-02
ASM002745,STU0155,CRS011,8,assignment,50,27.0,2024-07-10,2024-07-13
ASM002746,STU0155,CRS011,9,quiz,25,16.5,2024-08-08,2024-08-07
ASM002747,STU0155,CRS011,9,assignment,50,40.3,2024-07-30,2024-07-27
ASM002748,STU0155,CRS011,9,project,100,59.6,2024-07-12,2024-07-11
ASM002749,STU0155,CRS011,10,quiz,25,17.6,2024-07-10,2024-07-09
ASM002750,STU0155,CRS011,10,assignment,50,16.9,2024-07-20,2024-07-20
ASM002751,STU0155,CRS011,10,exam,100,63.2,2024-08-29,2024-08-29
ASM002752,STU0156,CRS012,1,quiz,25,15.7,2024-08-28,2024-08-29
ASM002753,STU0156,CRS012,1,assignment,50,29.2,2024-08-30,2024-08-31
ASM002754,STU0156,CRS012,2,quiz,25,17.5,2024-09-18,2024-09-18
ASM002755,STU0156,CRS012,2,assignment,50,18.1,2024-09-16,2024-09-16
ASM002756,STU0156,CRS012,3,quiz,25,14.6,2024-09-25,2024-10-02
ASM002757,STU0156,CRS012,3,assignment,50,25.8,2024-09-22,2024-09-22
ASM002758,STU0156,CRS012,3,project,100,63.1,2024-09-28,2024-09-29
ASM002759,STU0156,CRS012,4,quiz,25,15.7,2024-10-18,2024-10-17
ASM002760,STU0156,CRS012,4,assignment,50,27.0,2024-10-22,2024-10-22
ASM002761,STU0156,CRS012,5,quiz,25,15.2,2024-10-25,2024-10-26
ASM002762,STU0156,CRS012,5,assignment,50,12.5,2024-10-30,2024-10-30
ASM002763,STU0156,CRS012,6,quiz,25,16.5,2024-11-03,2024-11-02
ASM002764,STU0156,CRS012,6,assignment,50,47.7,2024-12-15,2024-12-15
ASM002765,STU0156,CRS012,6,project,100,57.1,2024-11-03,2024-11-03
ASM002766,STU0156,CRS012,7,quiz,25,14.0,2024-11-24,2024-11-24
ASM002767,STU0156,CRS012,7,assignment,50,26.5,2025-01-05,2025-01-04
ASM002768,STU0156,CRS012,7,exam,100,61.7,2025-01-05,2025-01-04
ASM002769,STU0157,CRS015,1,quiz,25,17.7,2023-03-27,2023-03-27
ASM002770,STU0157,CRS015,1,assignment,50,29.1,2023-04-03,2023-04-05
ASM002771,STU0157,CRS015,2,quiz,25,11.3,2023-04-16,2023-04-16
ASM002772,STU0157,CRS015,2,assignment,50,21.2,2023-04-10,2023-04-09
ASM002773,STU0157,CRS015,3,quiz,25,13.4,2023-05-12,2023-05-13
ASM002774,STU0157,CRS015,3,assignment,50,32.8,2023-05-15,2023-05-15
ASM002775,STU0157,CRS015,3,project,100,48.9,2023-05-06,2023-05-05
ASM002776,STU0157,CRS015,4,quiz,25,15.4,2023-05-24,2023-05-25
ASM002777,STU0157,CRS015,4,assignment,50,42.3,2023-05-12,2023-05-19
ASM002778,STU0157,CRS015,5,quiz,25,14.5,2023-06-16,2023-06-19
ASM002779,STU0157,CRS015,5,assignment,50,39.1,2023-06-26,2023-06-26
ASM002780,STU0157,CRS015,6,quiz,25,23.1,2023-06-29,2023-06-27
ASM002781,STU0157,CRS015,6,assignment,50,26.0,2023-07-17,2023-07-17
ASM002782,STU0157,CRS015,6,project,100,34.1,2023-06-23,2023-06-25
ASM002783,STU0157,CRS015,7,quiz,25,12.3,2023-07-10,2023-07-09
ASM002784,STU0157,CRS015,7,assignment,50,32.4,2023-08-07,2023-08-05
ASM002785,STU0157,CRS015,8,quiz,25,17.9,2023-08-04,2023-08-09
ASM002786,STU0157,CRS015,8,assignment,50,45.5,2023-08-12,2023-08-11
ASM002787,STU0157,CRS015,9,quiz,25,20.0,2023-09-09,2023-09-11
ASM002788,STU0157,CRS015,9,assignment,50,22.6,2023-08-04,2023-08-04
ASM002789,STU0157,CRS015,9,project,100,72.5,2023-09-18,2023-09-19
ASM002790,STU0157,CRS015,10,quiz,25,8.7,2023-09-09,2023-09-08
ASM002791,STU0157,CRS015,10,assignment,50,37.2,2023-09-09,2023-09-09
ASM002792,STU0157,CRS015,10,exam,100,53.0,2023-08-20,2023-08-20
ASM002793,STU0158,CRS006,1,quiz,25,14.7,2023-09-03,2023-09-05
ASM002794,STU0158,CRS006,1,assignment,50,39.6,2023-09-04,2023-09-06
ASM002795,STU0158,CRS006,2,quiz,25,6.5,2023-09-12,2023-09-14
ASM002796,STU0158,CRS006,2,assignment,50,45.9,2023-09-22,2023-09-23
ASM002797,STU0158,CRS006,3,quiz,25,16.3,2023-10-02,2023-10-09
ASM002798,STU0158,CRS006,3,assignment,50,30.7,2023-10-05,2023-10-04
ASM002799,STU0158,CRS006,3,project,100,53.9,2023-10-08,2023-10-07
ASM002800,STU0158,CRS006,4,quiz,25,19.1,2023-11-03,2023-11-03
ASM002801,STU0158,CRS006,4,assignment,50,25.3,2023-10-22,2023-10-24
ASM002802,STU0158,CRS006,5,quiz,25,13.0,2023-11-13,2023-11-11
ASM002803,STU0158,CRS006,5,assignment,50,28.9,2023-11-08,2023-11-07
ASM002804,STU0158,CRS006,6,quiz,25,5.7,2023-12-19,2023-12-26
ASM002805,STU0158,CRS006,6,assignment,50,14.9,2023-11-07,2023-11-09
ASM002806,STU0158,CRS006,6,project,100,94.1,2023-12-19,2023-12-18
ASM002807,STU0158,CRS006,7,quiz,25,20.1,2024-01-02,2023-12-31
ASM002808,STU0158,CRS006,7,assignment,50,35.3,2023-12-26,2023-12-26
ASM002809,STU0158,CRS006,8,quiz,25,21.2,2024-01-06,2024-01-04
ASM002810,STU0158,CRS006,8,assignment,50,43.7,2024-01-14,2024-01-21
ASM002811,STU0158,CRS006,9,quiz,25,20.5,2024-02-11,2024-02-13
ASM002812,STU0158,CRS006,9,assignment,50,23.9,2024-01-15,2024-01-15
ASM002813,STU0158,CRS006,9,project,100,37.6,2024-02-20,2024-02-19
ASM002814,STU0158,CRS006,10,quiz,25,12.9,2024-02-11,2024-02-11
ASM002815,STU0158,CRS006,10,assignment,50,42.3,2024-02-11,2024-02-12
ASM002816,STU0158,CRS006,10,exam,100,88.8,2024-02-21,2024-02-28
ASM002817,STU0159,CRS012,1,quiz,25,7.4,2024-04-02,2024-04-07
ASM002818,STU0159,CRS012,1,assignment,50,38.7,2024-03-30,2024-03-30
ASM002819,STU0159,CRS012,2,quiz,25,12.9,2024-04-17,2024-04-17
ASM002820,STU0159,CRS012,2,assignment,50,44.2,2024-04-19,2024-04-18
ASM002821,STU0159,CRS012,3,quiz,25,13.3,2024-04-25,2024-04-23
ASM002822,STU0159,CRS012,3,assignment,50,25.1,2024-05-16,2024-05-18
ASM002823,STU0159,CRS012,3,project,100,61.8,2024-04-25,2024-04-30
ASM002824,STU0159,CRS012,4,quiz,25,16.2,2024-06-02,2024-06-09
ASM002825,STU0159,CRS012,4,assignment,50,20.7,2024-05-29,2024-05-31
ASM002826,STU0159,CRS012,5,quiz,25,16.5,2024-05-28,2024-05-29
ASM002827,STU0159,CRS012,5,assignment,50,34.6,2024-05-28,2024-06-04
ASM002828,STU0159,CRS012,6,quiz,25,10.8,2024-06-12,2024-06-12
ASM002829,STU0159,CRS012,6,assignment,50,47.5,2024-07-18,2024-07-19
ASM002830,STU0159,CRS012,6,project,100,63.7,2024-07-12,2024-07-14
ASM002831,STU0159,CRS012,7,quiz,25,21.6,2024-08-08,2024-08-08
ASM002832,STU0159,CRS012,7,assignment,50,22.4,2024-07-25,2024-07-23
ASM002833,STU0159,CRS012,8,quiz,25,17.7,2024-08-13,2024-08-13
ASM002834,STU0159,CRS012,8,assignment,50,18.0,2024-08-21,2024-08-24
ASM002835,STU0159,CRS012,8,exam,100,98.0,2024-08-21,2024-08-21
ASM002836,STU0160,CRS003,1,quiz,25,16.6,2024-09-13,2024-09-10
ASM002837,STU0160,CRS003,1,assignment,50,32.1,2024-09-18,2024-09-18
ASM002838,STU0160,CRS003,2,quiz,25,19.4,2024-10-07,2024-10-07
ASM002839,STU0160,CRS003,2,assignment,50,25.0,2024-10-03,2024-10-05
ASM002840,STU0160,CRS003,3,quiz,25,14.4,2024-10-17,2024-10-16
ASM002841,STU0160,CRS003,3,assignment,50,33.4,2024-10-17,2024-10-16
ASM002842,STU0160,CRS003,3,project,100,68.8,2024-10-11,2024-10-13
ASM002843,STU0160,CRS003,4,quiz,25,14.4,2024-11-14,2024-11-21
ASM002844,STU0160,CRS003,4,assignment,50,39.4,2024-11-06,2024-11-07
ASM002845,STU0160,CRS003,5,quiz,25,13.1,2024-11-23,2024-11-23
ASM002846,STU0160,CRS003,5,assignment,50,35.8,2024-11-23,2024-11-25
ASM002847,STU0160,CRS003,5,exam,100,80.6,2024-11-08,2024-11-06
ASM002848,STU0161,CRS014,1,quiz,25,13.4,2023-03-14,2023-03-11
ASM002849,STU0161,CRS014,1,assignment,50,23.9,2023-03-11,2023-03-11
ASM002850,STU0161,CRS014,2,quiz,25,17.7,2023-03-28,2023-03-30
ASM002851,STU0161,CRS014,2,assignment,50,41.5,2023-03-24,2023-03-22
ASM002852,STU0161,CRS014,3,quiz,25,24.5,2023-04-08,2023-04-07
ASM002853,STU0161,CRS014,3,assignment,50,20.3,2023-04-14,2023-04-12
ASM002854,STU0161,CRS014,3,project,100,66.7,2023-04-20,2023-04-20
ASM002855,STU0161,CRS014,4,quiz,25,17.6,2023-05-01,2023-05-08
ASM002856,STU0161,CRS014,4,assignment,50,24.4,2023-05-05,2023-05-05
ASM002857,STU0161,CRS014,5,quiz,25,12.8,2023-06-07,2023-06-04
ASM002858,STU0161,CRS014,5,assignment,50,38.9,2023-05-08,2023-05-08
ASM002859,STU0161,CRS014,6,quiz,25,8.3,2023-06-10,2023-06-12
ASM002860,STU0161,CRS014,6,assignment,50,39.5,2023-06-10,2023-06-09
ASM002861,STU0161,CRS014,6,project,100,78.6,2023-05-23,2023-05-24
ASM002862,STU0161,CRS014,6,exam,100,30.8,2023-05-17,2023-05-24
ASM002863,STU0162,CRS010,1,quiz,25,17.3,2023-08-22,2023-08-23
ASM002864,STU0162,CRS010,1,assignment,50,30.9,2023-08-21,2023-08-20
ASM002865,STU0162,CRS010,2,quiz,25,20.1,2023-09-01,2023-08-30
ASM002866,STU0162,CRS010,2,assignment,50,44.0,2023-09-01,2023-08-30
ASM002867,STU0162,CRS010,3,quiz,25,13.9,2023-09-24,2023-09-27
ASM002868,STU0162,CRS010,3,assignment,50,25.1,2023-10-03,2023-10-05
ASM002869,STU0162,CRS010,3,project,100,98.0,2023-10-03,2023-10-02
ASM002870,STU0162,CRS010,4,quiz,25,11.7,2023-10-07,2023-10-07
ASM002871,STU0162,CRS010,4,assignment,50,38.5,2023-10-03,2023-10-05
ASM002872,STU0162,CRS010,5,quiz,25,16.8,2023-11-12,2023-11-13
ASM002873,STU0162,CRS010,5,assignment,50,34.5,2023-11-02,2023-11-03
ASM002874,STU0162,CRS010,6,quiz,25,16.4,2023-10-27,2023-10-30
ASM002875,STU0162,CRS010,6,assignment,50,38.2,2023-10-27,2023-10-28
ASM002876,STU0162,CRS010,6,project,100,79.5,2023-12-02,2023-12-04
ASM002877,STU0162,CRS010,7,quiz,25,24.5,2023-11-24,2023-11-23
ASM002878,STU0162,CRS010,7,assignment,50,34.3,2023-11-17,2023-11-17
ASM002879,STU0162,CRS010,8,quiz,25,3.5,2023-12-02,2023-11-30
ASM002880,STU0162,CRS010,8,assignment,50,36.4,2024-01-19,2024-01-17
ASM002881,STU0162,CRS010,9,quiz,25,6.7,2023-12-08,2023-12-08
ASM002882,STU0162,CRS010,9,assignment,50,36.2,2023-12-26,2023-12-26
ASM002883,STU0162,CRS010,9,project,100,61.0,2024-01-22,2024-01-29
ASM002884,STU0162,CRS010,10,quiz,25,14.5,2024-03-01,2024-03-02
ASM002885,STU0162,CRS010,10,assignment,50,16.3,2024-01-21,2024-01-19
ASM002886,STU0162,CRS010,10,exam,100,62.0,2024-01-11,2024-01-10
ASM002887,STU0163,CRS011,1,quiz,25,15.5,2024-03-12,2024-03-13
ASM002888,STU0163,CRS011,1,assignment,50,25.3,2024-03-12,2024-03-11
ASM002889,STU0163,CRS011,2,quiz,25,14.1,2024-04-02,2024-04-01
ASM002890,STU0163,CRS011,2,assignment,50,25.7,2024-04-08,2024-04-09
ASM002891,STU0163,CRS011,3,quiz,25,19.4,2024-04-20,2024-04-22
ASM002892,STU0163,CRS011,3,assignment,50,39.4,2024-04-14,2024-04-14
ASM002893,STU0163,CRS011,3,project,100,72.8,2024-04-08,2024-04-09
ASM002894,STU0163,CRS011,4,quiz,25,10.2,2024-05-04,2024-05-11
ASM002895,STU0163,CRS011,4,assignment,50,48.2,2024-04-22,2024-04-20
ASM002896,STU0163,CRS011,5,quiz,25,18.0,2024-05-16,2024-05-16
ASM002897,STU0163,CRS011,5,assignment,50,24.3,2024-05-06,2024-05-06
ASM002898,STU0163,CRS011,6,quiz,25,16.7,2024-06-25,2024-06-25
ASM002899,STU0163,CRS011,6,assignment,50,31.7,2024-06-07,2024-06-07
ASM002900,STU0163,CRS011,6,project,100,84.3,2024-06-13,2024-06-14
ASM002901,STU0163,CRS011,7,quiz,25,18.9,2024-07-08,2024-07-08
ASM002902,STU0163,CRS011,7,assignment,50,28.2,2024-07-22,2024-07-24
ASM002903,STU0163,CRS011,8,quiz,25,14.2,2024-08-12,2024-08-13
ASM002904,STU0163,CRS011,8,assignment,50,25.3,2024-07-19,2024-07-17
ASM002905,STU0163,CRS011,9,quiz,25,21.8,2024-08-15,2024-08-15
ASM002906,STU0163,CRS011,9,assignment,50,34.3,2024-07-10,2024-07-09
ASM002907,STU0163,CRS011,9,project,100,85.7,2024-09-02,2024-09-04
ASM002908,STU0163,CRS011,10,quiz,25,21.1,2024-08-04,2024-08-07
ASM002909,STU0163,CRS011,10,assignment,50,12.4,2024-08-24,2024-08-24
ASM002910,STU0163,CRS011,10,exam,100,51.0,2024-08-04,2024-08-04
ASM002911,STU0164,CRS015,1,quiz,25,13.0,2024-09-08,2024-09-06
ASM002912,STU0164,CRS015,1,assignment,50,18.4,2024-09-08,2024-09-09
ASM002913,STU0164,CRS015,2,quiz,25,17.3,2024-09-29,2024-09-29
ASM002914,STU0164,CRS015,2,assignment,50,21.1,2024-09-19,2024-09-21
ASM002915,STU0164,CRS015,3,quiz,25,10.9,2024-10-18,2024-10-18
ASM002916,STU0164,CRS015,3,assignment,50,5.0,2024-10-09,2024-10-09
ASM002917,STU0164,CRS015,3,project,100,41.4,2024-10-06,2024-10-07
ASM002918,STU0164,CRS015,4,quiz,25,9.6,2024-10-29,2024-10-31
ASM002919,STU0164,CRS015,4,assignment,50,41.6,2024-10-25,2024-10-25
ASM002920,STU0164,CRS015,5,quiz,25,14.9,2024-11-15,2024-11-14
ASM002921,STU0164,CRS015,5,assignment,50,49.0,2024-11-30,2024-11-29
ASM002922,STU0164,CRS015,6,quiz,25,9.2,2024-12-26,2024-12-26
ASM002923,STU0164,CRS015,6,assignment,50,31.4,2024-11-26,2024-11-27
ASM002924,STU0164,CRS015,6,project,100,71.8,2024-12-08,2024-12-07
ASM002925,STU0164,CRS015,7,quiz,25,14.1,2024-12-05,2024-12-03
ASM002926,STU0164,CRS015,7,assignment,50,35.2,2024-12-12,2024-12-14
ASM002927,STU0164,CRS015,7,exam,100,75.1,2024-12-19,2024-12-19
ASM002928,STU0165,CRS006,1,quiz,25,20.2,2023-03-17,2023-03-16
ASM002929,STU0165,CRS006,1,assignment,50,39.5,2023-03-19,2023-03-17
ASM002930,STU0165,CRS006,2,quiz,25,15.4,2023-04-09,2023-04-07
ASM002931,STU0165,CRS006,2,assignment,50,37.0,2023-04-01,2023-03-31
ASM002932,STU0165,CRS006,3,quiz,25,19.1,2023-04-26,2023-04-23
ASM002933,STU0165,CRS006,3,assignment,50,17.2,2023-04-14,2023-04-14
ASM002934,STU0165,CRS006,3,project,100,60.3,2023-05-02,2023-05-01
ASM002935,STU0165,CRS006,4,quiz,25,21.5,2023-05-23,2023-05-22
ASM002936,STU0165,CRS006,4,assignment,50,43.0,2023-05-23,2023-05-22
ASM002937,STU0165,CRS006,5,quiz,25,17.5,2023-06-03,2023-06-06
ASM002938,STU0165,CRS006,5,assignment,50,31.7,2023-05-29,2023-05-27
ASM002939,STU0165,CRS006,6,quiz,25,19.7,2023-07-04,2023-07-04
ASM002940,STU0165,CRS006,6,assignment,50,44.8,2023-07-04,2023-07-06
ASM002941,STU0165,CRS006,6,project,100,89.8,2023-06-10,2023-06-10
ASM002942,STU0165,CRS006,7,quiz,25,20.1,2023-07-11,2023-07-10
ASM002943,STU0165,CRS006,7,assignment,50,41.7,2023-07-25,2023-07-27
ASM002944,STU0165,CRS006,8,quiz,25,15.2,2023-06-28,2023-07-01
ASM002945,STU0165,CRS006,8,assignment,50,30.4,2023-07-22,2023-07-24
ASM002946,STU0165,CRS006,9,quiz,25,6.6,2023-08-18,2023-08-18
ASM002947,STU0165,CRS006,9,assignment,50,36.1,2023-08-09,2023-08-16
ASM002948,STU0165,CRS006,9,project,100,69.1,2023-09-05,2023-09-04
ASM002949,STU0165,CRS006,10,quiz,25,13.0,2023-09-26,2023-09-25
ASM002950,STU0165,CRS006,10,assignment,50,35.4,2023-09-26,2023-09-26
ASM002951,STU0165,CRS006,10,exam,100,83.3,2023-09-16,2023-09-17
ASM002952,STU0166,CRS015,1,quiz,25,11.4,2023-07-31,2023-08-01
ASM002953,STU0166,CRS015,1,assignment,50,43.8,2023-08-01,2023-08-01
ASM002954,STU0166,CRS015,2,quiz,25,21.4,2023-08-24,2023-08-24
ASM002955,STU0166,CRS015,2,assignment,50,32.0,2023-08-26,2023-08-28
ASM002956,STU0166,CRS015,3,quiz,25,15.0,2023-09-18,2023-09-21
ASM002957,STU0166,CRS015,3,assignment,50,37.4,2023-08-28,2023-09-02
ASM002958,STU0166,CRS015,3,project,100,41.6,2023-09-15,2023-09-16
ASM002959,STU0166,CRS015,4,quiz,25,18.9,2023-09-11,2023-09-10
ASM002960,STU0166,CRS015,4,assignment,50,44.0,2023-10-01,2023-09-29
ASM002961,STU0166,CRS015,5,quiz,25,15.1,2023-10-25,2023-10-27
ASM002962,STU0166,CRS015,5,assignment,50,15.1,2023-10-15,2023-10-15
ASM002963,STU0166,CRS015,6,quiz,25,19.8,2023-11-08,2023-11-08
ASM002964,STU0166,CRS015,6,assignment,50,30.9,2023-10-09,2023-10-09
ASM002965,STU0166,CRS015,6,project,100,77.3,2023-11-02,2023-11-04
ASM002966,STU0166,CRS015,7,quiz,25,21.1,2023-11-27,2023-11-28
ASM002967,STU0166,CRS015,7,assignment,50,37.5,2023-11-27,2023-11-29
ASM002968,STU0166,CRS015,8,quiz,25,20.9,2023-11-14,2023-11-14
ASM002969,STU0166,CRS015,8,assignment,50,25.6,2023-11-30,2023-11-30
ASM002970,STU0166,CRS015,9,quiz,25,24.5,2023-11-29,2023-11-30
ASM002971,STU0166,CRS015,9,assignment,50,22.8,2024-01-04,2024-01-05
ASM002972,STU0166,CRS015,9,project,100,41.7,2023-12-17,2023-12-16
ASM002973,STU0166,CRS015,10,quiz,25,19.5,2024-02-12,2024-02-12
ASM002974,STU0166,CRS015,10,assignment,50,14.5,2023-12-24,2023-12-31
ASM002975,STU0166,CRS015,10,exam,100,70.7,2024-01-23,2024-01-20
ASM002976,STU0167,CRS012,1,quiz,25,19.9,2024-03-12,2024-03-14
ASM002977,STU0167,CRS012,1,assignment,50,30.5,2024-03-10,2024-03-10
ASM002978,STU0167,CRS012,2,quiz,25,13.4,2024-03-24,2024-03-25
ASM002979,STU0167,CRS012,2,assignment,50,37.5,2024-04-03,2024-04-06
ASM002980,STU0167,CRS012,3,quiz,25,19.5,2024-04-20,2024-04-20
ASM002981,STU0167,CRS012,3,assignment,50,48.4,2024-04-23,2024-04-21
ASM002982,STU0167,CRS012,3,project,100,56.0,2024-04-17,2024-04-18
ASM002983,STU0167,CRS012,4,quiz,25,17.6,2024-04-23,2024-04-23
ASM002984,STU0167,CRS012,4,assignment,50,49.0,2024-05-01,2024-05-01
ASM002985,STU0167,CRS012,5,quiz,25,17.4,2024-05-23,2024-05-20
ASM002986,STU0167,CRS012,5,assignment,50,46.2,2024-05-18,2024-05-17
ASM002987,STU0167,CRS012,6,quiz,25,17.2,2024-06-04,2024-06-04
ASM002988,STU0167,CRS012,6,assignment,50,27.8,2024-06-10,2024-06-09
ASM002989,STU0167,CRS012,6,project,100,45.8,2024-05-17,2024-05-20
ASM002990,STU0167,CRS012,7,quiz,25,16.8,2024-06-21,2024-06-21
ASM002991,STU0167,CRS012,7,assignment,50,49.0,2024-07-12,2024-07-13
ASM002992,STU0167,CRS012,8,quiz,25,8.2,2024-07-16,2024-07-17
ASM002993,STU0167,CRS012,8,assignment,50,31.8,2024-07-24,2024-07-26
ASM002994,STU0167,CRS012,8,exam,100,82.2,2024-07-08,2024-07-08
ASM002995,STU0168,CRS002,1,quiz,25,14.9,2024-08-07,2024-08-05
ASM002996,STU0168,CRS002,1,assignment,50,25.1,2024-08-05,2024-08-07
ASM002997,STU0168,CRS002,2,quiz,25,24.5,2024-08-20,2024-08-18
ASM002998,STU0168,CRS002,2,assignment,50,19.5,2024-08-30,2024-08-30
ASM002999,STU0168,CRS002,3,quiz,25,10.6,2024-09-02,2024-09-04
ASM003000,STU0168,CRS002,3,assignment,50,23.8,2024-09-08,2024-09-08
ASM003001,STU0168,CRS002,3,project,100,42.7,2024-08-30,2024-08-30
ASM003002,STU0168,CRS002,4,quiz,25,18.5,2024-09-17,2024-09-24
ASM003003,STU0168,CRS002,4,assignment,50,20.1,2024-09-21,2024-09-18
ASM003004,STU0168,CRS002,5,quiz,25,18.3,2024-10-22,2024-10-22
ASM003005,STU0168,CRS002,5,assignment,50,18.8,2024-10-07,2024-10-05
ASM003006,STU0168,CRS002,6,quiz,25,24.5,2024-11-04,2024-11-04
ASM003007,STU0168,CRS002,6,assignment,50,18.5,2024-10-11,2024-10-12
ASM003008,STU0168,CRS002,6,project,100,66.6,2024-10-23,2024-10-30
ASM003009,STU0168,CRS002,6,exam,100,54.8,2024-10-29,2024-10-30
ASM003010,STU0169,CRS013,1,quiz,25,22.7,2023-02-25,2023-02-25
ASM003011,STU0169,CRS013,1,assignment,50,19.3,2023-02-27,2023-02-25
ASM003012,STU0169,CRS013,2,quiz,25,14.6,2023-03-17,2023-03-20
ASM003013,STU0169,CRS013,2,assignment,50,29.6,2023-03-07,2023-03-08
ASM003014,STU0169,CRS013,3,quiz,25,18.0,2023-03-24,2023-03-25
ASM003015,STU0169,CRS013,3,assignment,50,31.8,2023-04-08,2023-04-09
ASM003016,STU0169,CRS013,3,project,100,51.5,2023-03-27,2023-03-29
ASM003017,STU0169,CRS013,4,quiz,25,14.0,2023-04-04,2023-04-05
ASM003018,STU0169,CRS013,4,assignment,50,32.6,2023-04-08,2023-04-06
ASM003019,STU0169,CRS013,5,quiz,25,20.5,2023-05-18,2023-05-18
ASM003020,STU0169,CRS013,5,assignment,50,29.7,2023-05-18,2023-05-18
ASM003021,STU0169,CRS013,6,quiz,25,15.1,2023-06-13,2023-06-11
ASM003022,STU0169,CRS013,6,assignment,50,35.9,2023-06-01,2023-05-31
ASM003023,STU0169,CRS013,6,project,100,53.5,2023-06-07,2023-06-10
ASM003024,STU0169,CRS013,7,quiz,25,16.3,2023-06-27,2023-06-26
ASM003025,STU0169,CRS013,7,assignment,50,27.0,2023-06-20,2023-06-27
ASM003026,STU0169,CRS013,8,quiz,25,13.2,2023-06-07,2023-06-07
ASM003027,STU0169,CRS013,8,assignment,50,43.2,2023-05-30,2023-06-02
ASM003028,STU0169,CRS013,8,exam,100,73.6,2023-07-09,2023-07-07
ASM003029,STU0170,CRS006,1,quiz,25,15.8,2023-09-27,2023-10-04
ASM003030,STU0170,CRS006,1,assignment,50,32.3,2023-10-03,2023-10-03
ASM003031,STU0170,CRS006,2,quiz,25,19.0,2023-10-21,2023-10-24
ASM003032,STU0170,CRS006,2,assignment,50,30.9,2023-10-25,2023-10-24
ASM003033,STU0170,CRS006,3,quiz,25,21.8,2023-11-03,2023-11-10
ASM003034,STU0170,CRS006,3,assignment,50,40.3,2023-10-31,2023-10-31
ASM003035,STU0170,CRS006,3,project,100,55.0,2023-10-31,2023-11-03
ASM003036,STU0170,CRS006,4,quiz,25,7.3,2023-11-16,2023-11-16
ASM003037,STU0170,CRS006,4,assignment,50,43.3,2023-12-06,2023-12-03
ASM003038,STU0170,CRS006,5,quiz,25,17.6,2023-11-27,2023-11-29
ASM003039,STU0170,CRS006,5,assignment,50,43.1,2023-12-12,2023-12-17
ASM003040,STU0170,CRS006,6,quiz,25,20.5,2023-12-18,2023-12-23
ASM003041,STU0170,CRS006,6,assignment,50,39.5,2024-01-17,2024-01-16
ASM003042,STU0170,CRS006,6,project,100,85.5,2024-01-05,2024-01-10
ASM003043,STU0170,CRS006,7,quiz,25,22.5,2024-01-31,2024-02-02
ASM003044,STU0170,CRS006,7,assignment,50,27.9,2023-12-27,2023-12-27
ASM003045,STU0170,CRS006,8,quiz,25,21.3,2024-02-12,2024-02-10
ASM003046,STU0170,CRS006,8,assignment,50,29.9,2024-02-20,2024-02-17
ASM003047,STU0170,CRS006,9,quiz,25,23.5,2024-01-17,2024-01-22
ASM003048,STU0170,CRS006,9,assignment,50,24.7,2024-01-26,2024-01-28
ASM003049,STU0170,CRS006,9,project,100,55.5,2024-01-26,2024-01-27
ASM003050,STU0170,CRS006,10,quiz,25,21.2,2024-03-31,2024-04-02
ASM003051,STU0170,CRS006,10,assignment,50,42.6,2024-03-01,2024-02-29
ASM003052,STU0170,CRS006,10,exam,100,88.0,2024-03-11,2024-03-16
ASM003053,STU0171,CRS020,1,quiz,25,12.5,2024-03-18,2024-03-18
ASM003054,STU0171,CRS020,1,assignment,50,39.8,2024-03-19,2024-03-17
ASM003055,STU0171,CRS020,2,quiz,25,11.4,2024-04-09,2024-04-10
ASM003056,STU0171,CRS020,2,assignment,50,49.0,2024-04-03,2024-04-05
ASM003057,STU0171,CRS020,3,quiz,25,24.5,2024-04-09,2024-04-09
ASM003058,STU0171,CRS020,3,assignment,50,38.1,2024-04-21,2024-04-24
ASM003059,STU0171,CRS020,3,project,100,63.5,2024-04-15,2024-04-16
ASM003060,STU0171,CRS020,4,quiz,25,10.7,2024-04-23,2024-04-30
ASM003061,STU0171,CRS020,4,assignment,50,35.4,2024-05-17,2024-05-16
ASM003062,STU0171,CRS020,4,exam,100,63.7,2024-05-17,2024-05-18
ASM003063,STU0172,CRS005,1,quiz,25,15.7,2024-08-04,2024-08-04
ASM003064,STU0172,CRS005,1,assignment,50,30.0,2024-08-05,2024-08-03
ASM003065,STU0172,CRS005,2,quiz,25,15.8,2024-08-20,2024-08-23
ASM003066,STU0172,CRS005,2,assignment,50,29.1,2024-08-22,2024-08-22
ASM003067,STU0172,CRS005,3,quiz,25,9.1,2024-08-30,2024-08-27
ASM003068,STU0172,CRS005,3,assignment,50,45.6,2024-09-02,2024-09-07
ASM003069,STU0172,CRS005,3,project,100,43.5,2024-08-30,2024-09-04
ASM003070,STU0172,CRS005,4,quiz,25,7.8,2024-10-03,2024-10-10
ASM003071,STU0172,CRS005,4,assignment,50,20.6,2024-10-07,2024-10-09
ASM003072,STU0172,CRS005,5,quiz,25,22.4,2024-09-27,2024-09-26
ASM003073,STU0172,CRS005,5,assignment,50,31.5,2024-10-12,2024-10-13
ASM003074,STU0172,CRS005,6,quiz,25,24.5,2024-11-04,2024-11-03
ASM003075,STU0172,CRS005,6,assignment,50,49.0,2024-11-04,2024-11-04
ASM003076,STU0172,CRS005,6,project,100,67.2,2024-11-16,2024-11-15
ASM003077,STU0172,CRS005,7,quiz,25,10.2,2024-11-15,2024-11-17
ASM003078,STU0172,CRS005,7,assignment,50,33.4,2024-12-06,2024-12-03
ASM003079,STU0172,CRS005,7,exam,100,62.4,2024-12-13,2024-12-11
ASM003080,STU0173,CRS012,1,quiz,25,14.7,2023-02-22,2023-02-20
ASM003081,STU0173,CRS012,1,assignment,50,27.2,2023-02-28,2023-02-26
ASM003082,STU0173,CRS012,2,quiz,25,15.6,2023-03-15,2023-03-22
ASM003083,STU0173,CRS012,2,assignment,50,28.5,2023-03-19,2023-03-18
ASM003084,STU0173,CRS012,3,quiz,25,24.5,2023-04-02,2023-03-31
ASM003085,STU0173,CRS012,3,assignment,50,37.1,2023-03-24,2023-03-24
ASM003086,STU0173,CRS012,3,project,100,57.0,2023-03-24,2023-03-24
ASM003087,STU0173,CRS012,4,quiz,25,15.0,2023-05-02,2023-05-01
ASM003088,STU0173,CRS012,4,assignment,50,32.2,2023-05-02,2023-04-30
ASM003089,STU0173,CRS012,5,quiz,25,14.8,2023-05-03,2023-04-30
ASM003090,STU0173,CRS012,5,assignment,50,34.9,2023-04-23,2023-04-22
ASM003091,STU0173,CRS012,6,quiz,25,20.0,2023-06-01,2023-06-01
ASM003092,STU0173,CRS012,6,assignment,50,42.0,2023-05-02,2023-05-03
ASM003093,STU0173,CRS012,6,project,100,64.2,2023-05-20,2023-05-22
ASM003094,STU0173,CRS012,7,quiz,25,14.9,2023-05-16,2023-05-21
ASM003095,STU0173,CRS012,7,assignment,50,32.5,2023-06-20,2023-06-23
ASM003096,STU0173,CRS012,8,quiz,25,19.0,2023-07-25,2023-07-24
ASM003097,STU0173,CRS012,8,assignment,50,36.8,2023-05-30,2023-05-30
ASM003098,STU0173,CRS012,8,exam,100,77.3,2023-06-07,2023-06-06
ASM003099,STU0174,CRS002,1,quiz,25,16.1,2023-09-08,2023-09-08
ASM003100,STU0174,CRS002,1,assignment,50,30.5,2023-09-12,2023-09-10
ASM003101,STU0174,CRS002,2,quiz,25,15.6,2023-09-25,2023-09-26
ASM003102,STU0174,CRS002,2,assignment,50,37.7,2023-09-29,2023-09-27
ASM003103,STU0174,CRS002,3,quiz,25,10.1,2023-10-06,2023-10-06
ASM003104,STU0174,CRS002,3,assignment,50,29.8,2023-10-09,2023-10-10
ASM003105,STU0174,CRS002,3,project,100,70.2,2023-10-18,2023-10-18
ASM003106,STU0174,CRS002,4,quiz,25,17.9,2023-10-29,2023-10-26
ASM003107,STU0174,CRS002,4,assignment,50,38.5,2023-10-17,2023-10-17
ASM003108,STU0174,CRS002,5,quiz,25,9.2,2023-11-05,2023-11-08
ASM003109,STU0174,CRS002,5,assignment,50,44.1,2023-10-31,2023-10-31
ASM003110,STU0174,CRS002,6,quiz,25,19.2,2023-12-26,2023-12-31
ASM003111,STU0174,CRS002,6,assignment,50,25.2,2023-12-20,2023-12-19
ASM003112,STU0174,CRS002,6,project,100,51.9,2023-12-02,2023-12-03
ASM003113,STU0174,CRS002,6,exam,100,84.8,2023-12-08,2023-12-08
ASM003114,STU0175,CRS015,1,quiz,25,15.9,2024-03-31,2024-03-31
ASM003115,STU0175,CRS015,1,assignment,50,29.2,2024-04-03,2024-04-02
ASM003116,STU0175,CRS015,2,quiz,25,23.3,2024-04-24,2024-05-01
ASM003117,STU0175,CRS015,2,assignment,50,48.6,2024-04-16,2024-04-16
ASM003118,STU0175,CRS015,3,quiz,25,17.3,2024-05-02,2024-04-29
ASM003119,STU0175,CRS015,3,assignment,50,26.3,2024-05-14,2024-05-15
ASM003120,STU0175,CRS015,3,project,100,61.7,2024-05-14,2024-05-12
ASM003121,STU0175,CRS015,4,quiz,25,8.5,2024-05-30,2024-05-29
ASM003122,STU0175,CRS015,4,assignment,50,42.9,2024-06-07,2024-06-08
ASM003123,STU0175,CRS015,5,quiz,25,12.3,2024-06-28,2024-07-05
ASM003124,STU0175,CRS015,5,assignment,50,34.4,2024-06-23,2024-06-21
ASM003125,STU0175,CRS015,6,quiz,25,14.9,2024-06-25,2024-06-24
ASM003126,STU0175,CRS015,6,assignment,50,21.2,2024-07-07,2024-07-12
ASM003127,STU0175,CRS015,6,project,100,58.7,2024-07-13,2024-07-13
ASM003128,STU0175,CRS015,7,quiz,25,20.5,2024-08-09,2024-08-07
ASM003129,STU0175,CRS015,7,assignment,50,40.2,2024-08-09,2024-08-09
ASM003130,STU0175,CRS015,8,quiz,25,9.5,2024-08-22,2024-08-20
ASM003131,STU0175,CRS015,8,assignment,50,42.7,2024-07-29,2024-07-29
ASM003132,STU0175,CRS015,9,quiz,25,12.0,2024-09-11,2024-09-10
ASM003133,STU0175,CRS015,9,assignment,50,35.6,2024-09-20,2024-09-17
ASM003134,STU0175,CRS015,9,project,100,87.4,2024-08-06,2024-08-05
ASM003135,STU0175,CRS015,10,quiz,25,9.0,2024-08-22,2024-08-23
ASM003136,STU0175,CRS015,10,assignment,50,25.2,2024-08-22,2024-08-22
ASM003137,STU0175,CRS015,10,exam,100,62.8,2024-10-11,2024-10-10
ASM003138,STU0176,CRS015,1,quiz,25,8.6,2024-09-22,2024-09-22
ASM003139,STU0176,CRS015,1,assignment,50,33.4,2024-09-15,2024-09-16
ASM003140,STU0176,CRS015,2,quiz,25,14.4,2024-09-29,2024-10-04
ASM003141,STU0176,CRS015,2,assignment,50,49.0,2024-09-29,2024-09-29
ASM003142,STU0176,CRS015,3,quiz,25,21.8,2024-10-28,2024-10-27
ASM003143,STU0176,CRS015,3,assignment,50,31.3,2024-10-19,2024-10-26
ASM003144,STU0176,CRS015,3,project,100,71.2,2024-10-28,2024-10-28
ASM003145,STU0176,CRS015,4,quiz,25,15.2,2024-11-24,2024-11-24
ASM003146,STU0176,CRS015,4,assignment,50,25.4,2024-10-31,2024-11-02
ASM003147,STU0176,CRS015,5,quiz,25,18.9,2024-11-20,2024-11-25
ASM003148,STU0176,CRS015,5,assignment,50,40.1,2024-12-10,2024-12-09
ASM003149,STU0176,CRS015,5,exam,100,58.2,2024-12-15,2024-12-16
ASM003150,STU0177,CRS005,1,quiz,25,24.5,2023-03-06,2023-03-13
ASM003151,STU0177,CRS005,1,assignment,50,34.6,2023-03-05,2023-03-10
ASM003152,STU0177,CRS005,2,quiz,25,17.0,2023-03-29,2023-03-29
ASM003153,STU0177,CRS005,2,assignment,50,46.1,2023-03-31,2023-03-30
ASM003154,STU0177,CRS005,3,quiz,25,17.1,2023-04-15,2023-04-20
ASM003155,STU0177,CRS005,3,assignment,50,42.9,2023-04-06,2023-04-06
ASM003156,STU0177,CRS005,3,project,100,67.6,2023-04-15,2023-04-18
ASM003157,STU0177,CRS005,4,quiz,25,18.4,2023-04-18,2023-04-21
ASM003158,STU0177,CRS005,4,assignment,50,34.5,2023-04-30,2023-05-01
ASM003159,STU0177,CRS005,5,quiz,25,24.5,2023-05-08,2023-05-06
ASM003160,STU0177,CRS005,5,assignment,50,23.4,2023-05-13,2023-05-20
ASM003161,STU0177,CRS005,6,quiz,25,18.4,2023-06-11,2023-06-10
ASM003162,STU0177,CRS005,6,assignment,50,17.3,2023-06-11,2023-06-12
ASM003163,STU0177,CRS005,6,project,100,79.5,2023-06-23,2023-06-20
ASM003164,STU0177,CRS005,7,quiz,25,13.3,2023-06-09,2023-06-09
ASM003165,STU0177,CRS005,7,assignment,50,30.4,2023-06-23,2023-06-22
ASM003166,STU0177,CRS005,8,quiz,25,21.6,2023-06-09,2023-06-09
ASM003167,STU0177,CRS005,8,assignment,50,33.0,2023-06-25,2023-06-23
ASM003168,STU0177,CRS005,8,exam,100,80.4,2023-08-04,2023-08-11
ASM003169,STU0178,CRS011,1,quiz,25,16.2,2023-09-13,2023-09-10
ASM003170,STU0178,CRS011,1,assignment,50,17.3,2023-09-15,2023-09-16
ASM003171,STU0178,CRS011,2,quiz,25,24.5,2023-10-02,2023-10-02
ASM003172,STU0178,CRS011,2,assignment,50,49.0,2023-09-22,2023-09-23
ASM003173,STU0178,CRS011,3,quiz,25,17.8,2023-10-06,2023-10-06
ASM003174,STU0178,CRS011,3,assignment,50,42.1,2023-10-24,2023-10-21
ASM003175,STU0178,CRS011,3,project,100,48.4,2023-10-18,2023-10-19
ASM003176,STU0178,CRS011,4,quiz,25,23.2,2023-11-13,2023-11-13
ASM003177,STU0178,CRS011,4,assignment,50,28.5,2023-11-09,2023-11-07
ASM003178,STU0178,CRS011,5,quiz,25,19.1,2023-11-18,2023-11-18
ASM003179,STU0178,CRS011,5,assignment,50,19.7,2023-11-23,2023-11-21
ASM003180,STU0178,CRS011,6,quiz,25,18.3,2023-12-17,2023-12-20
ASM003181,STU0178,CRS011,6,assignment,50,43.0,2023-11-23,2023-11-20
ASM003182,STU0178,CRS011,6,project,100,87.0,2023-12-05,2023-12-03
ASM003183,STU0178,CRS011,7,quiz,25,13.3,2024-01-05,2024-01-03
ASM003184,STU0178,CRS011,7,assignment,50,29.6,2023-12-08,2023-12-11
ASM003185,STU0178,CRS011,8,quiz,25,15.9,2023-12-15,2023-12-16
ASM003186,STU0178,CRS011,8,assignment,50,24.3,2023-12-23,2023-12-22
ASM003187,STU0178,CRS011,9,quiz,25,13.0,2024-03-01,2024-03-02
ASM003188,STU0178,CRS011,9,assignment,50,44.1,2024-01-07,2024-01-05
ASM003189,STU0178,CRS011,9,project,100,64.8,2024-01-16,2024-01-15
ASM003190,STU0178,CRS011,10,quiz,25,14.4,2024-01-22,2024-01-23
ASM003191,STU0178,CRS011,10,assignment,50,34.2,2024-01-22,2024-01-19
ASM003192,STU0178,CRS011,10,exam,100,52.3,2024-01-12,2024-01-13
ASM003193,STU0179,CRS004,1,quiz,25,11.2,2024-02-05,2024-02-05
ASM003194,STU0179,CRS004,1,assignment,50,30.6,2024-02-02,2024-02-03
ASM003195,STU0179,CRS004,2,quiz,25,17.7,2024-02-27,2024-02-28
ASM003196,STU0179,CRS004,2,assignment,50,39.3,2024-02-13,2024-02-13
ASM003197,STU0179,CRS004,3,quiz,25,19.7,2024-02-27,2024-02-25
ASM003198,STU0179,CRS004,3,assignment,50,31.4,2024-03-07,2024-03-08
ASM003199,STU0179,CRS004,3,project,100,82.6,2024-03-01,2024-02-29
ASM003200,STU0179,CRS004,4,quiz,25,10.1,2024-03-24,2024-03-23
ASM003201,STU0179,CRS004,4,assignment,50,25.1,2024-03-28,2024-03-29
ASM003202,STU0179,CRS004,5,quiz,25,16.1,2024-04-25,2024-04-24
ASM003203,STU0179,CRS004,5,assignment,50,19.6,2024-04-20,2024-04-21
ASM003204,STU0179,CRS004,6,quiz,25,15.0,2024-05-03,2024-05-02
ASM003205,STU0179,CRS004,6,assignment,50,40.1,2024-04-21,2024-04-19
ASM003206,STU0179,CRS004,6,project,100,71.4,2024-04-09,2024-04-10
ASM003207,STU0179,CRS004,6,exam,100,67.6,2024-05-15,2024-05-13
ASM003208,STU0180,CRS016,1,quiz,25,9.1,2024-08-31,2024-09-07
ASM003209,STU0180,CRS016,1,assignment,50,35.2,2024-09-01,2024-09-01
ASM003210,STU0180,CRS016,2,quiz,25,6.4,2024-09-16,2024-09-16
ASM003211,STU0180,CRS016,2,assignment,50,32.0,2024-09-24,2024-09-24
ASM003212,STU0180,CRS016,3,quiz,25,11.1,2024-10-19,2024-10-19
ASM003213,STU0180,CRS016,3,assignment,50,38.3,2024-10-19,2024-10-19
ASM003214,STU0180,CRS016,3,project,100,64.9,2024-10-04,2024-10-01
ASM003215,STU0180,CRS016,4,quiz,25,19.2,2024-11-01,2024-11-01
ASM003216,STU0180,CRS016,4,assignment,50,27.0,2024-11-05,2024-11-05
ASM003217,STU0180,CRS016,5,quiz,25,21.0,2024-11-30,2024-11-30
ASM003218,STU0180,CRS016,5,assignment,50,44.2,2024-11-25,2024-11-30
ASM003219,STU0180,CRS016,6,quiz,25,9.6,2024-11-21,2024-11-23
ASM003220,STU0180,CRS016,6,assignment,50,44.8,2024-11-21,2024-11-21
ASM003221,STU0180,CRS016,6,project,100,81.1,2024-11-09,2024-11-09
ASM003222,STU0180,CRS016,6,exam,100,29.4,2024-11-21,2024-11-21
ASM003223,STU0181,CRS018,1,quiz,25,21.3,2023-02-07,2023-02-06
ASM003224,STU0181,CRS018,1,assignment,50,33.5,2023-02-09,2023-02-09
ASM003225,STU0181,CRS018,2,quiz,25,20.9,2023-02-19,2023-02-19
ASM003226,STU0181,CRS018,2,assignment,50,46.7,2023-02-27,2023-02-26
ASM003227,STU0181,CRS018,3,quiz,25,11.4,2023-03-26,2023-03-27
ASM003228,STU0181,CRS018,3,assignment,50,32.6,2023-03-11,2023-03-11
ASM003229,STU0181,CRS018,3,project,100,98.0,2023-03-05,2023-03-05
ASM003230,STU0181,CRS018,4,quiz,25,23.1,2023-04-16,2023-04-17
ASM003231,STU0181,CRS018,4,assignment,50,47.7,2023-03-27,2023-03-26
ASM003232,STU0181,CRS018,5,quiz,25,13.4,2023-05-02,2023-05-02
ASM003233,STU0181,CRS018,5,assignment,50,28.4,2023-04-22,2023-04-23
ASM003234,STU0181,CRS018,6,quiz,25,19.5,2023-05-22,2023-05-23
ASM003235,STU0181,CRS018,6,assignment,50,27.8,2023-04-28,2023-04-28
ASM003236,STU0181,CRS018,6,project,100,79.6,2023-04-28,2023-04-28
ASM003237,STU0181,CRS018,7,quiz,25,11.8,2023-06-18,2023-06-16
ASM003238,STU0181,CRS018,7,assignment,50,35.6,2023-05-21,2023-05-26
ASM003239,STU0181,CRS018,8,quiz,25,21.5,2023-06-07,2023-06-12
ASM003240,STU0181,CRS018,8,assignment,50,25.2,2023-07-09,2023-07-11
ASM003241,STU0181,CRS018,8,exam,100,59.2,2023-06-23,2023-06-23
ASM003242,STU0182,CRS009,1,quiz,25,18.8,2023-09-14,2023-09-21
ASM003243,STU0182,CRS009,1,assignment,50,19.8,2023-09-15,2023-09-16
ASM003244,STU0182,CRS009,2,quiz,25,11.0,2023-10-02,2023-10-02
ASM003245,STU0182,CRS009,2,assignment,50,25.3,2023-10-10,2023-10-13
ASM003246,STU0182,CRS009,3,quiz,25,24.5,2023-10-28,2023-10-30
ASM003247,STU0182,CRS009,3,assignment,50,20.3,2023-10-25,2023-10-23
ASM003248,STU0182,CRS009,3,project,100,66.4,2023-10-22,2023-10-20
ASM003249,STU0182,CRS009,4,quiz,25,17.2,2023-11-17,2023-11-19
ASM003250,STU0182,CRS009,4,assignment,50,25.5,2023-11-01,2023-11-01
ASM003251,STU0182,CRS009,5,quiz,25,16.3,2023-11-07,2023-11-07
ASM003252,STU0182,CRS009,5,assignment,50,33.2,2023-12-02,2023-12-04
ASM003253,STU0182,CRS009,6,quiz,25,18.6,2024-01-02,2024-01-02
ASM003254,STU0182,CRS009,6,assignment,50,10.5,2024-01-02,2024-01-09
ASM003255,STU0182,CRS009,6,project,100,37.4,2023-12-09,2023-12-11
ASM003256,STU0182,CRS009,7,quiz,25,7.3,2023-12-12,2023-12-11
ASM003257,STU0182,CRS009,7,assignment,50,38.0,2023-12-05,2023-12-06
ASM003258,STU0182,CRS009,8,quiz,25,23.8,2024-01-20,2024-01-19
ASM003259,STU0182,CRS009,8,assignment,50,33.1,2024-02-05,2024-02-05
ASM003260,STU0182,CRS009,9,quiz,25,15.6,2024-02-07,2024-02-06
ASM003261,STU0182,CRS009,9,assignment,50,23.7,2024-02-07,2024-02-04
ASM003262,STU0182,CRS009,9,project,100,40.1,2024-01-11,2024-01-11
ASM003263,STU0182,CRS009,10,quiz,25,14.3,2024-02-05,2024-02-05
ASM003264,STU0182,CRS009,10,assignment,50,36.1,2024-03-26,2024-03-28
ASM003265,STU0182,CRS009,11,quiz,25,13.4,2024-02-10,2024-02-15
ASM003266,STU0182,CRS009,11,assignment,50,34.1,2024-04-16,2024-04-15
ASM003267,STU0182,CRS009,12,quiz,25,17.7,2024-03-08,2024-03-08
ASM003268,STU0182,CRS009,12,assignment,50,32.8,2024-04-13,2024-04-13
ASM003269,STU0182,CRS009,12,project,100,73.6,2024-04-13,2024-04-11
ASM003270,STU0182,CRS009,12,exam,100,49.8,2024-02-13,2024-02-14
ASM003271,STU0183,CRS020,1,quiz,25,12.3,2024-02-21,2024-02-21
ASM003272,STU0183,CRS020,1,assignment,50,47.7,2024-02-16,2024-02-17
ASM003273,STU0183,CRS020,2,quiz,25,7.8,2024-03-11,2024-03-11
ASM003274,STU0183,CRS020,2,assignment,50,24.7,2024-03-01,2024-03-02
ASM003275,STU0183,CRS020,3,quiz,25,18.5,2024-03-21,2024-03-21
ASM003276,STU0183,CRS020,3,assignment,50,30.3,2024-03-18,2024-03-18
ASM003277,STU0183,CRS020,3,project,100,54.2,2024-03-24,2024-03-22
ASM003278,STU0183,CRS020,4,quiz,25,19.5,2024-04-02,2024-04-02
ASM003279,STU0183,CRS020,4,assignment,50,22.0,2024-04-02,2024-04-02
ASM003280,STU0183,CRS020,4,exam,100,58.9,2024-04-22,2024-04-23
ASM003281,STU0184,CRS016,1,quiz,25,14.1,2024-08-11,2024-08-13
ASM003282,STU0184,CRS016,1,assignment,50,33.9,2024-08-14,2024-08-13
ASM003283,STU0184,CRS016,2,quiz,25,14.9,2024-08-24,2024-08-25
ASM003284,STU0184,CRS016,2,assignment,50,31.5,2024-08-30,2024-08-30
ASM003285,STU0184,CRS016,3,quiz,25,16.5,2024-09-07,2024-09-06
ASM003286,STU0184,CRS016,3,assignment,50,37.6,2024-09-13,2024-09-13
ASM003287,STU0184,CRS016,3,project,100,53.0,2024-09-22,2024-09-22
ASM003288,STU0184,CRS016,4,quiz,25,12.9,2024-10-07,2024-10-07
ASM003289,STU0184,CRS016,4,assignment,50,44.1,2024-10-15,2024-10-15
ASM003290,STU0184,CRS016,5,quiz,25,17.7,2024-10-20,2024-10-19
ASM003291,STU0184,CRS016,5,assignment,50,29.0,2024-11-09,2024-11-06
ASM003292,STU0184,CRS016,6,quiz,25,10.6,2024-11-18,2024-11-18
ASM003293,STU0184,CRS016,6,assignment,50,33.1,2024-10-31,2024-10-31
ASM003294,STU0184,CRS016,6,project,100,66.8,2024-11-12,2024-11-11
ASM003295,STU0184,CRS016,6,exam,100,71.5,2024-11-18,2024-11-18
ASM003296,STU0185,CRS003,1,quiz,25,18.8,2023-03-02,2023-03-02
ASM003297,STU0185,CRS003,1,assignment,50,22.3,2023-03-03,2023-03-06
ASM003298,STU0185,CRS003,2,quiz,25,20.3,2023-03-26,2023-03-23
ASM003299,STU0185,CRS003,2,assignment,50,39.3,2023-03-24,2023-03-23
ASM003300,STU0185,CRS003,3,quiz,25,19.1,2023-03-29,2023-03-30
ASM003301,STU0185,CRS003,3,assignment,50,19.0,2023-04-04,2023-04-03
ASM003302,STU0185,CRS003,3,project,100,52.3,2023-04-04,2023-04-07
ASM003303,STU0185,CRS003,4,quiz,25,22.2,2023-04-25,2023-04-25
ASM003304,STU0185,CRS003,4,assignment,50,36.7,2023-04-25,2023-04-24
ASM003305,STU0185,CRS003,5,quiz,25,16.8,2023-04-23,2023-04-23
ASM003306,STU0185,CRS003,5,assignment,50,38.1,2023-05-18,2023-05-17
ASM003307,STU0185,CRS003,5,exam,100,47.7,2023-05-23,2023-05-24
ASM003308,STU0186,CRS015,1,quiz,25,17.4,2023-08-05,2023-08-10
ASM003309,STU0186,CRS015,1,assignment,50,26.7,2023-08-10,2023-08-10
ASM003310,STU0186,CRS015,2,quiz,25,24.5,2023-08-23,2023-08-21
ASM003311,STU0186,CRS015,2,assignment,50,40.0,2023-08-19,2023-08-22
ASM003312,STU0186,CRS015,3,quiz,25,11.3,2023-08-31,2023-09-05
ASM003313,STU0186,CRS015,3,assignment,50,23.9,2023-08-31,2023-08-31
ASM003314,STU0186,CRS015,3,project,100,80.8,2023-09-06,2023-09-04
ASM003315,STU0186,CRS015,4,quiz,25,18.0,2023-10-04,2023-10-03
ASM003316,STU0186,CRS015,4,assignment,50,41.3,2023-10-04,2023-10-02
ASM003317,STU0186,CRS015,5,quiz,25,15.9,2023-10-28,2023-10-29
ASM003318,STU0186,CRS015,5,assignment,50,34.8,2023-10-03,2023-10-03
ASM003319,STU0186,CRS015,6,quiz,25,24.5,2023-11-05,2023-11-05
ASM003320,STU0186,CRS015,6,assignment,50,21.9,2023-10-30,2023-10-28
ASM003321,STU0186,CRS015,6,project,100,75.1,2023-10-12,2023-10-15
ASM003322,STU0186,CRS015,7,quiz,25,15.1,2023-11-02,2023-10-31
ASM003323,STU0186,CRS015,7,assignment,50,43.0,2023-11-16,2023-11-16
ASM003324,STU0186,CRS015,8,quiz,25,11.7,2023-12-11,2023-12-10
ASM003325,STU0186,CRS015,8,assignment,50,30.3,2024-01-04,2024-01-02
ASM003326,STU0186,CRS015,9,quiz,25,13.3,2024-01-16,2024-01-17
ASM003327,STU0186,CRS015,9,assignment,50,23.3,2023-11-23,2023-11-20
ASM003328,STU0186,CRS015,9,project,100,73.3,2023-12-11,2023-12-18
ASM003329,STU0186,CRS015,10,quiz,25,24.5,2023-12-07,2023-12-08
ASM003330,STU0186,CRS015,10,assignment,50,27.9,2024-01-16,2024-01-17
ASM003331,STU0186,CRS015,10,exam,100,79.2,2024-01-06,2024-01-08
ASM003332,STU0187,CRS011,1,quiz,25,16.8,2024-03-14,2024-03-13
ASM003333,STU0187,CRS011,1,assignment,50,35.2,2024-03-18,2024-03-20
ASM003334,STU0187,CRS011,2,quiz,25,16.2,2024-04-06,2024-04-06
ASM003335,STU0187,CRS011,2,assignment,50,29.3,2024-04-08,2024-04-10
ASM003336,STU0187,CRS011,3,quiz,25,9.0,2024-04-20,2024-04-20
ASM003337,STU0187,CRS011,3,assignment,50,27.2,2024-04-23,2024-04-23
ASM003338,STU0187,CRS011,3,project,100,66.9,2024-04-23,2024-04-24
ASM003339,STU0187,CRS011,4,quiz,25,13.3,2024-04-30,2024-04-30
ASM003340,STU0187,CRS011,4,assignment,50,25.4,2024-05-16,2024-05-16
ASM003341,STU0187,CRS011,5,quiz,25,20.3,2024-05-31,2024-06-02
ASM003342,STU0187,CRS011,5,assignment,50,43.3,2024-06-10,2024-06-11
ASM003343,STU0187,CRS011,6,quiz,25,10.7,2024-06-25,2024-06-25
ASM003344,STU0187,CRS011,6,assignment,50,37.6,2024-06-01,2024-06-01
ASM003345,STU0187,CRS011,6,project,100,43.7,2024-06-19,2024-06-20
ASM003346,STU0187,CRS011,7,quiz,25,18.0,2024-06-17,2024-06-20
ASM003347,STU0187,CRS011,7,assignment,50,40.5,2024-07-08,2024-07-08
ASM003348,STU0187,CRS011,8,quiz,25,11.4,2024-07-27,2024-07-27
ASM003349,STU0187,CRS011,8,assignment,50,10.4,2024-07-03,2024-07-06
ASM003350,STU0187,CRS011,9,quiz,25,10.7,2024-07-28,2024-07-30
ASM003351,STU0187,CRS011,9,assignment,50,28.7,2024-08-24,2024-08-22
ASM003352,STU0187,CRS011,9,project,100,69.3,2024-07-01,2024-07-01
ASM003353,STU0187,CRS011,10,quiz,25,6.0,2024-07-15,2024-07-14
ASM003354,STU0187,CRS011,10,assignment,50,25.8,2024-08-14,2024-08-15
ASM003355,STU0187,CRS011,10,exam,100,49.4,2024-09-03,2024-09-03
ASM003356,STU0188,CRS003,1,quiz,25,23.9,2024-09-07,2024-09-07
ASM003357,STU0188,CRS003,1,assignment,50,35.2,2024-09-08,2024-09-08
ASM003358,STU0188,CRS003,2,quiz,25,13.4,2024-09-26,2024-09-27
ASM003359,STU0188,CRS003,2,assignment,50,29.3,2024-09-18,2024-09-17
ASM003360,STU0188,CRS003,3,quiz,25,14.2,2024-10-09,2024-10-10
ASM003361,STU0188,CRS003,3,assignment,50,44.5,2024-10-03,2024-10-03
ASM003362,STU0188,CRS003,3,project,100,51.0,2024-10-12,2024-10-11
ASM003363,STU0188,CRS003,4,quiz,25,17.9,2024-11-07,2024-11-07
ASM003364,STU0188,CRS003,4,assignment,50,44.9,2024-10-26,2024-10-23
ASM003365,STU0188,CRS003,5,quiz,25,18.5,2024-10-28,2024-10-27
ASM003366,STU0188,CRS003,5,assignment,50,48.8,2024-11-02,2024-10-31
ASM003367,STU0188,CRS003,5,exam,100,50.1,2024-12-02,2024-12-09
ASM003368,STU0189,CRS010,1,quiz,25,18.2,2023-03-30,2023-03-27
ASM003369,STU0189,CRS010,1,assignment,50,27.1,2023-03-28,2023-03-28
ASM003370,STU0189,CRS010,2,quiz,25,19.0,2023-04-21,2023-04-22
ASM003371,STU0189,CRS010,2,assignment,50,43.0,2023-04-07,2023-04-08
ASM003372,STU0189,CRS010,3,quiz,25,15.5,2023-05-06,2023-05-03
ASM003373,STU0189,CRS010,3,assignment,50,24.2,2023-05-12,2023-05-15
ASM003374,STU0189,CRS010,3,project,100,79.9,2023-04-24,2023-04-24
ASM003375,STU0189,CRS010,4,quiz,25,10.5,2023-05-25,2023-05-30
ASM003376,STU0189,CRS010,4,assignment,50,5.8,2023-05-29,2023-05-26
ASM003377,STU0189,CRS010,5,quiz,25,19.2,2023-06-23,2023-06-25
ASM003378,STU0189,CRS010,5,assignment,50,36.1,2023-05-24,2023-05-22
ASM003379,STU0189,CRS010,6,quiz,25,16.2,2023-06-08,2023-06-08
ASM003380,STU0189,CRS010,6,assignment,50,25.8,2023-07-14,2023-07-11
ASM003381,STU0189,CRS010,6,project,100,59.4,2023-06-26,2023-06-26
ASM003382,STU0189,CRS010,7,quiz,25,11.5,2023-07-28,2023-07-26
ASM003383,STU0189,CRS010,7,assignment,50,31.5,2023-06-30,2023-06-30
ASM003384,STU0189,CRS010,8,quiz,25,15.3,2023-08-25,2023-08-23
ASM003385,STU0189,CRS010,8,assignment,50,29.6,2023-07-16,2023-07-16
ASM003386,STU0189,CRS010,9,quiz,25,12.0,2023-07-14,2023-07-13
ASM003387,STU0189,CRS010,9,assignment,50,13.1,2023-07-23,2023-07-24
ASM003388,STU0189,CRS010,9,project,100,67.2,2023-08-19,2023-08-22
ASM003389,STU0189,CRS010,10,quiz,25,15.2,2023-07-28,2023-07-27
ASM003390,STU0189,CRS010,10,assignment,50,36.3,2023-08-17,2023-08-24
ASM003391,STU0189,CRS010,10,exam,100,63.1,2023-08-07,2023-08-06
ASM003392,STU0190,CRS006,1,quiz,25,16.3,2023-09-19,2023-09-21
ASM003393,STU0190,CRS006,1,assignment,50,35.5,2023-09-17,2023-09-17
ASM003394,STU0190,CRS006,2,quiz,25,24.5,2023-10-15,2023-10-14
ASM003395,STU0190,CRS006,2,assignment,50,36.7,2023-10-15,2023-10-17
ASM003396,STU0190,CRS006,3,quiz,25,15.5,2023-10-21,2023-10-19
ASM003397,STU0190,CRS006,3,assignment,50,23.2,2023-10-15,2023-10-15
ASM003398,STU0190,CRS006,3,project,100,85.7,2023-10-15,2023-10-16
ASM003399,STU0190,CRS006,4,quiz,25,20.3,2023-11-18,2023-11-19
ASM003400,STU0190,CRS006,4,assignment,50,38.8,2023-11-14,2023-11-14
ASM003401,STU0190,CRS006,5,quiz,25,24.1,2023-12-12,2023-12-10
ASM003402,STU0190,CRS006,5,assignment,50,42.1,2023-12-07,2023-12-07
ASM003403,STU0190,CRS006,6,quiz,25,17.9,2023-12-14,2023-12-19
ASM003404,STU0190,CRS006,6,assignment,50,29.3,2023-12-08,2023-12-06
ASM003405,STU0190,CRS006,6,project,100,10.0,2023-12-08,2023-12-09
ASM003406,STU0190,CRS006,7,quiz,25,21.3,2024-01-14,2024-01-14
ASM003407,STU0190,CRS006,7,assignment,50,33.9,2024-01-28,2024-01-26
ASM003408,STU0190,CRS006,8,quiz,25,13.5,2024-02-10,2024-02-08
ASM003409,STU0190,CRS006,8,assignment,50,35.4,2023-12-24,2023-12-23
ASM003410,STU0190,CRS006,9,quiz,25,18.2,2024-03-01,2024-02-27
ASM003411,STU0190,CRS006,9,assignment,50,43.4,2024-01-07,2024-01-07
ASM003412,STU0190,CRS006,9,project,100,66.7,2024-02-12,2024-02-12
ASM003413,STU0190,CRS006,10,quiz,25,17.7,2024-01-21,2024-01-21
ASM003414,STU0190,CRS006,10,assignment,50,25.2,2024-02-20,2024-02-23
ASM003415,STU0190,CRS006,10,exam,100,44.7,2024-02-20,2024-02-19
ASM003416,STU0191,CRS008,1,quiz,25,17.1,2024-02-06,2024-02-05
ASM003417,STU0191,CRS008,1,assignment,50,40.0,2024-02-06,2024-02-04
ASM003418,STU0191,CRS008,2,quiz,25,20.1,2024-02-21,2024-02-21
ASM003419,STU0191,CRS008,2,assignment,50,32.8,2024-02-21,2024-02-21
ASM003420,STU0191,CRS008,3,quiz,25,23.8,2024-03-19,2024-03-24
ASM003421,STU0191,CRS008,3,assignment,50,32.5,2024-03-16,2024-03-16
ASM003422,STU0191,CRS008,3,project,100,59.7,2024-03-19,2024-03-21
ASM003423,STU0191,CRS008,4,quiz,25,15.6,2024-03-18,2024-03-17
ASM003424,STU0191,CRS008,4,assignment,50,23.9,2024-04-15,2024-04-16
ASM003425,STU0191,CRS008,5,quiz,25,20.6,2024-04-16,2024-04-17
ASM003426,STU0191,CRS008,5,assignment,50,41.4,2024-05-01,2024-05-02
ASM003427,STU0191,CRS008,6,quiz,25,11.0,2024-04-27,2024-04-26
ASM003428,STU0191,CRS008,6,assignment,50,31.1,2024-04-21,2024-04-21
ASM003429,STU0191,CRS008,6,project,100,39.0,2024-04-15,2024-04-15
ASM003430,STU0191,CRS008,6,exam,100,54.4,2024-04-27,2024-04-29
ASM003431,STU0192,CRS005,1,quiz,25,12.3,2024-08-13,2024-08-13
ASM003432,STU0192,CRS005,1,assignment,50,38.8,2024-08-18,2024-08-18
ASM003433,STU0192,CRS005,2,quiz,25,19.4,2024-09-06,2024-09-11
ASM003434,STU0192,CRS005,2,assignment,50,24.5,2024-09-10,2024-09-10
ASM003435,STU0192,CRS005,3,quiz,25,20.6,2024-09-16,2024-09-16
ASM003436,STU0192,CRS005,3,assignment,50,38.1,2024-09-25,2024-09-25
ASM003437,STU0192,CRS005,3,project,100,63.4,2024-09-13,2024-09-12
ASM003438,STU0192,CRS005,4,quiz,25,19.8,2024-10-10,2024-10-10
ASM003439,STU0192,CRS005,4,assignment,50,48.8,2024-10-06,2024-10-06
ASM003440,STU0192,CRS005,5,quiz,25,10.8,2024-10-23,2024-10-23
ASM003441,STU0192,CRS005,5,assignment,50,25.6,2024-10-28,2024-10-27
ASM003442,STU0192,CRS005,6,quiz,25,22.1,2024-11-15,2024-11-14
ASM003443,STU0192,CRS005,6,assignment,50,37.2,2024-11-27,2024-11-28
ASM003444,STU0192,CRS005,6,project,100,88.0,2024-11-03,2024-11-05
ASM003445,STU0192,CRS005,7,quiz,25,13.5,2024-12-03,2024-12-02
ASM003446,STU0192,CRS005,7,assignment,50,19.4,2024-12-10,2024-12-09
ASM003447,STU0192,CRS005,8,quiz,25,19.6,2025-01-14,2025-01-14
ASM003448,STU0192,CRS005,8,assignment,50,45.3,2024-12-21,2024-12-22
ASM003449,STU0192,CRS005,8,exam,100,54.1,2024-12-13,2024-12-13
ASM003450,STU0193,CRS012,1,quiz,25,13.2,2023-03-12,2023-03-12
ASM003451,STU0193,CRS012,1,assignment,50,31.0,2023-03-11,2023-03-11
ASM003452,STU0193,CRS012,2,quiz,25,22.0,2023-03-29,2023-03-27
ASM003453,STU0193,CRS012,2,assignment,50,48.6,2023-03-21,2023-03-20
ASM003454,STU0193,CRS012,3,quiz,25,14.5,2023-04-20,2023-04-17
ASM003455,STU0193,CRS012,3,assignment,50,32.2,2023-04-11,2023-04-13
ASM003456,STU0193,CRS012,3,project,100,86.0,2023-04-14,2023-04-14
ASM003457,STU0193,CRS012,4,quiz,25,20.8,2023-05-10,2023-05-09
ASM003458,STU0193,CRS012,4,assignment,50,35.5,2023-05-14,2023-05-14
ASM003459,STU0193,CRS012,5,quiz,25,15.3,2023-06-04,2023-06-04
ASM003460,STU0193,CRS012,5,assignment,50,37.1,2023-05-05,2023-05-05
ASM003461,STU0193,CRS012,6,quiz,25,18.2,2023-05-14,2023-05-11
ASM003462,STU0193,CRS012,6,assignment,50,34.3,2023-06-07,2023-06-05
ASM003463,STU0193,CRS012,6,project,100,60.3,2023-05-20,2023-05-25
ASM003464,STU0193,CRS012,7,quiz,25,13.4,2023-05-28,2023-05-25
ASM003465,STU0193,CRS012,7,assignment,50,31.1,2023-07-02,2023-07-09
ASM003466,STU0193,CRS012,8,quiz,25,12.6,2023-07-05,2023-07-04
ASM003467,STU0193,CRS012,8,assignment,50,28.5,2023-07-13,2023-07-18
ASM003468,STU0193,CRS012,8,exam,100,75.5,2023-06-11,2023-06-11
ASM003469,STU0194,CRS015,1,quiz,25,21.8,2023-09-23,2023-09-25
ASM003470,STU0194,CRS015,1,assignment,50,49.0,2023-09-24,2023-09-23
ASM003471,STU0194,CRS015,2,quiz,25,22.5,2023-10-02,2023-10-09
ASM003472,STU0194,CRS015,2,assignment,50,40.5,2023-10-10,2023-10-12
ASM003473,STU0194,CRS015,3,quiz,25,18.0,2023-10-19,2023-10-17
ASM003474,STU0194,CRS015,3,assignment,50,27.2,2023-11-06,2023-11-07
ASM003475,STU0194,CRS015,3,project,100,64.7,2023-10-22,2023-10-27
ASM003476,STU0194,CRS015,4,quiz,25,16.6,2023-11-15,2023-11-15
ASM003477,STU0194,CRS015,4,assignment,50,34.4,2023-11-23,2023-11-23
ASM003478,STU0194,CRS015,5,quiz,25,24.5,2023-12-13,2023-12-14
ASM003479,STU0194,CRS015,5,assignment,50,45.9,2023-12-18,2023-12-17
ASM003480,STU0194,CRS015,6,quiz,25,10.6,2024-01-02,2023-12-30
ASM003481,STU0194,CRS015,6,assignment,50,28.0,2023-12-21,2023-12-20
ASM003482,STU0194,CRS015,6,project,100,47.9,2023-12-27,2023-12-27
ASM003483,STU0194,CRS015,7,quiz,25,12.5,2024-01-29,2024-01-29
ASM003484,STU0194,CRS015,7,assignment,50,38.8,2024-01-01,2024-01-01
ASM003485,STU0194,CRS015,8,quiz,25,14.9,2024-01-02,2024-01-03
ASM003486,STU0194,CRS015,8,assignment,50,24.2,2024-02-11,2024-02-10
ASM003487,STU0194,CRS015,9,quiz,25,15.2,2024-02-22,2024-02-22
ASM003488,STU0194,CRS015,9,assignment,50,46.6,2024-02-04,2024-02-04
ASM003489,STU0194,CRS015,9,project,100,56.0,2024-03-11,2024-03-18
ASM003490,STU0194,CRS015,10,quiz,25,10.9,2024-02-01,2024-02-01
ASM003491,STU0194,CRS015,10,assignment,50,27.5,2024-01-22,2024-01-22
ASM003492,STU0194,CRS015,10,exam,100,79.6,2024-04-01,2024-04-01
ASM003493,STU0195,CRS020,1,quiz,25,19.2,2024-04-01,2024-04-06
ASM003494,STU0195,CRS020,1,assignment,50,36.2,2024-03-28,2024-03-27
ASM003495,STU0195,CRS020,2,quiz,25,20.6,2024-04-16,2024-04-16
ASM003496,STU0195,CRS020,2,assignment,50,47.9,2024-04-14,2024-04-16
ASM003497,STU0195,CRS020,3,quiz,25,16.4,2024-05-10,2024-05-10
ASM003498,STU0195,CRS020,3,assignment,50,28.6,2024-04-28,2024-04-26
ASM003499,STU0195,CRS020,3,project,100,51.4,2024-04-22,2024-04-21
ASM003500,STU0195,CRS020,4,quiz,25,15.7,2024-05-14,2024-05-13
ASM003501,STU0195,CRS020,4,assignment,50,38.1,2024-05-30,2024-05-29
ASM003502,STU0195,CRS020,4,exam,100,58.5,2024-05-22,2024-05-21
ASM003503,STU0196,CRS010,1,quiz,25,17.5,2024-08-24,2024-08-23
ASM003504,STU0196,CRS010,1,assignment,50,34.1,2024-08-25,2024-08-24
ASM003505,STU0196,CRS010,2,quiz,25,18.9,2024-09-20,2024-09-25
ASM003506,STU0196,CRS010,2,assignment,50,28.4,2024-09-12,2024-09-13
ASM003507,STU0196,CRS010,3,quiz,25,22.9,2024-09-23,2024-09-21
ASM003508,STU0196,CRS010,3,assignment,50,42.4,2024-09-26,2024-09-26
ASM003509,STU0196,CRS010,3,project,100,57.3,2024-10-11,2024-10-11
ASM003510,STU0196,CRS010,4,quiz,25,18.3,2024-10-12,2024-10-11
ASM003511,STU0196,CRS010,4,assignment,50,35.9,2024-10-04,2024-10-04
ASM003512,STU0196,CRS010,5,quiz,25,19.4,2024-10-18,2024-10-18
ASM003513,STU0196,CRS010,5,assignment,50,37.5,2024-10-18,2024-10-18
ASM003514,STU0196,CRS010,6,quiz,25,20.6,2024-11-13,2024-11-12
ASM003515,STU0196,CRS010,6,assignment,50,31.3,2024-12-01,2024-12-01
ASM003516,STU0196,CRS010,6,project,100,78.3,2024-11-13,2024-11-14
ASM003517,STU0196,CRS010,7,quiz,25,15.2,2024-12-06,2024-12-05
ASM003518,STU0196,CRS010,7,assignment,50,30.9,2024-12-27,2024-12-25
ASM003519,STU0196,CRS010,8,quiz,25,18.3,2024-12-31,2024-12-31
ASM003520,STU0196,CRS010,8,assignment,50,19.6,2025-01-06,2025-01-06
ASM003521,STU0196,CRS010,8,exam,100,51.9,2025-01-06,2025-01-06
ASM003522,STU0197,CRS016,1,quiz,25,11.9,2023-03-09,2023-03-11
ASM003523,STU0197,CRS016,1,assignment,50,35.4,2023-03-09,2023-03-08
ASM003524,STU0197,CRS016,2,quiz,25,14.4,2023-03-17,2023-03-16
ASM003525,STU0197,CRS016,2,assignment,50,47.1,2023-03-27,2023-03-29
ASM003526,STU0197,CRS016,3,quiz,25,22.7,2023-04-18,2023-04-18
ASM003527,STU0197,CRS016,3,assignment,50,17.6,2023-04-15,2023-04-12
ASM003528,STU0197,CRS016,3,project,100,67.4,2023-04-09,2023-04-09
ASM003529,STU0197,CRS016,4,quiz,25,9.9,2023-04-22,2023-04-22
ASM003530,STU0197,CRS016,4,assignment,50,24.3,2023-04-22,2023-04-23
ASM003531,STU0197,CRS016,5,quiz,25,22.3,2023-05-18,2023-05-18
ASM003532,STU0197,CRS016,5,assignment,50,47.6,2023-06-02,2023-06-01
ASM003533,STU0197,CRS016,6,quiz,25,7.2,2023-06-17,2023-06-17
ASM003534,STU0197,CRS016,6,assignment,50,36.5,2023-06-23,2023-06-21
ASM003535,STU0197,CRS016,6,project,100,80.7,2023-05-12,2023-05-11
ASM003536,STU0197,CRS016,6,exam,100,85.4,2023-05-18,2023-05-17
ASM003537,STU0198,CRS014,1,quiz,25,24.2,2023-09-19,2023-09-19
ASM003538,STU0198,CRS014,1,assignment,50,22.4,2023-09-25,2023-09-23
ASM003539,STU0198,CRS014,2,quiz,25,11.1,2023-10-11,2023-10-11
ASM003540,STU0198,CRS014,2,assignment,50,31.7,2023-10-17,2023-10-15
ASM003541,STU0198,CRS014,3,quiz,25,18.6,2023-11-01,2023-10-31
ASM003542,STU0198,CRS014,3,assignment,50,29.9,2023-10-20,2023-10-18
ASM003543,STU0198,CRS014,3,project,100,39.6,2023-10-29,2023-10-27
ASM003544,STU0198,CRS014,4,quiz,25,15.9,2023-11-20,2023-11-17
ASM003545,STU0198,CRS014,4,assignment,50,26.2,2023-11-24,2023-11-24
ASM003546,STU0198,CRS014,5,quiz,25,13.5,2023-12-09,2023-12-08
ASM003547,STU0198,CRS014,5,assignment,50,16.5,2023-11-14,2023-11-16
ASM003548,STU0198,CRS014,6,quiz,25,11.5,2024-01-09,2024-01-09
ASM003549,STU0198,CRS014,6,assignment,50,18.2,2023-11-28,2023-11-29
ASM003550,STU0198,CRS014,6,project,100,56.1,2023-12-04,2023-12-11
ASM003551,STU0198,CRS014,6,exam,100,45.9,2023-12-10,2023-12-15
ASM003552,STU0199,CRS005,1,quiz,25,20.8,2024-02-25,2024-02-26
ASM003553,STU0199,CRS005,1,assignment,50,33.0,2024-02-22,2024-02-20
ASM003554,STU0199,CRS005,2,quiz,25,13.3,2024-03-15,2024-03-14
ASM003555,STU0199,CRS005,2,assignment,50,25.2,2024-03-09,2024-03-06
ASM003556,STU0199,CRS005,3,quiz,25,24.5,2024-03-26,2024-03-26
ASM003557,STU0199,CRS005,3,assignment,50,34.9,2024-03-26,2024-03-26
ASM003558,STU0199,CRS005,3,project,100,55.8,2024-03-29,2024-04-05
ASM003559,STU0199,CRS005,4,quiz,25,24.4,2024-04-12,2024-04-09
ASM003560,STU0199,CRS005,4,assignment,50,39.7,2024-04-16,2024-04-17
ASM003561,STU0199,CRS005,5,quiz,25,18.6,2024-04-19,2024-04-18
ASM003562,STU0199,CRS005,5,assignment,50,29.7,2024-05-19,2024-05-17
ASM003563,STU0199,CRS005,6,quiz,25,12.3,2024-06-09,2024-06-11
ASM003564,STU0199,CRS005,6,assignment,50,44.6,2024-05-28,2024-05-31
ASM003565,STU0199,CRS005,6,project,100,28.0,2024-05-22,2024-05-22
ASM003566,STU0199,CRS005,7,quiz,25,13.4,2024-06-16,2024-06-17
ASM003567,STU0199,CRS005,7,assignment,50,24.1,2024-06-16,2024-06-16
ASM003568,STU0199,CRS005,8,quiz,25,8.8,2024-06-27,2024-06-29
ASM003569,STU0199,CRS005,8,assignment,50,42.7,2024-06-19,2024-06-18
ASM003570,STU0199,CRS005,8,exam,100,67.9,2024-07-05,2024-07-10
ASM003571,STU0200,CRS015,1,quiz,25,15.5,2024-08-31,2024-08-31
ASM003572,STU0200,CRS015,1,assignment,50,23.5,2024-08-31,2024-09-02
ASM003573,STU0200,CRS015,2,quiz,25,18.2,2024-09-18,2024-09-16
ASM003574,STU0200,CRS015,2,assignment,50,37.6,2024-09-16,2024-09-19
ASM003575,STU0200,CRS015,3,quiz,25,17.4,2024-10-03,2024-10-03
ASM003576,STU0200,CRS015,3,assignment,50,35.9,2024-10-09,2024-10-09
ASM003577,STU0200,CRS015,3,project,100,61.4,2024-10-12,2024-10-12
ASM003578,STU0200,CRS015,4,quiz,25,17.9,2024-10-16,2024-10-17
ASM003579,STU0200,CRS015,4,assignment,50,35.3,2024-10-12,2024-10-14
ASM003580,STU0200,CRS015,5,quiz,25,15.6,2024-11-21,2024-11-23
ASM003581,STU0200,CRS015,5,assignment,50,40.5,2024-11-01,2024-11-01
ASM003582,STU0200,CRS015,6,quiz,25,15.7,2024-12-05,2024-12-03
ASM003583,STU0200,CRS015,6,assignment,50,49.0,2024-11-23,2024-11-23
ASM003584,STU0200,CRS015,6,project,100,64.4,2024-12-11,2024-12-11
ASM003585,STU0200,CRS015,7,quiz,25,16.6,2024-12-31,2024-12-31
ASM003586,STU0200,CRS015,7,assignment,50,39.2,2024-12-03,2024-12-03
ASM003587,STU0200,CRS015,8,quiz,25,17.5,2025-01-12,2025-01-12
ASM003588,STU0200,CRS015,8,assignment,50,29.2,2024-12-11,2024-12-13
ASM003589,STU0200,CRS015,8,exam,100,30.5,2024-12-03,2024-12-02
ASM003590,STU0201,CRS012,1,quiz,25,20.4,2023-02-08,2023-02-15
ASM003591,STU0201,CRS012,1,assignment,50,39.8,2023-02-06,2023-02-06
ASM003592,STU0201,CRS012,2,quiz,25,17.0,2023-03-02,2023-03-03
ASM003593,STU0201,CRS012,2,assignment,50,37.1,2023-03-02,2023-03-03
ASM003594,STU0201,CRS012,3,quiz,25,17.7,2023-03-18,2023-03-18
ASM003595,STU0201,CRS012,3,assignment,50,34.7,2023-03-06,2023-03-13
ASM003596,STU0201,CRS012,3,project,100,67.5,2023-03-06,2023-03-08
ASM003597,STU0201,CRS012,4,quiz,25,22.9,2023-04-01,2023-04-03
ASM003598,STU0201,CRS012,4,assignment,50,22.4,2023-04-17,2023-04-15
ASM003599,STU0201,CRS012,5,quiz,25,7.9,2023-04-23,2023-04-24
ASM003600,STU0201,CRS012,5,assignment,50,29.7,2023-04-23,2023-04-21
ASM003601,STU0201,CRS012,6,quiz,25,15.8,2023-05-29,2023-05-30
ASM003602,STU0201,CRS012,6,assignment,50,45.4,2023-04-23,2023-04-23
ASM003603,STU0201,CRS012,6,project,100,98.0,2023-05-05,2023-05-06
ASM003604,STU0201,CRS012,7,quiz,25,18.0,2023-05-15,2023-05-16
ASM003605,STU0201,CRS012,7,assignment,50,25.0,2023-06-19,2023-06-19
ASM003606,STU0201,CRS012,8,quiz,25,16.0,2023-07-02,2023-07-02
ASM003607,STU0201,CRS012,8,assignment,50,40.1,2023-06-08,2023-06-10
ASM003608,STU0201,CRS012,8,exam,100,43.1,2023-06-08,2023-06-07
ASM003609,STU0202,CRS019,1,quiz,25,17.8,2023-08-11,2023-08-12
ASM003610,STU0202,CRS019,1,assignment,50,33.2,2023-08-10,2023-08-08
ASM003611,STU0202,CRS019,2,quiz,25,15.6,2023-09-06,2023-09-04
ASM003612,STU0202,CRS019,2,assignment,50,25.3,2023-09-02,2023-09-03
ASM003613,STU0202,CRS019,3,quiz,25,14.1,2023-09-15,2023-09-16
ASM003614,STU0202,CRS019,3,assignment,50,34.3,2023-09-18,2023-09-23
ASM003615,STU0202,CRS019,3,project,100,55.5,2023-09-15,2023-09-18
ASM003616,STU0202,CRS019,4,quiz,25,12.7,2023-10-14,2023-10-13
ASM003617,STU0202,CRS019,4,assignment,50,41.3,2023-09-24,2023-09-21
ASM003618,STU0202,CRS019,5,quiz,25,9.4,2023-11-03,2023-11-02
ASM003619,STU0202,CRS019,5,assignment,50,47.9,2023-11-08,2023-11-08
ASM003620,STU0202,CRS019,6,quiz,25,14.6,2023-11-17,2023-11-17
ASM003621,STU0202,CRS019,6,assignment,50,29.0,2023-11-17,2023-11-18
ASM003622,STU0202,CRS019,6,project,100,39.6,2023-10-30,2023-10-27
ASM003623,STU0202,CRS019,6,exam,100,47.0,2023-10-30,2023-11-06
ASM003624,STU0203,CRS017,1,quiz,25,18.9,2024-04-01,2024-03-30
ASM003625,STU0203,CRS017,1,assignment,50,14.6,2024-03-29,2024-03-28
ASM003626,STU0203,CRS017,2,quiz,25,9.4,2024-04-16,2024-04-17
ASM003627,STU0203,CRS017,2,assignment,50,41.0,2024-04-22,2024-04-19
ASM003628,STU0203,CRS017,3,quiz,25,16.5,2024-05-09,2024-05-11
ASM003629,STU0203,CRS017,3,assignment,50,44.7,2024-05-09,2024-05-09
ASM003630,STU0203,CRS017,3,project,100,83.9,2024-05-03,2024-05-02
ASM003631,STU0203,CRS017,4,quiz,25,20.9,2024-05-28,2024-05-29
ASM003632,STU0203,CRS017,4,assignment,50,20.9,2024-05-24,2024-05-24
ASM003633,STU0203,CRS017,5,quiz,25,23.9,2024-06-06,2024-06-06
ASM003634,STU0203,CRS017,5,assignment,50,27.5,2024-06-26,2024-07-03
ASM003635,STU0203,CRS017,6,quiz,25,16.3,2024-06-29,2024-06-29
ASM003636,STU0203,CRS017,6,assignment,50,29.8,2024-07-05,2024-07-02
ASM003637,STU0203,CRS017,6,project,100,94.9,2024-06-11,2024-06-11
ASM003638,STU0203,CRS017,6,exam,100,36.3,2024-06-23,2024-06-28
ASM003639,STU0204,CRS004,1,quiz,25,14.2,2024-09-03,2024-09-03
ASM003640,STU0204,CRS004,1,assignment,50,44.9,2024-08-31,2024-09-02
ASM003641,STU0204,CRS004,2,quiz,25,19.5,2024-09-22,2024-09-22
ASM003642,STU0204,CRS004,2,assignment,50,32.7,2024-09-20,2024-09-27
ASM003643,STU0204,CRS004,3,quiz,25,17.7,2024-10-19,2024-10-18
ASM003644,STU0204,CRS004,3,assignment,50,32.5,2024-10-01,2024-10-03
ASM003645,STU0204,CRS004,3,project,100,98.0,2024-10-10,2024-10-10
ASM003646,STU0204,CRS004,4,quiz,25,9.9,2024-10-12,2024-10-12
ASM003647,STU0204,CRS004,4,assignment,50,27.0,2024-10-28,2024-10-30
ASM003648,STU0204,CRS004,5,quiz,25,11.7,2024-11-10,2024-11-10
ASM003649,STU0204,CRS004,5,assignment,50,45.1,2024-11-15,2024-11-17
ASM003650,STU0204,CRS004,6,quiz,25,8.2,2024-12-15,2024-12-15
ASM003651,STU0204,CRS004,6,assignment,50,31.7,2024-12-09,2024-12-08
ASM003652,STU0204,CRS004,6,project,100,62.5,2024-12-15,2024-12-13
ASM003653,STU0204,CRS004,6,exam,100,74.4,2024-11-27,2024-12-02
ASM003654,STU0205,CRS006,1,quiz,25,16.6,2023-02-12,2023-02-11
ASM003655,STU0205,CRS006,1,assignment,50,15.6,2023-02-12,2023-02-13
ASM003656,STU0205,CRS006,2,quiz,25,21.2,2023-02-28,2023-03-01
ASM003657,STU0205,CRS006,2,assignment,50,39.5,2023-03-04,2023-03-02
ASM003658,STU0205,CRS006,3,quiz,25,14.6,2023-03-11,2023-03-09
ASM003659,STU0205,CRS006,3,assignment,50,32.9,2023-03-14,2023-03-17
ASM003660,STU0205,CRS006,3,project,100,63.8,2023-03-17,2023-03-15
ASM003661,STU0205,CRS006,4,quiz,25,20.0,2023-04-07,2023-04-14
ASM003662,STU0205,CRS006,4,assignment,50,38.9,2023-03-26,2023-03-26
ASM003663,STU0205,CRS006,5,quiz,25,10.1,2023-05-10,2023-05-10
ASM003664,STU0205,CRS006,5,assignment,50,34.0,2023-04-10,2023-04-10
ASM003665,STU0205,CRS006,6,quiz,25,14.0,2023-04-25,2023-04-25
ASM003666,STU0205,CRS006,6,assignment,50,36.3,2023-05-13,2023-05-14
ASM003667,STU0205,CRS006,6,project,100,73.6,2023-04-25,2023-05-02
ASM003668,STU0205,CRS006,7,quiz,25,19.8,2023-05-24,2023-05-24
ASM003669,STU0205,CRS006,7,assignment,50,42.2,2023-06-07,2023-06-04
ASM003670,STU0205,CRS006,8,quiz,25,9.9,2023-07-04,2023-07-02
ASM003671,STU0205,CRS006,8,assignment,50,37.2,2023-07-04,2023-07-03
ASM003672,STU0205,CRS006,9,quiz,25,22.2,2023-06-09,2023-06-16
ASM003673,STU0205,CRS006,9,assignment,50,46.8,2023-06-27,2023-06-29
ASM003674,STU0205,CRS006,9,project,100,52.3,2023-08-02,2023-08-02
ASM003675,STU0205,CRS006,10,quiz,25,21.0,2023-08-03,2023-08-02
ASM003676,STU0205,CRS006,10,assignment,50,35.1,2023-06-14,2023-06-14
ASM003677,STU0205,CRS006,10,exam,100,88.8,2023-06-14,2023-06-21
ASM003678,STU0206,CRS008,1,quiz,25,13.6,2023-08-26,2023-08-27
ASM003679,STU0206,CRS008,1,assignment,50,35.0,2023-08-20,2023-08-27
ASM003680,STU0206,CRS008,2,quiz,25,14.8,2023-09-05,2023-09-05
ASM003681,STU0206,CRS008,2,assignment,50,21.2,2023-09-05,2023-09-05
ASM003682,STU0206,CRS008,3,quiz,25,17.2,2023-10-02,2023-09-30
ASM003683,STU0206,CRS008,3,assignment,50,28.1,2023-09-17,2023-09-19
ASM003684,STU0206,CRS008,3,project,100,54.7,2023-10-05,2023-10-04
ASM003685,STU0206,CRS008,4,quiz,25,12.6,2023-10-05,2023-10-03
ASM003686,STU0206,CRS008,4,assignment,50,49.0,2023-10-09,2023-10-10
ASM003687,STU0206,CRS008,5,quiz,25,14.6,2023-11-14,2023-11-21
ASM003688,STU0206,CRS008,5,assignment,50,49.0,2023-10-20,2023-10-27
ASM003689,STU0206,CRS008,6,quiz,25,14.9,2023-11-28,2023-11-26
ASM003690,STU0206,CRS008,6,assignment,50,39.6,2023-10-29,2023-10-26
ASM003691,STU0206,CRS008,6,project,100,56.4,2023-11-22,2023-11-22
ASM003692,STU0206,CRS008,6,exam,100,29.7,2023-11-04,2023-11-04
ASM003693,STU0207,CRS010,1,quiz,25,16.7,2024-03-24,2024-03-31
ASM003694,STU0207,CRS010,1,assignment,50,24.7,2024-03-24,2024-03-23
ASM003695,STU0207,CRS010,2,quiz,25,17.5,2024-04-12,2024-04-12
ASM003696,STU0207,CRS010,2,assignment,50,33.9,2024-04-14,2024-04-16
ASM003697,STU0207,CRS010,3,quiz,25,10.6,2024-04-23,2024-04-25
ASM003698,STU0207,CRS010,3,assignment,50,28.9,2024-05-02,2024-05-07
ASM003699,STU0207,CRS010,3,project,100,30.8,2024-05-02,2024-04-30
ASM003700,STU0207,CRS010,4,quiz,25,22.2,2024-05-20,2024-05-25
ASM003701,STU0207,CRS010,4,assignment,50,25.1,2024-05-28,2024-05-26
ASM003702,STU0207,CRS010,5,quiz,25,22.7,2024-05-28,2024-05-26
ASM003703,STU0207,CRS010,5,assignment,50,22.5,2024-05-18,2024-05-16
ASM003704,STU0207,CRS010,6,quiz,25,17.0,2024-07-01,2024-07-01
ASM003705,STU0207,CRS010,6,assignment,50,22.8,2024-06-07,2024-06-06
ASM003706,STU0207,CRS010,6,project,100,52.5,2024-06-19,2024-06-17
ASM003707,STU0207,CRS010,7,quiz,25,22.3,2024-06-29,2024-06-28
ASM003708,STU0207,CRS010,7,assignment,50,25.6,2024-06-22,2024-06-23
ASM003709,STU0207,CRS010,8,quiz,25,15.9,2024-06-29,2024-06-29
ASM003710,STU0207,CRS010,8,assignment,50,27.9,2024-07-23,2024-07-30
ASM003711,STU0207,CRS010,9,quiz,25,20.4,2024-07-13,2024-07-14
ASM003712,STU0207,CRS010,9,assignment,50,24.2,2024-08-09,2024-08-09
ASM003713,STU0207,CRS010,9,project,100,71.5,2024-08-09,2024-08-07
ASM003714,STU0207,CRS010,10,quiz,25,22.7,2024-08-26,2024-08-28
ASM003715,STU0207,CRS010,10,assignment,50,22.6,2024-09-05,2024-09-05
ASM003716,STU0207,CRS010,10,exam,100,78.6,2024-09-05,2024-09-04
ASM003717,STU0208,CRS007,1,quiz,25,16.1,2024-09-08,2024-09-09
ASM003718,STU0208,CRS007,1,assignment,50,44.8,2024-09-07,2024-09-14
ASM003719,STU0208,CRS007,2,quiz,25,16.1,2024-10-03,2024-10-03
ASM003720,STU0208,CRS007,2,assignment,50,18.7,2024-09-25,2024-09-27
ASM003721,STU0208,CRS007,3,quiz,25,16.3,2024-10-08,2024-10-15
ASM003722,STU0208,CRS007,3,assignment,50,46.7,2024-10-14,2024-10-21
ASM003723,STU0208,CRS007,3,project,100,61.1,2024-10-05,2024-10-06
ASM003724,STU0208,CRS007,4,quiz,25,14.0,2024-10-31,2024-10-30
ASM003725,STU0208,CRS007,4,assignment,50,24.2,2024-10-23,2024-10-23
ASM003726,STU0208,CRS007,5,quiz,25,10.4,2024-11-02,2024-11-02
ASM003727,STU0208,CRS007,5,assignment,50,41.4,2024-11-27,2024-11-26
ASM003728,STU0208,CRS007,6,quiz,25,21.9,2024-11-22,2024-11-25
ASM003729,STU0208,CRS007,6,assignment,50,24.6,2024-12-16,2024-12-23
ASM003730,STU0208,CRS007,6,project,100,80.0,2024-12-10,2024-12-10
ASM003731,STU0208,CRS007,7,quiz,25,19.0,2024-12-21,2024-12-24
ASM003732,STU0208,CRS007,7,assignment,50,39.6,2024-12-21,2024-12-24
ASM003733,STU0208,CRS007,7,exam,100,83.3,2024-12-21,2024-12-21
ASM003734,STU0209,CRS005,1,quiz,25,14.7,2023-03-14,2023-03-11
ASM003735,STU0209,CRS005,1,assignment,50,35.8,2023-03-17,2023-03-16
ASM003736,STU0209,CRS005,2,quiz,25,7.9,2023-04-07,2023-04-07
ASM003737,STU0209,CRS005,2,assignment,50,36.1,2023-03-30,2023-03-30
ASM003738,STU0209,CRS005,3,quiz,25,14.6,2023-04-19,2023-04-18
ASM003739,STU0209,CRS005,3,assignment,50,32.8,2023-04-07,2023-04-07
ASM003740,STU0209,CRS005,3,project,100,58.4,2023-04-28,2023-04-28
ASM003741,STU0209,CRS005,4,quiz,25,14.9,2023-05-03,2023-05-03
ASM003742,STU0209,CRS005,4,assignment,50,25.8,2023-05-19,2023-05-26
ASM003743,STU0209,CRS005,5,quiz,25,18.0,2023-05-25,2023-05-24
ASM003744,STU0209,CRS005,5,assignment,50,49.0,2023-05-05,2023-05-07
ASM003745,STU0209,CRS005,6,quiz,25,21.9,2023-06-30,2023-06-30
ASM003746,STU0209,CRS005,6,assignment,50,31.5,2023-05-31,2023-05-29
ASM003747,STU0209,CRS005,6,project,100,59.7,2023-06-18,2023-06-18
ASM003748,STU0209,CRS005,7,quiz,25,12.9,2023-06-30,2023-07-01
ASM003749,STU0209,CRS005,7,assignment,50,36.6,2023-06-02,2023-05-31
ASM003750,STU0209,CRS005,8,quiz,25,15.7,2023-07-18,2023-07-17
ASM003751,STU0209,CRS005,8,assignment,50,26.9,2023-07-10,2023-07-12
ASM003752,STU0209,CRS005,8,exam,100,45.0,2023-07-02,2023-07-03
ASM003753,STU0210,CRS018,1,quiz,25,23.9,2023-08-03,2023-08-01
ASM003754,STU0210,CRS018,1,assignment,50,34.4,2023-08-09,2023-08-09
ASM003755,STU0210,CRS018,2,quiz,25,19.1,2023-08-17,2023-08-17
ASM003756,STU0210,CRS018,2,assignment,50,46.0,2023-08-29,2023-08-28
ASM003757,STU0210,CRS018,3,quiz,25,11.6,2023-09-12,2023-09-12
ASM003758,STU0210,CRS018,3,assignment,50,22.8,2023-09-15,2023-09-13
ASM003759,STU0210,CRS018,3,project,100,77.3,2023-09-21,2023-09-22
ASM003760,STU0210,CRS018,4,quiz,25,13.7,2023-10-04,2023-10-04
ASM003761,STU0210,CRS018,4,assignment,50,23.0,2023-09-26,2023-09-26
ASM003762,STU0210,CRS018,5,quiz,25,16.5,2023-09-28,2023-09-29
ASM003763,STU0210,CRS018,5,assignment,50,38.5,2023-10-03,2023-10-03
ASM003764,STU0210,CRS018,6,quiz,25,19.8,2023-10-12,2023-10-11
ASM003765,STU0210,CRS018,6,assignment,50,32.2,2023-11-17,2023-11-17
ASM003766,STU0210,CRS018,6,project,100,56.6,2023-11-23,2023-11-24
ASM003767,STU0210,CRS018,7,quiz,25,16.6,2023-11-16,2023-11-17
ASM003768,STU0210,CRS018,7,assignment,50,36.5,2023-11-23,2023-11-20
ASM003769,STU0210,CRS018,8,quiz,25,15.1,2023-12-27,2023-12-25
ASM003770,STU0210,CRS018,8,assignment,50,44.3,2024-01-04,2024-01-07
ASM003771,STU0210,CRS018,8,exam,100,65.8,2023-11-17,2023-11-17
ASM003772,STU0211,CRS006,1,quiz,25,18.5,2024-03-10,2024-03-12
ASM003773,STU0211,CRS006,1,assignment,50,28.3,2024-03-09,2024-03-06
ASM003774,STU0211,CRS006,2,quiz,25,11.0,2024-03-20,2024-03-25
ASM003775,STU0211,CRS006,2,assignment,50,34.4,2024-04-03,2024-04-05
ASM003776,STU0211,CRS006,3,quiz,25,20.8,2024-04-18,2024-04-16
ASM003777,STU0211,CRS006,3,assignment,50,30.9,2024-04-12,2024-04-17
ASM003778,STU0211,CRS006,3,project,100,83.7,2024-04-18,2024-04-23
ASM003779,STU0211,CRS006,4,quiz,25,20.0,2024-05-15,2024-05-15
ASM003780,STU0211,CRS006,4,assignment,50,45.2,2024-04-17,2024-04-18
ASM003781,STU0211,CRS006,5,quiz,25,20.3,2024-05-16,2024-05-15
ASM003782,STU0211,CRS006,5,assignment,50,44.8,2024-05-11,2024-05-10
ASM003783,STU0211,CRS006,6,quiz,25,15.8,2024-06-02,2024-06-01
ASM003784,STU0211,CRS006,6,assignment,50,35.6,2024-06-26,2024-06-25
ASM003785,STU0211,CRS006,6,project,100,60.6,2024-05-27,2024-05-24
ASM003786,STU0211,CRS006,7,quiz,25,9.1,2024-07-03,2024-07-04
ASM003787,STU0211,CRS006,7,assignment,50,20.0,2024-06-26,2024-06-28
ASM003788,STU0211,CRS006,8,quiz,25,19.1,2024-06-28,2024-06-28
ASM003789,STU0211,CRS006,8,assignment,50,37.9,2024-06-12,2024-06-11
ASM003790,STU0211,CRS006,9,quiz,25,16.9,2024-08-19,2024-08-17
ASM003791,STU0211,CRS006,9,assignment,50,35.0,2024-07-14,2024-07-13
ASM003792,STU0211,CRS006,9,project,100,72.1,2024-07-23,2024-07-24
ASM003793,STU0211,CRS006,10,quiz,25,10.6,2024-07-30,2024-07-29
ASM003794,STU0211,CRS006,10,assignment,50,31.0,2024-08-29,2024-09-01
ASM003795,STU0211,CRS006,10,exam,100,43.0,2024-07-30,2024-08-01
ASM003796,STU0212,CRS006,1,quiz,25,12.6,2024-09-12,2024-09-19
ASM003797,STU0212,CRS006,1,assignment,50,37.6,2024-09-15,2024-09-14
ASM003798,STU0212,CRS006,2,quiz,25,12.1,2024-10-03,2024-10-02
ASM003799,STU0212,CRS006,2,assignment,50,37.6,2024-09-29,2024-10-04
ASM003800,STU0212,CRS006,3,quiz,25,8.1,2024-10-16,2024-10-16
ASM003801,STU0212,CRS006,3,assignment,50,28.7,2024-10-25,2024-10-27
ASM003802,STU0212,CRS006,3,project,100,66.7,2024-10-10,2024-10-12
ASM003803,STU0212,CRS006,4,quiz,25,17.1,2024-10-29,2024-11-03
ASM003804,STU0212,CRS006,4,assignment,50,46.4,2024-10-25,2024-10-25
ASM003805,STU0212,CRS006,5,quiz,25,9.8,2024-12-04,2024-12-09
ASM003806,STU0212,CRS006,5,assignment,50,25.4,2024-11-14,2024-11-12
ASM003807,STU0212,CRS006,6,quiz,25,16.5,2024-11-30,2024-11-30
ASM003808,STU0212,CRS006,6,assignment,50,37.1,2024-11-18,2024-11-18
ASM003809,STU0212,CRS006,6,project,100,49.5,2024-11-24,2024-11-23
ASM003810,STU0212,CRS006,7,quiz,25,14.9,2024-12-09,2024-12-08
ASM003811,STU0212,CRS006,7,assignment,50,33.8,2025-01-06,2025-01-06
ASM003812,STU0212,CRS006,7,exam,100,60.2,2025-01-01,2025-01-03
ASM003813,STU0213,CRS020,1,quiz,25,17.4,2023-02-21,2023-02-23
ASM003814,STU0213,CRS020,1,assignment,50,45.1,2023-02-21,2023-02-22
ASM003815,STU0213,CRS020,2,quiz,25,15.0,2023-03-07,2023-03-07
ASM003816,STU0213,CRS020,2,assignment,50,29.8,2023-03-15,2023-03-15
ASM003817,STU0213,CRS020,3,quiz,25,15.6,2023-03-31,2023-04-07
ASM003818,STU0213,CRS020,3,assignment,50,34.5,2023-03-19,2023-03-21
ASM003819,STU0213,CRS020,3,project,100,63.7,2023-03-19,2023-03-22
ASM003820,STU0213,CRS020,4,quiz,25,14.4,2023-04-10,2023-04-12
ASM003821,STU0213,CRS020,4,assignment,50,40.6,2023-04-06,2023-04-04
ASM003822,STU0213,CRS020,4,exam,100,98.0,2023-04-06,2023-04-06
ASM003823,STU0214,CRS001,1,quiz,25,8.2,2023-08-08,2023-08-06
ASM003824,STU0214,CRS001,1,assignment,50,15.1,2023-08-03,2023-08-04
ASM003825,STU0214,CRS001,2,quiz,25,12.5,2023-08-27,2023-08-27
ASM003826,STU0214,CRS001,2,assignment,50,18.4,2023-08-25,2023-08-27
ASM003827,STU0214,CRS001,3,quiz,25,13.8,2023-09-12,2023-09-11
ASM003828,STU0214,CRS001,3,assignment,50,31.1,2023-09-21,2023-09-20
ASM003829,STU0214,CRS001,3,project,100,71.7,2023-09-03,2023-09-02
ASM003830,STU0214,CRS001,4,quiz,25,12.9,2023-09-14,2023-09-14
ASM003831,STU0214,CRS001,4,assignment,50,30.6,2023-10-12,2023-10-09
ASM003832,STU0214,CRS001,5,quiz,25,16.7,2023-09-28,2023-09-25
ASM003833,STU0214,CRS001,5,assignment,50,23.3,2023-10-18,2023-10-21
ASM003834,STU0214,CRS001,6,quiz,25,20.7,2023-10-18,2023-10-18
ASM003835,STU0214,CRS001,6,assignment,50,22.9,2023-11-05,2023-11-05
ASM003836,STU0214,CRS001,6,project,100,78.0,2023-10-30,2023-10-30
ASM003837,STU0214,CRS001,7,quiz,25,20.6,2023-11-23,2023-11-23
ASM003838,STU0214,CRS001,7,assignment,50,32.0,2023-10-26,2023-10-26
ASM003839,STU0214,CRS001,8,quiz,25,15.3,2023-11-25,2023-11-27
ASM003840,STU0214,CRS001,8,assignment,50,34.4,2023-11-09,2023-11-10
ASM003841,STU0214,CRS001,8,exam,100,66.5,2023-11-09,2023-11-09
ASM003842,STU0215,CRS019,1,quiz,25,22.3,2024-02-21,2024-02-22
ASM003843,STU0215,CRS019,1,assignment,50,36.5,2024-02-14,2024-02-16
ASM003844,STU0215,CRS019,2,quiz,25,5.3,2024-03-03,2024-03-01
ASM003845,STU0215,CRS019,2,assignment,50,36.9,2024-02-28,2024-02-27
ASM003846,STU0215,CRS019,3,quiz,25,16.9,2024-03-31,2024-03-30
ASM003847,STU0215,CRS019,3,assignment,50,45.2,2024-03-16,2024-03-19
ASM003848,STU0215,CRS019,3,project,100,50.0,2024-03-25,2024-03-26
ASM003849,STU0215,CRS019,4,quiz,25,12.7,2024-04-12,2024-04-19
ASM003850,STU0215,CRS019,4,assignment,50,23.6,2024-04-24,2024-04-24
ASM003851,STU0215,CRS019,5,quiz,25,10.7,2024-04-25,2024-04-25
ASM003852,STU0215,CRS019,5,assignment,50,43.1,2024-04-15,2024-04-15
ASM003853,STU0215,CRS019,6,quiz,25,22.6,2024-05-12,2024-05-11
ASM003854,STU0215,CRS019,6,assignment,50,38.1,2024-05-18,2024-05-19
ASM003855,STU0215,CRS019,6,project,100,72.3,2024-05-18,2024-05-18
ASM003856,STU0215,CRS019,6,exam,100,76.3,2024-05-30,2024-06-01
ASM003857,STU0216,CRS019,1,quiz,25,15.4,2024-08-26,2024-08-26
ASM003858,STU0216,CRS019,1,assignment,50,21.6,2024-08-27,2024-08-25
ASM003859,STU0216,CRS019,2,quiz,25,22.1,2024-09-15,2024-09-13
ASM003860,STU0216,CRS019,2,assignment,50,20.6,2024-09-15,2024-09-20
ASM003861,STU0216,CRS019,3,quiz,25,20.4,2024-10-09,2024-10-08
ASM003862,STU0216,CRS019,3,assignment,50,29.6,2024-10-03,2024-10-06
ASM003863,STU0216,CRS019,3,project,100,71.9,2024-09-21,2024-09-20
ASM003864,STU0216,CRS019,4,quiz,25,9.3,2024-10-25,2024-10-25
ASM003865,STU0216,CRS019,4,assignment,50,49.0,2024-10-13,2024-10-12
ASM003866,STU0216,CRS019,5,quiz,25,13.7,2024-10-19,2024-10-20
ASM003867,STU0216,CRS019,5,assignment,50,26.3,2024-11-23,2024-11-23
ASM003868,STU0216,CRS019,6,quiz,25,18.2,2024-11-26,2024-11-26
ASM003869,STU0216,CRS019,6,assignment,50,31.5,2024-11-02,2024-11-04
ASM003870,STU0216,CRS019,6,project,100,47.9,2024-11-14,2024-11-16
ASM003871,STU0216,CRS019,6,exam,100,84.9,2024-11-26,2024-11-26
ASM003872,STU0217,CRS001,1,quiz,25,15.4,2023-03-01,2023-03-02
ASM003873,STU0217,CRS001,1,assignment,50,31.3,2023-03-06,2023-03-03
ASM003874,STU0217,CRS001,2,quiz,25,14.8,2023-03-23,2023-03-22
ASM003875,STU0217,CRS001,2,assignment,50,33.3,2023-03-21,2023-03-20
ASM003876,STU0217,CRS001,3,quiz,25,12.1,2023-04-10,2023-04-10
ASM003877,STU0217,CRS001,3,assignment,50,33.4,2023-04-01,2023-04-01
ASM003878,STU0217,CRS001,3,project,100,74.8,2023-04-01,2023-03-30
ASM003879,STU0217,CRS001,4,quiz,25,14.8,2023-05-10,2023-05-10
ASM003880,STU0217,CRS001,4,assignment,50,16.9,2023-04-12,2023-04-13
ASM003881,STU0217,CRS001,5,quiz,25,21.9,2023-05-11,2023-05-10
ASM003882,STU0217,CRS001,5,assignment,50,39.9,2023-05-31,2023-05-30
ASM003883,STU0217,CRS001,6,quiz,25,17.5,2023-06-15,2023-06-16
ASM003884,STU0217,CRS001,6,assignment,50,32.5,2023-06-15,2023-06-18
ASM003885,STU0217,CRS001,6,project,100,86.6,2023-05-16,2023-05-23
ASM003886,STU0217,CRS001,7,quiz,25,13.2,2023-07-12,2023-07-14
ASM003887,STU0217,CRS001,7,assignment,50,49.0,2023-06-28,2023-07-05
ASM003888,STU0217,CRS001,8,quiz,25,22.7,2023-07-25,2023-07-27
ASM003889,STU0217,CRS001,8,assignment,50,39.1,2023-06-07,2023-06-04
ASM003890,STU0217,CRS001,8,exam,100,95.6,2023-06-07,2023-06-07
ASM003891,STU0218,CRS010,1,quiz,25,18.0,2023-09-13,2023-09-15
ASM003892,STU0218,CRS010,1,assignment,50,35.5,2023-09-08,2023-09-07
ASM003893,STU0218,CRS010,2,quiz,25,12.8,2023-10-04,2023-10-04
ASM003894,STU0218,CRS010,2,assignment,50,24.5,2023-09-30,2023-10-02
ASM003895,STU0218,CRS010,3,quiz,25,24.5,2023-10-09,2023-10-16
ASM003896,STU0218,CRS010,3,assignment,50,21.5,2023-10-15,2023-10-15
ASM003897,STU0218,CRS010,3,project,100,79.5,2023-10-21,2023-10-19
ASM003898,STU0218,CRS010,4,quiz,25,17.6,2023-10-24,2023-10-26
ASM003899,STU0218,CRS010,4,assignment,50,30.8,2023-11-05,2023-11-03
ASM003900,STU0218,CRS010,5,quiz,25,19.4,2023-12-08,2023-12-08
ASM003901,STU0218,CRS010,5,assignment,50,32.9,2023-11-03,2023-11-03
ASM003902,STU0218,CRS010,6,quiz,25,11.7,2023-11-29,2023-12-01
ASM003903,STU0218,CRS010,6,assignment,50,24.1,2023-11-29,2023-12-04
ASM003904,STU0218,CRS010,6,project,100,51.7,2023-11-23,2023-11-22
ASM003905,STU0218,CRS010,7,quiz,25,14.5,2023-12-29,2023-12-29
ASM003906,STU0218,CRS010,7,assignment,50,34.4,2023-12-01,2023-12-02
ASM003907,STU0218,CRS010,8,quiz,25,5.8,2024-01-16,2024-01-14
ASM003908,STU0218,CRS010,8,assignment,50,27.7,2023-12-15,2023-12-17
ASM003909,STU0218,CRS010,9,quiz,25,13.5,2023-12-29,2023-12-31
ASM003910,STU0218,CRS010,9,assignment,50,41.4,2024-02-21,2024-02-21
ASM003911,STU0218,CRS010,9,project,100,89.6,2023-12-29,2023-12-29
ASM003912,STU0218,CRS010,10,quiz,25,20.5,2024-03-12,2024-03-14
ASM003913,STU0218,CRS010,10,assignment,50,49.0,2024-01-12,2024-01-17
ASM003914,STU0218,CRS010,10,exam,100,52.3,2024-01-12,2024-01-12
ASM003915,STU0219,CRS008,1,quiz,25,11.3,2024-03-23,2024-03-23
ASM003916,STU0219,CRS008,1,assignment,50,39.9,2024-03-20,2024-03-20
ASM003917,STU0219,CRS008,2,quiz,25,19.1,2024-04-17,2024-04-15
ASM003918,STU0219,CRS008,2,assignment,50,30.2,2024-04-07,2024-04-09
ASM003919,STU0219,CRS008,3,quiz,25,11.1,2024-04-29,2024-05-02
ASM003920,STU0219,CRS008,3,assignment,50,45.6,2024-04-23,2024-04-23
ASM003921,STU0219,CRS008,3,project,100,75.9,2024-04-20,2024-04-20
ASM003922,STU0219,CRS008,4,quiz,25,12.4,2024-05-09,2024-05-10
ASM003923,STU0219,CRS008,4,assignment,50,36.8,2024-05-17,2024-05-16
ASM003924,STU0219,CRS008,5,quiz,25,15.7,2024-06-04,2024-06-07
ASM003925,STU0219,CRS008,5,assignment,50,48.1,2024-05-15,2024-05-17
ASM003926,STU0219,CRS008,6,quiz,25,15.5,2024-06-28,2024-06-27
ASM003927,STU0219,CRS008,6,assignment,50,45.0,2024-07-10,2024-07-13
ASM003928,STU0219,CRS008,6,project,100,49.7,2024-06-10,2024-06-10
ASM003929,STU0219,CRS008,6,exam,100,44.7,2024-06-16,2024-06-15
ASM003930,STU0220,CRS010,1,quiz,25,21.4,2024-08-27,2024-08-25
ASM003931,STU0220,CRS010,1,assignment,50,28.3,2024-09-01,2024-09-01
ASM003932,STU0220,CRS010,2,quiz,25,10.5,2024-09-10,2024-09-10
ASM003933,STU0220,CRS010,2,assignment,50,31.2,2024-09-12,2024-09-14
ASM003934,STU0220,CRS010,3,quiz,25,19.0,2024-09-24,2024-09-25
ASM003935,STU0220,CRS010,3,assignment,50,27.8,2024-10-15,2024-10-22
ASM003936,STU0220,CRS010,3,project,100,59.6,2024-10-12,2024-10-14
ASM003937,STU0220,CRS010,4,quiz,25,11.6,2024-11-01,2024-11-04
ASM003938,STU0220,CRS010,4,assignment,50,18.4,2024-11-05,2024-11-03
ASM003939,STU0220,CRS010,5,quiz,25,17.5,2024-11-11,2024-11-09
ASM003940,STU0220,CRS010,5,assignment,50,20.9,2024-11-06,2024-11-04
ASM003941,STU0220,CRS010,6,quiz,25,17.6,2024-11-11,2024-11-10
ASM003942,STU0220,CRS010,6,assignment,50,13.9,2024-11-23,2024-11-30
ASM003943,STU0220,CRS010,6,project,100,82.4,2024-11-23,2024-11-21
ASM003944,STU0220,CRS010,6,exam,100,37.3,2024-11-23,2024-11-22
ASM003945,STU0221,CRS002,1,quiz,25,11.0,2023-02-10,2023-02-12
ASM003946,STU0221,CRS002,1,assignment,50,37.4,2023-02-08,2023-02-08
ASM003947,STU0221,CRS002,2,quiz,25,11.8,2023-02-22,2023-03-01
ASM003948,STU0221,CRS002,2,assignment,50,34.0,2023-02-24,2023-02-24
ASM003949,STU0221,CRS002,3,quiz,25,21.0,2023-03-26,2023-04-02
ASM003950,STU0221,CRS002,3,assignment,50,34.4,2023-03-17,2023-03-17
ASM003951,STU0221,CRS002,3,project,100,70.0,2023-03-17,2023-03-17
ASM003952,STU0221,CRS002,4,quiz,25,22.8,2023-04-11,2023-04-12
ASM003953,STU0221,CRS002,4,assignment,50,30.9,2023-03-30,2023-03-31
ASM003954,STU0221,CRS002,5,quiz,25,15.9,2023-04-25,2023-04-27
ASM003955,STU0221,CRS002,5,assignment,50,35.9,2023-04-30,2023-05-07
ASM003956,STU0221,CRS002,6,quiz,25,14.8,2023-05-01,2023-05-06
ASM003957,STU0221,CRS002,6,assignment,50,15.8,2023-05-25,2023-05-25
ASM003958,STU0221,CRS002,6,project,100,54.3,2023-05-01,2023-05-01
ASM003959,STU0221,CRS002,6,exam,100,81.0,2023-05-19,2023-05-19
ASM003960,STU0222,CRS016,1,quiz,25,21.5,2023-08-28,2023-08-30
ASM003961,STU0222,CRS016,1,assignment,50,25.4,2023-09-02,2023-09-02
ASM003962,STU0222,CRS016,2,quiz,25,21.5,2023-09-16,2023-09-13
ASM003963,STU0222,CRS016,2,assignment,50,46.3,2023-09-24,2023-09-26
ASM003964,STU0222,CRS016,3,quiz,25,21.2,2023-09-30,2023-10-02
ASM003965,STU0222,CRS016,3,assignment,50,47.4,2023-10-09,2023-10-09
ASM003966,STU0222,CRS016,3,project,100,61.3,2023-10-06,2023-10-08
ASM003967,STU0222,CRS016,4,quiz,25,19.8,2023-10-24,2023-10-24
ASM003968,STU0222,CRS016,4,assignment,50,42.1,2023-10-24,2023-10-26
ASM003969,STU0222,CRS016,5,quiz,25,17.3,2023-11-11,2023-11-12
ASM003970,STU0222,CRS016,5,assignment,50,33.1,2023-11-01,2023-11-01
ASM003971,STU0222,CRS016,6,quiz,25,13.6,2023-11-23,2023-11-20
ASM003972,STU0222,CRS016,6,assignment,50,23.1,2023-12-11,2023-12-16
ASM003973,STU0222,CRS016,6,project,100,97.1,2023-12-11,2023-12-09
ASM003974,STU0222,CRS016,6,exam,100,76.6,2023-12-11,2023-12-11
ASM003975,STU0223,CRS020,1,quiz,25,18.4,2024-02-08,2024-02-06
ASM003976,STU0223,CRS020,1,assignment,50,44.1,2024-02-07,2024-02-04
ASM003977,STU0223,CRS020,2,quiz,25,22.4,2024-02-23,2024-02-23
ASM003978,STU0223,CRS020,2,assignment,50,37.0,2024-02-23,2024-02-22
ASM003979,STU0223,CRS020,3,quiz,25,14.1,2024-03-09,2024-03-12
ASM003980,STU0223,CRS020,3,assignment,50,41.4,2024-03-12,2024-03-15
ASM003981,STU0223,CRS020,3,project,100,89.5,2024-03-15,2024-03-18
ASM003982,STU0223,CRS020,4,quiz,25,14.2,2024-03-28,2024-03-26
ASM003983,STU0223,CRS020,4,assignment,50,32.2,2024-04-09,2024-04-08
ASM003984,STU0223,CRS020,4,exam,100,68.3,2024-04-17,2024-04-17
ASM003985,STU0224,CRS011,1,quiz,25,24.5,2024-09-17,2024-09-17
ASM003986,STU0224,CRS011,1,assignment,50,40.2,2024-09-15,2024-09-16
ASM003987,STU0224,CRS011,2,quiz,25,12.8,2024-10-09,2024-10-10
ASM003988,STU0224,CRS011,2,assignment,50,27.8,2024-09-29,2024-09-30
ASM003989,STU0224,CRS011,3,quiz,25,20.9,2024-11-01,2024-11-02
ASM003990,STU0224,CRS011,3,assignment,50,14.4,2024-10-11,2024-10-18
ASM003991,STU0224,CRS011,3,project,100,63.5,2024-10-14,2024-10-16
ASM003992,STU0224,CRS011,4,quiz,25,20.8,2024-11-10,2024-11-08
ASM003993,STU0224,CRS011,4,assignment,50,28.8,2024-11-06,2024-11-05
ASM003994,STU0224,CRS011,5,quiz,25,16.8,2024-11-18,2024-11-25
ASM003995,STU0224,CRS011,5,assignment,50,38.0,2024-12-03,2024-12-03
ASM003996,STU0224,CRS011,6,quiz,25,15.0,2024-12-28,2024-12-26
ASM003997,STU0224,CRS011,6,assignment,50,40.9,2024-11-28,2024-11-28
ASM003998,STU0224,CRS011,6,project,100,98.0,2024-12-04,2024-12-05
ASM003999,STU0224,CRS011,6,exam,100,73.8,2024-11-28,2024-11-29
ASM004000,STU0225,CRS005,1,quiz,25,16.3,2023-03-24,2023-03-23
ASM004001,STU0225,CRS005,1,assignment,50,20.8,2023-03-23,2023-03-21
ASM004002,STU0225,CRS005,2,quiz,25,16.4,2023-04-11,2023-04-11
ASM004003,STU0225,CRS005,2,assignment,50,44.4,2023-04-07,2023-04-06
ASM004004,STU0225,CRS005,3,quiz,25,19.3,2023-04-27,2023-04-27
ASM004005,STU0225,CRS005,3,assignment,50,38.3,2023-04-15,2023-04-16
ASM004006,STU0225,CRS005,3,project,100,85.6,2023-04-15,2023-04-13
ASM004007,STU0225,CRS005,4,quiz,25,24.2,2023-05-23,2023-05-22
ASM004008,STU0225,CRS005,4,assignment,50,36.9,2023-05-23,2023-05-22
ASM004009,STU0225,CRS005,5,quiz,25,17.2,2023-05-13,2023-05-12
ASM004010,STU0225,CRS005,5,assignment,50,39.1,2023-05-18,2023-05-18
ASM004011,STU0225,CRS005,6,quiz,25,22.4,2023-06-02,2023-06-07
ASM004012,STU0225,CRS005,6,assignment,50,24.2,2023-07-08,2023-07-09
ASM004013,STU0225,CRS005,6,project,100,95.4,2023-06-08,2023-06-13
ASM004014,STU0225,CRS005,7,quiz,25,20.1,2023-06-17,2023-06-20
ASM004015,STU0225,CRS005,7,assignment,50,36.3,2023-06-24,2023-06-22
ASM004016,STU0225,CRS005,8,quiz,25,21.4,2023-08-11,2023-08-10
ASM004017,STU0225,CRS005,8,assignment,50,17.9,2023-08-03,2023-08-04
ASM004018,STU0225,CRS005,8,exam,100,66.6,2023-08-19,2023-08-18
ASM004019,STU0226,CRS018,1,quiz,25,17.2,2023-08-10,2023-08-13
ASM004020,STU0226,CRS018,1,assignment,50,49.0,2023-08-07,2023-08-10
ASM004021,STU0226,CRS018,2,quiz,25,20.9,2023-08-22,2023-08-22
ASM004022,STU0226,CRS018,2,assignment,50,32.3,2023-08-28,2023-08-27
ASM004023,STU0226,CRS018,3,quiz,25,24.1,2023-09-22,2023-09-29
ASM004024,STU0226,CRS018,3,assignment,50,34.8,2023-09-19,2023-09-19
ASM004025,STU0226,CRS018,3,project,100,59.4,2023-09-04,2023-09-04
ASM004026,STU0226,CRS018,4,quiz,25,11.9,2023-10-13,2023-10-12
ASM004027,STU0226,CRS018,4,assignment,50,38.8,2023-10-09,2023-10-09
ASM004028,STU0226,CRS018,5,quiz,25,7.9,2023-09-29,2023-09-29
ASM004029,STU0226,CRS018,5,assignment,50,40.7,2023-09-29,2023-09-29
ASM004030,STU0226,CRS018,6,quiz,25,21.4,2023-10-25,2023-10-24
ASM004031,STU0226,CRS018,6,assignment,50,47.6,2023-11-12,2023-11-12
ASM004032,STU0226,CRS018,6,project,100,98.0,2023-11-12,2023-11-09
ASM004033,STU0226,CRS018,7,quiz,25,14.2,2023-12-01,2023-12-01
ASM004034,STU0226,CRS018,7,assignment,50,33.9,2023-11-24,2023-11-24
ASM004035,STU0226,CRS018,8,quiz,25,8.6,2023-11-26,2023-11-27
ASM004036,STU0226,CRS018,8,assignment,50,30.3,2023-11-26,2023-11-24
ASM004037,STU0226,CRS018,8,exam,100,49.1,2023-11-26,2023-11-26
ASM004038,STU0227,CRS015,1,quiz,25,19.2,2024-02-05,2024-02-05
ASM004039,STU0227,CRS015,1,assignment,50,24.5,2024-02-09,2024-02-08
ASM004040,STU0227,CRS015,2,quiz,25,12.3,2024-02-19,2024-02-26
ASM004041,STU0227,CRS015,2,assignment,50,40.3,2024-02-23,2024-02-26
ASM004042,STU0227,CRS015,3,quiz,25,17.2,2024-03-04,2024-03-11
ASM004043,STU0227,CRS015,3,assignment,50,8.9,2024-03-13,2024-03-14
ASM004044,STU0227,CRS015,3,project,100,52.2,2024-03-16,2024-03-16
ASM004045,STU0227,CRS015,4,quiz,25,14.4,2024-04-03,2024-04-04
ASM004046,STU0227,CRS015,4,assignment,50,44.2,2024-03-22,2024-03-23
ASM004047,STU0227,CRS015,5,quiz,25,12.5,2024-04-21,2024-04-21
ASM004048,STU0227,CRS015,5,assignment,50,24.9,2024-04-01,2024-04-02
ASM004049,STU0227,CRS015,6,quiz,25,19.2,2024-05-27,2024-05-25
ASM004050,STU0227,CRS015,6,assignment,50,29.5,2024-05-21,2024-05-21
ASM004051,STU0227,CRS015,6,project,100,68.2,2024-05-27,2024-05-26
ASM004052,STU0227,CRS015,7,quiz,25,9.7,2024-04-29,2024-05-04
ASM004053,STU0227,CRS015,7,assignment,50,36.9,2024-06-17,2024-06-16
ASM004054,STU0227,CRS015,8,quiz,25,4.9,2024-05-21,2024-05-22
ASM004055,STU0227,CRS015,8,assignment,50,23.8,2024-07-08,2024-07-08
ASM004056,STU0227,CRS015,9,quiz,25,15.4,2024-06-14,2024-06-17
ASM004057,STU0227,CRS015,9,assignment,50,31.5,2024-07-20,2024-07-20
ASM004058,STU0227,CRS015,9,project,100,54.8,2024-06-14,2024-06-14
ASM004059,STU0227,CRS015,10,quiz,25,16.2,2024-07-10,2024-07-10
ASM004060,STU0227,CRS015,10,assignment,50,16.6,2024-07-30,2024-07-31
ASM004061,STU0227,CRS015,10,exam,100,74.8,2024-06-10,2024-06-10
ASM004062,STU0228,CRS008,1,quiz,25,22.1,2024-08-10,2024-08-10
ASM004063,STU0228,CRS008,1,assignment,50,23.1,2024-08-11,2024-08-14
ASM004064,STU0228,CRS008,2,quiz,25,8.5,2024-09-02,2024-09-02
ASM004065,STU0228,CRS008,2,assignment,50,30.5,2024-08-31,2024-09-01
ASM004066,STU0228,CRS008,3,quiz,25,15.8,2024-09-07,2024-09-06
ASM004067,STU0228,CRS008,3,assignment,50,27.7,2024-09-10,2024-09-12
ASM004068,STU0228,CRS008,3,project,100,79.6,2024-09-16,2024-09-15
ASM004069,STU0228,CRS008,4,quiz,25,14.3,2024-10-12,2024-10-12
ASM004070,STU0228,CRS008,4,assignment,50,35.6,2024-10-04,2024-10-03
ASM004071,STU0228,CRS008,5,quiz,25,20.0,2024-10-17,2024-10-18
ASM004072,STU0228,CRS008,5,assignment,50,40.7,2024-10-22,2024-10-24
ASM004073,STU0228,CRS008,6,quiz,25,20.2,2024-11-03,2024-11-06
ASM004074,STU0228,CRS008,6,assignment,50,49.0,2024-10-22,2024-10-22
ASM004075,STU0228,CRS008,6,project,100,49.0,2024-10-28,2024-10-27
ASM004076,STU0228,CRS008,6,exam,100,28.3,2024-10-28,2024-10-28
ASM004077,STU0229,CRS010,1,quiz,25,18.8,2023-02-27,2023-02-28
ASM004078,STU0229,CRS010,1,assignment,50,30.2,2023-02-27,2023-02-27
ASM004079,STU0229,CRS010,2,quiz,25,8.6,2023-03-12,2023-03-12
ASM004080,STU0229,CRS010,2,assignment,50,22.9,2023-03-14,2023-03-14
ASM004081,STU0229,CRS010,3,quiz,25,23.1,2023-04-06,2023-04-04
ASM004082,STU0229,CRS010,3,assignment,50,16.1,2023-03-25,2023-03-25
ASM004083,STU0229,CRS010,3,project,100,90.6,2023-04-09,2023-04-09
ASM004084,STU0229,CRS010,4,quiz,25,17.3,2023-04-21,2023-04-28
ASM004085,STU0229,CRS010,4,assignment,50,28.0,2023-04-25,2023-04-22
ASM004086,STU0229,CRS010,5,quiz,25,21.0,2023-05-09,2023-05-11
ASM004087,STU0229,CRS010,5,assignment,50,28.1,2023-05-04,2023-05-01
ASM004088,STU0229,CRS010,6,quiz,25,22.1,2023-05-09,2023-05-14
ASM004089,STU0229,CRS010,6,assignment,50,28.1,2023-05-09,2023-05-14
ASM004090,STU0229,CRS010,6,project,100,58.7,2023-05-21,2023-05-21
ASM004091,STU0229,CRS010,7,quiz,25,16.1,2023-06-21,2023-06-21
ASM004092,STU0229,CRS010,7,assignment,50,35.0,2023-06-21,2023-06-20
ASM004093,STU0229,CRS010,8,quiz,25,15.7,2023-07-02,2023-06-30
ASM004094,STU0229,CRS010,8,assignment,50,36.6,2023-07-10,2023-07-09
ASM004095,STU0229,CRS010,9,quiz,25,10.0,2023-07-11,2023-07-12
ASM004096,STU0229,CRS010,9,assignment,50,46.5,2023-08-07,2023-08-07
ASM004097,STU0229,CRS010,9,project,100,33.5,2023-06-23,2023-06-22
ASM004098,STU0229,CRS010,10,quiz,25,20.2,2023-06-28,2023-06-25
ASM004099,STU0229,CRS010,10,assignment,50,43.1,2023-08-07,2023-08-14
ASM004100,STU0229,CRS010,10,exam,100,94.1,2023-07-08,2023-07-07
ASM004101,STU0230,CRS008,1,quiz,25,13.2,2023-09-29,2023-09-26
ASM004102,STU0230,CRS008,1,assignment,50,40.4,2023-09-29,2023-09-30
ASM004103,STU0230,CRS008,2,quiz,25,9.5,2023-10-26,2023-10-26
ASM004104,STU0230,CRS008,2,assignment,50,22.0,2023-10-26,2023-10-23
ASM004105,STU0230,CRS008,3,quiz,25,19.3,2023-11-10,2023-11-08
ASM004106,STU0230,CRS008,3,assignment,50,23.4,2023-11-10,2023-11-10
ASM004107,STU0230,CRS008,3,project,100,27.8,2023-11-01,2023-11-06
ASM004108,STU0230,CRS008,4,quiz,25,12.7,2023-12-03,2023-12-03
ASM004109,STU0230,CRS008,4,assignment,50,24.4,2023-11-29,2023-12-02
ASM004110,STU0230,CRS008,5,quiz,25,13.9,2023-12-28,2023-12-28
ASM004111,STU0230,CRS008,5,assignment,50,37.7,2023-12-13,2023-12-12
ASM004112,STU0230,CRS008,6,quiz,25,20.8,2024-01-06,2024-01-06
ASM004113,STU0230,CRS008,6,assignment,50,26.1,2023-12-31,2023-12-31
ASM004114,STU0230,CRS008,6,project,100,85.3,2024-01-06,2024-01-08
ASM004115,STU0230,CRS008,6,exam,100,73.1,2024-01-06,2024-01-08
ASM004116,STU0231,CRS011,1,quiz,25,13.1,2024-03-30,2024-03-30
ASM004117,STU0231,CRS011,1,assignment,50,36.1,2024-03-29,2024-04-05
ASM004118,STU0231,CRS011,2,quiz,25,11.9,2024-04-21,2024-04-18
ASM004119,STU0231,CRS011,2,assignment,50,48.1,2024-04-11,2024-04-14
ASM004120,STU0231,CRS011,3,quiz,25,18.4,2024-05-10,2024-05-11
ASM004121,STU0231,CRS011,3,assignment,50,33.6,2024-05-04,2024-05-02
ASM004122,STU0231,CRS011,3,project,100,90.7,2024-04-28,2024-04-30
ASM004123,STU0231,CRS011,4,quiz,25,20.3,2024-05-29,2024-05-27
ASM004124,STU0231,CRS011,4,assignment,50,32.8,2024-05-09,2024-05-09
ASM004125,STU0231,CRS011,5,quiz,25,17.1,2024-06-22,2024-06-22
ASM004126,STU0231,CRS011,5,assignment,50,36.3,2024-06-12,2024-06-11
ASM004127,STU0231,CRS011,6,quiz,25,11.0,2024-07-12,2024-07-12
ASM004128,STU0231,CRS011,6,assignment,50,22.7,2024-06-18,2024-06-18
ASM004129,STU0231,CRS011,6,project,100,90.5,2024-06-24,2024-06-24
ASM004130,STU0231,CRS011,7,quiz,25,11.5,2024-07-18,2024-07-19
ASM004131,STU0231,CRS011,7,assignment,50,44.4,2024-07-04,2024-07-05
ASM004132,STU0231,CRS011,8,quiz,25,22.6,2024-07-20,2024-07-25
ASM004133,STU0231,CRS011,8,assignment,50,43.1,2024-08-05,2024-08-04
ASM004134,STU0231,CRS011,9,quiz,25,14.8,2024-08-05,2024-08-06
ASM004135,STU0231,CRS011,9,assignment,50,33.7,2024-07-27,2024-07-28
ASM004136,STU0231,CRS011,9,project,100,71.0,2024-08-14,2024-08-15
ASM004137,STU0231,CRS011,10,quiz,25,15.1,2024-08-01,2024-08-02
ASM004138,STU0231,CRS011,10,assignment,50,30.3,2024-08-01,2024-08-04
ASM004139,STU0231,CRS011,10,exam,100,52.9,2024-08-31,2024-08-31
ASM004140,STU0232,CRS011,1,quiz,25,16.4,2024-08-17,2024-08-17
ASM004141,STU0232,CRS011,1,assignment,50,20.9,2024-08-12,2024-08-14
ASM004142,STU0232,CRS011,2,quiz,25,20.2,2024-09-07,2024-09-06
ASM004143,STU0232,CRS011,2,assignment,50,24.6,2024-08-28,2024-08-31
ASM004144,STU0232,CRS011,3,quiz,25,16.7,2024-09-22,2024-09-22
ASM004145,STU0232,CRS011,3,assignment,50,19.5,2024-09-19,2024-09-19
ASM004146,STU0232,CRS011,3,project,100,89.7,2024-09-07,2024-09-07
ASM004147,STU0232,CRS011,4,quiz,25,17.3,2024-09-25,2024-09-25
ASM004148,STU0232,CRS011,4,assignment,50,19.3,2024-10-19,2024-10-19
ASM004149,STU0232,CRS011,5,quiz,25,11.8,2024-10-20,2024-10-21
ASM004150,STU0232,CRS011,5,assignment,50,39.6,2024-10-15,2024-10-16
ASM004151,STU0232,CRS011,6,quiz,25,18.5,2024-10-25,2024-10-26
ASM004152,STU0232,CRS011,6,assignment,50,41.4,2024-11-06,2024-11-05
ASM004153,STU0232,CRS011,6,project,100,38.7,2024-11-06,2024-11-11
ASM004154,STU0232,CRS011,7,quiz,25,6.5,2024-11-02,2024-11-02
ASM004155,STU0232,CRS011,7,assignment,50,49.0,2024-11-16,2024-11-15
ASM004156,STU0232,CRS011,7,exam,100,54.0,2024-11-23,2024-11-24
ASM004157,STU0233,CRS017,1,quiz,25,15.4,2023-03-01,2023-03-08
ASM004158,STU0233,CRS017,1,assignment,50,16.5,2023-02-28,2023-03-01
ASM004159,STU0233,CRS017,2,quiz,25,22.2,2023-03-19,2023-03-19
ASM004160,STU0233,CRS017,2,assignment,50,47.6,2023-03-23,2023-03-24
ASM004161,STU0233,CRS017,3,quiz,25,19.7,2023-04-05,2023-04-07
ASM004162,STU0233,CRS017,3,assignment,50,23.7,2023-04-11,2023-04-11
ASM004163,STU0233,CRS017,3,project,100,85.8,2023-04-08,2023-04-07
ASM004164,STU0233,CRS017,4,quiz,25,21.3,2023-05-08,2023-05-09
ASM004165,STU0233,CRS017,4,assignment,50,35.2,2023-05-08,2023-05-07
ASM004166,STU0233,CRS017,5,quiz,25,12.8,2023-04-24,2023-04-24
ASM004167,STU0233,CRS017,5,assignment,50,12.8,2023-05-14,2023-05-17
ASM004168,STU0233,CRS017,6,quiz,25,11.0,2023-06-19,2023-06-20
ASM004169,STU0233,CRS017,6,assignment,50,16.6,2023-05-14,2023-05-13
ASM004170,STU0233,CRS017,6,project,100,76.0,2023-06-19,2023-06-16
ASM004171,STU0233,CRS017,6,exam,100,73.5,2023-05-20,2023-05-20
ASM004172,STU0234,CRS010,1,quiz,25,19.7,2023-09-05,2023-09-07
ASM004173,STU0234,CRS010,1,assignment,50,35.6,2023-09-05,2023-09-06
ASM004174,STU0234,CRS010,2,quiz,25,23.1,2023-09-22,2023-09-20
ASM004175,STU0234,CRS010,2,assignment,50,45.8,2023-09-18,2023-09-16
ASM004176,STU0234,CRS010,3,quiz,25,17.4,2023-09-29,2023-09-27
ASM004177,STU0234,CRS010,3,assignment,50,37.0,2023-10-11,2023-10-11
ASM004178,STU0234,CRS010,3,project,100,30.3,2023-10-05,2023-10-04
ASM004179,STU0234,CRS010,4,quiz,25,10.5,2023-10-10,2023-10-09
ASM004180,STU0234,CRS010,4,assignment,50,28.4,2023-11-07,2023-11-07
ASM004181,STU0234,CRS010,5,quiz,25,18.1,2023-11-28,2023-11-28
ASM004182,STU0234,CRS010,5,assignment,50,46.8,2023-11-18,2023-11-19
ASM004183,STU0234,CRS010,6,quiz,25,13.3,2023-12-07,2023-12-06
ASM004184,STU0234,CRS010,6,assignment,50,25.6,2023-11-07,2023-11-09
ASM004185,STU0234,CRS010,6,project,100,62.3,2023-11-07,2023-11-06
ASM004186,STU0234,CRS010,7,quiz,25,20.0,2024-01-02,2024-01-03
ASM004187,STU0234,CRS010,7,assignment,50,48.1,2023-12-26,2023-12-24
ASM004188,STU0234,CRS010,8,quiz,25,19.7,2023-12-21,2023-12-28
ASM004189,STU0234,CRS010,8,assignment,50,39.5,2023-12-13,2023-12-10
ASM004190,STU0234,CRS010,9,quiz,25,21.0,2024-02-02,2024-02-03
ASM004191,STU0234,CRS010,9,assignment,50,19.5,2023-12-28,2023-12-28
ASM004192,STU0234,CRS010,9,project,100,68.6,2024-01-15,2024-01-13
ASM004193,STU0234,CRS010,10,quiz,25,3.8,2024-02-01,2024-02-06
ASM004194,STU0234,CRS010,10,assignment,50,19.5,2024-01-12,2024-01-11
ASM004195,STU0234,CRS010,10,exam,100,74.9,2024-03-12,2024-03-10
ASM004196,STU0235,CRS013,1,quiz,25,15.7,2024-03-01,2024-03-02
ASM004197,STU0235,CRS013,1,assignment,50,42.4,2024-03-03,2024-03-01
ASM004198,STU0235,CRS013,2,quiz,25,23.8,2024-03-29,2024-03-29
ASM004199,STU0235,CRS013,2,assignment,50,20.8,2024-03-19,2024-03-17
ASM004200,STU0235,CRS013,3,quiz,25,11.7,2024-04-01,2024-03-30
ASM004201,STU0235,CRS013,3,assignment,50,36.4,2024-04-16,2024-04-16
ASM004202,STU0235,CRS013,3,project,100,73.3,2024-04-01,2024-04-02
ASM004203,STU0235,CRS013,4,quiz,25,15.1,2024-04-12,2024-04-12
ASM004204,STU0235,CRS013,4,assignment,50,19.4,2024-05-10,2024-05-15
ASM004205,STU0235,CRS013,5,quiz,25,16.2,2024-05-11,2024-05-16
ASM004206,STU0235,CRS013,5,assignment,50,26.3,2024-05-16,2024-05-16
ASM004207,STU0235,CRS013,6,quiz,25,16.4,2024-06-15,2024-06-15
ASM004208,STU0235,CRS013,6,assignment,50,33.9,2024-05-22,2024-05-22
ASM004209,STU0235,CRS013,6,project,100,89.3,2024-06-03,2024-06-05
ASM004210,STU0235,CRS013,7,quiz,25,20.9,2024-06-21,2024-06-20
ASM004211,STU0235,CRS013,7,assignment,50,35.9,2024-05-31,2024-05-30
ASM004212,STU0235,CRS013,8,quiz,25,9.6,2024-06-23,2024-06-28
ASM004213,STU0235,CRS013,8,assignment,50,30.3,2024-06-07,2024-06-07
ASM004214,STU0235,CRS013,8,exam,100,73.6,2024-07-09,2024-07-09
ASM004215,STU0236,CRS007,1,quiz,25,10.4,2024-09-04,2024-09-06
ASM004216,STU0236,CRS007,1,assignment,50,24.9,2024-09-09,2024-09-16
ASM004217,STU0236,CRS007,2,quiz,25,17.1,2024-09-28,2024-09-29
ASM004218,STU0236,CRS007,2,assignment,50,29.7,2024-09-18,2024-09-20
ASM004219,STU0236,CRS007,3,quiz,25,12.5,2024-10-11,2024-10-12
ASM004220,STU0236,CRS007,3,assignment,50,29.0,2024-10-23,2024-10-25
ASM004221,STU0236,CRS007,3,project,100,55.5,2024-10-05,2024-10-04
ASM004222,STU0236,CRS007,4,quiz,25,17.0,2024-10-28,2024-10-28
ASM004223,STU0236,CRS007,4,assignment,50,23.9,2024-11-05,2024-11-05
ASM004224,STU0236,CRS007,5,quiz,25,15.2,2024-11-09,2024-11-08
ASM004225,STU0236,CRS007,5,assignment,50,45.7,2024-10-30,2024-10-29
ASM004226,STU0236,CRS007,6,quiz,25,19.6,2024-11-25,2024-11-22
ASM004227,STU0236,CRS007,6,assignment,50,25.0,2024-12-25,2024-12-30
ASM004228,STU0236,CRS007,6,project,100,73.0,2024-11-25,2024-11-25
ASM004229,STU0236,CRS007,7,quiz,25,19.4,2025-01-15,2025-01-14
ASM004230,STU0236,CRS007,7,assignment,50,43.3,2025-01-15,2025-01-15
ASM004231,STU0236,CRS007,7,exam,100,67.5,2024-12-04,2024-12-04
ASM004232,STU0237,CRS002,1,quiz,25,15.5,2023-02-19,2023-02-17
ASM004233,STU0237,CRS002,1,assignment,50,36.5,2023-02-20,2023-02-20
ASM004234,STU0237,CRS002,2,quiz,25,15.5,2023-03-12,2023-03-11
ASM004235,STU0237,CRS002,2,assignment,50,27.3,2023-03-06,2023-03-08
ASM004236,STU0237,CRS002,3,quiz,25,10.3,2023-03-25,2023-03-26
ASM004237,STU0237,CRS002,3,assignment,50,34.0,2023-03-28,2023-03-25
ASM004238,STU0237,CRS002,3,project,100,66.2,2023-03-31,2023-04-05
ASM004239,STU0237,CRS002,4,quiz,25,9.2,2023-04-23,2023-04-30
ASM004240,STU0237,CRS002,4,assignment,50,26.4,2023-04-27,2023-04-27
ASM004241,STU0237,CRS002,5,quiz,25,12.1,2023-05-03,2023-05-04
ASM004242,STU0237,CRS002,5,assignment,50,41.2,2023-05-08,2023-05-08
ASM004243,STU0237,CRS002,6,quiz,25,19.5,2023-06-02,2023-06-04
ASM004244,STU0237,CRS002,6,assignment,50,30.2,2023-05-03,2023-05-01
ASM004245,STU0237,CRS002,6,project,100,70.4,2023-05-21,2023-05-21
ASM004246,STU0237,CRS002,6,exam,100,65.1,2023-04-27,2023-04-29
ASM004247,STU0238,CRS016,1,quiz,25,24.5,2023-08-17,2023-08-14
ASM004248,STU0238,CRS016,1,assignment,50,35.8,2023-08-22,2023-08-22
ASM004249,STU0238,CRS016,2,quiz,25,14.5,2023-09-01,2023-09-01
ASM004250,STU0238,CRS016,2,assignment,50,49.0,2023-09-13,2023-09-12
ASM004251,STU0238,CRS016,3,quiz,25,8.1,2023-09-13,2023-09-13
ASM004252,STU0238,CRS016,3,assignment,50,30.8,2023-09-28,2023-09-28
ASM004253,STU0238,CRS016,3,project,100,70.8,2023-09-19,2023-09-19
ASM004254,STU0238,CRS016,4,quiz,25,14.7,2023-10-17,2023-10-18
ASM004255,STU0238,CRS016,4,assignment,50,23.3,2023-10-25,2023-10-23
ASM004256,STU0238,CRS016,5,quiz,25,16.0,2023-10-16,2023-10-15
ASM004257,STU0238,CRS016,5,assignment,50,20.8,2023-11-15,2023-11-16
ASM004258,STU0238,CRS016,6,quiz,25,24.5,2023-11-18,2023-11-18
ASM004259,STU0238,CRS016,6,assignment,50,35.3,2023-11-18,2023-11-18
ASM004260,STU0238,CRS016,6,project,100,82.3,2023-10-31,2023-11-01
ASM004261,STU0238,CRS016,6,exam,100,49.7,2023-10-25,2023-10-22
ASM004262,STU0239,CRS004,1,quiz,25,17.9,2024-03-01,2024-03-01
ASM004263,STU0239,CRS004,1,assignment,50,26.4,2024-03-02,2024-03-02
ASM004264,STU0239,CRS004,2,quiz,25,16.3,2024-03-10,2024-03-10
ASM004265,STU0239,CRS004,2,assignment,50,41.6,2024-03-16,2024-03-17
ASM004266,STU0239,CRS004,3,quiz,25,23.1,2024-04-14,2024-04-19
ASM004267,STU0239,CRS004,3,assignment,50,27.8,2024-04-11,2024-04-14
ASM004268,STU0239,CRS004,3,project,100,69.0,2024-04-08,2024-04-08
ASM004269,STU0239,CRS004,4,quiz,25,14.7,2024-04-19,2024-04-21
ASM004270,STU0239,CRS004,4,assignment,50,22.8,2024-04-07,2024-04-05
ASM004271,STU0239,CRS004,5,quiz,25,12.8,2024-05-11,2024-05-11
ASM004272,STU0239,CRS004,5,assignment,50,36.0,2024-05-16,2024-05-17
ASM004273,STU0239,CRS004,6,quiz,25,16.7,2024-05-05,2024-05-07
ASM004274,STU0239,CRS004,6,assignment,50,29.7,2024-06-16,2024-06-17
ASM004275,STU0239,CRS004,6,project,100,94.1,2024-05-11,2024-05-16
ASM004276,STU0239,CRS004,6,exam,100,72.0,2024-05-29,2024-05-29
ASM004277,STU0240,CRS009,1,quiz,25,9.8,2024-09-14,2024-09-16
ASM004278,STU0240,CRS009,1,assignment,50,27.1,2024-09-17,2024-09-17
ASM004279,STU0240,CRS009,2,quiz,25,17.9,2024-10-07,2024-10-06
ASM004280,STU0240,CRS009,2,assignment,50,32.4,2024-10-01,2024-09-28
ASM004281,STU0240,CRS009,3,quiz,25,13.8,2024-10-11,2024-10-13
ASM004282,STU0240,CRS009,3,assignment,50,48.7,2024-11-01,2024-11-06
ASM004283,STU0240,CRS009,3,project,100,44.4,2024-10-29,2024-10-31
ASM004284,STU0240,CRS009,4,quiz,25,15.3,2024-11-06,2024-11-07
ASM004285,STU0240,CRS009,4,assignment,50,28.3,2024-11-06,2024-11-06
ASM004286,STU0240,CRS009,5,quiz,25,17.1,2024-12-08,2024-12-08
ASM004287,STU0240,CRS009,5,assignment,50,49.0,2024-11-28,2024-11-26
ASM004288,STU0240,CRS009,6,quiz,25,10.1,2024-12-04,2024-12-03
ASM004289,STU0240,CRS009,6,assignment,50,20.8,2024-12-16,2024-12-23
ASM004290,STU0240,CRS009,6,project,100,67.2,2024-12-10,2024-12-09
ASM004291,STU0240,CRS009,6,exam,100,53.6,2024-12-04,2024-12-06
ASM004292,STU0241,CRS013,1,quiz,25,17.4,2023-02-25,2023-02-25
ASM004293,STU0241,CRS013,1,assignment,50,31.0,2023-02-22,2023-03-01
ASM004294,STU0241,CRS013,2,quiz,25,16.5,2023-03-15,2023-03-14
ASM004295,STU0241,CRS013,2,assignment,50,37.2,2023-03-19,2023-03-21
ASM004296,STU0241,CRS013,3,quiz,25,15.6,2023-03-30,2023-03-30
ASM004297,STU0241,CRS013,3,assignment,50,27.2,2023-04-11,2023-04-13
ASM004298,STU0241,CRS013,3,project,100,62.2,2023-03-24,2023-03-24
ASM004299,STU0241,CRS013,4,quiz,25,12.8,2023-04-12,2023-04-13
ASM004300,STU0241,CRS013,4,assignment,50,21.8,2023-04-20,2023-04-18
ASM004301,STU0241,CRS013,5,quiz,25,13.2,2023-04-23,2023-04-22
ASM004302,STU0241,CRS013,5,assignment,50,18.8,2023-05-23,2023-05-28
ASM004303,STU0241,CRS013,6,quiz,25,15.3,2023-05-08,2023-05-06
ASM004304,STU0241,CRS013,6,assignment,50,33.2,2023-05-26,2023-05-31
ASM004305,STU0241,CRS013,6,project,100,93.4,2023-05-02,2023-05-04
ASM004306,STU0241,CRS013,7,quiz,25,6.6,2023-06-27,2023-06-30
ASM004307,STU0241,CRS013,7,assignment,50,34.9,2023-06-13,2023-06-13
ASM004308,STU0241,CRS013,8,quiz,25,18.2,2023-07-09,2023-07-09
ASM004309,STU0241,CRS013,8,assignment,50,22.5,2023-06-23,2023-06-23
ASM004310,STU0241,CRS013,8,exam,100,72.8,2023-07-25,2023-07-30
ASM004311,STU0242,CRS002,1,quiz,25,21.8,2023-09-05,2023-09-03
ASM004312,STU0242,CRS002,1,assignment,50,34.3,2023-09-09,2023-09-09
ASM004313,STU0242,CRS002,2,quiz,25,17.6,2023-10-01,2023-10-02
ASM004314,STU0242,CRS002,2,assignment,50,27.5,2023-09-23,2023-09-23
ASM004315,STU0242,CRS002,3,quiz,25,10.0,2023-10-04,2023-10-03
ASM004316,STU0242,CRS002,3,assignment,50,41.2,2023-10-04,2023-10-09
ASM004317,STU0242,CRS002,3,project,100,38.1,2023-10-22,2023-10-23
ASM004318,STU0242,CRS002,4,quiz,25,12.0,2023-11-08,2023-11-08
ASM004319,STU0242,CRS002,4,assignment,50,32.7,2023-10-23,2023-10-23
ASM004320,STU0242,CRS002,5,quiz,25,10.3,2023-12-03,2023-12-04
ASM004321,STU0242,CRS002,5,assignment,50,27.0,2023-10-29,2023-10-28
ASM004322,STU0242,CRS002,6,quiz,25,14.5,2023-11-18,2023-11-17
ASM004323,STU0242,CRS002,6,assignment,50,25.0,2023-11-18,2023-11-20
ASM004324,STU0242,CRS002,6,project,100,72.8,2023-11-12,2023-11-12
ASM004325,STU0242,CRS002,6,exam,100,56.9,2023-11-30,2023-11-29
ASM004326,STU0243,CRS012,1,quiz,25,24.5,2024-03-07,2024-03-07
ASM004327,STU0243,CRS012,1,assignment,50,34.3,2024-03-10,2024-03-10
ASM004328,STU0243,CRS012,2,quiz,25,11.3,2024-03-30,2024-03-29
ASM004329,STU0243,CRS012,2,assignment,50,45.0,2024-03-18,2024-03-21
ASM004330,STU0243,CRS012,3,quiz,25,13.1,2024-04-13,2024-04-15
ASM004331,STU0243,CRS012,3,assignment,50,32.6,2024-04-19,2024-04-19
ASM004332,STU0243,CRS012,3,project,100,79.1,2024-04-19,2024-04-16
ASM004333,STU0243,CRS012,4,quiz,25,19.1,2024-05-13,2024-05-13
ASM004334,STU0243,CRS012,4,assignment,50,40.4,2024-04-23,2024-04-23
ASM004335,STU0243,CRS012,5,quiz,25,21.9,2024-05-04,2024-05-04
ASM004336,STU0243,CRS012,5,assignment,50,49.0,2024-05-14,2024-05-16
ASM004337,STU0243,CRS012,6,quiz,25,16.1,2024-06-18,2024-06-17
ASM004338,STU0243,CRS012,6,assignment,50,32.4,2024-05-31,2024-05-30
ASM004339,STU0243,CRS012,6,project,100,40.2,2024-06-18,2024-06-18
ASM004340,STU0243,CRS012,7,quiz,25,16.2,2024-07-08,2024-07-06
ASM004341,STU0243,CRS012,7,assignment,50,48.0,2024-06-24,2024-06-24
ASM004342,STU0243,CRS012,8,quiz,25,24.5,2024-08-05,2024-08-06
ASM004343,STU0243,CRS012,8,assignment,50,30.2,2024-06-18,2024-06-18
ASM004344,STU0243,CRS012,8,exam,100,60.4,2024-07-12,2024-07-10
ASM004345,STU0244,CRS013,1,quiz,25,16.6,2024-08-31,2024-08-31
ASM004346,STU0244,CRS013,1,assignment,50,18.1,2024-09-04,2024-09-05
ASM004347,STU0244,CRS013,2,quiz,25,21.2,2024-09-17,2024-09-24
ASM004348,STU0244,CRS013,2,assignment,50,22.3,2024-09-15,2024-09-14
ASM004349,STU0244,CRS013,3,quiz,25,19.5,2024-10-18,2024-10-19
ASM004350,STU0244,CRS013,3,assignment,50,27.4,2024-10-06,2024-10-03
ASM004351,STU0244,CRS013,3,project,100,46.8,2024-10-09,2024-10-09
ASM004352,STU0244,CRS013,4,quiz,25,15.9,2024-10-11,2024-10-16
ASM004353,STU0244,CRS013,4,assignment,50,31.1,2024-10-31,2024-11-05
ASM004354,STU0244,CRS013,5,quiz,25,20.0,2024-11-04,2024-11-03
ASM004355,STU0244,CRS013,5,assignment,50,21.8,2024-10-30,2024-10-30
ASM004356,STU0244,CRS013,6,quiz,25,8.8,2024-12-02,2024-12-01
ASM004357,STU0244,CRS013,6,assignment,50,46.4,2024-12-14,2024-12-14
ASM004358,STU0244,CRS013,6,project,100,76.7,2024-12-20,2024-12-23
ASM004359,STU0244,CRS013,7,quiz,25,18.7,2024-11-29,2024-12-01
ASM004360,STU0244,CRS013,7,assignment,50,37.5,2024-11-22,2024-11-22
ASM004361,STU0244,CRS013,7,exam,100,42.9,2024-11-22,2024-11-25
ASM004362,STU0245,CRS018,1,quiz,25,17.6,2023-02-16,2023-02-15
ASM004363,STU0245,CRS018,1,assignment,50,5.0,2023-02-22,2023-02-21
ASM004364,STU0245,CRS018,2,quiz,25,14.7,2023-03-07,2023-03-09
ASM004365,STU0245,CRS018,2,assignment,50,17.2,2023-03-05,2023-03-10
ASM004366,STU0245,CRS018,3,quiz,25,8.5,2023-04-02,2023-04-03
ASM004367,STU0245,CRS018,3,assignment,50,20.4,2023-03-24,2023-03-25
ASM004368,STU0245,CRS018,3,project,100,51.3,2023-04-05,2023-04-05
ASM004369,STU0245,CRS018,4,quiz,25,12.9,2023-04-22,2023-04-22
ASM004370,STU0245,CRS018,4,assignment,50,15.8,2023-04-18,2023-04-18
ASM004371,STU0245,CRS018,5,quiz,25,16.7,2023-05-02,2023-05-09
ASM004372,STU0245,CRS018,5,assignment,50,29.8,2023-04-17,2023-04-18
ASM004373,STU0245,CRS018,6,quiz,25,14.3,2023-05-08,2023-05-06
ASM004374,STU0245,CRS018,6,assignment,50,23.0,2023-05-26,2023-05-25
ASM004375,STU0245,CRS018,6,project,100,73.5,2023-06-01,2023-06-04
ASM004376,STU0245,CRS018,7,quiz,25,16.9,2023-06-28,2023-06-26
ASM004377,STU0245,CRS018,7,assignment,50,20.1,2023-05-10,2023-05-09
ASM004378,STU0245,CRS018,8,quiz,25,12.0,2023-07-11,2023-07-10
ASM004379,STU0245,CRS018,8,assignment,50,45.3,2023-07-03,2023-07-02
ASM004380,STU0245,CRS018,8,exam,100,61.1,2023-06-01,2023-06-01
ASM004381,STU0246,CRS020,1,quiz,25,12.7,2023-08-09,2023-08-09
ASM004382,STU0246,CRS020,1,assignment,50,27.4,2023-08-05,2023-08-02
ASM004383,STU0246,CRS020,2,quiz,25,12.6,2023-08-27,2023-08-29
ASM004384,STU0246,CRS020,2,assignment,50,49.0,2023-08-27,2023-08-26
ASM004385,STU0246,CRS020,3,quiz,25,23.1,2023-09-14,2023-09-19
ASM004386,STU0246,CRS020,3,assignment,50,32.4,2023-09-14,2023-09-16
ASM004387,STU0246,CRS020,3,project,100,51.5,2023-09-20,2023-09-20
ASM004388,STU0246,CRS020,4,quiz,25,18.4,2023-10-10,2023-10-09
ASM004389,STU0246,CRS020,4,assignment,50,39.6,2023-09-16,2023-09-18
ASM004390,STU0246,CRS020,4,exam,100,58.5,2023-10-06,2023-10-06
ASM004391,STU0247,CRS013,1,quiz,25,20.8,2024-02-28,2024-02-28
ASM004392,STU0247,CRS013,1,assignment,50,25.2,2024-02-25,2024-02-27
ASM004393,STU0247,CRS013,2,quiz,25,10.1,2024-03-12,2024-03-11
ASM004394,STU0247,CRS013,2,assignment,50,32.0,2024-03-18,2024-03-16
ASM004395,STU0247,CRS013,3,quiz,25,12.6,2024-04-04,2024-04-03
ASM004396,STU0247,CRS013,3,assignment,50,37.5,2024-03-26,2024-03-29
ASM004397,STU0247,CRS013,3,project,100,57.3,2024-03-26,2024-03-28
ASM004398,STU0247,CRS013,4,quiz,25,19.4,2024-04-07,2024-04-07
ASM004399,STU0247,CRS013,4,assignment,50,20.8,2024-04-23,2024-04-24
ASM004400,STU0247,CRS013,5,quiz,25,24.5,2024-04-17,2024-04-18
ASM004401,STU0247,CRS013,5,assignment,50,34.7,2024-05-17,2024-05-16
ASM004402,STU0247,CRS013,6,quiz,25,18.8,2024-05-25,2024-05-24
ASM004403,STU0247,CRS013,6,assignment,50,42.7,2024-06-12,2024-06-12
ASM004404,STU0247,CRS013,6,project,100,46.2,2024-06-12,2024-06-12
ASM004405,STU0247,CRS013,7,quiz,25,12.9,2024-05-29,2024-05-31
ASM004406,STU0247,CRS013,7,assignment,50,26.7,2024-05-22,2024-05-20
ASM004407,STU0247,CRS013,8,quiz,25,19.8,2024-06-30,2024-07-01
ASM004408,STU0247,CRS013,8,assignment,50,37.6,2024-06-30,2024-06-30
ASM004409,STU0247,CRS013,8,exam,100,98.0,2024-07-16,2024-07-23
ASM004410,STU0248,CRS012,1,quiz,25,16.6,2024-09-15,2024-09-13
ASM004411,STU0248,CRS012,1,assignment,50,21.0,2024-09-21,2024-09-21
ASM004412,STU0248,CRS012,2,quiz,25,16.4,2024-10-05,2024-10-08
ASM004413,STU0248,CRS012,2,assignment,50,38.8,2024-10-03,2024-10-03
ASM004414,STU0248,CRS012,3,quiz,25,13.4,2024-10-13,2024-10-18
ASM004415,STU0248,CRS012,3,assignment,50,41.7,2024-10-25,2024-10-25
ASM004416,STU0248,CRS012,3,project,100,64.3,2024-10-25,2024-10-28
ASM004417,STU0248,CRS012,4,quiz,25,15.0,2024-11-20,2024-11-18
ASM004418,STU0248,CRS012,4,assignment,50,12.4,2024-10-27,2024-10-26
ASM004419,STU0248,CRS012,5,quiz,25,16.6,2024-11-30,2024-11-29
ASM004420,STU0248,CRS012,5,assignment,50,22.2,2024-11-25,2024-11-25
ASM004421,STU0248,CRS012,5,exam,100,45.4,2024-12-10,2024-12-13
ASM004422,STU0249,CRS020,1,quiz,25,15.2,2023-03-07,2023-03-14
ASM004423,STU0249,CRS020,1,assignment,50,31.5,2023-03-04,2023-03-04
ASM004424,STU0249,CRS020,2,quiz,25,21.6,2023-03-24,2023-03-22
ASM004425,STU0249,CRS020,2,assignment,50,38.7,2023-03-22,2023-03-22
ASM004426,STU0249,CRS020,3,quiz,25,13.3,2023-04-11,2023-04-08
ASM004427,STU0249,CRS020,3,assignment,50,28.3,2023-04-17,2023-04-16
ASM004428,STU0249,CRS020,3,project,100,52.9,2023-04-20,2023-04-20
ASM004429,STU0249,CRS020,4,quiz,25,17.3,2023-04-21,2023-04-24
ASM004430,STU0249,CRS020,4,assignment,50,29.5,2023-04-21,2023-04-26
ASM004431,STU0249,CRS020,4,exam,100,79.7,2023-04-21,2023-04-26
ASM004432,STU0250,CRS002,1,quiz,25,15.9,2023-08-07,2023-08-08
ASM004433,STU0250,CRS002,1,assignment,50,39.9,2023-08-01,2023-08-01
ASM004434,STU0250,CRS002,2,quiz,25,13.6,2023-08-20,2023-08-19
ASM004435,STU0250,CRS002,2,assignment,50,30.1,2023-08-22,2023-08-23
ASM004436,STU0250,CRS002,3,quiz,25,13.8,2023-09-03,2023-08-31
ASM004437,STU0250,CRS002,3,assignment,50,40.6,2023-09-15,2023-09-16
ASM004438,STU0250,CRS002,3,project,100,30.2,2023-09-12,2023-09-13
ASM004439,STU0250,CRS002,4,quiz,25,23.4,2023-09-11,2023-09-13
ASM004440,STU0250,CRS002,4,assignment,50,39.0,2023-09-23,2023-09-25
ASM004441,STU0250,CRS002,5,quiz,25,15.5,2023-10-15,2023-10-15
ASM004442,STU0250,CRS002,5,assignment,50,30.7,2023-10-10,2023-10-10
ASM004443,STU0250,CRS002,6,quiz,25,19.4,2023-10-21,2023-10-20
ASM004444,STU0250,CRS002,6,assignment,50,27.5,2023-10-27,2023-10-30
ASM004445,STU0250,CRS002,6,project,100,89.5,2023-10-09,2023-10-06
ASM004446,STU0250,CRS002,6,exam,100,51.7,2023-10-15,2023-10-15
ASM004447,STU0251,CRS011,1,quiz,25,10.8,2024-03-26,2024-03-26
ASM004448,STU0251,CRS011,1,assignment,50,32.1,2024-03-21,2024-03-23
ASM004449,STU0251,CRS011,2,quiz,25,15.6,2024-04-13,2024-04-20
ASM004450,STU0251,CRS011,2,assignment,50,39.3,2024-04-13,2024-04-12
ASM004451,STU0251,CRS011,3,quiz,25,8.1,2024-05-05,2024-05-03
ASM004452,STU0251,CRS011,3,assignment,50,29.2,2024-05-02,2024-05-03
ASM004453,STU0251,CRS011,3,project,100,70.7,2024-05-08,2024-05-09
ASM004454,STU0251,CRS011,4,quiz,25,23.1,2024-05-05,2024-05-02
ASM004455,STU0251,CRS011,4,assignment,50,28.3,2024-05-21,2024-05-20
ASM004456,STU0251,CRS011,5,quiz,25,14.8,2024-06-19,2024-06-26
ASM004457,STU0251,CRS011,5,assignment,50,31.0,2024-06-04,2024-06-07
ASM004458,STU0251,CRS011,6,quiz,25,8.2,2024-07-04,2024-07-11
ASM004459,STU0251,CRS011,6,assignment,50,33.6,2024-06-10,2024-06-13
ASM004460,STU0251,CRS011,6,project,100,40.8,2024-06-22,2024-06-29
ASM004461,STU0251,CRS011,7,quiz,25,13.8,2024-07-17,2024-07-17
ASM004462,STU0251,CRS011,7,assignment,50,16.1,2024-06-19,2024-06-18
ASM004463,STU0251,CRS011,8,quiz,25,16.2,2024-08-21,2024-08-22
ASM004464,STU0251,CRS011,8,assignment,50,39.0,2024-07-04,2024-07-07
ASM004465,STU0251,CRS011,9,quiz,25,17.3,2024-09-02,2024-09-03
ASM004466,STU0251,CRS011,9,assignment,50,36.8,2024-08-06,2024-08-08
ASM004467,STU0251,CRS011,9,project,100,71.9,2024-08-06,2024-08-06
ASM004468,STU0251,CRS011,10,quiz,25,19.1,2024-08-03,2024-08-02
ASM004469,STU0251,CRS011,10,assignment,50,26.8,2024-08-03,2024-08-10
ASM004470,STU0251,CRS011,10,exam,100,47.1,2024-09-22,2024-09-27
ASM004471,STU0252,CRS015,1,quiz,25,4.5,2024-08-09,2024-08-14
ASM004472,STU0252,CRS015,1,assignment,50,22.0,2024-08-07,2024-08-08
ASM004473,STU0252,CRS015,2,quiz,25,22.2,2024-08-27,2024-08-26
ASM004474,STU0252,CRS015,2,assignment,50,43.9,2024-08-21,2024-08-20
ASM004475,STU0252,CRS015,3,quiz,25,23.1,2024-09-10,2024-09-13
ASM004476,STU0252,CRS015,3,assignment,50,33.9,2024-09-22,2024-09-22
ASM004477,STU0252,CRS015,3,project,100,83.1,2024-09-22,2024-09-20
ASM004478,STU0252,CRS015,4,quiz,25,13.4,2024-10-16,2024-10-17
ASM004479,STU0252,CRS015,4,assignment,50,39.0,2024-09-22,2024-09-19
ASM004480,STU0252,CRS015,5,quiz,25,18.1,2024-10-27,2024-10-27
ASM004481,STU0252,CRS015,5,assignment,50,38.2,2024-10-07,2024-10-06
ASM004482,STU0252,CRS015,6,quiz,25,14.6,2024-11-09,2024-11-14
ASM004483,STU0252,CRS015,6,assignment,50,41.8,2024-11-03,2024-11-04
ASM004484,STU0252,CRS015,6,project,100,76.0,2024-10-16,2024-10-18
ASM004485,STU0252,CRS015,7,quiz,25,16.3,2024-11-27,2024-11-27
ASM004486,STU0252,CRS015,7,assignment,50,14.8,2024-11-13,2024-11-12
ASM004487,STU0252,CRS015,8,quiz,25,20.2,2024-12-15,2024-12-15
ASM004488,STU0252,CRS015,8,assignment,50,31.6,2024-11-21,2024-11-18
ASM004489,STU0252,CRS015,9,quiz,25,21.2,2024-12-24,2024-12-25
ASM004490,STU0252,CRS015,9,assignment,50,32.2,2025-01-12,2025-01-09
ASM004491,STU0252,CRS015,9,project,100,87.9,2025-01-02,2025-01-07
ASM004492,STU0252,CRS015,9,exam,100,57.9,2025-01-01,2024-12-30
ASM004493,STU0253,CRS017,1,quiz,25,20.8,2023-02-06,2023-02-11
ASM004494,STU0253,CRS017,1,assignment,50,35.2,2023-02-12,2023-02-12
ASM004495,STU0253,CRS017,2,quiz,25,20.0,2023-02-22,2023-02-20
ASM004496,STU0253,CRS017,2,assignment,50,27.4,2023-03-02,2023-03-01
ASM004497,STU0253,CRS017,3,quiz,25,13.5,2023-03-09,2023-03-10
ASM004498,STU0253,CRS017,3,assignment,50,14.3,2023-03-15,2023-03-22
ASM004499,STU0253,CRS017,3,project,100,57.0,2023-03-06,2023-03-08
ASM004500,STU0253,CRS017,4,quiz,25,15.7,2023-04-05,2023-04-07
ASM004501,STU0253,CRS017,4,assignment,50,26.0,2023-04-17,2023-04-14
ASM004502,STU0253,CRS017,5,quiz,25,13.4,2023-04-18,2023-04-18
ASM004503,STU0253,CRS017,5,assignment,50,39.5,2023-04-18,2023-04-17
ASM004504,STU0253,CRS017,6,quiz,25,20.6,2023-05-23,2023-05-22
ASM004505,STU0253,CRS017,6,assignment,50,21.5,2023-05-29,2023-05-31
ASM004506,STU0253,CRS017,6,project,100,61.1,2023-04-23,2023-04-23
ASM004507,STU0253,CRS017,6,exam,100,69.0,2023-05-29,2023-05-31
ASM004508,STU0254,CRS020,1,quiz,25,16.7,2023-08-24,2023-08-23
ASM004509,STU0254,CRS020,1,assignment,50,15.1,2023-08-25,2023-08-27
ASM004510,STU0254,CRS020,2,quiz,25,12.2,2023-09-01,2023-09-02
ASM004511,STU0254,CRS020,2,assignment,50,37.0,2023-09-07,2023-09-05
ASM004512,STU0254,CRS020,3,quiz,25,15.4,2023-09-30,2023-09-30
ASM004513,STU0254,CRS020,3,assignment,50,31.3,2023-09-21,2023-09-21
ASM004514,STU0254,CRS020,3,project,100,71.9,2023-09-15,2023-09-17
ASM004515,STU0254,CRS020,4,quiz,25,23.6,2023-10-19,2023-10-24
ASM004516,STU0254,CRS020,4,assignment,50,26.8,2023-10-19,2023-10-19
ASM004517,STU0254,CRS020,4,exam,100,80.4,2023-10-19,2023-10-26
ASM004518,STU0255,CRS020,1,quiz,25,19.8,2024-03-20,2024-03-21
ASM004519,STU0255,CRS020,1,assignment,50,28.2,2024-03-18,2024-03-18
ASM004520,STU0255,CRS020,2,quiz,25,18.2,2024-04-01,2024-03-30
ASM004521,STU0255,CRS020,2,assignment,50,23.1,2024-04-03,2024-04-02
ASM004522,STU0255,CRS020,3,quiz,25,12.5,2024-04-19,2024-04-19
ASM004523,STU0255,CRS020,3,assignment,50,24.3,2024-04-19,2024-04-18
ASM004524,STU0255,CRS020,3,project,100,52.6,2024-04-16,2024-04-16
ASM004525,STU0255,CRS020,4,quiz,25,9.6,2024-05-13,2024-05-14
ASM004526,STU0255,CRS020,4,assignment,50,47.4,2024-05-01,2024-05-03
ASM004527,STU0255,CRS020,4,exam,100,41.2,2024-05-17,2024-05-18
ASM004528,STU0256,CRS011,1,quiz,25,22.4,2024-08-30,2024-08-30
ASM004529,STU0256,CRS011,1,assignment,50,28.4,2024-09-01,2024-08-29
ASM004530,STU0256,CRS011,2,quiz,25,15.1,2024-09-23,2024-09-23
ASM004531,STU0256,CRS011,2,assignment,50,47.1,2024-09-13,2024-09-14
ASM004532,STU0256,CRS011,3,quiz,25,17.1,2024-09-30,2024-10-01
ASM004533,STU0256,CRS011,3,assignment,50,39.9,2024-10-06,2024-10-11
ASM004534,STU0256,CRS011,3,project,100,54.0,2024-09-27,2024-09-27
ASM004535,STU0256,CRS011,4,quiz,25,14.7,2024-10-23,2024-10-25
ASM004536,STU0256,CRS011,4,assignment,50,49.0,2024-10-19,2024-10-19
ASM004537,STU0256,CRS011,5,quiz,25,19.0,2024-11-19,2024-11-22
ASM004538,STU0256,CRS011,5,assignment,50,27.7,2024-10-25,2024-10-23
ASM004539,STU0256,CRS011,6,quiz,25,15.9,2024-11-20,2024-11-19
ASM004540,STU0256,CRS011,6,assignment,50,42.4,2024-11-14,2024-11-12
ASM004541,STU0256,CRS011,6,project,100,86.0,2024-12-14,2024-12-12
ASM004542,STU0256,CRS011,7,quiz,25,14.2,2024-12-27,2024-12-24
ASM004543,STU0256,CRS011,7,assignment,50,25.6,2024-11-29,2024-11-27
ASM004544,STU0256,CRS011,8,quiz,25,20.9,2024-12-06,2024-12-04
ASM004545,STU0256,CRS011,8,assignment,50,19.2,2025-01-15,2025-01-15
ASM004546,STU0256,CRS011,8,exam,100,42.8,2024-12-14,2024-12-21
ASM004547,STU0257,CRS016,1,quiz,25,9.5,2023-03-16,2023-03-16
ASM004548,STU0257,CRS016,1,assignment,50,39.1,2023-03-15,2023-03-16
ASM004549,STU0257,CRS016,2,quiz,25,19.4,2023-04-04,2023-04-09
ASM004550,STU0257,CRS016,2,assignment,50,25.1,2023-04-02,2023-04-01
ASM004551,STU0257,CRS016,3,quiz,25,18.5,2023-04-12,2023-04-12
ASM004552,STU0257,CRS016,3,assignment,50,21.3,2023-04-12,2023-04-09
ASM004553,STU0257,CRS016,3,project,100,48.7,2023-05-03,2023-05-02
ASM004554,STU0257,CRS016,4,quiz,25,3.5,2023-04-30,2023-05-03
ASM004555,STU0257,CRS016,4,assignment,50,29.0,2023-05-12,2023-05-12
ASM004556,STU0257,CRS016,5,quiz,25,19.6,2023-05-20,2023-05-22
ASM004557,STU0257,CRS016,5,assignment,50,26.6,2023-06-14,2023-06-14
ASM004558,STU0257,CRS016,6,quiz,25,15.2,2023-06-29,2023-06-29
ASM004559,STU0257,CRS016,6,assignment,50,28.1,2023-06-17,2023-06-16
ASM004560,STU0257,CRS016,6,project,100,66.5,2023-05-30,2023-06-06
ASM004561,STU0257,CRS016,6,exam,100,69.6,2023-06-05,2023-06-12
ASM004562,STU0258,CRS016,1,quiz,25,20.0,2023-09-20,2023-09-19
ASM004563,STU0258,CRS016,1,assignment,50,29.9,2023-09-20,2023-09-17
ASM004564,STU0258,CRS016,2,quiz,25,18.5,2023-10-15,2023-10-14
ASM004565,STU0258,CRS016,2,assignment,50,37.4,2023-10-07,2023-10-05
ASM004566,STU0258,CRS016,3,quiz,25,14.3,2023-11-01,2023-11-01
ASM004567,STU0258,CRS016,3,assignment,50,40.7,2023-10-26,2023-10-26
ASM004568,STU0258,CRS016,3,project,100,55.8,2023-10-17,2023-10-17
ASM004569,STU0258,CRS016,4,quiz,25,9.4,2023-11-16,2023-11-23
ASM004570,STU0258,CRS016,4,assignment,50,38.4,2023-11-28,2023-11-27
ASM004571,STU0258,CRS016,5,quiz,25,24.5,2023-11-29,2023-12-06
ASM004572,STU0258,CRS016,5,assignment,50,32.1,2023-11-29,2023-11-29
ASM004573,STU0258,CRS016,6,quiz,25,17.7,2023-12-10,2023-12-10
ASM004574,STU0258,CRS016,6,assignment,50,49.0,2023-12-22,2023-12-22
ASM004575,STU0258,CRS016,6,project,100,62.1,2023-12-10,2023-12-10
ASM004576,STU0258,CRS016,6,exam,100,70.2,2024-01-09,2024-01-14
ASM004577,STU0259,CRS011,1,quiz,25,12.4,2024-03-12,2024-03-12
ASM004578,STU0259,CRS011,1,assignment,50,35.1,2024-03-13,2024-03-13
ASM004579,STU0259,CRS011,2,quiz,25,9.6,2024-04-07,2024-04-06
ASM004580,STU0259,CRS011,2,assignment,50,26.8,2024-03-26,2024-03-26
ASM004581,STU0259,CRS011,3,quiz,25,15.7,2024-04-24,2024-04-29
ASM004582,STU0259,CRS011,3,assignment,50,34.9,2024-04-21,2024-04-22
ASM004583,STU0259,CRS011,3,project,100,71.1,2024-04-12,2024-04-15
ASM004584,STU0259,CRS011,4,quiz,25,17.4,2024-04-27,2024-04-27
ASM004585,STU0259,CRS011,4,assignment,50,34.3,2024-05-17,2024-05-15
ASM004586,STU0259,CRS011,5,quiz,25,16.2,2024-06-01,2024-06-03
ASM004587,STU0259,CRS011,5,assignment,50,45.7,2024-06-11,2024-06-12
ASM004588,STU0259,CRS011,6,quiz,25,18.6,2024-06-02,2024-06-03
ASM004589,STU0259,CRS011,6,assignment,50,28.0,2024-06-26,2024-06-27
ASM004590,STU0259,CRS011,6,project,100,74.5,2024-06-14,2024-06-15
ASM004591,STU0259,CRS011,7,quiz,25,24.5,2024-06-11,2024-06-12
ASM004592,STU0259,CRS011,7,assignment,50,32.3,2024-06-18,2024-06-17
ASM004593,STU0259,CRS011,8,quiz,25,19.7,2024-07-28,2024-07-30
ASM004594,STU0259,CRS011,8,assignment,50,27.5,2024-06-18,2024-06-15
ASM004595,STU0259,CRS011,9,quiz,25,15.8,2024-08-25,2024-08-27
ASM004596,STU0259,CRS011,9,assignment,50,29.7,2024-08-16,2024-08-14
ASM004597,STU0259,CRS011,9,project,100,98.0,2024-07-29,2024-08-01
ASM004598,STU0259,CRS011,10,quiz,25,12.1,2024-09-04,2024-09-11
ASM004599,STU0259,CRS011,10,assignment,50,38.8,2024-08-25,2024-08-25
ASM004600,STU0259,CRS011,10,exam,100,54.6,2024-09-24,2024-09-23
ASM004601,STU0260,CRS019,1,quiz,25,13.5,2024-08-24,2024-08-22
ASM004602,STU0260,CRS019,1,assignment,50,34.6,2024-08-19,2024-08-19
ASM004603,STU0260,CRS019,2,quiz,25,14.7,2024-08-31,2024-09-05
ASM004604,STU0260,CRS019,2,assignment,50,20.9,2024-09-10,2024-09-11
ASM004605,STU0260,CRS019,3,quiz,25,16.9,2024-09-23,2024-09-24
ASM004606,STU0260,CRS019,3,assignment,50,30.0,2024-10-02,2024-10-01
ASM004607,STU0260,CRS019,3,project,100,65.4,2024-09-23,2024-09-30
ASM004608,STU0260,CRS019,4,quiz,25,15.6,2024-10-02,2024-09-29
ASM004609,STU0260,CRS019,4,assignment,50,38.6,2024-10-18,2024-10-16
ASM004610,STU0260,CRS019,5,quiz,25,16.9,2024-10-12,2024-10-12
ASM004611,STU0260,CRS019,5,assignment,50,20.3,2024-11-01,2024-10-30
ASM004612,STU0260,CRS019,6,quiz,25,14.6,2024-11-01,2024-11-08
ASM004613,STU0260,CRS019,6,assignment,50,28.4,2024-11-25,2024-11-28
ASM004614,STU0260,CRS019,6,project,100,57.6,2024-11-25,2024-11-25
ASM004615,STU0260,CRS019,6,exam,100,58.6,2024-11-13,2024-11-18
ASM004616,STU0261,CRS001,1,quiz,25,12.5,2023-03-08,2023-03-08
ASM004617,STU0261,CRS001,1,assignment,50,23.8,2023-03-09,2023-03-06
ASM004618,STU0261,CRS001,2,quiz,25,19.1,2023-03-22,2023-03-23
ASM004619,STU0261,CRS001,2,assignment,50,49.0,2023-04-03,2023-04-03
ASM004620,STU0261,CRS001,3,quiz,25,12.8,2023-04-05,2023-04-03
ASM004621,STU0261,CRS001,3,assignment,50,29.8,2023-04-23,2023-04-24
ASM004622,STU0261,CRS001,3,project,100,65.8,2023-04-14,2023-04-21
ASM004623,STU0261,CRS001,4,quiz,25,22.9,2023-05-05,2023-05-06
ASM004624,STU0261,CRS001,4,assignment,50,45.9,2023-05-01,2023-05-02
ASM004625,STU0261,CRS001,5,quiz,25,12.1,2023-05-23,2023-05-23
ASM004626,STU0261,CRS001,5,assignment,50,7.4,2023-05-18,2023-05-15
ASM004627,STU0261,CRS001,6,quiz,25,10.0,2023-06-22,2023-06-22
ASM004628,STU0261,CRS001,6,assignment,50,44.7,2023-05-29,2023-05-29
ASM004629,STU0261,CRS001,6,project,100,42.3,2023-05-17,2023-05-16
ASM004630,STU0261,CRS001,7,quiz,25,10.0,2023-06-07,2023-06-07
ASM004631,STU0261,CRS001,7,assignment,50,38.6,2023-07-12,2023-07-12
ASM004632,STU0261,CRS001,8,quiz,25,19.5,2023-07-16,2023-07-14
ASM004633,STU0261,CRS001,8,assignment,50,37.9,2023-07-16,2023-07-15
ASM004634,STU0261,CRS001,8,exam,100,69.3,2023-06-30,2023-06-29
ASM004635,STU0262,CRS019,1,quiz,25,17.3,2023-09-06,2023-09-06
ASM004636,STU0262,CRS019,1,assignment,50,29.8,2023-09-03,2023-09-03
ASM004637,STU0262,CRS019,2,quiz,25,19.5,2023-09-29,2023-10-01
ASM004638,STU0262,CRS019,2,assignment,50,34.4,2023-09-29,2023-09-29
ASM004639,STU0262,CRS019,3,quiz,25,17.9,2023-10-10,2023-10-07
ASM004640,STU0262,CRS019,3,assignment,50,29.6,2023-10-19,2023-10-19
ASM004641,STU0262,CRS019,3,project,100,63.5,2023-10-10,2023-10-12
ASM004642,STU0262,CRS019,4,quiz,25,15.9,2023-11-04,2023-11-11
ASM004643,STU0262,CRS019,4,assignment,50,40.8,2023-11-12,2023-11-12
ASM004644,STU0262,CRS019,5,quiz,25,12.2,2023-12-03,2023-12-03
ASM004645,STU0262,CRS019,5,assignment,50,22.4,2023-11-08,2023-11-06
ASM004646,STU0262,CRS019,6,quiz,25,12.9,2023-12-18,2023-12-18
ASM004647,STU0262,CRS019,6,assignment,50,38.9,2023-12-18,2023-12-15
ASM004648,STU0262,CRS019,6,project,100,61.1,2023-11-24,2023-11-26
ASM004649,STU0262,CRS019,6,exam,100,58.0,2023-11-24,2023-11-24
ASM004650,STU0263,CRS002,1,quiz,25,18.5,2024-03-10,2024-03-10
ASM004651,STU0263,CRS002,1,assignment,50,30.9,2024-03-13,2024-03-16
ASM004652,STU0263,CRS002,2,quiz,25,14.1,2024-04-03,2024-04-01
ASM004653,STU0263,CRS002,2,assignment,50,34.8,2024-03-30,2024-04-01
ASM004654,STU0263,CRS002,3,quiz,25,23.7,2024-04-03,2024-04-02
ASM004655,STU0263,CRS002,3,assignment,50,38.9,2024-04-21,2024-04-22
ASM004656,STU0263,CRS002,3,project,100,87.6,2024-04-09,2024-04-07
ASM004657,STU0263,CRS002,4,quiz,25,22.3,2024-04-21,2024-04-21
ASM004658,STU0263,CRS002,4,assignment,50,24.8,2024-05-07,2024-05-07
ASM004659,STU0263,CRS002,5,quiz,25,19.9,2024-05-31,2024-05-29
ASM004660,STU0263,CRS002,5,assignment,50,38.7,2024-05-26,2024-05-26
ASM004661,STU0263,CRS002,6,quiz,25,20.5,2024-05-21,2024-05-22
ASM004662,STU0263,CRS002,6,assignment,50,24.5,2024-06-26,2024-06-27
ASM004663,STU0263,CRS002,6,project,100,58.6,2024-06-26,2024-06-25
ASM004664,STU0263,CRS002,6,exam,100,48.6,2024-05-15,2024-05-16
ASM004665,STU0264,CRS017,1,quiz,25,8.7,2024-09-12,2024-09-17
ASM004666,STU0264,CRS017,1,assignment,50,34.5,2024-09-10,2024-09-08
ASM004667,STU0264,CRS017,2,quiz,25,21.8,2024-10-03,2024-10-04
ASM004668,STU0264,CRS017,2,assignment,50,48.8,2024-10-05,2024-10-08
ASM004669,STU0264,CRS017,3,quiz,25,22.9,2024-10-17,2024-10-17
ASM004670,STU0264,CRS017,3,assignment,50,20.3,2024-10-08,2024-10-15
ASM004671,STU0264,CRS017,3,project,100,65.3,2024-10-11,2024-10-10
ASM004672,STU0264,CRS017,4,quiz,25,13.6,2024-10-19,2024-10-18
ASM004673,STU0264,CRS017,4,assignment,50,20.2,2024-10-31,2024-11-01
ASM004674,STU0264,CRS017,5,quiz,25,14.8,2024-11-17,2024-11-15
ASM004675,STU0264,CRS017,5,assignment,50,38.7,2024-11-12,2024-11-10
ASM004676,STU0264,CRS017,6,quiz,25,18.2,2024-12-10,2024-12-11
ASM004677,STU0264,CRS017,6,assignment,50,42.0,2024-11-28,2024-12-03
ASM004678,STU0264,CRS017,6,project,100,42.0,2024-11-22,2024-11-22
ASM004679,STU0264,CRS017,6,exam,100,58.1,2024-12-16,2024-12-16
ASM004680,STU0265,CRS013,1,quiz,25,9.5,2023-02-09,2023-02-10
ASM004681,STU0265,CRS013,1,assignment,50,15.9,2023-02-07,2023-02-05
ASM004682,STU0265,CRS013,2,quiz,25,6.9,2023-03-01,2023-03-06
ASM004683,STU0265,CRS013,2,assignment,50,42.2,2023-02-25,2023-02-24
ASM004684,STU0265,CRS013,3,quiz,25,21.5,2023-03-28,2023-03-28
ASM004685,STU0265,CRS013,3,assignment,50,39.4,2023-03-13,2023-03-14
ASM004686,STU0265,CRS013,3,project,100,75.5,2023-03-16,2023-03-13
ASM004687,STU0265,CRS013,4,quiz,25,8.1,2023-03-29,2023-03-29
ASM004688,STU0265,CRS013,4,assignment,50,41.8,2023-04-14,2023-04-13
ASM004689,STU0265,CRS013,5,quiz,25,17.8,2023-04-19,2023-04-16
ASM004690,STU0265,CRS013,5,assignment,50,32.2,2023-04-19,2023-04-24
ASM004691,STU0265,CRS013,6,quiz,25,10.2,2023-05-30,2023-05-30
ASM004692,STU0265,CRS013,6,assignment,50,47.8,2023-04-24,2023-04-25
ASM004693,STU0265,CRS013,6,project,100,68.5,2023-05-06,2023-05-04
ASM004694,STU0265,CRS013,7,quiz,25,16.7,2023-05-16,2023-05-23
ASM004695,STU0265,CRS013,7,assignment,50,42.7,2023-05-09,2023-05-09
ASM004696,STU0265,CRS013,8,quiz,25,11.7,2023-05-24,2023-05-24
ASM004697,STU0265,CRS013,8,assignment,50,49.0,2023-07-03,2023-07-06
ASM004698,STU0265,CRS013,8,exam,100,76.0,2023-06-09,2023-06-07
ASM004699,STU0266,CRS002,1,quiz,25,20.3,2023-09-03,2023-09-02
ASM004700,STU0266,CRS002,1,assignment,50,20.1,2023-09-07,2023-09-05
ASM004701,STU0266,CRS002,2,quiz,25,17.3,2023-09-29,2023-09-29
ASM004702,STU0266,CRS002,2,assignment,50,35.5,2023-09-23,2023-09-28
ASM004703,STU0266,CRS002,3,quiz,25,11.9,2023-10-19,2023-10-19
ASM004704,STU0266,CRS002,3,assignment,50,32.4,2023-10-16,2023-10-23
ASM004705,STU0266,CRS002,3,project,100,81.7,2023-10-19,2023-10-21
ASM004706,STU0266,CRS002,4,quiz,25,13.5,2023-10-15,2023-10-15
ASM004707,STU0266,CRS002,4,assignment,50,41.8,2023-11-08,2023-11-13
ASM004708,STU0266,CRS002,5,quiz,25,19.0,2023-11-28,2023-11-28
ASM004709,STU0266,CRS002,5,assignment,50,29.0,2023-10-29,2023-10-29
ASM004710,STU0266,CRS002,6,quiz,25,23.7,2023-12-06,2023-12-06
ASM004711,STU0266,CRS002,6,assignment,50,9.7,2023-11-12,2023-11-12
ASM004712,STU0266,CRS002,6,project,100,86.0,2023-12-06,2023-12-07
ASM004713,STU0266,CRS002,6,exam,100,49.9,2023-11-30,2023-12-01
ASM004714,STU0267,CRS007,1,quiz,25,14.5,2024-02-03,2024-02-04
ASM004715,STU0267,CRS007,1,assignment,50,38.9,2024-02-05,2024-02-04
ASM004716,STU0267,CRS007,2,quiz,25,24.3,2024-02-25,2024-02-23
ASM004717,STU0267,CRS007,2,assignment,50,39.3,2024-02-15,2024-02-13
ASM004718,STU0267,CRS007,3,quiz,25,15.6,2024-03-16,2024-03-17
ASM004719,STU0267,CRS007,3,assignment,50,25.1,2024-03-13,2024-03-18
ASM004720,STU0267,CRS007,3,project,100,59.7,2024-03-04,2024-03-02
ASM004721,STU0267,CRS007,4,quiz,25,3.1,2024-03-12,2024-03-12
ASM004722,STU0267,CRS007,4,assignment,50,33.7,2024-03-16,2024-03-17
ASM004723,STU0267,CRS007,5,quiz,25,16.5,2024-04-25,2024-04-23
ASM004724,STU0267,CRS007,5,assignment,50,40.3,2024-03-31,2024-04-01
ASM004725,STU0267,CRS007,6,quiz,25,17.5,2024-05-15,2024-05-14
ASM004726,STU0267,CRS007,6,assignment,50,40.3,2024-04-27,2024-04-30
ASM004727,STU0267,CRS007,6,project,100,76.4,2024-05-03,2024-05-08
ASM004728,STU0267,CRS007,7,quiz,25,15.8,2024-05-28,2024-05-29
ASM004729,STU0267,CRS007,7,assignment,50,33.6,2024-05-28,2024-05-28
ASM004730,STU0267,CRS007,8,quiz,25,19.7,2024-05-31,2024-06-05
ASM004731,STU0267,CRS007,8,assignment,50,32.7,2024-05-07,2024-05-09
ASM004732,STU0267,CRS007,8,exam,100,72.3,2024-06-16,2024-06-18
ASM004733,STU0268,CRS014,1,quiz,25,11.2,2024-08-14,2024-08-14
ASM004734,STU0268,CRS014,1,assignment,50,42.7,2024-08-12,2024-08-15
ASM004735,STU0268,CRS014,2,quiz,25,13.0,2024-09-02,2024-09-07
ASM004736,STU0268,CRS014,2,assignment,50,29.7,2024-08-31,2024-09-02
ASM004737,STU0268,CRS014,3,quiz,25,22.6,2024-09-22,2024-09-22
ASM004738,STU0268,CRS014,3,assignment,50,22.6,2024-09-16,2024-09-17
ASM004739,STU0268,CRS014,3,project,100,56.5,2024-09-19,2024-09-24
ASM004740,STU0268,CRS014,4,quiz,25,18.8,2024-10-08,2024-10-08
ASM004741,STU0268,CRS014,4,assignment,50,43.5,2024-10-04,2024-10-04
ASM004742,STU0268,CRS014,5,quiz,25,13.7,2024-11-01,2024-11-08
ASM004743,STU0268,CRS014,5,assignment,50,36.4,2024-10-07,2024-10-07
ASM004744,STU0268,CRS014,6,quiz,25,14.9,2024-10-28,2024-10-28
ASM004745,STU0268,CRS014,6,assignment,50,32.1,2024-11-15,2024-11-12
ASM004746,STU0268,CRS014,6,project,100,62.9,2024-11-15,2024-11-20
ASM004747,STU0268,CRS014,6,exam,100,69.6,2024-11-09,2024-11-09
ASM004748,STU0269,CRS007,1,quiz,25,13.6,2023-03-02,2023-03-02
ASM004749,STU0269,CRS007,1,assignment,50,26.4,2023-03-01,2023-03-03
ASM004750,STU0269,CRS007,2,quiz,25,19.4,2023-03-18,2023-03-20
ASM004751,STU0269,CRS007,2,assignment,50,33.8,2023-03-14,2023-03-12
ASM004752,STU0269,CRS007,3,quiz,25,15.9,2023-04-05,2023-04-03
ASM004753,STU0269,CRS007,3,assignment,50,28.7,2023-04-08,2023-04-10
ASM004754,STU0269,CRS007,3,project,100,60.2,2023-03-30,2023-03-30
ASM004755,STU0269,CRS007,4,quiz,25,14.5,2023-04-23,2023-04-21
ASM004756,STU0269,CRS007,4,assignment,50,26.4,2023-04-19,2023-04-18
ASM004757,STU0269,CRS007,5,quiz,25,17.8,2023-05-01,2023-05-06
ASM004758,STU0269,CRS007,5,assignment,50,25.5,2023-05-16,2023-05-19
ASM004759,STU0269,CRS007,6,quiz,25,21.7,2023-05-23,2023-05-24
ASM004760,STU0269,CRS007,6,assignment,50,36.5,2023-05-23,2023-05-24
ASM004761,STU0269,CRS007,6,project,100,91.4,2023-06-16,2023-06-15
ASM004762,STU0269,CRS007,7,quiz,25,14.6,2023-05-19,2023-05-16
ASM004763,STU0269,CRS007,7,assignment,50,24.2,2023-05-26,2023-05-26
ASM004764,STU0269,CRS007,8,quiz,25,15.4,2023-06-18,2023-06-16
ASM004765,STU0269,CRS007,8,assignment,50,31.3,2023-06-10,2023-06-08
ASM004766,STU0269,CRS007,8,exam,100,45.6,2023-07-04,2023-07-04
ASM004767,STU0270,CRS020,1,quiz,25,19.8,2023-09-28,2023-09-28
ASM004768,STU0270,CRS020,1,assignment,50,31.1,2023-09-27,2023-09-27
ASM004769,STU0270,CRS020,2,quiz,25,19.9,2023-10-23,2023-10-22
ASM004770,STU0270,CRS020,2,assignment,50,21.7,2023-10-23,2023-10-20
ASM004771,STU0270,CRS020,3,quiz,25,24.5,2023-11-13,2023-11-12
ASM004772,STU0270,CRS020,3,assignment,50,28.5,2023-10-23,2023-10-24
ASM004773,STU0270,CRS020,3,project,100,88.6,2023-11-10,2023-11-12
ASM004774,STU0270,CRS020,4,quiz,25,10.4,2023-11-18,2023-11-23
ASM004775,STU0270,CRS020,4,assignment,50,24.5,2023-12-04,2023-12-04
ASM004776,STU0270,CRS020,4,exam,100,56.5,2023-11-26,2023-11-26
ASM004777,STU0271,CRS002,1,quiz,25,23.8,2024-03-17,2024-03-17
ASM004778,STU0271,CRS002,1,assignment,50,45.3,2024-03-14,2024-03-19
ASM004779,STU0271,CRS002,2,quiz,25,20.3,2024-04-07,2024-04-09
ASM004780,STU0271,CRS002,2,assignment,50,13.3,2024-03-30,2024-03-27
ASM004781,STU0271,CRS002,3,quiz,25,3.4,2024-04-26,2024-04-26
ASM004782,STU0271,CRS002,3,assignment,50,29.4,2024-04-11,2024-04-08
ASM004783,STU0271,CRS002,3,project,100,53.0,2024-04-17,2024-04-17
ASM004784,STU0271,CRS002,4,quiz,25,9.6,2024-04-29,2024-04-29
ASM004785,STU0271,CRS002,4,assignment,50,35.9,2024-05-15,2024-05-15
ASM004786,STU0271,CRS002,5,quiz,25,13.8,2024-06-08,2024-06-05
ASM004787,STU0271,CRS002,5,assignment,50,18.2,2024-05-29,2024-05-28
ASM004788,STU0271,CRS002,6,quiz,25,12.7,2024-06-10,2024-06-12
ASM004789,STU0271,CRS002,6,assignment,50,33.7,2024-05-29,2024-05-29
ASM004790,STU0271,CRS002,6,project,100,69.1,2024-05-29,2024-05-28
ASM004791,STU0271,CRS002,6,exam,100,82.6,2024-06-22,2024-06-22
ASM004792,STU0272,CRS007,1,quiz,25,22.7,2024-09-04,2024-09-09
ASM004793,STU0272,CRS007,1,assignment,50,38.1,2024-09-02,2024-09-03
ASM004794,STU0272,CRS007,2,quiz,25,22.9,2024-09-30,2024-10-02
ASM004795,STU0272,CRS007,2,assignment,50,23.8,2024-09-26,2024-09-24
ASM004796,STU0272,CRS007,3,quiz,25,20.7,2024-10-09,2024-10-14
ASM004797,STU0272,CRS007,3,assignment,50,22.6,2024-10-06,2024-10-05
ASM004798,STU0272,CRS007,3,project,100,41.2,2024-10-21,2024-10-20
ASM004799,STU0272,CRS007,4,quiz,25,14.0,2024-10-26,2024-10-29
ASM004800,STU0272,CRS007,4,assignment,50,29.1,2024-10-30,2024-10-30
ASM004801,STU0272,CRS007,5,quiz,25,20.0,2024-12-02,2024-12-03
ASM004802,STU0272,CRS007,5,assignment,50,18.7,2024-11-12,2024-11-14
ASM004803,STU0272,CRS007,6,quiz,25,14.5,2024-11-29,2024-11-27
ASM004804,STU0272,CRS007,6,assignment,50,34.3,2024-12-11,2024-12-18
ASM004805,STU0272,CRS007,6,project,100,84.0,2024-12-23,2024-12-23
ASM004806,STU0272,CRS007,7,quiz,25,13.1,2025-01-13,2025-01-10
ASM004807,STU0272,CRS007,7,assignment,50,9.7,2024-12-09,2024-12-09
ASM004808,STU0272,CRS007,7,exam,100,65.6,2024-12-09,2024-12-11
ASM004809,STU0273,CRS016,1,quiz,25,20.5,2023-03-06,2023-03-06
ASM004810,STU0273,CRS016,1,assignment,50,38.6,2023-03-05,2023-03-05
ASM004811,STU0273,CRS016,2,quiz,25,24.5,2023-03-27,2023-03-28
ASM004812,STU0273,CRS016,2,assignment,50,25.0,2023-03-23,2023-03-26
ASM004813,STU0273,CRS016,3,quiz,25,21.4,2023-04-06,2023-04-07
ASM004814,STU0273,CRS016,3,assignment,50,30.1,2023-04-18,2023-04-23
ASM004815,STU0273,CRS016,3,project,100,64.1,2023-04-12,2023-04-12
ASM004816,STU0273,CRS016,4,quiz,25,20.8,2023-04-26,2023-04-26
ASM004817,STU0273,CRS016,4,assignment,50,38.4,2023-04-30,2023-04-28
ASM004818,STU0273,CRS016,5,quiz,25,24.5,2023-05-13,2023-05-20
ASM004819,STU0273,CRS016,5,assignment,50,40.0,2023-05-08,2023-05-06
ASM004820,STU0273,CRS016,6,quiz,25,22.3,2023-05-12,2023-05-13
ASM004821,STU0273,CRS016,6,assignment,50,39.0,2023-06-05,2023-06-04
ASM004822,STU0273,CRS016,6,project,100,84.0,2023-05-24,2023-05-25
ASM004823,STU0273,CRS016,6,exam,100,82.7,2023-05-24,2023-05-23
ASM004824,STU0274,CRS006,1,quiz,25,15.1,2023-09-02,2023-09-01
ASM004825,STU0274,CRS006,1,assignment,50,21.7,2023-09-01,2023-08-31
ASM004826,STU0274,CRS006,2,quiz,25,8.2,2023-09-16,2023-09-18
ASM004827,STU0274,CRS006,2,assignment,50,33.1,2023-09-24,2023-09-27
ASM004828,STU0274,CRS006,3,quiz,25,24.5,2023-09-27,2023-09-27
ASM004829,STU0274,CRS006,3,assignment,50,34.4,2023-10-06,2023-10-06
ASM004830,STU0274,CRS006,3,project,100,51.1,2023-10-03,2023-09-30
ASM004831,STU0274,CRS006,4,quiz,25,12.7,2023-10-28,2023-10-27
ASM004832,STU0274,CRS006,4,assignment,50,29.7,2023-10-12,2023-10-13
ASM004833,STU0274,CRS006,5,quiz,25,17.6,2023-11-16,2023-11-14
ASM004834,STU0274,CRS006,5,assignment,50,30.3,2023-11-21,2023-11-20
ASM004835,STU0274,CRS006,6,quiz,25,15.2,2023-11-05,2023-11-05
ASM004836,STU0274,CRS006,6,assignment,50,41.3,2023-12-17,2023-12-18
ASM004837,STU0274,CRS006,6,project,100,61.1,2023-12-11,2023-12-09
ASM004838,STU0274,CRS006,7,quiz,25,8.4,2023-11-19,2023-11-19
ASM004839,STU0274,CRS006,7,assignment,50,38.9,2023-12-17,2023-12-17
ASM004840,STU0274,CRS006,8,quiz,25,6.2,2023-12-11,2023-12-11
ASM004841,STU0274,CRS006,8,assignment,50,32.1,2024-01-20,2024-01-27
ASM004842,STU0274,CRS006,9,quiz,25,18.0,2024-01-31,2024-01-31
ASM004843,STU0274,CRS006,9,assignment,50,36.1,2024-01-22,2024-01-19
ASM004844,STU0274,CRS006,9,project,100,61.8,2024-02-09,2024-02-09
ASM004845,STU0274,CRS006,10,quiz,25,11.2,2024-01-30,2024-01-30
ASM004846,STU0274,CRS006,10,assignment,50,35.7,2024-01-20,2024-01-18
ASM004847,STU0274,CRS006,10,exam,100,75.9,2023-12-31,2024-01-02
ASM004848,STU0275,CRS018,1,quiz,25,16.6,2024-02-22,2024-02-23
ASM004849,STU0275,CRS018,1,assignment,50,30.2,2024-02-21,2024-02-22
ASM004850,STU0275,CRS018,2,quiz,25,14.6,2024-03-07,2024-03-05
ASM004851,STU0275,CRS018,2,assignment,50,19.0,2024-03-07,2024-03-12
ASM004852,STU0275,CRS018,3,quiz,25,13.0,2024-04-06,2024-04-11
ASM004853,STU0275,CRS018,3,assignment,50,23.5,2024-04-06,2024-04-06
ASM004854,STU0275,CRS018,3,project,100,57.0,2024-03-19,2024-03-19
ASM004855,STU0275,CRS018,4,quiz,25,18.9,2024-04-30,2024-04-29
ASM004856,STU0275,CRS018,4,assignment,50,41.5,2024-04-30,2024-04-29
ASM004857,STU0275,CRS018,5,quiz,25,12.4,2024-04-26,2024-04-24
ASM004858,STU0275,CRS018,5,assignment,50,21.5,2024-04-16,2024-04-16
ASM004859,STU0275,CRS018,6,quiz,25,21.7,2024-05-30,2024-05-31
ASM004860,STU0275,CRS018,6,assignment,50,30.0,2024-06-11,2024-06-12
ASM004861,STU0275,CRS018,6,project,100,87.8,2024-06-05,2024-06-05
ASM004862,STU0275,CRS018,7,quiz,25,7.4,2024-06-11,2024-06-10
ASM004863,STU0275,CRS018,7,assignment,50,26.8,2024-05-21,2024-05-22
ASM004864,STU0275,CRS018,8,quiz,25,18.9,2024-05-28,2024-06-04
ASM004865,STU0275,CRS018,8,assignment,50,34.4,2024-07-07,2024-07-06
ASM004866,STU0275,CRS018,8,exam,100,68.9,2024-06-05,2024-06-05
ASM004867,STU0276,CRS009,1,quiz,25,17.0,2024-09-11,2024-09-13
ASM004868,STU0276,CRS009,1,assignment,50,22.2,2024-09-12,2024-09-11
ASM004869,STU0276,CRS009,2,quiz,25,6.5,2024-09-28,2024-09-28
ASM004870,STU0276,CRS009,2,assignment,50,38.0,2024-10-04,2024-10-01
ASM004871,STU0276,CRS009,3,quiz,25,11.2,2024-10-04,2024-10-01
ASM004872,STU0276,CRS009,3,assignment,50,38.0,2024-10-22,2024-10-22
ASM004873,STU0276,CRS009,3,project,100,59.2,2024-10-22,2024-10-22
ASM004874,STU0276,CRS009,4,quiz,25,20.9,2024-11-15,2024-11-20
ASM004875,STU0276,CRS009,4,assignment,50,38.2,2024-10-22,2024-10-22
ASM004876,STU0276,CRS009,5,quiz,25,24.5,2024-12-01,2024-12-02
ASM004877,STU0276,CRS009,5,assignment,50,31.6,2024-11-01,2024-10-31
ASM004878,STU0276,CRS009,6,quiz,25,17.1,2024-12-03,2024-12-03
ASM004879,STU0276,CRS009,6,assignment,50,46.8,2024-12-03,2024-12-03
ASM004880,STU0276,CRS009,6,project,100,71.9,2024-12-09,2024-12-09
ASM004881,STU0276,CRS009,6,exam,100,56.9,2024-11-27,2024-12-04
ASM004882,STU0277,CRS008,1,quiz,25,17.0,2023-02-20,2023-02-18
ASM004883,STU0277,CRS008,1,assignment,50,36.3,2023-02-21,2023-02-20
ASM004884,STU0277,CRS008,2,quiz,25,22.9,2023-03-15,2023-03-16
ASM004885,STU0277,CRS008,2,assignment,50,41.0,2023-03-05,2023-03-05
ASM004886,STU0277,CRS008,3,quiz,25,19.8,2023-04-05,2023-04-05
ASM004887,STU0277,CRS008,3,assignment,50,32.8,2023-03-24,2023-03-24
ASM004888,STU0277,CRS008,3,project,100,72.2,2023-03-30,2023-03-31
ASM004889,STU0277,CRS008,4,quiz,25,14.1,2023-04-18,2023-04-19
ASM004890,STU0277,CRS008,4,assignment,50,38.5,2023-04-22,2023-04-21
ASM004891,STU0277,CRS008,5,quiz,25,23.8,2023-05-07,2023-05-09
ASM004892,STU0277,CRS008,5,assignment,50,17.3,2023-05-02,2023-05-03
ASM004893,STU0277,CRS008,6,quiz,25,18.0,2023-05-20,2023-05-21
ASM004894,STU0277,CRS008,6,assignment,50,17.0,2023-05-20,2023-05-21
ASM004895,STU0277,CRS008,6,project,100,54.3,2023-06-01,2023-06-01
ASM004896,STU0277,CRS008,6,exam,100,56.8,2023-05-14,2023-05-16
ASM004897,STU0278,CRS008,1,quiz,25,13.2,2023-10-01,2023-09-30
ASM004898,STU0278,CRS008,1,assignment,50,34.5,2023-10-01,2023-10-04
ASM004899,STU0278,CRS008,2,quiz,25,16.7,2023-10-19,2023-10-16
ASM004900,STU0278,CRS008,2,assignment,50,15.4,2023-10-15,2023-10-13
ASM004901,STU0278,CRS008,3,quiz,25,13.9,2023-10-25,2023-10-25
ASM004902,STU0278,CRS008,3,assignment,50,32.5,2023-11-15,2023-11-16
ASM004903,STU0278,CRS008,3,project,100,54.2,2023-11-03,2023-11-10
ASM004904,STU0278,CRS008,4,quiz,25,11.4,2023-11-24,2023-11-22
ASM004905,STU0278,CRS008,4,assignment,50,49.0,2023-11-16,2023-11-14
ASM004906,STU0278,CRS008,5,quiz,25,16.7,2023-12-27,2023-12-25
ASM004907,STU0278,CRS008,5,assignment,50,29.8,2023-12-02,2023-11-30
ASM004908,STU0278,CRS008,6,quiz,25,16.4,2024-01-05,2024-01-05
ASM004909,STU0278,CRS008,6,assignment,50,21.7,2024-01-05,2024-01-04
ASM004910,STU0278,CRS008,6,project,100,42.0,2024-01-05,2024-01-05
ASM004911,STU0278,CRS008,6,exam,100,74.5,2023-12-18,2023-12-21
ASM004912,STU0279,CRS010,1,quiz,25,18.6,2024-03-14,2024-03-14
ASM004913,STU0279,CRS010,1,assignment,50,30.1,2024-03-20,2024-03-22
ASM004914,STU0279,CRS010,2,quiz,25,17.4,2024-04-03,2024-04-03
ASM004915,STU0279,CRS010,2,assignment,50,31.8,2024-03-28,2024-03-26
ASM004916,STU0279,CRS010,3,quiz,25,12.0,2024-04-17,2024-04-19
ASM004917,STU0279,CRS010,3,assignment,50,15.2,2024-04-20,2024-04-21
ASM004918,STU0279,CRS010,3,project,100,73.5,2024-04-26,2024-04-26
ASM004919,STU0279,CRS010,4,quiz,25,10.7,2024-05-19,2024-05-18
ASM004920,STU0279,CRS010,4,assignment,50,26.2,2024-05-23,2024-05-30
ASM004921,STU0279,CRS010,5,quiz,25,21.4,2024-06-08,2024-06-15
ASM004922,STU0279,CRS010,5,assignment,50,38.1,2024-05-24,2024-05-29
ASM004923,STU0279,CRS010,6,quiz,25,13.5,2024-06-16,2024-06-17
ASM004924,STU0279,CRS010,6,assignment,50,30.6,2024-06-22,2024-06-22
ASM004925,STU0279,CRS010,6,project,100,68.8,2024-06-10,2024-06-08
ASM004926,STU0279,CRS010,7,quiz,25,21.8,2024-07-11,2024-07-08
ASM004927,STU0279,CRS010,7,assignment,50,39.4,2024-06-27,2024-06-26
ASM004928,STU0279,CRS010,8,quiz,25,24.0,2024-07-06,2024-07-11
ASM004929,STU0279,CRS010,8,assignment,50,32.6,2024-07-06,2024-07-03
ASM004930,STU0279,CRS010,9,quiz,25,20.1,2024-08-09,2024-08-08
ASM004931,STU0279,CRS010,9,assignment,50,38.4,2024-08-27,2024-08-26
ASM004932,STU0279,CRS010,9,project,100,74.6,2024-09-05,2024-09-06
ASM004933,STU0279,CRS010,10,quiz,25,13.4,2024-09-16,2024-09-16
ASM004934,STU0279,CRS010,10,assignment,50,17.3,2024-09-16,2024-09-18
ASM004935,STU0279,CRS010,10,exam,100,78.9,2024-07-18,2024-07-15
ASM004936,STU0280,CRS016,1,quiz,25,3.2,2024-08-23,2024-08-24
ASM004937,STU0280,CRS016,1,assignment,50,29.6,2024-08-20,2024-08-20
ASM004938,STU0280,CRS016,2,quiz,25,23.6,2024-09-01,2024-08-31
ASM004939,STU0280,CRS016,2,assignment,50,42.0,2024-09-03,2024-09-04
ASM004940,STU0280,CRS016,3,quiz,25,15.4,2024-09-27,2024-09-25
ASM004941,STU0280,CRS016,3,assignment,50,38.5,2024-09-27,2024-09-26
ASM004942,STU0280,CRS016,3,project,100,67.9,2024-09-30,2024-09-28
ASM004943,STU0280,CRS016,4,quiz,25,17.4,2024-10-11,2024-10-11
ASM004944,STU0280,CRS016,4,assignment,50,24.2,2024-09-29,2024-09-28
ASM004945,STU0280,CRS016,5,quiz,25,13.7,2024-11-02,2024-11-02
ASM004946,STU0280,CRS016,5,assignment,50,40.8,2024-11-07,2024-11-08
ASM004947,STU0280,CRS016,6,quiz,25,24.5,2024-11-08,2024-11-07
ASM004948,STU0280,CRS016,6,assignment,50,49.0,2024-11-14,2024-11-11
ASM004949,STU0280,CRS016,6,project,100,19.8,2024-10-27,2024-10-25
ASM004950,STU0280,CRS016,6,exam,100,97.3,2024-11-14,2024-11-13
ASM004951,STU0281,CRS018,1,quiz,25,16.9,2023-03-29,2023-03-28
ASM004952,STU0281,CRS018,1,assignment,50,39.3,2023-04-05,2023-04-05
ASM004953,STU0281,CRS018,2,quiz,25,11.8,2023-04-14,2023-04-15
ASM004954,STU0281,CRS018,2,assignment,50,36.9,2023-04-12,2023-04-12
ASM004955,STU0281,CRS018,3,quiz,25,10.1,2023-05-14,2023-05-12
ASM004956,STU0281,CRS018,3,assignment,50,34.2,2023-05-11,2023-05-10
ASM004957,STU0281,CRS018,3,project,100,57.2,2023-04-26,2023-04-25
ASM004958,STU0281,CRS018,4,quiz,25,13.8,2023-05-14,2023-05-19
ASM004959,STU0281,CRS018,4,assignment,50,31.4,2023-05-18,2023-05-23
ASM004960,STU0281,CRS018,5,quiz,25,10.5,2023-06-13,2023-06-15
ASM004961,STU0281,CRS018,5,assignment,50,35.5,2023-06-03,2023-06-02
ASM004962,STU0281,CRS018,6,quiz,25,23.2,2023-06-19,2023-06-16
ASM004963,STU0281,CRS018,6,assignment,50,47.7,2023-07-01,2023-07-01
ASM004964,STU0281,CRS018,6,project,100,54.4,2023-06-07,2023-06-05
ASM004965,STU0281,CRS018,7,quiz,25,15.0,2023-07-05,2023-07-12
ASM004966,STU0281,CRS018,7,assignment,50,28.4,2023-06-21,2023-06-24
ASM004967,STU0281,CRS018,8,quiz,25,19.6,2023-07-05,2023-07-05
ASM004968,STU0281,CRS018,8,assignment,50,26.1,2023-08-06,2023-08-07
ASM004969,STU0281,CRS018,8,exam,100,97.8,2023-08-30,2023-08-31
ASM004970,STU0282,CRS010,1,quiz,25,14.1,2023-08-12,2023-08-13
ASM004971,STU0282,CRS010,1,assignment,50,32.2,2023-08-12,2023-08-12
ASM004972,STU0282,CRS010,2,quiz,25,18.4,2023-08-23,2023-08-28
ASM004973,STU0282,CRS010,2,assignment,50,28.4,2023-08-19,2023-08-19
ASM004974,STU0282,CRS010,3,quiz,25,13.8,2023-09-23,2023-09-22
ASM004975,STU0282,CRS010,3,assignment,50,22.8,2023-09-23,2023-09-24
ASM004976,STU0282,CRS010,3,project,100,95.9,2023-09-05,2023-09-04
ASM004977,STU0282,CRS010,4,quiz,25,18.2,2023-10-06,2023-10-06
ASM004978,STU0282,CRS010,4,assignment,50,21.2,2023-10-06,2023-10-06
ASM004979,STU0282,CRS010,5,quiz,25,22.5,2023-10-20,2023-10-21
ASM004980,STU0282,CRS010,5,assignment,50,25.1,2023-10-10,2023-10-15
ASM004981,STU0282,CRS010,6,quiz,25,18.5,2023-11-25,2023-11-24
ASM004982,STU0282,CRS010,6,assignment,50,43.4,2023-10-20,2023-10-22
ASM004983,STU0282,CRS010,6,project,100,69.8,2023-10-20,2023-10-18
ASM004984,STU0282,CRS010,7,quiz,25,17.0,2023-12-16,2023-12-23
ASM004985,STU0282,CRS010,7,assignment,50,24.7,2023-10-28,2023-10-27
ASM004986,STU0282,CRS010,8,quiz,25,21.9,2023-12-29,2023-12-31
ASM004987,STU0282,CRS010,8,assignment,50,47.4,2023-11-11,2023-11-12
ASM004988,STU0282,CRS010,9,quiz,25,10.2,2024-01-27,2024-01-30
ASM004989,STU0282,CRS010,9,assignment,50,44.9,2024-01-27,2024-01-26
ASM004990,STU0282,CRS010,9,project,100,70.7,2023-12-22,2023-12-22
ASM004991,STU0282,CRS010,10,quiz,25,22.4,2024-01-28,2024-01-26
ASM004992,STU0282,CRS010,10,assignment,50,30.3,2024-01-28,2024-01-27
ASM004993,STU0282,CRS010,10,exam,100,71.9,2024-01-28,2024-01-29
ASM004994,STU0283,CRS018,1,quiz,25,14.9,2024-02-23,2024-02-22
ASM004995,STU0283,CRS018,1,assignment,50,46.6,2024-02-24,2024-02-29
ASM004996,STU0283,CRS018,2,quiz,25,13.7,2024-03-13,2024-03-12
ASM004997,STU0283,CRS018,2,assignment,50,49.0,2024-03-21,2024-03-20
ASM004998,STU0283,CRS018,3,quiz,25,17.4,2024-03-27,2024-03-25
ASM004999,STU0283,CRS018,3,assignment,50,26.6,2024-04-08,2024-04-07
ASM005000,STU0283,CRS018,3,project,100,40.3,2024-04-02,2024-04-02
ASM005001,STU0283,CRS018,4,quiz,25,17.3,2024-04-28,2024-04-30
ASM005002,STU0283,CRS018,4,assignment,50,38.0,2024-04-04,2024-04-05
ASM005003,STU0283,CRS018,5,quiz,25,15.3,2024-05-03,2024-05-02
ASM005004,STU0283,CRS018,5,assignment,50,39.9,2024-04-18,2024-04-18
ASM005005,STU0283,CRS018,6,quiz,25,12.7,2024-06-13,2024-06-13
ASM005006,STU0283,CRS018,6,assignment,50,28.6,2024-05-26,2024-05-26
ASM005007,STU0283,CRS018,6,project,100,45.8,2024-05-14,2024-05-11
ASM005008,STU0283,CRS018,7,quiz,25,21.1,2024-06-20,2024-06-18
ASM005009,STU0283,CRS018,7,assignment,50,28.1,2024-06-20,2024-06-19
ASM005010,STU0283,CRS018,8,quiz,25,11.5,2024-06-15,2024-06-15
ASM005011,STU0283,CRS018,8,assignment,50,43.1,2024-06-23,2024-06-22
ASM005012,STU0283,CRS018,8,exam,100,44.4,2024-07-17,2024-07-16
ASM005013,STU0284,CRS012,1,quiz,25,12.3,2024-09-30,2024-09-30
ASM005014,STU0284,CRS012,1,assignment,50,32.6,2024-09-30,2024-09-29
ASM005015,STU0284,CRS012,2,quiz,25,18.1,2024-10-22,2024-10-22
ASM005016,STU0284,CRS012,2,assignment,50,32.9,2024-10-24,2024-10-24
ASM005017,STU0284,CRS012,3,quiz,25,15.4,2024-10-29,2024-10-27
ASM005018,STU0284,CRS012,3,assignment,50,31.2,2024-11-10,2024-11-10
ASM005019,STU0284,CRS012,3,project,100,63.5,2024-11-01,2024-10-31
ASM005020,STU0284,CRS012,4,quiz,25,17.9,2024-12-03,2024-12-02
ASM005021,STU0284,CRS012,4,assignment,50,27.2,2024-11-17,2024-11-17
ASM005022,STU0284,CRS012,4,exam,100,89.4,2024-12-03,2024-12-02
ASM005023,STU0285,CRS002,1,quiz,25,15.8,2023-02-19,2023-02-19
ASM005024,STU0285,CRS002,1,assignment,50,27.4,2023-02-22,2023-02-21
ASM005025,STU0285,CRS002,2,quiz,25,17.5,2023-03-10,2023-03-11
ASM005026,STU0285,CRS002,2,assignment,50,31.7,2023-03-14,2023-03-12
ASM005027,STU0285,CRS002,3,quiz,25,22.8,2023-03-28,2023-03-29
ASM005028,STU0285,CRS002,3,assignment,50,34.8,2023-03-31,2023-03-29
ASM005029,STU0285,CRS002,3,project,100,68.8,2023-03-25,2023-03-26
ASM005030,STU0285,CRS002,4,quiz,25,21.8,2023-03-30,2023-03-27
ASM005031,STU0285,CRS002,4,assignment,50,41.7,2023-04-11,2023-04-12
ASM005032,STU0285,CRS002,5,quiz,25,23.2,2023-04-18,2023-04-17
ASM005033,STU0285,CRS002,5,assignment,50,40.0,2023-04-23,2023-04-21
ASM005034,STU0285,CRS002,6,quiz,25,9.3,2023-05-27,2023-05-28
ASM005035,STU0285,CRS002,6,assignment,50,14.9,2023-05-03,2023-05-04
ASM005036,STU0285,CRS002,6,project,100,56.3,2023-06-02,2023-06-02
ASM005037,STU0285,CRS002,6,exam,100,95.5,2023-06-02,2023-06-01
ASM005038,STU0286,CRS012,1,quiz,25,16.7,2023-09-27,2023-09-27
ASM005039,STU0286,CRS012,1,assignment,50,39.7,2023-09-30,2023-09-30
ASM005040,STU0286,CRS012,2,quiz,25,17.6,2023-10-18,2023-10-20
ASM005041,STU0286,CRS012,2,assignment,50,23.6,2023-10-10,2023-10-07
ASM005042,STU0286,CRS012,3,quiz,25,20.0,2023-11-14,2023-11-14
ASM005043,STU0286,CRS012,3,assignment,50,29.4,2023-11-14,2023-11-13
ASM005044,STU0286,CRS012,3,project,100,79.8,2023-11-11,2023-11-12
ASM005045,STU0286,CRS012,4,quiz,25,13.1,2023-11-23,2023-11-28
ASM005046,STU0286,CRS012,4,assignment,50,37.1,2023-11-11,2023-11-11
ASM005047,STU0286,CRS012,5,quiz,25,15.1,2023-12-01,2023-11-30
ASM005048,STU0286,CRS012,5,assignment,50,28.8,2023-12-01,2023-12-02
ASM005049,STU0286,CRS012,6,quiz,25,17.5,2024-01-10,2024-01-12
ASM005050,STU0286,CRS012,6,assignment,50,37.8,2023-12-05,2023-12-05
ASM005051,STU0286,CRS012,6,project,100,72.1,2023-12-11,2023-12-08
ASM005052,STU0286,CRS012,7,quiz,25,19.2,2024-01-09,2024-01-11
ASM005053,STU0286,CRS012,7,assignment,50,21.8,2023-12-26,2023-12-25
ASM005054,STU0286,CRS012,8,quiz,25,16.7,2024-01-10,2024-01-08
ASM005055,STU0286,CRS012,8,assignment,50,33.3,2024-02-27,2024-02-26
ASM005056,STU0286,CRS012,8,exam,100,41.1,2024-02-03,2024-02-03
ASM005057,STU0287,CRS009,1,quiz,25,13.3,2024-03-17,2024-03-18
ASM005058,STU0287,CRS009,1,assignment,50,32.0,2024-03-16,2024-03-14
ASM005059,STU0287,CRS009,2,quiz,25,23.1,2024-04-11,2024-04-11
ASM005060,STU0287,CRS009,2,assignment,50,34.3,2024-04-03,2024-04-04
ASM005061,STU0287,CRS009,3,quiz,25,23.1,2024-04-13,2024-04-10
ASM005062,STU0287,CRS009,3,assignment,50,26.7,2024-04-28,2024-04-27
ASM005063,STU0287,CRS009,3,project,100,78.0,2024-05-01,2024-04-30
ASM005064,STU0287,CRS009,4,quiz,25,18.5,2024-04-27,2024-04-27
ASM005065,STU0287,CRS009,4,assignment,50,47.1,2024-05-05,2024-05-04
ASM005066,STU0287,CRS009,5,quiz,25,9.9,2024-05-11,2024-05-16
ASM005067,STU0287,CRS009,5,assignment,50,39.3,2024-05-21,2024-05-26
ASM005068,STU0287,CRS009,6,quiz,25,11.0,2024-05-25,2024-05-23
ASM005069,STU0287,CRS009,6,assignment,50,17.3,2024-06-30,2024-06-30
ASM005070,STU0287,CRS009,6,project,100,78.8,2024-06-30,2024-07-05
ASM005071,STU0287,CRS009,7,quiz,25,7.4,2024-06-29,2024-06-28
ASM005072,STU0287,CRS009,7,assignment,50,26.0,2024-07-20,2024-07-21
ASM005073,STU0287,CRS009,8,quiz,25,6.6,2024-07-16,2024-07-15
ASM005074,STU0287,CRS009,8,assignment,50,34.5,2024-06-30,2024-06-30
ASM005075,STU0287,CRS009,9,quiz,25,24.5,2024-07-15,2024-07-18
ASM005076,STU0287,CRS009,9,assignment,50,28.0,2024-08-29,2024-08-28
ASM005077,STU0287,CRS009,9,project,100,51.0,2024-09-07,2024-09-05
ASM005078,STU0287,CRS009,10,quiz,25,17.8,2024-07-30,2024-07-27
ASM005079,STU0287,CRS009,10,assignment,50,24.3,2024-07-30,2024-07-29
ASM005080,STU0287,CRS009,11,quiz,25,9.4,2024-09-05,2024-09-10
ASM005081,STU0287,CRS009,11,assignment,50,22.1,2024-08-25,2024-08-23
ASM005082,STU0287,CRS009,12,quiz,25,14.9,2024-09-22,2024-09-22
ASM005083,STU0287,CRS009,12,assignment,50,18.2,2024-09-10,2024-09-10
ASM005084,STU0287,CRS009,12,project,100,44.1,2024-11-09,2024-11-09
ASM005085,STU0287,CRS009,12,exam,100,81.6,2024-08-17,2024-08-17
ASM005086,STU0288,CRS007,1,quiz,25,13.1,2024-09-20,2024-09-21
ASM005087,STU0288,CRS007,1,assignment,50,29.7,2024-09-25,2024-09-27
ASM005088,STU0288,CRS007,2,quiz,25,8.0,2024-10-07,2024-10-04
ASM005089,STU0288,CRS007,2,assignment,50,35.1,2024-10-05,2024-10-08
ASM005090,STU0288,CRS007,3,quiz,25,13.1,2024-10-20,2024-10-21
ASM005091,STU0288,CRS007,3,assignment,50,36.8,2024-11-07,2024-11-08
ASM005092,STU0288,CRS007,3,project,100,62.6,2024-10-20,2024-10-20
ASM005093,STU0288,CRS007,4,quiz,25,12.9,2024-11-24,2024-11-24
ASM005094,STU0288,CRS007,4,assignment,50,31.1,2024-11-16,2024-11-16
ASM005095,STU0288,CRS007,5,quiz,25,10.0,2024-12-19,2024-12-18
ASM005096,STU0288,CRS007,5,assignment,50,7.9,2024-11-24,2024-11-25
ASM005097,STU0288,CRS007,6,quiz,25,20.6,2025-01-03,2025-01-03
ASM005098,STU0288,CRS007,6,assignment,50,29.9,2025-01-03,2025-01-05
ASM005099,STU0288,CRS007,6,project,100,78.2,2024-12-28,2024-12-28
ASM005100,STU0288,CRS007,7,quiz,25,18.5,2025-01-02,2025-01-02
ASM005101,STU0288,CRS007,7,assignment,50,33.7,2024-12-26,2024-12-26
ASM005102,STU0288,CRS007,7,exam,100,79.2,2025-01-04,2025-01-05
ASM005103,STU0289,CRS018,1,quiz,25,20.7,2023-03-21,2023-03-22
ASM005104,STU0289,CRS018,1,assignment,50,24.8,2023-03-14,2023-03-14
ASM005105,STU0289,CRS018,2,quiz,25,12.8,2023-04-11,2023-04-09
ASM005106,STU0289,CRS018,2,assignment,50,26.2,2023-04-05,2023-04-03
ASM005107,STU0289,CRS018,3,quiz,25,15.5,2023-05-02,2023-05-02
ASM005108,STU0289,CRS018,3,assignment,50,33.6,2023-04-11,2023-04-11
ASM005109,STU0289,CRS018,3,project,100,59.1,2023-05-02,2023-05-02
ASM005110,STU0289,CRS018,4,quiz,25,13.1,2023-05-15,2023-05-16
ASM005111,STU0289,CRS018,4,assignment,50,42.1,2023-05-11,2023-05-11
ASM005112,STU0289,CRS018,5,quiz,25,18.7,2023-05-29,2023-05-27
ASM005113,STU0289,CRS018,5,assignment,50,38.3,2023-06-13,2023-06-12
ASM005114,STU0289,CRS018,6,quiz,25,11.6,2023-06-22,2023-06-21
ASM005115,STU0289,CRS018,6,assignment,50,29.3,2023-05-29,2023-06-05
ASM005116,STU0289,CRS018,6,project,100,88.0,2023-05-23,2023-05-22
ASM005117,STU0289,CRS018,7,quiz,25,11.0,2023-07-11,2023-07-08
ASM005118,STU0289,CRS018,7,assignment,50,24.4,2023-07-18,2023-07-21
ASM005119,STU0289,CRS018,8,quiz,25,23.2,2023-07-30,2023-08-06
ASM005120,STU0289,CRS018,8,assignment,50,45.2,2023-06-20,2023-06-19
ASM005121,STU0289,CRS018,8,exam,100,82.7,2023-07-06,2023-07-13
ASM005122,STU0290,CRS004,1,quiz,25,17.4,2023-09-06,2023-09-03
ASM005123,STU0290,CRS004,1,assignment,50,36.8,2023-09-08,2023-09-07
ASM005124,STU0290,CRS004,2,quiz,25,12.6,2023-09-22,2023-09-24
ASM005125,STU0290,CRS004,2,assignment,50,21.4,2023-09-20,2023-09-20
ASM005126,STU0290,CRS004,3,quiz,25,14.8,2023-10-04,2023-10-04
ASM005127,STU0290,CRS004,3,assignment,50,26.1,2023-10-16,2023-10-17
ASM005128,STU0290,CRS004,3,project,100,61.6,2023-10-25,2023-10-24
ASM005129,STU0290,CRS004,4,quiz,25,8.5,2023-10-22,2023-10-22
ASM005130,STU0290,CRS004,4,assignment,50,41.6,2023-10-18,2023-10-16
ASM005131,STU0290,CRS004,5,quiz,25,17.5,2023-12-06,2023-12-08
ASM005132,STU0290,CRS004,5,assignment,50,31.1,2023-11-16,2023-11-13
ASM005133,STU0290,CRS004,6,quiz,25,16.5,2023-12-15,2023-12-16
ASM005134,STU0290,CRS004,6,assignment,50,23.4,2023-12-15,2023-12-16
ASM005135,STU0290,CRS004,6,project,100,82.0,2023-11-15,2023-11-20
ASM005136,STU0290,CRS004,6,exam,100,59.5,2023-11-21,2023-11-21
ASM005137,STU0291,CRS008,1,quiz,25,22.8,2024-02-16,2024-02-18
ASM005138,STU0291,CRS008,1,assignment,50,30.7,2024-02-17,2024-02-17
ASM005139,STU0291,CRS008,2,quiz,25,9.1,2024-02-27,2024-02-27
ASM005140,STU0291,CRS008,2,assignment,50,34.3,2024-02-27,2024-02-28
ASM005141,STU0291,CRS008,3,quiz,25,22.1,2024-04-02,2024-04-01
ASM005142,STU0291,CRS008,3,assignment,50,21.2,2024-03-12,2024-03-10
ASM005143,STU0291,CRS008,3,project,100,72.0,2024-03-21,2024-03-21
ASM005144,STU0291,CRS008,4,quiz,25,14.8,2024-04-07,2024-04-06
ASM005145,STU0291,CRS008,4,assignment,50,37.2,2024-04-11,2024-04-11
ASM005146,STU0291,CRS008,5,quiz,25,15.8,2024-04-09,2024-04-09
ASM005147,STU0291,CRS008,5,assignment,50,43.5,2024-04-29,2024-04-30
ASM005148,STU0291,CRS008,6,quiz,25,14.6,2024-05-29,2024-05-31
ASM005149,STU0291,CRS008,6,assignment,50,40.7,2024-05-23,2024-05-22
ASM005150,STU0291,CRS008,6,project,100,58.5,2024-05-05,2024-05-03
ASM005151,STU0291,CRS008,6,exam,100,46.1,2024-05-23,2024-05-24
ASM005152,STU0292,CRS017,1,quiz,25,18.3,2024-08-17,2024-08-22
ASM005153,STU0292,CRS017,1,assignment,50,35.4,2024-08-14,2024-08-13
ASM005154,STU0292,CRS017,2,quiz,25,14.4,2024-08-26,2024-08-26
ASM005155,STU0292,CRS017,2,assignment,50,28.0,2024-09-01,2024-09-06
ASM005156,STU0292,CRS017,3,quiz,25,13.2,2024-09-09,2024-09-08
ASM005157,STU0292,CRS017,3,assignment,50,23.9,2024-09-21,2024-09-21
ASM005158,STU0292,CRS017,3,project,100,79.5,2024-09-24,2024-09-24
ASM005159,STU0292,CRS017,4,quiz,25,15.3,2024-10-05,2024-10-06
ASM005160,STU0292,CRS017,4,assignment,50,36.1,2024-10-05,2024-10-05
ASM005161,STU0292,CRS017,5,quiz,25,22.0,2024-11-01,2024-10-29
ASM005162,STU0292,CRS017,5,assignment,50,11.7,2024-10-27,2024-10-27
ASM005163,STU0292,CRS017,6,quiz,25,20.5,2024-11-20,2024-11-19
ASM005164,STU0292,CRS017,6,assignment,50,47.1,2024-10-21,2024-10-18
ASM005165,STU0292,CRS017,6,project,100,41.3,2024-11-08,2024-11-08
ASM005166,STU0292,CRS017,6,exam,100,28.5,2024-10-27,2024-11-01
ASM005167,STU0293,CRS002,1,quiz,25,16.7,2023-02-11,2023-02-10
ASM005168,STU0293,CRS002,1,assignment,50,27.6,2023-02-11,2023-02-11
ASM005169,STU0293,CRS002,2,quiz,25,10.7,2023-03-02,2023-03-04
ASM005170,STU0293,CRS002,2,assignment,50,30.0,2023-02-24,2023-02-25
ASM005171,STU0293,CRS002,3,quiz,25,14.5,2023-03-19,2023-03-20
ASM005172,STU0293,CRS002,3,assignment,50,39.7,2023-03-10,2023-03-10
ASM005173,STU0293,CRS002,3,project,100,70.4,2023-03-16,2023-03-15
ASM005174,STU0293,CRS002,4,quiz,25,14.2,2023-04-07,2023-04-05
ASM005175,STU0293,CRS002,4,assignment,50,28.5,2023-03-22,2023-03-29
ASM005176,STU0293,CRS002,5,quiz,25,20.1,2023-04-06,2023-04-06
ASM005177,STU0293,CRS002,5,assignment,50,49.0,2023-04-01,2023-04-01
ASM005178,STU0293,CRS002,6,quiz,25,19.1,2023-04-15,2023-04-15
ASM005179,STU0293,CRS002,6,assignment,50,25.7,2023-04-21,2023-04-20
ASM005180,STU0293,CRS002,6,project,100,69.1,2023-05-03,2023-05-05
ASM005181,STU0293,CRS002,6,exam,100,77.2,2023-05-03,2023-05-03
ASM005182,STU0294,CRS016,1,quiz,25,20.0,2023-08-08,2023-08-06
ASM005183,STU0294,CRS016,1,assignment,50,20.2,2023-08-11,2023-08-09
ASM005184,STU0294,CRS016,2,quiz,25,12.9,2023-09-01,2023-08-31
ASM005185,STU0294,CRS016,2,assignment,50,30.5,2023-08-26,2023-08-28
ASM005186,STU0294,CRS016,3,quiz,25,15.5,2023-09-10,2023-09-10
ASM005187,STU0294,CRS016,3,assignment,50,37.0,2023-09-01,2023-08-31
ASM005188,STU0294,CRS016,3,project,100,73.9,2023-09-04,2023-09-07
ASM005189,STU0294,CRS016,4,quiz,25,16.7,2023-09-19,2023-09-20
ASM005190,STU0294,CRS016,4,assignment,50,45.4,2023-09-23,2023-09-23
ASM005191,STU0294,CRS016,5,quiz,25,6.8,2023-09-29,2023-09-29
ASM005192,STU0294,CRS016,5,assignment,50,31.8,2023-10-04,2023-10-04
ASM005193,STU0294,CRS016,6,quiz,25,15.6,2023-10-25,2023-10-25
ASM005194,STU0294,CRS016,6,assignment,50,32.7,2023-11-18,2023-11-17
ASM005195,STU0294,CRS016,6,project,100,84.9,2023-10-19,2023-10-19
ASM005196,STU0294,CRS016,6,exam,100,84.2,2023-11-18,2023-11-18
ASM005197,STU0295,CRS005,1,quiz,25,15.6,2024-02-01,2024-02-06
ASM005198,STU0295,CRS005,1,assignment,50,22.3,2024-01-29,2024-01-27
ASM005199,STU0295,CRS005,2,quiz,25,15.1,2024-02-14,2024-02-14
ASM005200,STU0295,CRS005,2,assignment,50,27.2,2024-02-20,2024-02-23
ASM005201,STU0295,CRS005,3,quiz,25,8.9,2024-03-18,2024-03-16
ASM005202,STU0295,CRS005,3,assignment,50,34.4,2024-03-03,2024-03-03
ASM005203,STU0295,CRS005,3,project,100,79.2,2024-03-15,2024-03-15
ASM005204,STU0295,CRS005,4,quiz,25,17.8,2024-03-23,2024-03-25
ASM005205,STU0295,CRS005,4,assignment,50,15.7,2024-03-19,2024-03-19
ASM005206,STU0295,CRS005,5,quiz,25,11.9,2024-04-24,2024-04-23
ASM005207,STU0295,CRS005,5,assignment,50,22.3,2024-04-19,2024-04-17
ASM005208,STU0295,CRS005,6,quiz,25,13.1,2024-04-08,2024-04-09
ASM005209,STU0295,CRS005,6,assignment,50,25.7,2024-04-14,2024-04-11
ASM005210,STU0295,CRS005,6,project,100,55.7,2024-04-26,2024-04-26
ASM005211,STU0295,CRS005,7,quiz,25,14.6,2024-05-13,2024-05-15
ASM005212,STU0295,CRS005,7,assignment,50,25.0,2024-04-29,2024-04-30
ASM005213,STU0295,CRS005,8,quiz,25,15.3,2024-06-23,2024-06-24
ASM005214,STU0295,CRS005,8,assignment,50,39.7,2024-06-07,2024-06-07
ASM005215,STU0295,CRS005,8,exam,100,96.9,2024-06-07,2024-06-08
ASM005216,STU0296,CRS006,1,quiz,25,13.0,2024-08-31,2024-08-31
ASM005217,STU0296,CRS006,1,assignment,50,39.8,2024-08-31,2024-08-30
ASM005218,STU0296,CRS006,2,quiz,25,13.9,2024-09-21,2024-09-21
ASM005219,STU0296,CRS006,2,assignment,50,40.1,2024-09-17,2024-09-19
ASM005220,STU0296,CRS006,3,quiz,25,20.1,2024-09-24,2024-09-26
ASM005221,STU0296,CRS006,3,assignment,50,45.9,2024-09-21,2024-09-20
ASM005222,STU0296,CRS006,3,project,100,77.9,2024-10-12,2024-10-13
ASM005223,STU0296,CRS006,4,quiz,25,14.5,2024-10-09,2024-10-11
ASM005224,STU0296,CRS006,4,assignment,50,43.2,2024-11-02,2024-11-05
ASM005225,STU0296,CRS006,5,quiz,25,13.5,2024-11-23,2024-11-20
ASM005226,STU0296,CRS006,5,assignment,50,43.0,2024-11-08,2024-11-13
ASM005227,STU0296,CRS006,6,quiz,25,19.2,2024-11-26,2024-12-01
ASM005228,STU0296,CRS006,6,assignment,50,17.8,2024-11-20,2024-11-20
ASM005229,STU0296,CRS006,6,project,100,48.0,2024-11-14,2024-11-14
ASM005230,STU0296,CRS006,7,quiz,25,19.7,2024-11-23,2024-11-22
ASM005231,STU0296,CRS006,7,assignment,50,35.2,2024-12-07,2024-12-08
ASM005232,STU0296,CRS006,8,quiz,25,21.4,2025-01-01,2025-01-01
ASM005233,STU0296,CRS006,8,assignment,50,12.2,2024-12-08,2024-12-08
ASM005234,STU0296,CRS006,8,exam,100,31.6,2024-12-08,2024-12-07
ASM005235,STU0297,CRS016,1,quiz,25,17.0,2023-03-05,2023-03-05
ASM005236,STU0297,CRS016,1,assignment,50,31.2,2023-03-02,2023-03-04
ASM005237,STU0297,CRS016,2,quiz,25,20.0,2023-03-28,2023-03-28
ASM005238,STU0297,CRS016,2,assignment,50,34.8,2023-03-26,2023-03-31
ASM005239,STU0297,CRS016,3,quiz,25,16.7,2023-04-06,2023-04-05
ASM005240,STU0297,CRS016,3,assignment,50,28.7,2023-04-12,2023-04-13
ASM005241,STU0297,CRS016,3,project,100,35.8,2023-03-28,2023-03-30
ASM005242,STU0297,CRS016,4,quiz,25,17.9,2023-05-01,2023-04-30
ASM005243,STU0297,CRS016,4,assignment,50,32.3,2023-05-05,2023-05-02
ASM005244,STU0297,CRS016,5,quiz,25,14.0,2023-05-10,2023-05-12
ASM005245,STU0297,CRS016,5,assignment,50,43.2,2023-04-30,2023-04-27
ASM005246,STU0297,CRS016,6,quiz,25,14.8,2023-06-20,2023-06-20
ASM005247,STU0297,CRS016,6,assignment,50,32.9,2023-06-08,2023-06-08
ASM005248,STU0297,CRS016,6,project,100,84.0,2023-05-09,2023-05-10
ASM005249,STU0297,CRS016,6,exam,100,75.4,2023-06-08,2023-06-10
ASM005250,STU0298,CRS010,1,quiz,25,7.8,2023-08-19,2023-08-16
ASM005251,STU0298,CRS010,1,assignment,50,36.6,2023-08-23,2023-08-21
ASM005252,STU0298,CRS010,2,quiz,25,18.6,2023-09-15,2023-09-14
ASM005253,STU0298,CRS010,2,assignment,50,47.1,2023-09-03,2023-09-08
ASM005254,STU0298,CRS010,3,quiz,25,13.0,2023-10-06,2023-10-05
ASM005255,STU0298,CRS010,3,assignment,50,26.6,2023-10-03,2023-10-01
ASM005256,STU0298,CRS010,3,project,100,69.6,2023-09-30,2023-09-30
ASM005257,STU0298,CRS010,4,quiz,25,17.1,2023-10-23,2023-10-23
ASM005258,STU0298,CRS010,4,assignment,50,39.0,2023-09-29,2023-09-30
ASM005259,STU0298,CRS010,5,quiz,25,24.5,2023-11-07,2023-11-07
ASM005260,STU0298,CRS010,5,assignment,50,28.7,2023-11-12,2023-11-10
ASM005261,STU0298,CRS010,6,quiz,25,16.4,2023-11-20,2023-11-20
ASM005262,STU0298,CRS010,6,assignment,50,45.5,2023-12-02,2023-12-04
ASM005263,STU0298,CRS010,6,project,100,49.6,2023-11-14,2023-11-14
ASM005264,STU0298,CRS010,7,quiz,25,14.5,2023-11-17,2023-11-15
ASM005265,STU0298,CRS010,7,assignment,50,44.4,2023-12-08,2023-12-07
ASM005266,STU0298,CRS010,8,quiz,25,14.6,2023-12-10,2023-12-12
ASM005267,STU0298,CRS010,8,assignment,50,33.4,2023-12-18,2023-12-18
ASM005268,STU0298,CRS010,9,quiz,25,17.2,2023-12-26,2023-12-26
ASM005269,STU0298,CRS010,9,assignment,50,27.1,2024-01-31,2024-02-07
ASM005270,STU0298,CRS010,9,project,100,50.0,2024-01-22,2024-01-27
ASM005271,STU0298,CRS010,10,quiz,25,23.4,2024-01-31,2024-01-30
ASM005272,STU0298,CRS010,10,assignment,50,40.6,2024-01-31,2024-01-29
ASM005273,STU0298,CRS010,10,exam,100,84.7,2024-02-20,2024-02-18
ASM005274,STU0299,CRS002,1,quiz,25,12.3,2024-04-03,2024-04-10
ASM005275,STU0299,CRS002,1,assignment,50,35.6,2024-04-01,2024-04-02
ASM005276,STU0299,CRS002,2,quiz,25,21.6,2024-04-18,2024-04-18
ASM005277,STU0299,CRS002,2,assignment,50,29.3,2024-04-18,2024-04-15
ASM005278,STU0299,CRS002,3,quiz,25,17.9,2024-05-03,2024-05-04
ASM005279,STU0299,CRS002,3,assignment,50,33.7,2024-04-24,2024-04-22
ASM005280,STU0299,CRS002,3,project,100,64.7,2024-04-30,2024-04-30
ASM005281,STU0299,CRS002,4,quiz,25,21.2,2024-05-20,2024-05-20
ASM005282,STU0299,CRS002,4,assignment,50,28.2,2024-05-12,2024-05-11
ASM005283,STU0299,CRS002,5,quiz,25,11.0,2024-06-11,2024-06-12
ASM005284,STU0299,CRS002,5,assignment,50,35.7,2024-06-06,2024-06-06
ASM005285,STU0299,CRS002,6,quiz,25,11.0,2024-06-23,2024-06-28
ASM005286,STU0299,CRS002,6,assignment,50,27.1,2024-06-05,2024-06-05
ASM005287,STU0299,CRS002,6,project,100,66.6,2024-07-11,2024-07-10
ASM005288,STU0299,CRS002,6,exam,100,24.8,2024-06-05,2024-06-05
ASM005289,STU0300,CRS019,1,quiz,25,16.6,2024-08-14,2024-08-14
ASM005290,STU0300,CRS019,1,assignment,50,25.3,2024-08-19,2024-08-21
ASM005291,STU0300,CRS019,2,quiz,25,11.0,2024-09-05,2024-09-07
ASM005292,STU0300,CRS019,2,assignment,50,46.8,2024-09-01,2024-09-03
ASM005293,STU0300,CRS019,3,quiz,25,18.1,2024-09-24,2024-09-24
ASM005294,STU0300,CRS019,3,assignment,50,29.5,2024-09-30,2024-09-28
ASM005295,STU0300,CRS019,3,project,100,98.0,2024-09-21,2024-09-24
ASM005296,STU0300,CRS019,4,quiz,25,17.8,2024-09-27,2024-09-29
ASM005297,STU0300,CRS019,4,assignment,50,39.2,2024-10-17,2024-10-19
ASM005298,STU0300,CRS019,5,quiz,25,9.2,2024-10-07,2024-10-06
ASM005299,STU0300,CRS019,5,assignment,50,33.7,2024-10-22,2024-10-22
ASM005300,STU0300,CRS019,6,quiz,25,6.6,2024-12-02,2024-12-01
ASM005301,STU0300,CRS019,6,assignment,50,32.1,2024-12-02,2024-12-02
ASM005302,STU0300,CRS019,6,project,100,19.0,2024-11-08,2024-11-09
ASM005303,STU0300,CRS019,6,exam,100,66.4,2024-11-08,2024-11-08
ASM005304,STU0301,CRS002,1,quiz,25,11.3,2023-04-01,2023-03-30
ASM005305,STU0301,CRS002,1,assignment,50,29.3,2023-03-28,2023-03-29
ASM005306,STU0301,CRS002,2,quiz,25,14.7,2023-04-21,2023-04-20
ASM005307,STU0301,CRS002,2,assignment,50,34.3,2023-04-23,2023-04-30
ASM005308,STU0301,CRS002,3,quiz,25,18.4,2023-05-01,2023-05-01
ASM005309,STU0301,CRS002,3,assignment,50,35.5,2023-05-01,2023-05-08
ASM005310,STU0301,CRS002,3,project,100,61.9,2023-05-01,2023-05-04
ASM005311,STU0301,CRS002,4,quiz,25,10.7,2023-05-21,2023-05-24
ASM005312,STU0301,CRS002,4,assignment,50,23.2,2023-05-29,2023-05-29
ASM005313,STU0301,CRS002,5,quiz,25,16.3,2023-06-02,2023-05-30
ASM005314,STU0301,CRS002,5,assignment,50,29.2,2023-05-23,2023-05-24
ASM005315,STU0301,CRS002,6,quiz,25,18.2,2023-07-18,2023-07-19
ASM005316,STU0301,CRS002,6,assignment,50,26.4,2023-06-24,2023-06-23
ASM005317,STU0301,CRS002,6,project,100,66.4,2023-07-06,2023-07-13
ASM005318,STU0301,CRS002,6,exam,100,87.7,2023-06-12,2023-06-10
ASM005319,STU0302,CRS006,1,quiz,25,12.2,2023-10-03,2023-10-04
ASM005320,STU0302,CRS006,1,assignment,50,49.0,2023-09-28,2023-09-26
ASM005321,STU0302,CRS006,2,quiz,25,10.4,2023-10-18,2023-10-18
ASM005322,STU0302,CRS006,2,assignment,50,35.1,2023-10-24,2023-10-23
ASM005323,STU0302,CRS006,3,quiz,25,20.2,2023-11-11,2023-11-18
ASM005324,STU0302,CRS006,3,assignment,50,23.7,2023-11-02,2023-11-01
ASM005325,STU0302,CRS006,3,project,100,49.8,2023-11-08,2023-11-06
ASM005326,STU0302,CRS006,4,quiz,25,16.3,2023-11-15,2023-11-14
ASM005327,STU0302,CRS006,4,assignment,50,42.5,2023-11-07,2023-11-06
ASM005328,STU0302,CRS006,5,quiz,25,12.1,2023-12-06,2023-12-05
ASM005329,STU0302,CRS006,5,assignment,50,33.9,2023-11-26,2023-11-24
ASM005330,STU0302,CRS006,6,quiz,25,15.0,2023-12-23,2023-12-23
ASM005331,STU0302,CRS006,6,assignment,50,30.4,2024-01-10,2024-01-08
ASM005332,STU0302,CRS006,6,project,100,68.9,2023-12-05,2023-12-03
ASM005333,STU0302,CRS006,7,quiz,25,15.4,2024-01-30,2024-01-30
ASM005334,STU0302,CRS006,7,assignment,50,30.0,2024-01-02,2024-01-04
ASM005335,STU0302,CRS006,8,quiz,25,16.9,2024-01-02,2024-01-02
ASM005336,STU0302,CRS006,8,assignment,50,26.0,2024-02-19,2024-02-20
ASM005337,STU0302,CRS006,9,quiz,25,20.0,2024-01-25,2024-01-25
ASM005338,STU0302,CRS006,9,assignment,50,49.0,2024-01-16,2024-01-13
ASM005339,STU0302,CRS006,9,project,100,62.6,2024-03-19,2024-03-19
ASM005340,STU0302,CRS006,10,quiz,25,17.7,2024-04-09,2024-04-08
ASM005341,STU0302,CRS006,10,assignment,50,31.2,2024-03-20,2024-03-27
ASM005342,STU0302,CRS006,10,exam,100,63.9,2024-04-09,2024-04-08
ASM005343,STU0303,CRS013,1,quiz,25,16.3,2024-03-26,2024-03-24
ASM005344,STU0303,CRS013,1,assignment,50,30.1,2024-03-26,2024-03-25
ASM005345,STU0303,CRS013,2,quiz,25,12.0,2024-04-04,2024-04-02
ASM005346,STU0303,CRS013,2,assignment,50,30.3,2024-04-02,2024-04-03
ASM005347,STU0303,CRS013,3,quiz,25,13.3,2024-05-07,2024-05-10
ASM005348,STU0303,CRS013,3,assignment,50,23.8,2024-04-22,2024-04-20
ASM005349,STU0303,CRS013,3,project,100,92.4,2024-04-28,2024-04-28
ASM005350,STU0303,CRS013,4,quiz,25,12.6,2024-05-24,2024-05-26
ASM005351,STU0303,CRS013,4,assignment,50,40.6,2024-05-28,2024-05-26
ASM005352,STU0303,CRS013,5,quiz,25,23.3,2024-05-19,2024-05-19
ASM005353,STU0303,CRS013,5,assignment,50,29.3,2024-05-14,2024-05-14
ASM005354,STU0303,CRS013,6,quiz,25,20.6,2024-06-09,2024-06-11
ASM005355,STU0303,CRS013,6,assignment,50,36.9,2024-06-21,2024-06-20
ASM005356,STU0303,CRS013,6,project,100,27.2,2024-06-09,2024-06-09
ASM005357,STU0303,CRS013,7,quiz,25,20.4,2024-06-18,2024-06-19
ASM005358,STU0303,CRS013,7,assignment,50,33.3,2024-07-02,2024-07-07
ASM005359,STU0303,CRS013,8,quiz,25,20.8,2024-07-27,2024-07-29
ASM005360,STU0303,CRS013,8,assignment,50,43.9,2024-06-25,2024-06-25
ASM005361,STU0303,CRS013,8,exam,100,32.4,2024-07-27,2024-07-28
ASM005362,STU0304,CRS010,1,quiz,25,19.1,2024-09-25,2024-09-25
ASM005363,STU0304,CRS010,1,assignment,50,37.8,2024-09-23,2024-09-22
ASM005364,STU0304,CRS010,2,quiz,25,22.1,2024-10-17,2024-10-17
ASM005365,STU0304,CRS010,2,assignment,50,28.9,2024-10-13,2024-10-18
ASM005366,STU0304,CRS010,3,quiz,25,16.6,2024-11-11,2024-11-12
ASM005367,STU0304,CRS010,3,assignment,50,49.0,2024-11-02,2024-11-03
ASM005368,STU0304,CRS010,3,project,100,72.2,2024-10-27,2024-10-26
ASM005369,STU0304,CRS010,4,quiz,25,12.7,2024-11-24,2024-11-26
ASM005370,STU0304,CRS010,4,assignment,50,41.2,2024-11-08,2024-11-08
ASM005371,STU0304,CRS010,5,quiz,25,14.3,2024-11-28,2024-11-26
ASM005372,STU0304,CRS010,5,assignment,50,30.5,2024-11-23,2024-11-22
ASM005373,STU0304,CRS010,5,exam,100,40.0,2024-12-18,2024-12-18
ASM005374,STU0305,CRS010,1,quiz,25,20.5,2023-03-10,2023-03-11
ASM005375,STU0305,CRS010,1,assignment,50,17.5,2023-03-12,2023-03-11
ASM005376,STU0305,CRS010,2,quiz,25,13.5,2023-04-01,2023-03-30
ASM005377,STU0305,CRS010,2,assignment,50,33.7,2023-04-03,2023-04-03
ASM005378,STU0305,CRS010,3,quiz,25,16.5,2023-04-15,2023-04-15
ASM005379,STU0305,CRS010,3,assignment,50,32.5,2023-04-15,2023-04-12
ASM005380,STU0305,CRS010,3,project,100,45.7,2023-04-06,2023-04-13
ASM005381,STU0305,CRS010,4,quiz,25,10.0,2023-04-21,2023-04-21
ASM005382,STU0305,CRS010,4,assignment,50,33.2,2023-04-25,2023-04-23
ASM005383,STU0305,CRS010,5,quiz,25,10.2,2023-05-21,2023-05-18
ASM005384,STU0305,CRS010,5,assignment,50,40.9,2023-05-16,2023-05-16
ASM005385,STU0305,CRS010,6,quiz,25,19.0,2023-05-27,2023-05-29
ASM005386,STU0305,CRS010,6,assignment,50,8.0,2023-06-08,2023-06-08
ASM005387,STU0305,CRS010,6,project,100,69.8,2023-06-20,2023-06-19
ASM005388,STU0305,CRS010,7,quiz,25,15.8,2023-06-12,2023-06-10
ASM005389,STU0305,CRS010,7,assignment,50,27.9,2023-07-10,2023-07-10
ASM005390,STU0305,CRS010,8,quiz,25,17.3,2023-06-12,2023-06-11
ASM005391,STU0305,CRS010,8,assignment,50,30.5,2023-06-28,2023-06-27
ASM005392,STU0305,CRS010,9,quiz,25,9.5,2023-07-14,2023-07-17
ASM005393,STU0305,CRS010,9,assignment,50,38.6,2023-08-10,2023-08-15
ASM005394,STU0305,CRS010,9,project,100,65.1,2023-07-23,2023-07-20
ASM005395,STU0305,CRS010,10,quiz,25,12.9,2023-07-10,2023-07-07
ASM005396,STU0305,CRS010,10,assignment,50,31.7,2023-08-19,2023-08-20
ASM005397,STU0305,CRS010,10,exam,100,44.4,2023-09-08,2023-09-08
ASM005398,STU0306,CRS011,1,quiz,25,12.8,2023-08-16,2023-08-16
ASM005399,STU0306,CRS011,1,assignment,50,44.3,2023-08-17,2023-08-15
ASM005400,STU0306,CRS011,2,quiz,25,21.7,2023-08-30,2023-08-30
ASM005401,STU0306,CRS011,2,assignment,50,32.7,2023-09-01,2023-09-01
ASM005402,STU0306,CRS011,3,quiz,25,9.9,2023-09-22,2023-09-20
ASM005403,STU0306,CRS011,3,assignment,50,16.1,2023-10-04,2023-10-03
ASM005404,STU0306,CRS011,3,project,100,74.1,2023-10-04,2023-10-05
ASM005405,STU0306,CRS011,4,quiz,25,9.2,2023-09-27,2023-09-27
ASM005406,STU0306,CRS011,4,assignment,50,28.7,2023-10-13,2023-10-13
ASM005407,STU0306,CRS011,5,quiz,25,20.0,2023-10-16,2023-10-21
ASM005408,STU0306,CRS011,5,assignment,50,24.1,2023-11-15,2023-11-22
ASM005409,STU0306,CRS011,6,quiz,25,24.5,2023-11-30,2023-11-29
ASM005410,STU0306,CRS011,6,assignment,50,38.9,2023-11-18,2023-11-19
ASM005411,STU0306,CRS011,6,project,100,87.3,2023-11-12,2023-11-12
ASM005412,STU0306,CRS011,7,quiz,25,11.7,2023-11-29,2023-12-06
ASM005413,STU0306,CRS011,7,assignment,50,28.7,2023-11-15,2023-11-20
ASM005414,STU0306,CRS011,8,quiz,25,16.0,2023-11-30,2023-12-01
ASM005415,STU0306,CRS011,8,assignment,50,30.1,2024-01-01,2024-01-02
ASM005416,STU0306,CRS011,9,quiz,25,18.4,2024-01-11,2024-01-10
ASM005417,STU0306,CRS011,9,assignment,50,31.4,2023-12-06,2023-12-05
ASM005418,STU0306,CRS011,9,project,100,98.0,2023-12-06,2023-12-04
ASM005419,STU0306,CRS011,10,quiz,25,16.6,2024-01-19,2024-01-19
ASM005420,STU0306,CRS011,10,assignment,50,41.8,2023-12-20,2023-12-20
ASM005421,STU0306,CRS011,10,exam,100,54.3,2024-02-18,2024-02-23
ASM005422,STU0307,CRS018,1,quiz,25,14.1,2024-03-06,2024-03-09
ASM005423,STU0307,CRS018,1,assignment,50,31.6,2024-03-08,2024-03-08
ASM005424,STU0307,CRS018,2,quiz,25,14.3,2024-03-20,2024-03-19
ASM005425,STU0307,CRS018,2,assignment,50,29.5,2024-03-16,2024-03-18
ASM005426,STU0307,CRS018,3,quiz,25,10.9,2024-04-02,2024-04-03
ASM005427,STU0307,CRS018,3,assignment,50,26.3,2024-04-05,2024-04-10
ASM005428,STU0307,CRS018,3,project,100,47.3,2024-04-11,2024-04-18
ASM005429,STU0307,CRS018,4,quiz,25,15.3,2024-04-21,2024-04-28
ASM005430,STU0307,CRS018,4,assignment,50,34.0,2024-05-03,2024-05-03
ASM005431,STU0307,CRS018,5,quiz,25,12.6,2024-05-02,2024-05-02
ASM005432,STU0307,CRS018,5,assignment,50,14.4,2024-06-01,2024-05-31
ASM005433,STU0307,CRS018,6,quiz,25,17.6,2024-06-10,2024-06-11
ASM005434,STU0307,CRS018,6,assignment,50,39.8,2024-05-29,2024-05-29
ASM005435,STU0307,CRS018,6,project,100,62.1,2024-06-22,2024-06-19
ASM005436,STU0307,CRS018,7,quiz,25,18.8,2024-06-01,2024-06-08
ASM005437,STU0307,CRS018,7,assignment,50,26.9,2024-06-08,2024-06-08
ASM005438,STU0307,CRS018,8,quiz,25,21.2,2024-07-26,2024-07-31
ASM005439,STU0307,CRS018,8,assignment,50,40.7,2024-06-24,2024-06-26
ASM005440,STU0307,CRS018,8,exam,100,62.4,2024-06-08,2024-06-07
ASM005441,STU0308,CRS005,1,quiz,25,21.2,2024-09-27,2024-09-25
ASM005442,STU0308,CRS005,1,assignment,50,34.5,2024-09-23,2024-09-22
ASM005443,STU0308,CRS005,2,quiz,25,18.1,2024-10-13,2024-10-13
ASM005444,STU0308,CRS005,2,assignment,50,33.1,2024-10-11,2024-10-11
ASM005445,STU0308,CRS005,3,quiz,25,24.1,2024-11-09,2024-11-07
ASM005446,STU0308,CRS005,3,assignment,50,42.4,2024-10-25,2024-10-24
ASM005447,STU0308,CRS005,3,project,100,90.2,2024-10-25,2024-10-25
ASM005448,STU0308,CRS005,4,quiz,25,15.9,2024-11-06,2024-11-06
ASM005449,STU0308,CRS005,4,assignment,50,49.0,2024-11-10,2024-11-07
ASM005450,STU0308,CRS005,5,quiz,25,10.1,2024-12-11,2024-12-08
ASM005451,STU0308,CRS005,5,assignment,50,22.3,2024-12-16,2024-12-16
ASM005452,STU0308,CRS005,6,quiz,25,24.5,2024-12-24,2024-12-24
ASM005453,STU0308,CRS005,6,assignment,50,30.6,2024-11-30,2024-12-07
ASM005454,STU0308,CRS005,6,project,100,75.6,2024-12-12,2024-12-19
ASM005455,STU0308,CRS005,7,quiz,25,13.7,2025-01-11,2025-01-14
ASM005456,STU0308,CRS005,7,assignment,50,48.5,2024-12-14,2024-12-12
ASM005457,STU0308,CRS005,7,exam,100,86.1,2024-12-21,2024-12-21
ASM005458,STU0309,CRS009,1,quiz,25,16.5,2023-02-13,2023-02-20
ASM005459,STU0309,CRS009,1,assignment,50,36.4,2023-02-14,2023-02-14
ASM005460,STU0309,CRS009,2,quiz,25,18.9,2023-03-08,2023-03-06
ASM005461,STU0309,CRS009,2,assignment,50,36.6,2023-03-08,2023-03-08
ASM005462,STU0309,CRS009,3,quiz,25,19.6,2023-03-13,2023-03-14
ASM005463,STU0309,CRS009,3,assignment,50,29.7,2023-03-16,2023-03-18
ASM005464,STU0309,CRS009,3,project,100,55.0,2023-03-31,2023-04-07
ASM005465,STU0309,CRS009,4,quiz,25,15.0,2023-04-17,2023-04-19
ASM005466,STU0309,CRS009,4,assignment,50,24.0,2023-04-13,2023-04-18
ASM005467,STU0309,CRS009,5,quiz,25,18.5,2023-05-07,2023-05-14
ASM005468,STU0309,CRS009,5,assignment,50,26.8,2023-04-12,2023-04-19
ASM005469,STU0309,CRS009,6,quiz,25,11.5,2023-06-02,2023-06-05
ASM005470,STU0309,CRS009,6,assignment,50,38.6,2023-05-15,2023-05-17
ASM005471,STU0309,CRS009,6,project,100,77.8,2023-05-15,2023-05-15
ASM005472,STU0309,CRS009,7,quiz,25,10.4,2023-05-05,2023-05-06
ASM005473,STU0309,CRS009,7,assignment,50,14.7,2023-06-09,2023-06-06
ASM005474,STU0309,CRS009,8,quiz,25,21.7,2023-06-20,2023-06-20
ASM005475,STU0309,CRS009,8,assignment,50,37.1,2023-07-14,2023-07-21
ASM005476,STU0309,CRS009,9,quiz,25,15.9,2023-07-17,2023-07-20
ASM005477,STU0309,CRS009,9,assignment,50,29.2,2023-06-29,2023-06-29
ASM005478,STU0309,CRS009,9,project,100,82.6,2023-07-26,2023-07-26
ASM005479,STU0309,CRS009,10,quiz,25,12.9,2023-06-26,2023-06-25
ASM005480,STU0309,CRS009,10,assignment,50,43.5,2023-07-26,2023-07-27
ASM005481,STU0309,CRS009,11,quiz,25,15.9,2023-08-24,2023-08-23
ASM005482,STU0309,CRS009,11,assignment,50,48.3,2023-06-30,2023-07-07
ASM005483,STU0309,CRS009,12,quiz,25,15.0,2023-08-31,2023-09-02
ASM005484,STU0309,CRS009,12,assignment,50,29.5,2023-07-26,2023-07-24
ASM005485,STU0309,CRS009,12,project,100,57.9,2023-10-06,2023-10-08
ASM005486,STU0309,CRS009,12,exam,100,62.9,2023-08-07,2023-08-07
ASM005487,STU0310,CRS006,1,quiz,25,12.8,2023-09-13,2023-09-16
ASM005488,STU0310,CRS006,1,assignment,50,35.8,2023-09-18,2023-09-19
ASM005489,STU0310,CRS006,2,quiz,25,21.6,2023-10-05,2023-10-05
ASM005490,STU0310,CRS006,2,assignment,50,20.2,2023-09-29,2023-09-29
ASM005491,STU0310,CRS006,3,quiz,25,15.4,2023-10-23,2023-10-23
ASM005492,STU0310,CRS006,3,assignment,50,33.4,2023-10-29,2023-10-29
ASM005493,STU0310,CRS006,3,project,100,71.8,2023-10-11,2023-10-11
ASM005494,STU0310,CRS006,4,quiz,25,17.5,2023-10-25,2023-10-24
ASM005495,STU0310,CRS006,4,assignment,50,28.4,2023-11-02,2023-11-04
ASM005496,STU0310,CRS006,5,quiz,25,18.4,2023-11-28,2023-11-26
ASM005497,STU0310,CRS006,5,assignment,50,46.4,2023-11-18,2023-11-17
ASM005498,STU0310,CRS006,6,quiz,25,17.5,2023-11-22,2023-11-22
ASM005499,STU0310,CRS006,6,assignment,50,42.4,2023-12-28,2023-12-25
ASM005500,STU0310,CRS006,6,project,100,58.0,2023-11-28,2023-11-29
ASM005501,STU0310,CRS006,7,quiz,25,18.8,2024-01-17,2024-01-15
ASM005502,STU0310,CRS006,7,assignment,50,34.4,2023-12-27,2023-12-25
ASM005503,STU0310,CRS006,8,quiz,25,11.1,2024-02-14,2024-02-14
ASM005504,STU0310,CRS006,8,assignment,50,25.8,2023-12-20,2023-12-18
ASM005505,STU0310,CRS006,9,quiz,25,20.0,2024-02-08,2024-02-05
ASM005506,STU0310,CRS006,9,assignment,50,33.1,2024-03-06,2024-03-08
ASM005507,STU0310,CRS006,9,project,100,54.0,2024-01-30,2024-01-28
ASM005508,STU0310,CRS006,10,quiz,25,9.3,2024-03-27,2024-03-29
ASM005509,STU0310,CRS006,10,assignment,50,32.4,2024-03-17,2024-03-14
ASM005510,STU0310,CRS006,10,exam,100,27.6,2024-03-17,2024-03-20
ASM005511,STU0311,CRS009,1,quiz,25,22.6,2024-03-16,2024-03-18
ASM005512,STU0311,CRS009,1,assignment,50,27.5,2024-03-14,2024-03-15
ASM005513,STU0311,CRS009,2,quiz,25,11.1,2024-04-05,2024-04-03
ASM005514,STU0311,CRS009,2,assignment,50,18.6,2024-04-11,2024-04-13
ASM005515,STU0311,CRS009,3,quiz,25,21.8,2024-04-26,2024-04-29
ASM005516,STU0311,CRS009,3,assignment,50,26.5,2024-04-14,2024-04-13
ASM005517,STU0311,CRS009,3,project,100,59.3,2024-05-02,2024-05-02
ASM005518,STU0311,CRS009,4,quiz,25,18.6,2024-04-29,2024-04-26
ASM005519,STU0311,CRS009,4,assignment,50,24.8,2024-05-03,2024-05-03
ASM005520,STU0311,CRS009,5,quiz,25,8.6,2024-05-09,2024-05-09
ASM005521,STU0311,CRS009,5,assignment,50,38.6,2024-06-13,2024-06-13
ASM005522,STU0311,CRS009,6,quiz,25,17.4,2024-05-29,2024-06-03
ASM005523,STU0311,CRS009,6,assignment,50,22.3,2024-05-29,2024-05-29
ASM005524,STU0311,CRS009,6,project,100,58.0,2024-07-04,2024-07-11
ASM005525,STU0311,CRS009,7,quiz,25,18.0,2024-06-20,2024-06-18
ASM005526,STU0311,CRS009,7,assignment,50,44.1,2024-07-18,2024-07-17
ASM005527,STU0311,CRS009,8,quiz,25,11.2,2024-08-15,2024-08-17
ASM005528,STU0311,CRS009,8,assignment,50,30.2,2024-07-14,2024-07-11
ASM005529,STU0311,CRS009,9,quiz,25,23.9,2024-08-27,2024-08-27
ASM005530,STU0311,CRS009,9,assignment,50,44.5,2024-07-22,2024-07-24
ASM005531,STU0311,CRS009,9,project,100,61.4,2024-07-04,2024-07-05
ASM005532,STU0311,CRS009,10,quiz,25,12.0,2024-09-06,2024-09-06
ASM005533,STU0311,CRS009,10,assignment,50,24.7,2024-07-18,2024-07-15
ASM005534,STU0311,CRS009,11,quiz,25,10.8,2024-09-14,2024-09-13
ASM005535,STU0311,CRS009,11,assignment,50,27.9,2024-08-23,2024-08-22
ASM005536,STU0311,CRS009,12,quiz,25,18.0,2024-08-27,2024-08-27
ASM005537,STU0311,CRS009,12,assignment,50,22.5,2024-08-15,2024-08-17
ASM005538,STU0311,CRS009,12,project,100,82.8,2024-10-26,2024-10-26
ASM005539,STU0311,CRS009,12,exam,100,63.2,2024-11-07,2024-11-06
ASM005540,STU0312,CRS011,1,quiz,25,15.5,2024-09-24,2024-09-25
ASM005541,STU0312,CRS011,1,assignment,50,29.2,2024-09-22,2024-09-20
ASM005542,STU0312,CRS011,2,quiz,25,14.7,2024-10-11,2024-10-12
ASM005543,STU0312,CRS011,2,assignment,50,36.7,2024-10-05,2024-10-03
ASM005544,STU0312,CRS011,3,quiz,25,17.0,2024-11-02,2024-11-05
ASM005545,STU0312,CRS011,3,assignment,50,49.0,2024-10-21,2024-10-21
ASM005546,STU0312,CRS011,3,project,100,66.1,2024-10-24,2024-10-23
ASM005547,STU0312,CRS011,4,quiz,25,22.5,2024-10-29,2024-11-05
ASM005548,STU0312,CRS011,4,assignment,50,28.9,2024-11-14,2024-11-17
ASM005549,STU0312,CRS011,5,quiz,25,18.0,2024-11-22,2024-11-21
ASM005550,STU0312,CRS011,5,assignment,50,47.0,2024-11-17,2024-11-18
ASM005551,STU0312,CRS011,6,quiz,25,14.1,2024-12-14,2024-12-14
ASM005552,STU0312,CRS011,6,assignment,50,49.0,2024-12-02,2024-12-01
ASM005553,STU0312,CRS011,6,project,100,79.8,2024-11-26,2024-11-26
ASM005554,STU0312,CRS011,6,exam,100,76.8,2024-12-02,2024-12-04
ASM005555,STU0313,CRS007,1,quiz,25,18.2,2023-02-14,2023-02-17
ASM005556,STU0313,CRS007,1,assignment,50,33.7,2023-02-10,2023-02-10
ASM005557,STU0313,CRS007,2,quiz,25,13.2,2023-03-05,2023-03-07
ASM005558,STU0313,CRS007,2,assignment,50,6.1,2023-03-03,2023-03-03
ASM005559,STU0313,CRS007,3,quiz,25,20.4,2023-03-18,2023-03-17
ASM005560,STU0313,CRS007,3,assignment,50,23.3,2023-03-24,2023-03-23
ASM005561,STU0313,CRS007,3,project,100,49.7,2023-03-12,2023-03-10
ASM005562,STU0313,CRS007,4,quiz,25,23.7,2023-04-08,2023-04-13
ASM005563,STU0313,CRS007,4,assignment,50,42.9,2023-04-16,2023-04-15
ASM005564,STU0313,CRS007,5,quiz,25,16.0,2023-05-06,2023-05-09
ASM005565,STU0313,CRS007,5,assignment,50,32.7,2023-04-11,2023-04-11
ASM005566,STU0313,CRS007,6,quiz,25,20.3,2023-04-26,2023-04-24
ASM005567,STU0313,CRS007,6,assignment,50,39.2,2023-04-26,2023-05-01
ASM005568,STU0313,CRS007,6,project,100,56.2,2023-04-26,2023-04-24
ASM005569,STU0313,CRS007,7,quiz,25,14.2,2023-06-08,2023-06-10
ASM005570,STU0313,CRS007,7,assignment,50,32.6,2023-06-08,2023-06-07
ASM005571,STU0313,CRS007,8,quiz,25,11.4,2023-07-05,2023-07-08
ASM005572,STU0313,CRS007,8,assignment,50,20.8,2023-07-13,2023-07-12
ASM005573,STU0313,CRS007,8,exam,100,60.8,2023-07-05,2023-07-02
ASM005574,STU0314,CRS013,1,quiz,25,19.8,2023-09-24,2023-09-26
ASM005575,STU0314,CRS013,1,assignment,50,30.1,2023-09-25,2023-09-27
ASM005576,STU0314,CRS013,2,quiz,25,16.5,2023-10-05,2023-10-05
ASM005577,STU0314,CRS013,2,assignment,50,42.3,2023-10-03,2023-10-03
ASM005578,STU0314,CRS013,3,quiz,25,18.2,2023-10-20,2023-10-20
ASM005579,STU0314,CRS013,3,assignment,50,5.0,2023-10-29,2023-10-31
ASM005580,STU0314,CRS013,3,project,100,72.1,2023-10-26,2023-10-26
ASM005581,STU0314,CRS013,4,quiz,25,12.4,2023-10-31,2023-10-30
ASM005582,STU0314,CRS013,4,assignment,50,33.1,2023-11-12,2023-11-12
ASM005583,STU0314,CRS013,5,quiz,25,15.7,2023-11-24,2023-11-27
ASM005584,STU0314,CRS013,5,assignment,50,35.9,2023-12-04,2023-12-04
ASM005585,STU0314,CRS013,6,quiz,25,14.2,2023-12-28,2023-12-29
ASM005586,STU0314,CRS013,6,assignment,50,24.7,2023-12-10,2023-12-10
ASM005587,STU0314,CRS013,6,project,100,65.3,2023-12-28,2023-12-27
ASM005588,STU0314,CRS013,7,quiz,25,9.4,2024-01-23,2024-01-30
ASM005589,STU0314,CRS013,7,assignment,50,24.9,2024-01-30,2024-01-29
ASM005590,STU0314,CRS013,8,quiz,25,15.9,2023-12-26,2023-12-26
ASM005591,STU0314,CRS013,8,assignment,50,45.6,2024-02-12,2024-02-11
ASM005592,STU0314,CRS013,8,exam,100,66.7,2024-02-12,2024-02-13
ASM005593,STU0315,CRS011,1,quiz,25,24.0,2024-02-05,2024-02-05
ASM005594,STU0315,CRS011,1,assignment,50,39.5,2024-02-06,2024-02-11
ASM005595,STU0315,CRS011,2,quiz,25,20.7,2024-02-23,2024-02-24
ASM005596,STU0315,CRS011,2,assignment,50,30.6,2024-02-29,2024-03-01
ASM005597,STU0315,CRS011,3,quiz,25,17.4,2024-03-17,2024-03-18
ASM005598,STU0315,CRS011,3,assignment,50,43.3,2024-03-23,2024-03-24
ASM005599,STU0315,CRS011,3,project,100,53.9,2024-03-20,2024-03-23
ASM005600,STU0315,CRS011,4,quiz,25,8.7,2024-04-09,2024-04-09
ASM005601,STU0315,CRS011,4,assignment,50,27.1,2024-03-28,2024-03-27
ASM005602,STU0315,CRS011,5,quiz,25,8.9,2024-04-14,2024-04-13
ASM005603,STU0315,CRS011,5,assignment,50,24.2,2024-04-24,2024-04-26
ASM005604,STU0315,CRS011,6,quiz,25,6.3,2024-04-25,2024-04-25
ASM005605,STU0315,CRS011,6,assignment,50,40.2,2024-05-19,2024-05-20
ASM005606,STU0315,CRS011,6,project,100,60.7,2024-05-25,2024-05-25
ASM005607,STU0315,CRS011,7,quiz,25,13.6,2024-05-25,2024-05-27
ASM005608,STU0315,CRS011,7,assignment,50,45.0,2024-06-01,2024-06-01
ASM005609,STU0315,CRS011,8,quiz,25,6.9,2024-05-11,2024-05-12
ASM005610,STU0315,CRS011,8,assignment,50,32.5,2024-07-06,2024-07-07
ASM005611,STU0315,CRS011,9,quiz,25,14.6,2024-07-09,2024-07-08
ASM005612,STU0315,CRS011,9,assignment,50,33.9,2024-05-25,2024-05-24
ASM005613,STU0315,CRS011,9,project,100,70.2,2024-06-30,2024-06-28
ASM005614,STU0315,CRS011,10,quiz,25,19.1,2024-08-07,2024-08-08
ASM005615,STU0315,CRS011,10,assignment,50,33.4,2024-06-28,2024-06-28
ASM005616,STU0315,CRS011,10,exam,100,71.1,2024-06-28,2024-06-27
ASM005617,STU0316,CRS004,1,quiz,25,17.6,2024-08-11,2024-08-11
ASM005618,STU0316,CRS004,1,assignment,50,34.7,2024-08-16,2024-08-18
ASM005619,STU0316,CRS004,2,quiz,25,20.1,2024-09-06,2024-09-06
ASM005620,STU0316,CRS004,2,assignment,50,39.7,2024-09-04,2024-09-03
ASM005621,STU0316,CRS004,3,quiz,25,19.5,2024-09-18,2024-09-17
ASM005622,STU0316,CRS004,3,assignment,50,26.7,2024-09-18,2024-09-17
ASM005623,STU0316,CRS004,3,project,100,66.9,2024-09-24,2024-09-24
ASM005624,STU0316,CRS004,4,quiz,25,20.6,2024-09-24,2024-09-26
ASM005625,STU0316,CRS004,4,assignment,50,36.0,2024-09-20,2024-09-19
ASM005626,STU0316,CRS004,5,quiz,25,14.0,2024-10-04,2024-10-07
ASM005627,STU0316,CRS004,5,assignment,50,48.4,2024-11-03,2024-11-10
ASM005628,STU0316,CRS004,6,quiz,25,15.4,2024-10-18,2024-10-16
ASM005629,STU0316,CRS004,6,assignment,50,24.1,2024-11-11,2024-11-10
ASM005630,STU0316,CRS004,6,project,100,77.6,2024-10-24,2024-10-22
ASM005631,STU0316,CRS004,6,exam,100,29.5,2024-10-18,2024-10-21
ASM005632,STU0317,CRS011,1,quiz,25,19.1,2023-03-29,2023-04-03
ASM005633,STU0317,CRS011,1,assignment,50,39.0,2023-03-30,2023-03-30
ASM005634,STU0317,CRS011,2,quiz,25,24.5,2023-04-12,2023-04-15
ASM005635,STU0317,CRS011,2,assignment,50,31.0,2023-04-12,2023-04-17
ASM005636,STU0317,CRS011,3,quiz,25,19.1,2023-05-02,2023-05-02
ASM005637,STU0317,CRS011,3,assignment,50,40.1,2023-05-17,2023-05-16
ASM005638,STU0317,CRS011,3,project,100,56.3,2023-05-05,2023-05-08
ASM005639,STU0317,CRS011,4,quiz,25,15.4,2023-06-07,2023-06-06
ASM005640,STU0317,CRS011,4,assignment,50,42.1,2023-05-22,2023-05-27
ASM005641,STU0317,CRS011,5,quiz,25,17.4,2023-05-24,2023-05-24
ASM005642,STU0317,CRS011,5,assignment,50,31.9,2023-06-23,2023-06-25
ASM005643,STU0317,CRS011,6,quiz,25,18.6,2023-07-07,2023-07-06
ASM005644,STU0317,CRS011,6,assignment,50,39.4,2023-07-07,2023-07-05
ASM005645,STU0317,CRS011,6,project,100,68.2,2023-06-25,2023-06-26
ASM005646,STU0317,CRS011,7,quiz,25,21.2,2023-07-05,2023-07-12
ASM005647,STU0317,CRS011,7,assignment,50,35.9,2023-08-09,2023-08-08
ASM005648,STU0317,CRS011,8,quiz,25,14.2,2023-07-13,2023-07-15
ASM005649,STU0317,CRS011,8,assignment,50,49.0,2023-07-29,2023-07-29
ASM005650,STU0317,CRS011,9,quiz,25,19.9,2023-09-11,2023-09-09
ASM005651,STU0317,CRS011,9,assignment,50,20.1,2023-09-11,2023-09-12
ASM005652,STU0317,CRS011,9,project,100,72.6,2023-08-06,2023-08-06
ASM005653,STU0317,CRS011,10,quiz,25,12.2,2023-08-22,2023-08-22
ASM005654,STU0317,CRS011,10,assignment,50,49.0,2023-10-11,2023-10-10
ASM005655,STU0317,CRS011,10,exam,100,61.4,2023-09-21,2023-09-18
ASM005656,STU0318,CRS009,1,quiz,25,11.0,2023-08-28,2023-08-28
ASM005657,STU0318,CRS009,1,assignment,50,24.0,2023-08-22,2023-08-22
ASM005658,STU0318,CRS009,2,quiz,25,16.4,2023-09-17,2023-09-19
ASM005659,STU0318,CRS009,2,assignment,50,19.7,2023-09-05,2023-09-04
ASM005660,STU0318,CRS009,3,quiz,25,14.4,2023-09-22,2023-09-22
ASM005661,STU0318,CRS009,3,assignment,50,40.3,2023-09-25,2023-09-25
ASM005662,STU0318,CRS009,3,project,100,91.7,2023-10-04,2023-10-06
ASM005663,STU0318,CRS009,4,quiz,25,16.3,2023-10-19,2023-10-22
ASM005664,STU0318,CRS009,4,assignment,50,34.8,2023-10-19,2023-10-19
ASM005665,STU0318,CRS009,5,quiz,25,17.5,2023-10-17,2023-10-17
ASM005666,STU0318,CRS009,5,assignment,50,37.2,2023-11-01,2023-10-31
ASM005667,STU0318,CRS009,6,quiz,25,18.3,2023-11-12,2023-11-09
ASM005668,STU0318,CRS009,6,assignment,50,39.9,2023-10-31,2023-10-30
ASM005669,STU0318,CRS009,6,project,100,70.6,2023-11-30,2023-12-05
ASM005670,STU0318,CRS009,7,quiz,25,12.4,2023-11-14,2023-11-12
ASM005671,STU0318,CRS009,7,assignment,50,29.1,2023-12-05,2023-12-12
ASM005672,STU0318,CRS009,8,quiz,25,24.1,2023-11-28,2023-11-27
ASM005673,STU0318,CRS009,8,assignment,50,38.8,2024-01-15,2024-01-15
ASM005674,STU0318,CRS009,9,quiz,25,8.7,2024-01-17,2024-01-18
ASM005675,STU0318,CRS009,9,assignment,50,32.7,2024-01-08,2024-01-09
ASM005676,STU0318,CRS009,9,project,100,51.5,2023-12-30,2023-12-29
ASM005677,STU0318,CRS009,10,quiz,25,18.7,2024-01-25,2024-01-25
ASM005678,STU0318,CRS009,10,assignment,50,40.6,2023-12-26,2023-12-28
ASM005679,STU0318,CRS009,11,quiz,25,16.1,2024-01-09,2024-01-09
ASM005680,STU0318,CRS009,11,assignment,50,21.3,2024-02-11,2024-02-09
ASM005681,STU0318,CRS009,12,quiz,25,24.1,2024-03-11,2024-03-13
ASM005682,STU0318,CRS009,12,assignment,50,42.5,2024-01-23,2024-01-23
ASM005683,STU0318,CRS009,12,project,100,34.3,2024-03-23,2024-03-25
ASM005684,STU0318,CRS009,12,exam,100,89.5,2024-02-16,2024-02-23
ASM005685,STU0319,CRS009,1,quiz,25,20.7,2024-02-20,2024-02-18
ASM005686,STU0319,CRS009,1,assignment,50,30.6,2024-02-20,2024-02-20
ASM005687,STU0319,CRS009,2,quiz,25,16.0,2024-03-12,2024-03-12
ASM005688,STU0319,CRS009,2,assignment,50,35.8,2024-03-04,2024-03-04
ASM005689,STU0319,CRS009,3,quiz,25,7.4,2024-03-30,2024-03-31
ASM005690,STU0319,CRS009,3,assignment,50,24.6,2024-04-02,2024-04-03
ASM005691,STU0319,CRS009,3,project,100,73.2,2024-03-21,2024-03-21
ASM005692,STU0319,CRS009,4,quiz,25,20.7,2024-04-13,2024-04-11
ASM005693,STU0319,CRS009,4,assignment,50,14.9,2024-04-21,2024-04-20
ASM005694,STU0319,CRS009,5,quiz,25,22.6,2024-05-05,2024-05-05
ASM005695,STU0319,CRS009,5,assignment,50,12.4,2024-04-25,2024-04-26
ASM005696,STU0319,CRS009,6,quiz,25,15.7,2024-05-23,2024-05-23
ASM005697,STU0319,CRS009,6,assignment,50,39.8,2024-05-11,2024-05-12
ASM005698,STU0319,CRS009,6,project,100,52.9,2024-06-10,2024-06-12
ASM005699,STU0319,CRS009,7,quiz,25,13.9,2024-06-03,2024-05-31
ASM005700,STU0319,CRS009,7,assignment,50,30.2,2024-06-10,2024-06-10
ASM005701,STU0319,CRS009,8,quiz,25,18.8,2024-06-12,2024-06-11
ASM005702,STU0319,CRS009,8,assignment,50,45.6,2024-06-04,2024-06-04
ASM005703,STU0319,CRS009,9,quiz,25,13.8,2024-07-07,2024-07-10
ASM005704,STU0319,CRS009,9,assignment,50,38.7,2024-07-16,2024-07-15
ASM005705,STU0319,CRS009,9,project,100,55.3,2024-06-28,2024-06-26
ASM005706,STU0319,CRS009,10,quiz,25,13.3,2024-06-24,2024-06-24
ASM005707,STU0319,CRS009,10,assignment,50,21.7,2024-09-02,2024-09-02
ASM005708,STU0319,CRS009,11,quiz,25,12.8,2024-08-21,2024-08-21
ASM005709,STU0319,CRS009,11,assignment,50,31.5,2024-07-30,2024-07-30
ASM005710,STU0319,CRS009,12,quiz,25,7.3,2024-08-15,2024-08-22
ASM005711,STU0319,CRS009,12,assignment,50,32.1,2024-08-27,2024-08-28
ASM005712,STU0319,CRS009,12,project,100,97.2,2024-09-20,2024-09-21
ASM005713,STU0319,CRS009,12,exam,100,60.8,2024-08-03,2024-08-03
ASM005714,STU0320,CRS019,1,quiz,25,4.4,2024-08-02,2024-08-04
ASM005715,STU0320,CRS019,1,assignment,50,20.9,2024-08-05,2024-08-05
ASM005716,STU0320,CRS019,2,quiz,25,18.9,2024-08-18,2024-08-25
ASM005717,STU0320,CRS019,2,assignment,50,10.2,2024-08-18,2024-08-20
ASM005718,STU0320,CRS019,3,quiz,25,9.3,2024-09-13,2024-09-13
ASM005719,STU0320,CRS019,3,assignment,50,37.6,2024-09-10,2024-09-13
ASM005720,STU0320,CRS019,3,project,100,61.2,2024-09-16,2024-09-17
ASM005721,STU0320,CRS019,4,quiz,25,14.8,2024-09-25,2024-10-02
ASM005722,STU0320,CRS019,4,assignment,50,49.0,2024-09-29,2024-09-30
ASM005723,STU0320,CRS019,5,quiz,25,7.9,2024-10-18,2024-10-19
ASM005724,STU0320,CRS019,5,assignment,50,29.3,2024-10-03,2024-10-10
ASM005725,STU0320,CRS019,6,quiz,25,15.0,2024-11-06,2024-11-07
ASM005726,STU0320,CRS019,6,assignment,50,22.6,2024-11-12,2024-11-14
ASM005727,STU0320,CRS019,6,project,100,62.9,2024-10-07,2024-10-08
ASM005728,STU0320,CRS019,6,exam,100,85.5,2024-10-19,2024-10-19
ASM005729,STU0321,CRS012,1,quiz,25,13.7,2023-03-17,2023-03-20
ASM005730,STU0321,CRS012,1,assignment,50,26.5,2023-03-19,2023-03-17
ASM005731,STU0321,CRS012,2,quiz,25,17.8,2023-04-09,2023-04-08
ASM005732,STU0321,CRS012,2,assignment,50,37.3,2023-04-07,2023-04-04
ASM005733,STU0321,CRS012,3,quiz,25,11.4,2023-04-14,2023-04-14
ASM005734,STU0321,CRS012,3,assignment,50,45.3,2023-04-29,2023-04-28
ASM005735,STU0321,CRS012,3,project,100,54.0,2023-04-23,2023-04-23
ASM005736,STU0321,CRS012,4,quiz,25,15.3,2023-05-11,2023-05-14
ASM005737,STU0321,CRS012,4,assignment,50,47.6,2023-04-25,2023-04-23
ASM005738,STU0321,CRS012,5,quiz,25,13.6,2023-05-24,2023-05-29
ASM005739,STU0321,CRS012,5,assignment,50,21.7,2023-05-14,2023-05-13
ASM005740,STU0321,CRS012,6,quiz,25,13.6,2023-05-23,2023-05-24
ASM005741,STU0321,CRS012,6,assignment,50,37.3,2023-06-28,2023-06-28
ASM005742,STU0321,CRS012,6,project,100,48.0,2023-06-04,2023-06-04
ASM005743,STU0321,CRS012,7,quiz,25,18.3,2023-06-06,2023-06-05
ASM005744,STU0321,CRS012,7,assignment,50,25.3,2023-06-06,2023-06-13
ASM005745,STU0321,CRS012,8,quiz,25,18.3,2023-07-30,2023-07-30
ASM005746,STU0321,CRS012,8,assignment,50,41.9,2023-07-22,2023-07-23
ASM005747,STU0321,CRS012,8,exam,100,60.7,2023-06-20,2023-06-21
ASM005748,STU0322,CRS004,1,quiz,25,15.3,2023-08-28,2023-08-28
ASM005749,STU0322,CRS004,1,assignment,50,36.3,2023-08-30,2023-08-30
ASM005750,STU0322,CRS004,2,quiz,25,22.2,2023-09-14,2023-09-13
ASM005751,STU0322,CRS004,2,assignment,50,38.6,2023-09-24,2023-09-22
ASM005752,STU0322,CRS004,3,quiz,25,15.3,2023-09-24,2023-09-25
ASM005753,STU0322,CRS004,3,assignment,50,37.1,2023-10-12,2023-10-19
ASM005754,STU0322,CRS004,3,project,100,60.8,2023-10-15,2023-10-16
ASM005755,STU0322,CRS004,4,quiz,25,8.0,2023-10-28,2023-10-28
ASM005756,STU0322,CRS004,4,assignment,50,44.5,2023-11-01,2023-11-03
ASM005757,STU0322,CRS004,5,quiz,25,14.1,2023-10-22,2023-10-22
ASM005758,STU0322,CRS004,5,assignment,50,34.4,2023-11-11,2023-11-10
ASM005759,STU0322,CRS004,6,quiz,25,13.3,2023-12-05,2023-12-02
ASM005760,STU0322,CRS004,6,assignment,50,29.7,2023-11-17,2023-11-16
ASM005761,STU0322,CRS004,6,project,100,77.2,2023-12-11,2023-12-09
ASM005762,STU0322,CRS004,6,exam,100,41.6,2023-11-23,2023-11-24
ASM005763,STU0323,CRS013,1,quiz,25,22.2,2024-03-15,2024-03-22
ASM005764,STU0323,CRS013,1,assignment,50,22.1,2024-03-13,2024-03-10
ASM005765,STU0323,CRS013,2,quiz,25,20.3,2024-04-03,2024-04-02
ASM005766,STU0323,CRS013,2,assignment,50,37.8,2024-03-30,2024-04-04
ASM005767,STU0323,CRS013,3,quiz,25,14.9,2024-04-12,2024-04-12
ASM005768,STU0323,CRS013,3,assignment,50,48.9,2024-04-12,2024-04-17
ASM005769,STU0323,CRS013,3,project,100,39.3,2024-04-18,2024-04-18
ASM005770,STU0323,CRS013,4,quiz,25,17.7,2024-05-17,2024-05-17
ASM005771,STU0323,CRS013,4,assignment,50,44.3,2024-05-21,2024-05-28
ASM005772,STU0323,CRS013,5,quiz,25,11.6,2024-06-06,2024-06-09
ASM005773,STU0323,CRS013,5,assignment,50,28.0,2024-05-22,2024-05-24
ASM005774,STU0323,CRS013,6,quiz,25,14.5,2024-05-21,2024-05-23
ASM005775,STU0323,CRS013,6,assignment,50,15.0,2024-06-26,2024-06-28
ASM005776,STU0323,CRS013,6,project,100,70.9,2024-05-27,2024-05-27
ASM005777,STU0323,CRS013,7,quiz,25,23.7,2024-07-23,2024-07-20
ASM005778,STU0323,CRS013,7,assignment,50,41.5,2024-06-25,2024-06-24
ASM005779,STU0323,CRS013,8,quiz,25,19.1,2024-07-04,2024-07-01
ASM005780,STU0323,CRS013,8,assignment,50,42.6,2024-08-13,2024-08-13
ASM005781,STU0323,CRS013,8,exam,100,52.3,2024-07-20,2024-07-18
ASM005782,STU0324,CRS010,1,quiz,25,16.3,2024-09-16,2024-09-16
ASM005783,STU0324,CRS010,1,assignment,50,23.6,2024-09-16,2024-09-18
ASM005784,STU0324,CRS010,2,quiz,25,16.2,2024-10-03,2024-10-03
ASM005785,STU0324,CRS010,2,assignment,50,43.4,2024-09-25,2024-09-24
ASM005786,STU0324,CRS010,3,quiz,25,10.7,2024-10-24,2024-10-25
ASM005787,STU0324,CRS010,3,assignment,50,40.0,2024-10-27,2024-10-29
ASM005788,STU0324,CRS010,3,project,100,82.5,2024-10-09,2024-10-08
ASM005789,STU0324,CRS010,4,quiz,25,9.0,2024-11-20,2024-11-19
ASM005790,STU0324,CRS010,4,assignment,50,31.1,2024-11-08,2024-11-06
ASM005791,STU0324,CRS010,5,quiz,25,20.3,2024-11-06,2024-11-13
ASM005792,STU0324,CRS010,5,assignment,50,32.7,2024-12-01,2024-12-02
ASM005793,STU0324,CRS010,5,exam,100,75.5,2024-12-01,2024-12-01
ASM005794,STU0325,CRS010,1,quiz,25,15.3,2023-02-27,2023-02-28
ASM005795,STU0325,CRS010,1,assignment,50,31.1,2023-02-24,2023-02-24
ASM005796,STU0325,CRS010,2,quiz,25,15.8,2023-03-07,2023-03-07
ASM005797,STU0325,CRS010,2,assignment,50,44.4,2023-03-13,2023-03-13
ASM005798,STU0325,CRS010,3,quiz,25,19.4,2023-03-21,2023-03-21
ASM005799,STU0325,CRS010,3,assignment,50,29.8,2023-04-08,2023-04-09
ASM005800,STU0325,CRS010,3,project,100,84.1,2023-04-02,2023-04-01
ASM005801,STU0325,CRS010,4,quiz,25,16.0,2023-05-02,2023-04-30
ASM005802,STU0325,CRS010,4,assignment,50,28.8,2023-05-02,2023-05-04
ASM005803,STU0325,CRS010,5,quiz,25,16.1,2023-05-13,2023-05-16
ASM005804,STU0325,CRS010,5,assignment,50,41.8,2023-05-23,2023-05-21
ASM005805,STU0325,CRS010,6,quiz,25,7.8,2023-06-07,2023-06-09
ASM005806,STU0325,CRS010,6,assignment,50,44.1,2023-05-08,2023-05-08
ASM005807,STU0325,CRS010,6,project,100,79.8,2023-05-26,2023-05-29
ASM005808,STU0325,CRS010,7,quiz,25,18.5,2023-05-16,2023-05-21
ASM005809,STU0325,CRS010,7,assignment,50,37.3,2023-05-30,2023-05-30
ASM005810,STU0325,CRS010,8,quiz,25,15.0,2023-06-07,2023-06-04
ASM005811,STU0325,CRS010,8,assignment,50,28.3,2023-07-01,2023-07-01
ASM005812,STU0325,CRS010,9,quiz,25,10.1,2023-08-06,2023-08-03
ASM005813,STU0325,CRS010,9,assignment,50,32.7,2023-07-10,2023-07-10
ASM005814,STU0325,CRS010,9,project,100,46.0,2023-07-28,2023-07-31
ASM005815,STU0325,CRS010,10,quiz,25,6.9,2023-07-27,2023-07-28
ASM005816,STU0325,CRS010,10,assignment,50,39.4,2023-07-27,2023-07-26
ASM005817,STU0325,CRS010,10,exam,100,53.5,2023-08-26,2023-08-26
ASM005818,STU0326,CRS008,1,quiz,25,17.4,2023-10-04,2023-10-04
ASM005819,STU0326,CRS008,1,assignment,50,42.2,2023-09-29,2023-09-29
ASM005820,STU0326,CRS008,2,quiz,25,21.8,2023-10-24,2023-10-24
ASM005821,STU0326,CRS008,2,assignment,50,22.8,2023-10-26,2023-10-31
ASM005822,STU0326,CRS008,3,quiz,25,10.2,2023-10-26,2023-10-28
ASM005823,STU0326,CRS008,3,assignment,50,24.5,2023-11-16,2023-11-16
ASM005824,STU0326,CRS008,3,project,100,64.3,2023-11-10,2023-11-11
ASM005825,STU0326,CRS008,4,quiz,25,16.3,2023-11-09,2023-11-09
ASM005826,STU0326,CRS008,4,assignment,50,20.8,2023-11-21,2023-11-21
ASM005827,STU0326,CRS008,5,quiz,25,13.1,2023-12-03,2023-12-04
ASM005828,STU0326,CRS008,5,assignment,50,15.5,2023-12-28,2024-01-04
ASM005829,STU0326,CRS008,6,quiz,25,10.5,2023-12-07,2023-12-08
ASM005830,STU0326,CRS008,6,assignment,50,49.0,2024-01-06,2024-01-08
ASM005831,STU0326,CRS008,6,project,100,70.8,2023-12-31,2023-12-31
ASM005832,STU0326,CRS008,6,exam,100,71.9,2024-01-18,2024-01-16
ASM005833,STU0327,CRS005,1,quiz,25,16.8,2024-03-04,2024-03-06
ASM005834,STU0327,CRS005,1,assignment,50,21.3,2024-03-04,2024-03-05
ASM005835,STU0327,CRS005,2,quiz,25,14.0,2024-03-26,2024-03-23
ASM005836,STU0327,CRS005,2,assignment,50,36.2,2024-03-12,2024-03-14
ASM005837,STU0327,CRS005,3,quiz,25,6.1,2024-04-13,2024-04-15
ASM005838,STU0327,CRS005,3,assignment,50,21.7,2024-03-26,2024-03-26
ASM005839,STU0327,CRS005,3,project,100,40.1,2024-04-01,2024-04-03
ASM005840,STU0327,CRS005,4,quiz,25,15.9,2024-04-17,2024-04-17
ASM005841,STU0327,CRS005,4,assignment,50,24.3,2024-04-17,2024-04-17
ASM005842,STU0327,CRS005,5,quiz,25,24.5,2024-05-08,2024-05-10
ASM005843,STU0327,CRS005,5,assignment,50,13.2,2024-05-08,2024-05-08
ASM005844,STU0327,CRS005,6,quiz,25,18.9,2024-05-07,2024-05-07
ASM005845,STU0327,CRS005,6,assignment,50,38.2,2024-05-31,2024-06-01
ASM005846,STU0327,CRS005,6,project,100,86.1,2024-05-19,2024-05-16
ASM005847,STU0327,CRS005,7,quiz,25,22.8,2024-06-11,2024-06-18
ASM005848,STU0327,CRS005,7,assignment,50,40.5,2024-06-25,2024-06-25
ASM005849,STU0327,CRS005,8,quiz,25,12.6,2024-06-04,2024-06-02
ASM005850,STU0327,CRS005,8,assignment,50,41.5,2024-07-22,2024-07-22
ASM005851,STU0327,CRS005,8,exam,100,80.1,2024-07-22,2024-07-22
ASM005852,STU0328,CRS012,1,quiz,25,17.8,2024-08-31,2024-08-30
ASM005853,STU0328,CRS012,1,assignment,50,28.3,2024-08-29,2024-08-28
ASM005854,STU0328,CRS012,2,quiz,25,14.6,2024-09-15,2024-09-14
ASM005855,STU0328,CRS012,2,assignment,50,32.6,2024-09-15,2024-09-16
ASM005856,STU0328,CRS012,3,quiz,25,17.8,2024-09-27,2024-09-29
ASM005857,STU0328,CRS012,3,assignment,50,23.5,2024-09-24,2024-09-24
ASM005858,STU0328,CRS012,3,project,100,60.5,2024-09-21,2024-09-21
ASM005859,STU0328,CRS012,4,quiz,25,15.8,2024-10-29,2024-11-05
ASM005860,STU0328,CRS012,4,assignment,50,38.8,2024-10-09,2024-10-09
ASM005861,STU0328,CRS012,5,quiz,25,14.2,2024-10-19,2024-10-17
ASM005862,STU0328,CRS012,5,assignment,50,26.9,2024-10-29,2024-11-03
ASM005863,STU0328,CRS012,6,quiz,25,17.8,2024-11-08,2024-11-08
ASM005864,STU0328,CRS012,6,assignment,50,41.8,2024-11-02,2024-10-31
ASM005865,STU0328,CRS012,6,project,100,83.4,2024-11-02,2024-11-07
ASM005866,STU0328,CRS012,7,quiz,25,15.6,2024-12-14,2024-12-11
ASM005867,STU0328,CRS012,7,assignment,50,21.3,2024-11-16,2024-11-15
ASM005868,STU0328,CRS012,8,quiz,25,15.8,2024-12-08,2024-12-08
ASM005869,STU0328,CRS012,8,assignment,50,25.0,2025-01-12,2025-01-12
ASM005870,STU0328,CRS012,8,exam,100,54.0,2024-12-16,2024-12-17
ASM005871,STU0329,CRS016,1,quiz,25,18.4,2023-03-22,2023-03-24
ASM005872,STU0329,CRS016,1,assignment,50,25.8,2023-03-18,2023-03-19
ASM005873,STU0329,CRS016,2,quiz,25,9.7,2023-04-01,2023-04-01
ASM005874,STU0329,CRS016,2,assignment,50,31.1,2023-04-11,2023-04-18
ASM005875,STU0329,CRS016,3,quiz,25,12.7,2023-04-21,2023-04-22
ASM005876,STU0329,CRS016,3,assignment,50,34.0,2023-04-18,2023-04-18
ASM005877,STU0329,CRS016,3,project,100,57.7,2023-04-15,2023-04-15
ASM005878,STU0329,CRS016,4,quiz,25,15.0,2023-05-23,2023-05-26
ASM005879,STU0329,CRS016,4,assignment,50,28.5,2023-05-07,2023-05-09
ASM005880,STU0329,CRS016,5,quiz,25,17.6,2023-05-13,2023-05-13
ASM005881,STU0329,CRS016,5,assignment,50,34.7,2023-05-13,2023-05-12
ASM005882,STU0329,CRS016,6,quiz,25,17.3,2023-06-08,2023-06-15
ASM005883,STU0329,CRS016,6,assignment,50,38.2,2023-07-02,2023-07-01
ASM005884,STU0329,CRS016,6,project,100,56.8,2023-06-20,2023-06-19
ASM005885,STU0329,CRS016,6,exam,100,70.5,2023-07-02,2023-07-03
ASM005886,STU0330,CRS007,1,quiz,25,19.4,2023-09-22,2023-09-25
ASM005887,STU0330,CRS007,1,assignment,50,31.8,2023-09-16,2023-09-15
ASM005888,STU0330,CRS007,2,quiz,25,12.5,2023-10-03,2023-10-02
ASM005889,STU0330,CRS007,2,assignment,50,22.7,2023-10-09,2023-10-08
ASM005890,STU0330,CRS007,3,quiz,25,12.8,2023-10-19,2023-10-26
ASM005891,STU0330,CRS007,3,assignment,50,43.9,2023-11-03,2023-11-03
ASM005892,STU0330,CRS007,3,project,100,66.3,2023-10-25,2023-10-25
ASM005893,STU0330,CRS007,4,quiz,25,17.7,2023-11-20,2023-11-22
ASM005894,STU0330,CRS007,4,assignment,50,31.1,2023-11-20,2023-11-21
ASM005895,STU0330,CRS007,5,quiz,25,19.5,2023-12-15,2023-12-12
ASM005896,STU0330,CRS007,5,assignment,50,28.8,2023-12-10,2023-12-10
ASM005897,STU0330,CRS007,6,quiz,25,12.0,2023-12-18,2023-12-15
ASM005898,STU0330,CRS007,6,assignment,50,43.5,2023-12-30,2023-12-29
ASM005899,STU0330,CRS007,6,project,100,77.7,2023-11-30,2023-12-01
ASM005900,STU0330,CRS007,7,quiz,25,9.0,2024-01-05,2024-01-06
ASM005901,STU0330,CRS007,7,assignment,50,35.8,2023-12-29,2024-01-01
ASM005902,STU0330,CRS007,8,quiz,25,13.1,2024-01-07,2024-01-05
ASM005903,STU0330,CRS007,8,assignment,50,32.6,2024-02-16,2024-02-23
ASM005904,STU0330,CRS007,8,exam,100,82.3,2024-02-08,2024-02-08
ASM005905,STU0331,CRS020,1,quiz,25,16.4,2024-03-27,2024-04-03
ASM005906,STU0331,CRS020,1,assignment,50,35.0,2024-03-30,2024-04-01
ASM005907,STU0331,CRS020,2,quiz,25,20.1,2024-04-19,2024-04-18
ASM005908,STU0331,CRS020,2,assignment,50,36.4,2024-04-15,2024-04-15
ASM005909,STU0331,CRS020,3,quiz,25,20.3,2024-05-12,2024-05-19
ASM005910,STU0331,CRS020,3,assignment,50,22.0,2024-04-27,2024-04-25
ASM005911,STU0331,CRS020,3,project,100,73.6,2024-04-21,2024-04-28
ASM005912,STU0331,CRS020,4,quiz,25,21.3,2024-05-13,2024-05-12
ASM005913,STU0331,CRS020,4,assignment,50,38.6,2024-05-29,2024-05-29
ASM005914,STU0331,CRS020,4,exam,100,77.8,2024-05-29,2024-05-27
ASM005915,STU0332,CRS015,1,quiz,25,12.1,2024-09-07,2024-09-12
ASM005916,STU0332,CRS015,1,assignment,50,28.6,2024-09-03,2024-09-06
ASM005917,STU0332,CRS015,2,quiz,25,8.3,2024-09-26,2024-09-27
ASM005918,STU0332,CRS015,2,assignment,50,22.4,2024-09-18,2024-09-18
ASM005919,STU0332,CRS015,3,quiz,25,16.3,2024-10-07,2024-10-06
ASM005920,STU0332,CRS015,3,assignment,50,17.8,2024-10-16,2024-10-16
ASM005921,STU0332,CRS015,3,project,100,54.0,2024-10-19,2024-10-20
ASM005922,STU0332,CRS015,4,quiz,25,17.1,2024-11-05,2024-11-02
ASM005923,STU0332,CRS015,4,assignment,50,29.7,2024-10-16,2024-10-15
ASM005924,STU0332,CRS015,5,quiz,25,16.0,2024-11-15,2024-11-18
ASM005925,STU0332,CRS015,5,assignment,50,35.9,2024-11-10,2024-11-08
ASM005926,STU0332,CRS015,6,quiz,25,21.5,2024-11-27,2024-12-04
ASM005927,STU0332,CRS015,6,assignment,50,33.4,2024-11-15,2024-11-14
ASM005928,STU0332,CRS015,6,project,100,66.8,2024-11-09,2024-11-12
ASM005929,STU0332,CRS015,7,quiz,25,12.5,2024-12-21,2024-12-20
ASM005930,STU0332,CRS015,7,assignment,50,21.7,2025-01-11,2025-01-15
ASM005931,STU0332,CRS015,8,quiz,25,14.5,2024-12-23,2024-12-25
ASM005932,STU0332,CRS015,8,assignment,50,11.2,2025-01-08,2025-01-09
ASM005933,STU0332,CRS015,8,exam,100,85.1,2024-12-31,2025-01-03
ASM005934,STU0333,CRS003,1,quiz,25,11.0,2023-03-29,2023-03-28
ASM005935,STU0333,CRS003,1,assignment,50,20.8,2023-03-29,2023-03-26
ASM005936,STU0333,CRS003,2,quiz,25,15.6,2023-04-21,2023-04-20
ASM005937,STU0333,CRS003,2,assignment,50,23.1,2023-04-25,2023-04-23
ASM005938,STU0333,CRS003,3,quiz,25,13.2,2023-05-10,2023-05-12
ASM005939,STU0333,CRS003,3,assignment,50,31.9,2023-05-13,2023-05-12
ASM005940,STU0333,CRS003,3,project,100,38.3,2023-05-01,2023-04-30
ASM005941,STU0333,CRS003,4,quiz,25,22.6,2023-05-09,2023-05-09
ASM005942,STU0333,CRS003,4,assignment,50,30.0,2023-05-09,2023-05-09
ASM005943,STU0333,CRS003,5,quiz,25,16.9,2023-06-07,2023-06-07
ASM005944,STU0333,CRS003,5,assignment,50,44.1,2023-06-27,2023-07-04
ASM005945,STU0333,CRS003,5,exam,100,72.8,2023-06-22,2023-06-23
ASM005946,STU0334,CRS002,1,quiz,25,10.3,2023-09-24,2023-09-24
ASM005947,STU0334,CRS002,1,assignment,50,49.0,2023-09-26,2023-09-24
ASM005948,STU0334,CRS002,2,quiz,25,12.2,2023-10-04,2023-10-05
ASM005949,STU0334,CRS002,2,assignment,50,33.1,2023-10-14,2023-10-14
ASM005950,STU0334,CRS002,3,quiz,25,16.6,2023-11-08,2023-11-09
ASM005951,STU0334,CRS002,3,assignment,50,44.9,2023-10-27,2023-10-28
ASM005952,STU0334,CRS002,3,project,100,65.4,2023-11-05,2023-11-03
ASM005953,STU0334,CRS002,4,quiz,25,18.8,2023-11-25,2023-11-25
ASM005954,STU0334,CRS002,4,assignment,50,31.8,2023-11-17,2023-11-19
ASM005955,STU0334,CRS002,5,quiz,25,17.3,2023-11-15,2023-11-15
ASM005956,STU0334,CRS002,5,assignment,50,25.1,2023-12-05,2023-12-03
ASM005957,STU0334,CRS002,6,quiz,25,22.7,2023-12-11,2023-12-11
ASM005958,STU0334,CRS002,6,assignment,50,29.6,2024-01-10,2024-01-11
ASM005959,STU0334,CRS002,6,project,100,69.8,2023-12-29,2024-01-01
ASM005960,STU0334,CRS002,6,exam,100,68.4,2024-01-10,2024-01-10
ASM005961,STU0335,CRS017,1,quiz,25,20.4,2024-02-12,2024-02-10
ASM005962,STU0335,CRS017,1,assignment,50,32.0,2024-02-13,2024-02-13
ASM005963,STU0335,CRS017,2,quiz,25,18.7,2024-02-28,2024-03-06
ASM005964,STU0335,CRS017,2,assignment,50,39.0,2024-02-26,2024-02-26
ASM005965,STU0335,CRS017,3,quiz,25,13.4,2024-03-30,2024-03-29
ASM005966,STU0335,CRS017,3,assignment,50,34.0,2024-03-15,2024-03-17
ASM005967,STU0335,CRS017,3,project,100,43.4,2024-03-21,2024-03-20
ASM005968,STU0335,CRS017,4,quiz,25,18.1,2024-03-23,2024-03-25
ASM005969,STU0335,CRS017,4,assignment,50,11.2,2024-04-20,2024-04-20
ASM005970,STU0335,CRS017,5,quiz,25,20.2,2024-05-06,2024-05-09
ASM005971,STU0335,CRS017,5,assignment,50,49.0,2024-04-21,2024-04-21
ASM005972,STU0335,CRS017,6,quiz,25,21.0,2024-04-20,2024-04-21
ASM005973,STU0335,CRS017,6,assignment,50,45.9,2024-06-01,2024-06-01
ASM005974,STU0335,CRS017,6,project,100,79.0,2024-04-26,2024-04-28
ASM005975,STU0335,CRS017,6,exam,100,51.6,2024-04-20,2024-04-27
ASM005976,STU0336,CRS005,1,quiz,25,8.1,2024-08-13,2024-08-11
ASM005977,STU0336,CRS005,1,assignment,50,38.1,2024-08-11,2024-08-18
ASM005978,STU0336,CRS005,2,quiz,25,21.1,2024-09-01,2024-08-30
ASM005979,STU0336,CRS005,2,assignment,50,34.9,2024-09-01,2024-09-01
ASM005980,STU0336,CRS005,3,quiz,25,16.0,2024-09-08,2024-09-08
ASM005981,STU0336,CRS005,3,assignment,50,26.2,2024-09-20,2024-09-20
ASM005982,STU0336,CRS005,3,project,100,83.7,2024-09-08,2024-09-09
ASM005983,STU0336,CRS005,4,quiz,25,18.0,2024-09-23,2024-09-23
ASM005984,STU0336,CRS005,4,assignment,50,26.5,2024-10-13,2024-10-14
ASM005985,STU0336,CRS005,5,quiz,25,19.6,2024-10-18,2024-10-19
ASM005986,STU0336,CRS005,5,assignment,50,38.6,2024-11-07,2024-11-09
ASM005987,STU0336,CRS005,6,quiz,25,19.6,2024-10-17,2024-10-15
ASM005988,STU0336,CRS005,6,assignment,50,33.0,2024-10-17,2024-10-18
ASM005989,STU0336,CRS005,6,project,100,75.7,2024-11-16,2024-11-19
ASM005990,STU0336,CRS005,7,quiz,25,18.7,2024-10-31,2024-11-07
ASM005991,STU0336,CRS005,7,assignment,50,35.2,2024-11-21,2024-11-22
ASM005992,STU0336,CRS005,8,quiz,25,10.8,2024-11-30,2024-11-28
ASM005993,STU0336,CRS005,8,assignment,50,24.9,2024-11-14,2024-11-15
ASM005994,STU0336,CRS005,8,exam,100,55.5,2024-11-30,2024-12-02
ASM005995,STU0337,CRS017,1,quiz,25,10.5,2023-02-26,2023-02-25
ASM005996,STU0337,CRS017,1,assignment,50,44.5,2023-03-04,2023-03-05
ASM005997,STU0337,CRS017,2,quiz,25,15.9,2023-03-20,2023-03-21
ASM005998,STU0337,CRS017,2,assignment,50,30.8,2023-03-26,2023-03-26
ASM005999,STU0337,CRS017,3,quiz,25,13.6,2023-03-26,2023-03-25
ASM006000,STU0337,CRS017,3,assignment,50,43.6,2023-04-10,2023-04-08
ASM006001,STU0337,CRS017,3,project,100,42.5,2023-04-13,2023-04-12
ASM006002,STU0337,CRS017,4,quiz,25,18.6,2023-04-21,2023-04-22
ASM006003,STU0337,CRS017,4,assignment,50,34.6,2023-04-29,2023-04-30
ASM006004,STU0337,CRS017,5,quiz,25,17.4,2023-05-08,2023-05-09
ASM006005,STU0337,CRS017,5,assignment,50,38.8,2023-05-28,2023-05-27
ASM006006,STU0337,CRS017,6,quiz,25,11.9,2023-05-07,2023-05-09
ASM006007,STU0337,CRS017,6,assignment,50,9.2,2023-06-12,2023-06-12
ASM006008,STU0337,CRS017,6,project,100,63.4,2023-06-18,2023-06-25
ASM006009,STU0337,CRS017,6,exam,100,91.3,2023-05-07,2023-05-07
ASM006010,STU0338,CRS007,1,quiz,25,18.0,2023-09-13,2023-09-13
ASM006011,STU0338,CRS007,1,assignment,50,30.2,2023-09-13,2023-09-13
ASM006012,STU0338,CRS007,2,quiz,25,9.4,2023-10-04,2023-10-07
ASM006013,STU0338,CRS007,2,assignment,50,24.2,2023-09-28,2023-09-26
ASM006014,STU0338,CRS007,3,quiz,25,7.3,2023-10-28,2023-10-28
ASM006015,STU0338,CRS007,3,assignment,50,31.2,2023-10-13,2023-10-13
ASM006016,STU0338,CRS007,3,project,100,81.2,2023-10-10,2023-10-10
ASM006017,STU0338,CRS007,4,quiz,25,15.1,2023-11-17,2023-11-16
ASM006018,STU0338,CRS007,4,assignment,50,28.8,2023-11-17,2023-11-14
ASM006019,STU0338,CRS007,5,quiz,25,15.0,2023-12-12,2023-12-14
ASM006020,STU0338,CRS007,5,assignment,50,27.8,2023-11-07,2023-11-07
ASM006021,STU0338,CRS007,6,quiz,25,5.3,2024-01-02,2024-01-03
ASM006022,STU0338,CRS007,6,assignment,50,35.8,2023-12-21,2023-12-22
ASM006023,STU0338,CRS007,6,project,100,54.8,2023-12-15,2023-12-15
ASM006024,STU0338,CRS007,7,quiz,25,8.7,2023-12-19,2023-12-24
ASM006025,STU0338,CRS007,7,assignment,50,32.5,2023-12-26,2023-12-24
ASM006026,STU0338,CRS007,8,quiz,25,12.5,2023-12-27,2023-12-29
ASM006027,STU0338,CRS007,8,assignment,50,24.2,2024-01-28,2024-01-29
ASM006028,STU0338,CRS007,8,exam,100,56.3,2024-02-13,2024-02-15
ASM006029,STU0339,CRS003,1,quiz,25,13.4,2024-04-01,2024-03-30
ASM006030,STU0339,CRS003,1,assignment,50,36.2,2024-04-01,2024-04-06
ASM006031,STU0339,CRS003,2,quiz,25,23.7,2024-04-19,2024-04-18
ASM006032,STU0339,CRS003,2,assignment,50,33.8,2024-04-11,2024-04-12
ASM006033,STU0339,CRS003,3,quiz,25,10.5,2024-05-05,2024-05-02
ASM006034,STU0339,CRS003,3,assignment,50,44.2,2024-05-14,2024-05-11
ASM006035,STU0339,CRS003,3,project,100,98.0,2024-05-11,2024-05-11
ASM006036,STU0339,CRS003,4,quiz,25,19.3,2024-05-07,2024-05-07
ASM006037,STU0339,CRS003,4,assignment,50,33.7,2024-05-07,2024-05-07
ASM006038,STU0339,CRS003,5,quiz,25,24.5,2024-06-15,2024-06-12
ASM006039,STU0339,CRS003,5,assignment,50,17.0,2024-05-26,2024-05-27
ASM006040,STU0339,CRS003,5,exam,100,79.8,2024-05-26,2024-05-23
ASM006041,STU0340,CRS002,1,quiz,25,5.0,2024-08-30,2024-08-30
ASM006042,STU0340,CRS002,1,assignment,50,17.8,2024-08-27,2024-08-29
ASM006043,STU0340,CRS002,2,quiz,25,17.8,2024-09-16,2024-09-17
ASM006044,STU0340,CRS002,2,assignment,50,36.3,2024-09-18,2024-09-18
ASM006045,STU0340,CRS002,3,quiz,25,12.1,2024-10-03,2024-10-05
ASM006046,STU0340,CRS002,3,assignment,50,34.7,2024-10-15,2024-10-16
ASM006047,STU0340,CRS002,3,project,100,84.9,2024-10-09,2024-10-08
ASM006048,STU0340,CRS002,4,quiz,25,20.5,2024-10-16,2024-10-23
ASM006049,STU0340,CRS002,4,assignment,50,30.5,2024-10-08,2024-10-05
ASM006050,STU0340,CRS002,5,quiz,25,11.6,2024-11-01,2024-11-04
ASM006051,STU0340,CRS002,5,assignment,50,36.6,2024-11-26,2024-11-26
ASM006052,STU0340,CRS002,6,quiz,25,11.4,2024-11-29,2024-11-30
ASM006053,STU0340,CRS002,6,assignment,50,44.4,2024-11-29,2024-12-01
ASM006054,STU0340,CRS002,6,project,100,62.2,2024-11-17,2024-11-14
ASM006055,STU0340,CRS002,6,exam,100,79.2,2024-11-29,2024-11-30
ASM006056,STU0341,CRS014,1,quiz,25,15.4,2023-03-03,2023-03-08
ASM006057,STU0341,CRS014,1,assignment,50,33.7,2023-03-02,2023-03-02
ASM006058,STU0341,CRS014,2,quiz,25,16.8,2023-03-15,2023-03-16
ASM006059,STU0341,CRS014,2,assignment,50,28.8,2023-03-25,2023-03-25
ASM006060,STU0341,CRS014,3,quiz,25,18.8,2023-04-08,2023-04-10
ASM006061,STU0341,CRS014,3,assignment,50,35.5,2023-04-14,2023-04-21
ASM006062,STU0341,CRS014,3,project,100,74.1,2023-04-11,2023-04-09
ASM006063,STU0341,CRS014,4,quiz,25,22.9,2023-05-08,2023-05-09
ASM006064,STU0341,CRS014,4,assignment,50,37.0,2023-05-04,2023-05-01
ASM006065,STU0341,CRS014,5,quiz,25,14.1,2023-05-24,2023-05-22
ASM006066,STU0341,CRS014,5,assignment,50,34.9,2023-05-24,2023-05-21
ASM006067,STU0341,CRS014,6,quiz,25,18.0,2023-05-08,2023-05-07
ASM006068,STU0341,CRS014,6,assignment,50,28.6,2023-06-13,2023-06-18
ASM006069,STU0341,CRS014,6,project,100,75.6,2023-06-13,2023-06-10
ASM006070,STU0341,CRS014,6,exam,100,95.5,2023-05-14,2023-05-14
ASM006071,STU0342,CRS018,1,quiz,25,14.1,2023-09-01,2023-08-29
ASM006072,STU0342,CRS018,1,assignment,50,36.8,2023-08-27,2023-08-25
ASM006073,STU0342,CRS018,2,quiz,25,15.0,2023-09-16,2023-09-17
ASM006074,STU0342,CRS018,2,assignment,50,29.6,2023-09-24,2023-09-26
ASM006075,STU0342,CRS018,3,quiz,25,13.5,2023-10-09,2023-10-09
ASM006076,STU0342,CRS018,3,assignment,50,40.5,2023-09-24,2023-09-24
ASM006077,STU0342,CRS018,3,project,100,77.0,2023-09-30,2023-09-29
ASM006078,STU0342,CRS018,4,quiz,25,17.8,2023-10-28,2023-10-28
ASM006079,STU0342,CRS018,4,assignment,50,27.5,2023-10-24,2023-10-22
ASM006080,STU0342,CRS018,5,quiz,25,18.7,2023-11-16,2023-11-15
ASM006081,STU0342,CRS018,5,assignment,50,42.6,2023-11-16,2023-11-17
ASM006082,STU0342,CRS018,6,quiz,25,15.9,2023-11-05,2023-11-05
ASM006083,STU0342,CRS018,6,assignment,50,35.9,2023-12-17,2023-12-15
ASM006084,STU0342,CRS018,6,project,100,62.0,2023-12-11,2023-12-11
ASM006085,STU0342,CRS018,7,quiz,25,13.7,2023-12-17,2023-12-19
ASM006086,STU0342,CRS018,7,assignment,50,36.0,2023-12-24,2023-12-24
ASM006087,STU0342,CRS018,8,quiz,25,17.6,2023-12-11,2023-12-11
ASM006088,STU0342,CRS018,8,assignment,50,40.0,2024-01-28,2024-01-27
ASM006089,STU0342,CRS018,8,exam,100,81.7,2024-01-28,2024-01-28
ASM006090,STU0343,CRS010,1,quiz,25,15.0,2024-03-22,2024-03-19
ASM006091,STU0343,CRS010,1,assignment,50,46.3,2024-03-17,2024-03-24
ASM006092,STU0343,CRS010,2,quiz,25,16.0,2024-04-12,2024-04-14
ASM006093,STU0343,CRS010,2,assignment,50,32.5,2024-03-31,2024-03-31
ASM006094,STU0343,CRS010,3,quiz,25,16.7,2024-04-15,2024-04-15
ASM006095,STU0343,CRS010,3,assignment,50,25.9,2024-04-18,2024-04-15
ASM006096,STU0343,CRS010,3,project,100,81.1,2024-04-21,2024-04-20
ASM006097,STU0343,CRS010,4,quiz,25,12.2,2024-05-04,2024-05-05
ASM006098,STU0343,CRS010,4,assignment,50,26.3,2024-05-04,2024-05-03
ASM006099,STU0343,CRS010,5,quiz,25,24.5,2024-06-09,2024-06-08
ASM006100,STU0343,CRS010,5,assignment,50,37.0,2024-05-20,2024-05-20
ASM006101,STU0343,CRS010,6,quiz,25,24.5,2024-06-05,2024-06-07
ASM006102,STU0343,CRS010,6,assignment,50,24.9,2024-07-05,2024-07-05
ASM006103,STU0343,CRS010,6,project,100,27.6,2024-06-05,2024-06-04
ASM006104,STU0343,CRS010,7,quiz,25,20.0,2024-06-21,2024-06-20
ASM006105,STU0343,CRS010,7,assignment,50,38.9,2024-07-12,2024-07-13
ASM006106,STU0343,CRS010,8,quiz,25,17.2,2024-07-07,2024-07-04
ASM006107,STU0343,CRS010,8,assignment,50,35.8,2024-06-29,2024-06-28
ASM006108,STU0343,CRS010,9,quiz,25,16.2,2024-08-01,2024-07-31
ASM006109,STU0343,CRS010,9,assignment,50,30.8,2024-07-23,2024-07-23
ASM006110,STU0343,CRS010,9,project,100,77.0,2024-08-10,2024-08-10
ASM006111,STU0343,CRS010,10,quiz,25,6.9,2024-07-29,2024-07-30
ASM006112,STU0343,CRS010,10,assignment,50,29.5,2024-07-19,2024-07-21
ASM006113,STU0343,CRS010,10,exam,100,61.7,2024-09-27,2024-09-27
ASM006114,STU0344,CRS009,1,quiz,25,18.0,2024-09-23,2024-09-24
ASM006115,STU0344,CRS009,1,assignment,50,49.0,2024-09-21,2024-09-24
ASM006116,STU0344,CRS009,2,quiz,25,19.9,2024-10-13,2024-10-13
ASM006117,STU0344,CRS009,2,assignment,50,37.0,2024-10-05,2024-10-04
ASM006118,STU0344,CRS009,3,quiz,25,15.7,2024-10-17,2024-10-18
ASM006119,STU0344,CRS009,3,assignment,50,38.7,2024-11-04,2024-11-06
ASM006120,STU0344,CRS009,3,project,100,63.8,2024-10-23,2024-10-22
ASM006121,STU0344,CRS009,4,quiz,25,15.8,2024-11-24,2024-12-01
ASM006122,STU0344,CRS009,4,assignment,50,27.4,2024-11-08,2024-11-08
ASM006123,STU0344,CRS009,5,quiz,25,16.8,2024-12-19,2024-12-19
ASM006124,STU0344,CRS009,5,assignment,50,35.9,2024-11-14,2024-11-21
ASM006125,STU0345,CRS007,1,quiz,25,16.1,2023-03-13,2023-03-18
ASM006126,STU0345,CRS007,1,assignment,50,30.4,2023-03-14,2023-03-11
ASM006127,STU0345,CRS007,2,quiz,25,15.4,2023-03-31,2023-03-29
ASM006128,STU0345,CRS007,2,assignment,50,34.2,2023-03-31,2023-03-30
ASM006129,STU0345,CRS007,3,quiz,25,14.5,2023-04-16,2023-04-14
ASM006130,STU0345,CRS007,3,assignment,50,46.6,2023-04-04,2023-04-05
ASM006131,STU0345,CRS007,3,project,100,79.2,2023-04-16,2023-04-17
ASM006132,STU0345,CRS007,4,quiz,25,20.1,2023-04-18,2023-04-19
ASM006133,STU0345,CRS007,4,assignment,50,33.1,2023-05-12,2023-05-12
ASM006134,STU0345,CRS007,5,quiz,25,10.9,2023-06-01,2023-06-01
ASM006135,STU0345,CRS007,5,assignment,50,48.0,2023-05-12,2023-05-12
ASM006136,STU0345,CRS007,6,quiz,25,12.4,2023-06-21,2023-06-23
ASM006137,STU0345,CRS007,6,assignment,50,32.8,2023-05-16,2023-05-18
ASM006138,STU0345,CRS007,6,project,100,83.3,2023-06-15,2023-06-16
ASM006139,STU0345,CRS007,7,quiz,25,19.3,2023-07-11,2023-07-14
ASM006140,STU0345,CRS007,7,assignment,50,11.6,2023-06-06,2023-06-05
ASM006141,STU0345,CRS007,8,quiz,25,10.9,2023-08-08,2023-08-07
ASM006142,STU0345,CRS007,8,assignment,50,25.2,2023-07-07,2023-07-05
ASM006143,STU0345,CRS007,8,exam,100,57.6,2023-07-07,2023-07-14
ASM006144,STU0346,CRS014,1,quiz,25,10.7,2023-08-27,2023-08-28
ASM006145,STU0346,CRS014,1,assignment,50,29.6,2023-08-24,2023-08-26
ASM006146,STU0346,CRS014,2,quiz,25,15.2,2023-09-15,2023-09-12
ASM006147,STU0346,CRS014,2,assignment,50,39.8,2023-09-13,2023-09-15
ASM006148,STU0346,CRS014,3,quiz,25,16.6,2023-09-26,2023-09-24
ASM006149,STU0346,CRS014,3,assignment,50,26.7,2023-10-05,2023-10-07
ASM006150,STU0346,CRS014,3,project,100,69.9,2023-09-23,2023-09-24
ASM006151,STU0346,CRS014,4,quiz,25,17.9,2023-10-17,2023-10-20
ASM006152,STU0346,CRS014,4,assignment,50,35.0,2023-10-05,2023-10-06
ASM006153,STU0346,CRS014,5,quiz,25,13.8,2023-10-20,2023-10-20
ASM006154,STU0346,CRS014,5,assignment,50,49.0,2023-10-30,2023-10-29
ASM006155,STU0346,CRS014,6,quiz,25,18.3,2023-10-29,2023-10-30
ASM006156,STU0346,CRS014,6,assignment,50,41.5,2023-11-10,2023-11-08
ASM006157,STU0346,CRS014,6,project,100,92.6,2023-11-16,2023-11-18
ASM006158,STU0346,CRS014,6,exam,100,60.1,2023-11-22,2023-11-27
ASM006159,STU0347,CRS018,1,quiz,25,21.2,2024-02-05,2024-02-04
ASM006160,STU0347,CRS018,1,assignment,50,24.3,2024-02-06,2024-02-06
ASM006161,STU0347,CRS018,2,quiz,25,15.7,2024-02-29,2024-03-01
ASM006162,STU0347,CRS018,2,assignment,50,29.4,2024-02-19,2024-02-24
ASM006163,STU0347,CRS018,3,quiz,25,10.7,2024-03-06,2024-03-05
ASM006164,STU0347,CRS018,3,assignment,50,30.7,2024-03-21,2024-03-19
ASM006165,STU0347,CRS018,3,project,100,47.4,2024-03-12,2024-03-10
ASM006166,STU0347,CRS018,4,quiz,25,15.6,2024-03-18,2024-03-25
ASM006167,STU0347,CRS018,4,assignment,50,32.1,2024-03-26,2024-03-27
ASM006168,STU0347,CRS018,5,quiz,25,22.7,2024-04-27,2024-04-27
ASM006169,STU0347,CRS018,5,assignment,50,32.7,2024-04-17,2024-04-17
ASM006170,STU0347,CRS018,6,quiz,25,12.3,2024-05-17,2024-05-18
ASM006171,STU0347,CRS018,6,assignment,50,34.2,2024-05-05,2024-05-05
ASM006172,STU0347,CRS018,6,project,100,53.7,2024-04-29,2024-05-06
ASM006173,STU0347,CRS018,7,quiz,25,14.5,2024-06-13,2024-06-12
ASM006174,STU0347,CRS018,7,assignment,50,35.3,2024-04-25,2024-04-25
ASM006175,STU0347,CRS018,8,quiz,25,14.5,2024-05-25,2024-05-25
ASM006176,STU0347,CRS018,8,assignment,50,35.7,2024-05-17,2024-05-17
ASM006177,STU0347,CRS018,8,exam,100,62.0,2024-06-18,2024-06-23
ASM006178,STU0348,CRS016,1,quiz,25,9.5,2024-08-06,2024-08-13
ASM006179,STU0348,CRS016,1,assignment,50,49.0,2024-08-05,2024-08-05
ASM006180,STU0348,CRS016,2,quiz,25,11.4,2024-08-24,2024-08-24
ASM006181,STU0348,CRS016,2,assignment,50,15.9,2024-08-24,2024-08-27
ASM006182,STU0348,CRS016,3,quiz,25,24.5,2024-09-03,2024-09-02
ASM006183,STU0348,CRS016,3,assignment,50,41.4,2024-09-15,2024-09-14
ASM006184,STU0348,CRS016,3,project,100,65.8,2024-09-18,2024-09-18
ASM006185,STU0348,CRS016,4,quiz,25,18.6,2024-10-05,2024-10-07
ASM006186,STU0348,CRS016,4,assignment,50,26.6,2024-09-11,2024-09-11
ASM006187,STU0348,CRS016,5,quiz,25,16.2,2024-10-25,2024-10-25
ASM006188,STU0348,CRS016,5,assignment,50,36.8,2024-10-05,2024-10-08
ASM006189,STU0348,CRS016,6,quiz,25,17.0,2024-11-02,2024-11-01
ASM006190,STU0348,CRS016,6,assignment,50,20.6,2024-11-20,2024-11-25
ASM006191,STU0348,CRS016,6,project,100,72.0,2024-10-09,2024-10-07
ASM006192,STU0348,CRS016,6,exam,100,55.1,2024-11-14,2024-11-19
ASM006193,STU0349,CRS006,1,quiz,25,17.6,2023-03-25,2023-03-22
ASM006194,STU0349,CRS006,1,assignment,50,15.6,2023-03-26,2023-03-29
ASM006195,STU0349,CRS006,2,quiz,25,20.7,2023-04-04,2023-04-04
ASM006196,STU0349,CRS006,2,assignment,50,30.1,2023-04-02,2023-04-05
ASM006197,STU0349,CRS006,3,quiz,25,15.1,2023-04-28,2023-04-30
ASM006198,STU0349,CRS006,3,assignment,50,49.0,2023-05-04,2023-05-02
ASM006199,STU0349,CRS006,3,project,100,62.2,2023-04-16,2023-04-18
ASM006200,STU0349,CRS006,4,quiz,25,17.5,2023-05-12,2023-05-09
ASM006201,STU0349,CRS006,4,assignment,50,35.6,2023-05-16,2023-05-17
ASM006202,STU0349,CRS006,5,quiz,25,22.7,2023-05-14,2023-05-14
ASM006203,STU0349,CRS006,5,assignment,50,37.1,2023-06-13,2023-06-14
ASM006204,STU0349,CRS006,6,quiz,25,11.7,2023-07-09,2023-07-12
ASM006205,STU0349,CRS006,6,assignment,50,28.6,2023-07-09,2023-07-07
ASM006206,STU0349,CRS006,6,project,100,98.0,2023-06-21,2023-06-19
ASM006207,STU0349,CRS006,7,quiz,25,16.2,2023-07-16,2023-07-16
ASM006208,STU0349,CRS006,7,assignment,50,34.0,2023-07-16,2023-07-21
ASM006209,STU0349,CRS006,8,quiz,25,16.3,2023-08-20,2023-08-19
ASM006210,STU0349,CRS006,8,assignment,50,23.7,2023-08-20,2023-08-19
ASM006211,STU0349,CRS006,9,quiz,25,9.8,2023-07-09,2023-07-09
ASM006212,STU0349,CRS006,9,assignment,50,32.6,2023-08-05,2023-08-05
ASM006213,STU0349,CRS006,9,project,100,43.2,2023-07-09,2023-07-12
ASM006214,STU0349,CRS006,10,quiz,25,13.0,2023-07-23,2023-07-21
ASM006215,STU0349,CRS006,10,assignment,50,31.1,2023-09-21,2023-09-18
ASM006216,STU0349,CRS006,10,exam,100,51.6,2023-08-12,2023-08-13
ASM006217,STU0350,CRS014,1,quiz,25,20.4,2023-08-21,2023-08-23
ASM006218,STU0350,CRS014,1,assignment,50,30.9,2023-08-23,2023-08-23
ASM006219,STU0350,CRS014,2,quiz,25,19.7,2023-09-12,2023-09-13
ASM006220,STU0350,CRS014,2,assignment,50,25.2,2023-09-12,2023-09-11
ASM006221,STU0350,CRS014,3,quiz,25,16.0,2023-09-27,2023-09-25
ASM006222,STU0350,CRS014,3,assignment,50,19.2,2023-10-09,2023-10-08
ASM006223,STU0350,CRS014,3,project,100,30.3,2023-10-06,2023-10-06
ASM006224,STU0350,CRS014,4,quiz,25,9.1,2023-10-06,2023-10-07
ASM006225,STU0350,CRS014,4,assignment,50,26.2,2023-10-06,2023-10-06
ASM006226,STU0350,CRS014,5,quiz,25,17.9,2023-10-26,2023-10-25
ASM006227,STU0350,CRS014,5,assignment,50,27.0,2023-10-26,2023-10-28
ASM006228,STU0350,CRS014,6,quiz,25,22.1,2023-12-05,2023-12-06
ASM006229,STU0350,CRS014,6,assignment,50,26.6,2023-11-23,2023-11-21
ASM006230,STU0350,CRS014,6,project,100,71.5,2023-11-17,2023-11-16
ASM006231,STU0350,CRS014,6,exam,100,47.0,2023-12-05,2023-12-02
ASM006232,STU0351,CRS013,1,quiz,25,10.6,2024-02-28,2024-02-29
ASM006233,STU0351,CRS013,1,assignment,50,23.5,2024-02-26,2024-02-25
ASM006234,STU0351,CRS013,2,quiz,25,18.7,2024-03-13,2024-03-11
ASM006235,STU0351,CRS013,2,assignment,50,41.6,2024-03-21,2024-03-20
ASM006236,STU0351,CRS013,3,quiz,25,16.3,2024-03-30,2024-03-31
ASM006237,STU0351,CRS013,3,assignment,50,43.5,2024-03-24,2024-03-24
ASM006238,STU0351,CRS013,3,project,100,62.5,2024-03-24,2024-03-24
ASM006239,STU0351,CRS013,4,quiz,25,18.9,2024-04-12,2024-04-11
ASM006240,STU0351,CRS013,4,assignment,50,39.5,2024-04-24,2024-04-26
ASM006241,STU0351,CRS013,5,quiz,25,8.1,2024-05-08,2024-05-08
ASM006242,STU0351,CRS013,5,assignment,50,27.3,2024-05-18,2024-05-23
ASM006243,STU0351,CRS013,6,quiz,25,15.8,2024-05-20,2024-05-18
ASM006244,STU0351,CRS013,6,assignment,50,26.2,2024-06-13,2024-06-11
ASM006245,STU0351,CRS013,6,project,100,74.7,2024-05-02,2024-05-09
ASM006246,STU0351,CRS013,7,quiz,25,14.1,2024-05-16,2024-05-13
ASM006247,STU0351,CRS013,7,assignment,50,30.2,2024-06-27,2024-06-27
ASM006248,STU0351,CRS013,8,quiz,25,24.2,2024-07-25,2024-07-23
ASM006249,STU0351,CRS013,8,assignment,50,44.3,2024-07-01,2024-07-03
ASM006250,STU0351,CRS013,8,exam,100,62.7,2024-07-01,2024-06-29
ASM006251,STU0352,CRS018,1,quiz,25,15.1,2024-08-13,2024-08-13
ASM006252,STU0352,CRS018,1,assignment,50,38.1,2024-08-07,2024-08-14
ASM006253,STU0352,CRS018,2,quiz,25,16.2,2024-08-20,2024-08-22
ASM006254,STU0352,CRS018,2,assignment,50,22.5,2024-08-22,2024-08-22
ASM006255,STU0352,CRS018,3,quiz,25,11.7,2024-09-06,2024-09-06
ASM006256,STU0352,CRS018,3,assignment,50,25.6,2024-09-15,2024-09-15
ASM006257,STU0352,CRS018,3,project,100,70.7,2024-09-21,2024-09-20
ASM006258,STU0352,CRS018,4,quiz,25,13.5,2024-10-03,2024-10-03
ASM006259,STU0352,CRS018,4,assignment,50,14.8,2024-10-15,2024-10-15
ASM006260,STU0352,CRS018,5,quiz,25,14.8,2024-10-01,2024-10-02
ASM006261,STU0352,CRS018,5,assignment,50,33.2,2024-10-31,2024-10-29
ASM006262,STU0352,CRS018,6,quiz,25,20.8,2024-10-21,2024-10-20
ASM006263,STU0352,CRS018,6,assignment,50,30.6,2024-10-15,2024-10-16
ASM006264,STU0352,CRS018,6,project,100,71.7,2024-10-21,2024-10-20
ASM006265,STU0352,CRS018,7,quiz,25,16.7,2024-12-10,2024-12-12
ASM006266,STU0352,CRS018,7,assignment,50,28.5,2024-11-12,2024-11-14
ASM006267,STU0352,CRS018,8,quiz,25,6.3,2024-11-12,2024-11-13
ASM006268,STU0352,CRS018,8,assignment,50,33.9,2024-12-30,2024-12-31
ASM006269,STU0352,CRS018,8,exam,100,87.9,2024-11-12,2024-11-15
ASM006270,STU0353,CRS012,1,quiz,25,18.0,2023-02-08,2023-02-08
ASM006271,STU0353,CRS012,1,assignment,50,39.6,2023-02-07,2023-02-07
ASM006272,STU0353,CRS012,2,quiz,25,20.7,2023-02-25,2023-02-24
ASM006273,STU0353,CRS012,2,assignment,50,24.8,2023-03-03,2023-03-04
ASM006274,STU0353,CRS012,3,quiz,25,13.2,2023-03-05,2023-03-04
ASM006275,STU0353,CRS012,3,assignment,50,22.5,2023-03-20,2023-03-17
ASM006276,STU0353,CRS012,3,project,100,66.2,2023-03-23,2023-03-26
ASM006277,STU0353,CRS012,4,quiz,25,17.8,2023-03-31,2023-04-07
ASM006278,STU0353,CRS012,4,assignment,50,40.3,2023-04-16,2023-04-13
ASM006279,STU0353,CRS012,5,quiz,25,15.8,2023-05-07,2023-05-07
ASM006280,STU0353,CRS012,5,assignment,50,17.2,2023-04-17,2023-04-15
ASM006281,STU0353,CRS012,6,quiz,25,24.5,2023-05-16,2023-05-16
ASM006282,STU0353,CRS012,6,assignment,50,37.1,2023-05-16,2023-05-16
ASM006283,STU0353,CRS012,6,project,100,51.4,2023-04-16,2023-04-16
ASM006284,STU0353,CRS012,7,quiz,25,11.9,2023-05-21,2023-05-21
ASM006285,STU0353,CRS012,7,assignment,50,22.9,2023-05-28,2023-05-27
ASM006286,STU0353,CRS012,8,quiz,25,24.5,2023-06-07,2023-06-05
ASM006287,STU0353,CRS012,8,assignment,50,28.8,2023-05-22,2023-05-22
ASM006288,STU0353,CRS012,8,exam,100,84.3,2023-05-14,2023-05-15
ASM006289,STU0354,CRS013,1,quiz,25,24.5,2023-09-01,2023-09-03
ASM006290,STU0354,CRS013,1,assignment,50,22.8,2023-09-05,2023-09-08
ASM006291,STU0354,CRS013,2,quiz,25,18.5,2023-09-20,2023-09-20
ASM006292,STU0354,CRS013,2,assignment,50,32.2,2023-09-26,2023-09-28
ASM006293,STU0354,CRS013,3,quiz,25,12.1,2023-10-01,2023-10-02
ASM006294,STU0354,CRS013,3,assignment,50,27.7,2023-10-19,2023-10-20
ASM006295,STU0354,CRS013,3,project,100,81.1,2023-09-28,2023-10-01
ASM006296,STU0354,CRS013,4,quiz,25,21.3,2023-10-28,2023-10-30
ASM006297,STU0354,CRS013,4,assignment,50,25.5,2023-10-28,2023-10-28
ASM006298,STU0354,CRS013,5,quiz,25,16.0,2023-11-30,2023-11-30
ASM006299,STU0354,CRS013,5,assignment,50,33.0,2023-11-15,2023-11-12
ASM006300,STU0354,CRS013,6,quiz,25,13.0,2023-12-15,2023-12-16
ASM006301,STU0354,CRS013,6,assignment,50,33.8,2023-12-15,2023-12-22
ASM006302,STU0354,CRS013,6,project,100,58.9,2023-11-27,2023-12-02
ASM006303,STU0354,CRS013,7,quiz,25,16.5,2023-12-28,2023-12-28
ASM006304,STU0354,CRS013,7,assignment,50,21.8,2023-12-14,2023-12-17
ASM006305,STU0354,CRS013,8,quiz,25,11.3,2024-01-16,2024-01-16
ASM006306,STU0354,CRS013,8,assignment,50,32.6,2023-12-23,2023-12-24
ASM006307,STU0354,CRS013,8,exam,100,67.2,2023-12-23,2023-12-24
ASM006308,STU0355,CRS008,1,quiz,25,21.6,2024-03-25,2024-03-26
ASM006309,STU0355,CRS008,1,assignment,50,42.3,2024-03-24,2024-03-24
ASM006310,STU0355,CRS008,2,quiz,25,19.3,2024-04-13,2024-04-14
ASM006311,STU0355,CRS008,2,assignment,50,29.8,2024-04-11,2024-04-10
ASM006312,STU0355,CRS008,3,quiz,25,20.4,2024-05-04,2024-05-02
ASM006313,STU0355,CRS008,3,assignment,50,32.3,2024-05-04,2024-05-05
ASM006314,STU0355,CRS008,3,project,100,78.6,2024-05-07,2024-05-09
ASM006315,STU0355,CRS008,4,quiz,25,19.5,2024-05-03,2024-05-08
ASM006316,STU0355,CRS008,4,assignment,50,28.4,2024-05-27,2024-05-29
ASM006317,STU0355,CRS008,5,quiz,25,15.7,2024-06-06,2024-06-06
ASM006318,STU0355,CRS008,5,assignment,50,24.3,2024-06-11,2024-06-11
ASM006319,STU0355,CRS008,6,quiz,25,8.9,2024-06-06,2024-06-11
ASM006320,STU0355,CRS008,6,assignment,50,33.7,2024-06-06,2024-06-06
ASM006321,STU0355,CRS008,6,project,100,75.6,2024-07-12,2024-07-09
ASM006322,STU0355,CRS008,6,exam,100,65.9,2024-06-12,2024-06-10
ASM006323,STU0356,CRS001,1,quiz,25,10.1,2024-09-30,2024-09-30
ASM006324,STU0356,CRS001,1,assignment,50,28.4,2024-10-03,2024-10-06
ASM006325,STU0356,CRS001,2,quiz,25,17.0,2024-10-15,2024-10-14
ASM006326,STU0356,CRS001,2,assignment,50,15.4,2024-10-27,2024-10-27
ASM006327,STU0356,CRS001,3,quiz,25,16.1,2024-10-27,2024-10-28
ASM006328,STU0356,CRS001,3,assignment,50,44.1,2024-11-17,2024-11-19
ASM006329,STU0356,CRS001,3,project,100,89.1,2024-11-08,2024-11-05
ASM006330,STU0356,CRS001,4,quiz,25,16.1,2024-11-18,2024-11-18
ASM006331,STU0356,CRS001,4,assignment,50,49.0,2024-11-26,2024-11-27
ASM006332,STU0356,CRS001,5,quiz,25,16.0,2024-11-24,2024-11-26
ASM006333,STU0356,CRS001,5,assignment,50,16.7,2024-12-24,2024-12-31
ASM006334,STU0356,CRS001,5,exam,100,29.5,2024-11-24,2024-11-24
ASM006335,STU0357,CRS018,1,quiz,25,18.5,2023-03-03,2023-03-04
ASM006336,STU0357,CRS018,1,assignment,50,43.1,2023-02-28,2023-02-28
ASM006337,STU0357,CRS018,2,quiz,25,12.7,2023-03-25,2023-03-25
ASM006338,STU0357,CRS018,2,assignment,50,27.4,2023-03-23,2023-03-23
ASM006339,STU0357,CRS018,3,quiz,25,23.7,2023-03-28,2023-03-25
ASM006340,STU0357,CRS018,3,assignment,50,32.3,2023-04-03,2023-04-02
ASM006341,STU0357,CRS018,3,project,100,70.5,2023-03-25,2023-03-23
ASM006342,STU0357,CRS018,4,quiz,25,14.3,2023-04-20,2023-04-19
ASM006343,STU0357,CRS018,4,assignment,50,46.9,2023-04-08,2023-04-06
ASM006344,STU0357,CRS018,5,quiz,25,15.7,2023-05-22,2023-05-22
ASM006345,STU0357,CRS018,5,assignment,50,31.3,2023-05-22,2023-05-22
ASM006346,STU0357,CRS018,6,quiz,25,15.7,2023-06-17,2023-06-20
ASM006347,STU0357,CRS018,6,assignment,50,27.7,2023-05-12,2023-05-12
ASM006348,STU0357,CRS018,6,project,100,54.1,2023-06-11,2023-06-09
ASM006349,STU0357,CRS018,7,quiz,25,18.0,2023-06-17,2023-06-14
ASM006350,STU0357,CRS018,7,assignment,50,38.3,2023-06-24,2023-06-22
ASM006351,STU0357,CRS018,8,quiz,25,20.3,2023-07-05,2023-07-08
ASM006352,STU0357,CRS018,8,assignment,50,27.2,2023-07-05,2023-07-03
ASM006353,STU0357,CRS018,8,exam,100,78.6,2023-07-21,2023-07-23
ASM006354,STU0358,CRS008,1,quiz,25,19.1,2023-08-20,2023-08-22
ASM006355,STU0358,CRS008,1,assignment,50,18.2,2023-08-19,2023-08-18
ASM006356,STU0358,CRS008,2,quiz,25,13.0,2023-09-06,2023-09-07
ASM006357,STU0358,CRS008,2,assignment,50,26.9,2023-09-08,2023-09-11
ASM006358,STU0358,CRS008,3,quiz,25,13.1,2023-09-16,2023-09-17
ASM006359,STU0358,CRS008,3,assignment,50,19.3,2023-10-01,2023-10-02
ASM006360,STU0358,CRS008,3,project,100,91.1,2023-09-13,2023-09-12
ASM006361,STU0358,CRS008,4,quiz,25,24.5,2023-09-24,2023-09-21
ASM006362,STU0358,CRS008,4,assignment,50,22.0,2023-10-14,2023-10-11
ASM006363,STU0358,CRS008,5,quiz,25,15.4,2023-10-18,2023-10-19
ASM006364,STU0358,CRS008,5,assignment,50,35.3,2023-10-23,2023-10-25
ASM006365,STU0358,CRS008,6,quiz,25,19.3,2023-11-15,2023-11-17
ASM006366,STU0358,CRS008,6,assignment,50,29.4,2023-11-27,2023-11-27
ASM006367,STU0358,CRS008,6,project,100,42.1,2023-11-03,2023-11-03
ASM006368,STU0358,CRS008,6,exam,100,59.7,2023-11-15,2023-11-15
ASM006369,STU0359,CRS005,1,quiz,25,24.5,2024-02-18,2024-02-25
ASM006370,STU0359,CRS005,1,assignment,50,40.8,2024-02-19,2024-02-19
ASM006371,STU0359,CRS005,2,quiz,25,10.4,2024-03-02,2024-03-02
ASM006372,STU0359,CRS005,2,assignment,50,33.8,2024-03-06,2024-03-04
ASM006373,STU0359,CRS005,3,quiz,25,14.3,2024-03-17,2024-03-15
ASM006374,STU0359,CRS005,3,assignment,50,21.2,2024-04-04,2024-04-04
ASM006375,STU0359,CRS005,3,project,100,83.3,2024-03-29,2024-03-28
ASM006376,STU0359,CRS005,4,quiz,25,21.4,2024-04-13,2024-04-10
ASM006377,STU0359,CRS005,4,assignment,50,20.3,2024-04-17,2024-04-16
ASM006378,STU0359,CRS005,5,quiz,25,18.6,2024-05-11,2024-05-09
ASM006379,STU0359,CRS005,5,assignment,50,23.9,2024-04-26,2024-04-24
ASM006380,STU0359,CRS005,6,quiz,25,15.5,2024-04-25,2024-04-23
ASM006381,STU0359,CRS005,6,assignment,50,37.7,2024-06-06,2024-06-13
ASM006382,STU0359,CRS005,6,project,100,71.3,2024-05-01,2024-05-01
ASM006383,STU0359,CRS005,7,quiz,25,11.2,2024-05-16,2024-05-15
ASM006384,STU0359,CRS005,7,assignment,50,37.0,2024-05-23,2024-05-24
ASM006385,STU0359,CRS005,8,quiz,25,10.8,2024-05-23,2024-05-23
ASM006386,STU0359,CRS005,8,assignment,50,29.1,2024-05-31,2024-05-28
ASM006387,STU0359,CRS005,8,exam,100,58.5,2024-07-10,2024-07-11
ASM006388,STU0360,CRS004,1,quiz,25,19.7,2024-08-05,2024-08-07
ASM006389,STU0360,CRS004,1,assignment,50,16.1,2024-07-31,2024-07-31
ASM006390,STU0360,CRS004,2,quiz,25,13.7,2024-08-18,2024-08-21
ASM006391,STU0360,CRS004,2,assignment,50,33.8,2024-08-20,2024-08-19
ASM006392,STU0360,CRS004,3,quiz,25,14.6,2024-09-09,2024-09-08
ASM006393,STU0360,CRS004,3,assignment,50,38.1,2024-09-06,2024-09-03
ASM006394,STU0360,CRS004,3,project,100,67.4,2024-08-28,2024-08-27
ASM006395,STU0360,CRS004,4,quiz,25,23.1,2024-10-05,2024-10-08
ASM006396,STU0360,CRS004,4,assignment,50,30.5,2024-10-01,2024-10-06
ASM006397,STU0360,CRS004,5,quiz,25,18.4,2024-09-25,2024-09-26
ASM006398,STU0360,CRS004,5,assignment,50,30.0,2024-10-15,2024-10-16
ASM006399,STU0360,CRS004,6,quiz,25,18.9,2024-10-15,2024-10-14
ASM006400,STU0360,CRS004,6,assignment,50,40.0,2024-11-20,2024-11-17
ASM006401,STU0360,CRS004,6,project,100,54.8,2024-11-08,2024-11-06
ASM006402,STU0360,CRS004,6,exam,100,86.7,2024-10-21,2024-10-18
ASM006403,STU0361,CRS020,1,quiz,25,16.3,2023-03-25,2023-03-25
ASM006404,STU0361,CRS020,1,assignment,50,49.0,2023-03-21,2023-03-19
ASM006405,STU0361,CRS020,2,quiz,25,20.1,2023-04-06,2023-04-05
ASM006406,STU0361,CRS020,2,assignment,50,34.1,2023-04-06,2023-04-05
ASM006407,STU0361,CRS020,3,quiz,25,11.5,2023-04-22,2023-04-19
ASM006408,STU0361,CRS020,3,assignment,50,41.6,2023-04-19,2023-04-26
ASM006409,STU0361,CRS020,3,project,100,74.3,2023-04-16,2023-04-19
ASM006410,STU0361,CRS020,4,quiz,25,18.3,2023-05-16,2023-05-15
ASM006411,STU0361,CRS020,4,assignment,50,27.1,2023-05-04,2023-05-03
ASM006412,STU0361,CRS020,4,exam,100,51.7,2023-05-24,2023-05-31
ASM006413,STU0362,CRS007,1,quiz,25,20.2,2023-08-03,2023-08-05
ASM006414,STU0362,CRS007,1,assignment,50,44.8,2023-08-06,2023-08-06
ASM006415,STU0362,CRS007,2,quiz,25,14.7,2023-08-28,2023-08-29
ASM006416,STU0362,CRS007,2,assignment,50,37.9,2023-08-20,2023-08-20
ASM006417,STU0362,CRS007,3,quiz,25,14.8,2023-09-11,2023-09-13
ASM006418,STU0362,CRS007,3,assignment,50,41.8,2023-08-30,2023-08-29
ASM006419,STU0362,CRS007,3,project,100,61.7,2023-09-17,2023-09-17
ASM006420,STU0362,CRS007,4,quiz,25,23.6,2023-10-03,2023-10-02
ASM006421,STU0362,CRS007,4,assignment,50,13.2,2023-10-11,2023-10-12
ASM006422,STU0362,CRS007,5,quiz,25,17.9,2023-10-12,2023-10-11
ASM006423,STU0362,CRS007,5,assignment,50,26.1,2023-10-22,2023-10-21
ASM006424,STU0362,CRS007,6,quiz,25,16.8,2023-11-16,2023-11-18
ASM006425,STU0362,CRS007,6,assignment,50,36.4,2023-10-17,2023-10-17
ASM006426,STU0362,CRS007,6,project,100,80.9,2023-11-16,2023-11-16
ASM006427,STU0362,CRS007,7,quiz,25,21.0,2023-11-29,2023-11-29
ASM006428,STU0362,CRS007,7,assignment,50,36.7,2023-12-06,2023-12-13
ASM006429,STU0362,CRS007,8,quiz,25,20.0,2023-12-18,2023-12-20
ASM006430,STU0362,CRS007,8,assignment,50,24.8,2023-12-26,2023-12-26
ASM006431,STU0362,CRS007,8,exam,100,68.5,2023-11-16,2023-11-15
ASM006432,STU0363,CRS002,1,quiz,25,12.0,2024-02-29,2024-02-29
ASM006433,STU0363,CRS002,1,assignment,50,43.7,2024-03-02,2024-03-01
ASM006434,STU0363,CRS002,2,quiz,25,10.8,2024-03-19,2024-03-24
ASM006435,STU0363,CRS002,2,assignment,50,29.8,2024-03-23,2024-03-23
ASM006436,STU0363,CRS002,3,quiz,25,19.2,2024-04-03,2024-04-03
ASM006437,STU0363,CRS002,3,assignment,50,22.3,2024-04-12,2024-04-10
ASM006438,STU0363,CRS002,3,project,100,42.1,2024-04-09,2024-04-10
ASM006439,STU0363,CRS002,4,quiz,25,21.3,2024-04-16,2024-04-15
ASM006440,STU0363,CRS002,4,assignment,50,22.7,2024-05-02,2024-05-02
ASM006441,STU0363,CRS002,5,quiz,25,15.3,2024-05-02,2024-05-01
ASM006442,STU0363,CRS002,5,assignment,50,35.7,2024-05-27,2024-05-30
ASM006443,STU0363,CRS002,6,quiz,25,16.1,2024-06-11,2024-06-18
ASM006444,STU0363,CRS002,6,assignment,50,21.2,2024-05-24,2024-05-24
ASM006445,STU0363,CRS002,6,project,100,59.8,2024-05-24,2024-05-29
ASM006446,STU0363,CRS002,6,exam,100,87.1,2024-06-11,2024-06-10
ASM006447,STU0364,CRS002,1,quiz,25,22.1,2024-08-13,2024-08-13
ASM006448,STU0364,CRS002,1,assignment,50,41.2,2024-08-15,2024-08-14
ASM006449,STU0364,CRS002,2,quiz,25,16.8,2024-09-10,2024-09-10
ASM006450,STU0364,CRS002,2,assignment,50,44.8,2024-08-29,2024-08-29
ASM006451,STU0364,CRS002,3,quiz,25,13.8,2024-09-25,2024-09-28
ASM006452,STU0364,CRS002,3,assignment,50,23.1,2024-09-13,2024-09-13
ASM006453,STU0364,CRS002,3,project,100,76.5,2024-09-19,2024-09-20
ASM006454,STU0364,CRS002,4,quiz,25,18.0,2024-10-22,2024-10-24
ASM006455,STU0364,CRS002,4,assignment,50,45.4,2024-10-22,2024-10-20
ASM006456,STU0364,CRS002,5,quiz,25,18.7,2024-10-08,2024-10-13
ASM006457,STU0364,CRS002,5,assignment,50,23.3,2024-10-28,2024-10-28
ASM006458,STU0364,CRS002,6,quiz,25,18.6,2024-10-22,2024-10-22
ASM006459,STU0364,CRS002,6,assignment,50,31.5,2024-11-03,2024-11-03
ASM006460,STU0364,CRS002,6,project,100,77.1,2024-11-03,2024-11-10
ASM006461,STU0364,CRS002,6,exam,100,75.2,2024-11-15,2024-11-15
ASM006462,STU0365,CRS013,1,quiz,25,23.5,2023-03-05,2023-03-05
ASM006463,STU0365,CRS013,1,assignment,50,40.4,2023-03-03,2023-03-04
ASM006464,STU0365,CRS013,2,quiz,25,9.9,2023-03-16,2023-03-16
ASM006465,STU0365,CRS013,2,assignment,50,15.9,2023-03-20,2023-03-20
ASM006466,STU0365,CRS013,3,quiz,25,21.9,2023-04-04,2023-04-04
ASM006467,STU0365,CRS013,3,assignment,50,48.7,2023-04-16,2023-04-14
ASM006468,STU0365,CRS013,3,project,100,49.9,2023-04-07,2023-04-04
ASM006469,STU0365,CRS013,4,quiz,25,15.6,2023-05-03,2023-05-05
ASM006470,STU0365,CRS013,4,assignment,50,49.0,2023-04-13,2023-04-20
ASM006471,STU0365,CRS013,5,quiz,25,7.8,2023-04-28,2023-04-27
ASM006472,STU0365,CRS013,5,assignment,50,42.7,2023-05-13,2023-05-13
ASM006473,STU0365,CRS013,6,quiz,25,9.8,2023-05-13,2023-05-14
ASM006474,STU0365,CRS013,6,assignment,50,36.5,2023-06-12,2023-06-13
ASM006475,STU0365,CRS013,6,project,100,66.6,2023-05-25,2023-05-24
ASM006476,STU0365,CRS013,7,quiz,25,18.4,2023-05-28,2023-06-04
ASM006477,STU0365,CRS013,7,assignment,50,35.1,2023-05-28,2023-05-27
ASM006478,STU0365,CRS013,8,quiz,25,10.5,2023-06-12,2023-06-12
ASM006479,STU0365,CRS013,8,assignment,50,30.8,2023-06-28,2023-06-28
ASM006480,STU0365,CRS013,8,exam,100,88.6,2023-06-12,2023-06-11
ASM006481,STU0366,CRS007,1,quiz,25,15.5,2023-09-18,2023-09-17
ASM006482,STU0366,CRS007,1,assignment,50,42.6,2023-09-21,2023-09-23
ASM006483,STU0366,CRS007,2,quiz,25,15.1,2023-10-05,2023-10-12
ASM006484,STU0366,CRS007,2,assignment,50,48.3,2023-10-07,2023-10-04
ASM006485,STU0366,CRS007,3,quiz,25,17.8,2023-10-25,2023-10-23
ASM006486,STU0366,CRS007,3,assignment,50,33.8,2023-10-31,2023-10-31
ASM006487,STU0366,CRS007,3,project,100,98.0,2023-10-22,2023-10-19
ASM006488,STU0366,CRS007,4,quiz,25,15.9,2023-10-31,2023-10-29
ASM006489,STU0366,CRS007,4,assignment,50,20.0,2023-10-27,2023-11-03
ASM006490,STU0366,CRS007,5,quiz,25,12.9,2023-11-15,2023-11-17
ASM006491,STU0366,CRS007,5,assignment,50,21.2,2023-11-10,2023-11-12
ASM006492,STU0366,CRS007,6,quiz,25,7.8,2023-11-24,2023-11-23
ASM006493,STU0366,CRS007,6,assignment,50,40.7,2023-12-30,2024-01-02
ASM006494,STU0366,CRS007,6,project,100,56.8,2023-11-24,2023-11-25
ASM006495,STU0366,CRS007,7,quiz,25,13.5,2023-12-15,2023-12-18
ASM006496,STU0366,CRS007,7,assignment,50,28.4,2023-12-22,2023-12-20
ASM006497,STU0366,CRS007,8,quiz,25,24.5,2024-01-15,2024-01-14
ASM006498,STU0366,CRS007,8,assignment,50,19.7,2024-01-23,2024-01-23
ASM006499,STU0366,CRS007,8,exam,100,68.0,2024-01-07,2024-01-14
ASM006500,STU0367,CRS017,1,quiz,25,19.1,2024-02-22,2024-02-20
ASM006501,STU0367,CRS017,1,assignment,50,27.6,2024-02-23,2024-02-23
ASM006502,STU0367,CRS017,2,quiz,25,11.7,2024-03-03,2024-03-02
ASM006503,STU0367,CRS017,2,assignment,50,27.9,2024-03-13,2024-03-11
ASM006504,STU0367,CRS017,3,quiz,25,20.9,2024-03-18,2024-03-20
ASM006505,STU0367,CRS017,3,assignment,50,41.8,2024-03-18,2024-03-17
ASM006506,STU0367,CRS017,3,project,100,86.1,2024-03-27,2024-04-01
ASM006507,STU0367,CRS017,4,quiz,25,14.6,2024-03-29,2024-04-05
ASM006508,STU0367,CRS017,4,assignment,50,42.0,2024-03-29,2024-03-28
ASM006509,STU0367,CRS017,5,quiz,25,22.6,2024-04-17,2024-04-16
ASM006510,STU0367,CRS017,5,assignment,50,44.2,2024-05-17,2024-05-20
ASM006511,STU0367,CRS017,6,quiz,25,24.5,2024-05-20,2024-05-20
ASM006512,STU0367,CRS017,6,assignment,50,21.1,2024-05-02,2024-05-04
ASM006513,STU0367,CRS017,6,project,100,43.7,2024-05-14,2024-05-21
ASM006514,STU0367,CRS017,6,exam,100,68.2,2024-06-07,2024-06-07
ASM006515,STU0368,CRS019,1,quiz,25,21.4,2024-08-24,2024-08-23
ASM006516,STU0368,CRS019,1,assignment,50,37.5,2024-08-19,2024-08-16
ASM006517,STU0368,CRS019,2,quiz,25,22.7,2024-09-15,2024-09-15
ASM006518,STU0368,CRS019,2,assignment,50,30.1,2024-09-13,2024-09-11
ASM006519,STU0368,CRS019,3,quiz,25,14.8,2024-09-27,2024-09-26
ASM006520,STU0368,CRS019,3,assignment,50,29.0,2024-09-27,2024-09-30
ASM006521,STU0368,CRS019,3,project,100,79.1,2024-09-18,2024-09-19
ASM006522,STU0368,CRS019,4,quiz,25,18.3,2024-10-19,2024-10-17
ASM006523,STU0368,CRS019,4,assignment,50,33.8,2024-10-23,2024-10-30
ASM006524,STU0368,CRS019,5,quiz,25,17.8,2024-11-02,2024-11-04
ASM006525,STU0368,CRS019,5,assignment,50,25.8,2024-11-07,2024-11-06
ASM006526,STU0368,CRS019,6,quiz,25,23.0,2024-12-08,2024-12-09
ASM006527,STU0368,CRS019,6,assignment,50,27.6,2024-11-02,2024-10-30
ASM006528,STU0368,CRS019,6,project,100,54.1,2024-11-02,2024-11-07
ASM006529,STU0368,CRS019,6,exam,100,44.7,2024-12-08,2024-12-08
ASM006530,STU0369,CRS011,1,quiz,25,12.7,2023-02-18,2023-02-18
ASM006531,STU0369,CRS011,1,assignment,50,44.6,2023-02-17,2023-02-17
ASM006532,STU0369,CRS011,2,quiz,25,15.6,2023-02-27,2023-02-24
ASM006533,STU0369,CRS011,2,assignment,50,22.4,2023-03-01,2023-03-01
ASM006534,STU0369,CRS011,3,quiz,25,11.0,2023-03-31,2023-03-31
ASM006535,STU0369,CRS011,3,assignment,50,25.5,2023-03-31,2023-03-30
ASM006536,STU0369,CRS011,3,project,100,81.1,2023-03-19,2023-03-22
ASM006537,STU0369,CRS011,4,quiz,25,15.5,2023-04-04,2023-04-04
ASM006538,STU0369,CRS011,4,assignment,50,22.7,2023-04-20,2023-04-20
ASM006539,STU0369,CRS011,5,quiz,25,20.6,2023-05-05,2023-05-05
ASM006540,STU0369,CRS011,5,assignment,50,33.9,2023-04-10,2023-04-10
ASM006541,STU0369,CRS011,6,quiz,25,20.4,2023-04-24,2023-04-22
ASM006542,STU0369,CRS011,6,assignment,50,22.3,2023-05-18,2023-05-16
ASM006543,STU0369,CRS011,6,project,100,73.9,2023-05-12,2023-05-09
ASM006544,STU0369,CRS011,7,quiz,25,11.4,2023-06-19,2023-06-22
ASM006545,STU0369,CRS011,7,assignment,50,29.5,2023-06-05,2023-06-02
ASM006546,STU0369,CRS011,8,quiz,25,11.6,2023-05-30,2023-06-02
ASM006547,STU0369,CRS011,8,assignment,50,41.7,2023-05-22,2023-05-29
ASM006548,STU0369,CRS011,9,quiz,25,15.7,2023-06-05,2023-06-06
ASM006549,STU0369,CRS011,9,assignment,50,31.4,2023-06-14,2023-06-14
ASM006550,STU0369,CRS011,9,project,100,64.5,2023-07-29,2023-07-28
ASM006551,STU0369,CRS011,10,quiz,25,20.8,2023-06-29,2023-06-27
ASM006552,STU0369,CRS011,10,assignment,50,22.9,2023-07-09,2023-07-08
ASM006553,STU0369,CRS011,10,exam,100,51.2,2023-07-09,2023-07-08
ASM006554,STU0370,CRS005,1,quiz,25,15.0,2023-09-13,2023-09-13
ASM006555,STU0370,CRS005,1,assignment,50,24.8,2023-09-11,2023-09-11
ASM006556,STU0370,CRS005,2,quiz,25,21.0,2023-10-01,2023-09-28
ASM006557,STU0370,CRS005,2,assignment,50,30.8,2023-10-01,2023-09-29
ASM006558,STU0370,CRS005,3,quiz,25,10.6,2023-10-28,2023-10-29
ASM006559,STU0370,CRS005,3,assignment,50,35.7,2023-10-10,2023-10-09
ASM006560,STU0370,CRS005,3,project,100,59.7,2023-10-10,2023-10-15
ASM006561,STU0370,CRS005,4,quiz,25,21.2,2023-11-10,2023-11-11
ASM006562,STU0370,CRS005,4,assignment,50,13.2,2023-11-10,2023-11-09
ASM006563,STU0370,CRS005,5,quiz,25,19.5,2023-12-09,2023-12-14
ASM006564,STU0370,CRS005,5,assignment,50,43.6,2023-11-14,2023-11-19
ASM006565,STU0370,CRS005,6,quiz,25,14.2,2023-11-18,2023-11-20
ASM006566,STU0370,CRS005,6,assignment,50,34.2,2023-12-18,2023-12-25
ASM006567,STU0370,CRS005,6,project,100,52.0,2023-11-18,2023-11-18
ASM006568,STU0370,CRS005,7,quiz,25,17.0,2023-12-16,2023-12-21
ASM006569,STU0370,CRS005,7,assignment,50,40.0,2023-12-02,2023-12-05
ASM006570,STU0370,CRS005,8,quiz,25,16.8,2024-01-17,2024-01-22
ASM006571,STU0370,CRS005,8,assignment,50,39.7,2024-01-25,2024-01-24
ASM006572,STU0370,CRS005,8,exam,100,72.6,2024-01-01,2024-01-03
ASM006573,STU0371,CRS014,1,quiz,25,15.8,2024-02-18,2024-02-23
ASM006574,STU0371,CRS014,1,assignment,50,42.6,2024-02-23,2024-02-25
ASM006575,STU0371,CRS014,2,quiz,25,12.3,2024-03-10,2024-03-11
ASM006576,STU0371,CRS014,2,assignment,50,24.3,2024-03-06,2024-03-04
ASM006577,STU0371,CRS014,3,quiz,25,17.0,2024-03-25,2024-03-22
ASM006578,STU0371,CRS014,3,assignment,50,40.6,2024-03-16,2024-03-17
ASM006579,STU0371,CRS014,3,project,100,57.3,2024-03-25,2024-03-25
ASM006580,STU0371,CRS014,4,quiz,25,15.1,2024-04-07,2024-04-05
ASM006581,STU0371,CRS014,4,assignment,50,38.3,2024-04-27,2024-04-26
ASM006582,STU0371,CRS014,5,quiz,25,14.6,2024-05-13,2024-05-13
ASM006583,STU0371,CRS014,5,assignment,50,28.6,2024-04-13,2024-04-13
ASM006584,STU0371,CRS014,6,quiz,25,19.7,2024-05-27,2024-06-01
ASM006585,STU0371,CRS014,6,assignment,50,27.2,2024-05-27,2024-05-27
ASM006586,STU0371,CRS014,6,project,100,93.9,2024-05-21,2024-05-20
ASM006587,STU0371,CRS014,6,exam,100,49.8,2024-04-27,2024-04-29
ASM006588,STU0372,CRS018,1,quiz,25,13.4,2024-09-27,2024-09-28
ASM006589,STU0372,CRS018,1,assignment,50,16.5,2024-10-02,2024-10-05
ASM006590,STU0372,CRS018,2,quiz,25,15.2,2024-10-23,2024-10-20
ASM006591,STU0372,CRS018,2,assignment,50,25.3,2024-10-13,2024-10-14
ASM006592,STU0372,CRS018,3,quiz,25,19.3,2024-11-03,2024-11-02
ASM006593,STU0372,CRS018,3,assignment,50,35.4,2024-11-06,2024-11-06
ASM006594,STU0372,CRS018,3,project,100,60.4,2024-11-09,2024-11-07
ASM006595,STU0372,CRS018,4,quiz,25,17.4,2024-12-02,2024-11-30
ASM006596,STU0372,CRS018,4,assignment,50,45.6,2024-11-12,2024-11-11
ASM006597,STU0372,CRS018,5,quiz,25,16.4,2024-11-22,2024-11-20
ASM006598,STU0372,CRS018,5,assignment,50,34.3,2024-12-12,2024-12-11
ASM006599,STU0372,CRS018,6,quiz,25,19.5,2025-01-11,2025-01-12
ASM006600,STU0372,CRS018,6,assignment,50,43.0,2025-01-11,2025-01-10
ASM006601,STU0372,CRS018,6,project,100,83.6,2024-12-30,2024-12-30
ASM006602,STU0372,CRS018,6,exam,100,34.6,2024-12-18,2024-12-18
ASM006603,STU0373,CRS006,1,quiz,25,14.7,2023-03-10,2023-03-10
ASM006604,STU0373,CRS006,1,assignment,50,26.5,2023-03-12,2023-03-17
ASM006605,STU0373,CRS006,2,quiz,25,8.6,2023-03-28,2023-03-27
ASM006606,STU0373,CRS006,2,assignment,50,31.3,2023-04-01,2023-03-30
ASM006607,STU0373,CRS006,3,quiz,25,15.5,2023-04-13,2023-04-13
ASM006608,STU0373,CRS006,3,assignment,50,24.4,2023-04-25,2023-04-26
ASM006609,STU0373,CRS006,3,project,100,59.2,2023-04-22,2023-04-22
ASM006610,STU0373,CRS006,4,quiz,25,19.6,2023-04-21,2023-04-21
ASM006611,STU0373,CRS006,4,assignment,50,28.6,2023-05-19,2023-05-19
ASM006612,STU0373,CRS006,5,quiz,25,18.1,2023-05-15,2023-05-15
ASM006613,STU0373,CRS006,5,assignment,50,33.0,2023-05-05,2023-05-04
ASM006614,STU0373,CRS006,6,quiz,25,13.1,2023-05-31,2023-06-01
ASM006615,STU0373,CRS006,6,assignment,50,31.0,2023-06-18,2023-06-19
ASM006616,STU0373,CRS006,6,project,100,76.0,2023-06-06,2023-06-08
ASM006617,STU0373,CRS006,7,quiz,25,18.4,2023-07-07,2023-07-08
ASM006618,STU0373,CRS006,7,assignment,50,30.2,2023-07-14,2023-07-13
ASM006619,STU0373,CRS006,8,quiz,25,19.1,2023-07-18,2023-07-15
ASM006620,STU0373,CRS006,8,assignment,50,21.7,2023-08-03,2023-08-02
ASM006621,STU0373,CRS006,9,quiz,25,19.3,2023-07-09,2023-07-09
ASM006622,STU0373,CRS006,9,assignment,50,36.9,2023-07-18,2023-07-19
ASM006623,STU0373,CRS006,9,project,100,82.2,2023-07-18,2023-07-15
ASM006624,STU0373,CRS006,10,quiz,25,18.9,2023-08-03,2023-08-08
ASM006625,STU0373,CRS006,10,assignment,50,16.2,2023-09-02,2023-09-03
ASM006626,STU0373,CRS006,10,exam,100,44.2,2023-09-12,2023-09-13
ASM006627,STU0374,CRS018,1,quiz,25,18.5,2023-09-05,2023-09-08
ASM006628,STU0374,CRS018,1,assignment,50,24.7,2023-08-31,2023-09-02
ASM006629,STU0374,CRS018,2,quiz,25,18.6,2023-09-12,2023-09-19
ASM006630,STU0374,CRS018,2,assignment,50,37.0,2023-09-16,2023-09-16
ASM006631,STU0374,CRS018,3,quiz,25,20.2,2023-10-08,2023-10-08
ASM006632,STU0374,CRS018,3,assignment,50,29.3,2023-10-02,2023-10-01
ASM006633,STU0374,CRS018,3,project,100,57.7,2023-10-14,2023-10-12
ASM006634,STU0374,CRS018,4,quiz,25,15.2,2023-10-22,2023-10-23
ASM006635,STU0374,CRS018,4,assignment,50,34.4,2023-10-22,2023-10-22
ASM006636,STU0374,CRS018,5,quiz,25,22.3,2023-10-29,2023-10-30
ASM006637,STU0374,CRS018,5,assignment,50,46.5,2023-10-24,2023-10-22
ASM006638,STU0374,CRS018,6,quiz,25,17.2,2023-12-07,2023-12-07
ASM006639,STU0374,CRS018,6,assignment,50,37.3,2023-12-13,2023-12-11
ASM006640,STU0374,CRS018,6,project,100,50.3,2023-12-01,2023-12-02
ASM006641,STU0374,CRS018,7,quiz,25,8.2,2023-11-28,2023-11-28
ASM006642,STU0374,CRS018,7,assignment,50,49.0,2023-12-19,2023-12-16
ASM006643,STU0374,CRS018,8,quiz,25,9.3,2024-01-30,2024-01-30
ASM006644,STU0374,CRS018,8,assignment,50,19.2,2023-12-29,2023-12-26
ASM006645,STU0374,CRS018,8,exam,100,74.7,2024-01-14,2024-01-15
ASM006646,STU0375,CRS013,1,quiz,25,15.9,2024-03-22,2024-03-20
ASM006647,STU0375,CRS013,1,assignment,50,12.9,2024-03-25,2024-03-26
ASM006648,STU0375,CRS013,2,quiz,25,18.2,2024-04-04,2024-04-03
ASM006649,STU0375,CRS013,2,assignment,50,30.8,2024-04-14,2024-04-13
ASM006650,STU0375,CRS013,3,quiz,25,7.7,2024-05-07,2024-05-04
ASM006651,STU0375,CRS013,3,assignment,50,40.4,2024-04-19,2024-04-20
ASM006652,STU0375,CRS013,3,project,100,59.3,2024-04-19,2024-04-24
ASM006653,STU0375,CRS013,4,quiz,25,12.0,2024-05-28,2024-06-04
ASM006654,STU0375,CRS013,4,assignment,50,36.6,2024-05-24,2024-05-24
ASM006655,STU0375,CRS013,5,quiz,25,6.8,2024-06-08,2024-06-07
ASM006656,STU0375,CRS013,5,assignment,50,36.0,2024-06-13,2024-06-11
ASM006657,STU0375,CRS013,6,quiz,25,17.3,2024-05-28,2024-05-30
ASM006658,STU0375,CRS013,6,assignment,50,35.7,2024-06-27,2024-06-27
ASM006659,STU0375,CRS013,6,project,100,90.7,2024-05-28,2024-05-28
ASM006660,STU0375,CRS013,7,quiz,25,19.5,2024-06-11,2024-06-10
ASM006661,STU0375,CRS013,7,assignment,50,40.3,2024-07-02,2024-06-30
ASM006662,STU0375,CRS013,8,quiz,25,19.6,2024-08-20,2024-08-17
ASM006663,STU0375,CRS013,8,assignment,50,34.4,2024-08-20,2024-08-21
ASM006664,STU0375,CRS013,8,exam,100,78.0,2024-07-11,2024-07-10
ASM006665,STU0376,CRS014,1,quiz,25,14.6,2024-08-31,2024-08-29
ASM006666,STU0376,CRS014,1,assignment,50,36.6,2024-08-26,2024-08-26
ASM006667,STU0376,CRS014,2,quiz,25,14.1,2024-09-15,2024-09-16
ASM006668,STU0376,CRS014,2,assignment,50,37.2,2024-09-21,2024-09-19
ASM006669,STU0376,CRS014,3,quiz,25,13.9,2024-10-03,2024-10-05
ASM006670,STU0376,CRS014,3,assignment,50,28.9,2024-09-21,2024-09-18
ASM006671,STU0376,CRS014,3,project,100,44.6,2024-09-30,2024-09-30
ASM006672,STU0376,CRS014,4,quiz,25,24.5,2024-10-13,2024-10-16
ASM006673,STU0376,CRS014,4,assignment,50,32.0,2024-10-09,2024-10-08
ASM006674,STU0376,CRS014,5,quiz,25,20.4,2024-11-18,2024-11-18
ASM006675,STU0376,CRS014,5,assignment,50,9.5,2024-11-03,2024-11-01
ASM006676,STU0376,CRS014,6,quiz,25,17.8,2024-11-26,2024-11-24
ASM006677,STU0376,CRS014,6,assignment,50,24.3,2024-11-20,2024-11-22
ASM006678,STU0376,CRS014,6,project,100,65.3,2024-11-08,2024-11-11
ASM006679,STU0376,CRS014,6,exam,100,73.6,2024-12-02,2024-12-05
ASM006680,STU0377,CRS013,1,quiz,25,15.1,2023-02-10,2023-02-08
ASM006681,STU0377,CRS013,1,assignment,50,41.3,2023-02-13,2023-02-14
ASM006682,STU0377,CRS013,2,quiz,25,17.1,2023-03-05,2023-03-04
ASM006683,STU0377,CRS013,2,assignment,50,36.4,2023-03-07,2023-03-07
ASM006684,STU0377,CRS013,3,quiz,25,20.7,2023-03-18,2023-03-21
ASM006685,STU0377,CRS013,3,assignment,50,36.0,2023-03-24,2023-03-22
ASM006686,STU0377,CRS013,3,project,100,74.0,2023-03-21,2023-03-21
ASM006687,STU0377,CRS013,4,quiz,25,17.5,2023-04-12,2023-04-11
ASM006688,STU0377,CRS013,4,assignment,50,26.1,2023-04-12,2023-04-13
ASM006689,STU0377,CRS013,5,quiz,25,12.4,2023-05-01,2023-05-06
ASM006690,STU0377,CRS013,5,assignment,50,39.2,2023-05-06,2023-05-05
ASM006691,STU0377,CRS013,6,quiz,25,14.0,2023-06-01,2023-06-01
ASM006692,STU0377,CRS013,6,assignment,50,29.7,2023-05-14,2023-05-16
ASM006693,STU0377,CRS013,6,project,100,66.8,2023-05-14,2023-05-15
ASM006694,STU0377,CRS013,7,quiz,25,15.4,2023-06-15,2023-06-16
ASM006695,STU0377,CRS013,7,assignment,50,28.4,2023-06-08,2023-06-05
ASM006696,STU0377,CRS013,8,quiz,25,17.5,2023-07-05,2023-07-05
ASM006697,STU0377,CRS013,8,assignment,50,40.9,2023-06-27,2023-06-30
ASM006698,STU0377,CRS013,8,exam,100,86.0,2023-07-05,2023-07-07
ASM006699,STU0378,CRS008,1,quiz,25,15.6,2023-09-28,2023-10-01
ASM006700,STU0378,CRS008,1,assignment,50,27.0,2023-09-24,2023-09-25
ASM006701,STU0378,CRS008,2,quiz,25,13.5,2023-10-05,2023-10-06
ASM006702,STU0378,CRS008,2,assignment,50,29.3,2023-10-13,2023-10-16
ASM006703,STU0378,CRS008,3,quiz,25,20.0,2023-10-22,2023-10-20
ASM006704,STU0378,CRS008,3,assignment,50,38.7,2023-11-03,2023-11-08
ASM006705,STU0378,CRS008,3,project,100,77.7,2023-10-25,2023-10-23
ASM006706,STU0378,CRS008,4,quiz,25,24.5,2023-11-30,2023-11-30
ASM006707,STU0378,CRS008,4,assignment,50,26.6,2023-11-02,2023-11-01
ASM006708,STU0378,CRS008,5,quiz,25,20.6,2023-12-21,2023-12-24
ASM006709,STU0378,CRS008,5,assignment,50,37.4,2023-11-26,2023-11-26
ASM006710,STU0378,CRS008,6,quiz,25,13.4,2023-11-30,2023-11-30
ASM006711,STU0378,CRS008,6,assignment,50,28.8,2023-12-18,2023-12-17
ASM006712,STU0378,CRS008,6,project,100,58.8,2023-12-24,2023-12-24
ASM006713,STU0378,CRS008,6,exam,100,74.1,2023-12-12,2023-12-14
ASM006714,STU0379,CRS005,1,quiz,25,22.3,2024-03-22,2024-03-23
ASM006715,STU0379,CRS005,1,assignment,50,30.7,2024-03-24,2024-03-24
ASM006716,STU0379,CRS005,2,quiz,25,11.8,2024-04-15,2024-04-17
ASM006717,STU0379,CRS005,2,assignment,50,36.6,2024-04-17,2024-04-14
ASM006718,STU0379,CRS005,3,quiz,25,22.2,2024-04-23,2024-04-25
ASM006719,STU0379,CRS005,3,assignment,50,49.0,2024-05-05,2024-05-04
ASM006720,STU0379,CRS005,3,project,100,98.0,2024-04-23,2024-04-20
ASM006721,STU0379,CRS005,4,quiz,25,15.2,2024-05-01,2024-05-04
ASM006722,STU0379,CRS005,4,assignment,50,21.8,2024-05-17,2024-05-15
ASM006723,STU0379,CRS005,5,quiz,25,18.3,2024-06-04,2024-06-06
ASM006724,STU0379,CRS005,5,assignment,50,28.1,2024-05-30,2024-05-30
ASM006725,STU0379,CRS005,6,quiz,25,8.3,2024-07-10,2024-07-11
ASM006726,STU0379,CRS005,6,assignment,50,47.3,2024-06-10,2024-06-15
ASM006727,STU0379,CRS005,6,project,100,64.5,2024-07-04,2024-07-04
ASM006728,STU0379,CRS005,7,quiz,25,14.3,2024-07-03,2024-07-03
ASM006729,STU0379,CRS005,7,assignment,50,32.1,2024-07-17,2024-07-18
ASM006730,STU0379,CRS005,8,quiz,25,24.5,2024-08-13,2024-08-16
ASM006731,STU0379,CRS005,8,assignment,50,49.0,2024-07-12,2024-07-09
ASM006732,STU0379,CRS005,8,exam,100,61.3,2024-07-28,2024-07-28
ASM006733,STU0380,CRS002,1,quiz,25,17.6,2024-09-02,2024-08-31
ASM006734,STU0380,CRS002,1,assignment,50,39.0,2024-09-07,2024-09-09
ASM006735,STU0380,CRS002,2,quiz,25,20.2,2024-09-18,2024-09-23
ASM006736,STU0380,CRS002,2,assignment,50,28.8,2024-09-16,2024-09-14
ASM006737,STU0380,CRS002,3,quiz,25,19.4,2024-10-15,2024-10-14
ASM006738,STU0380,CRS002,3,assignment,50,37.8,2024-09-30,2024-09-30
ASM006739,STU0380,CRS002,3,project,100,43.8,2024-09-30,2024-09-29
ASM006740,STU0380,CRS002,4,quiz,25,15.4,2024-10-14,2024-10-13
ASM006741,STU0380,CRS002,4,assignment,50,38.7,2024-10-18,2024-10-16
ASM006742,STU0380,CRS002,5,quiz,25,17.5,2024-11-22,2024-11-22
ASM006743,STU0380,CRS002,5,assignment,50,34.3,2024-11-22,2024-11-20
ASM006744,STU0380,CRS002,6,quiz,25,20.2,2024-11-17,2024-11-16
ASM006745,STU0380,CRS002,6,assignment,50,24.4,2024-11-29,2024-11-29
ASM006746,STU0380,CRS002,6,project,100,69.4,2024-11-11,2024-11-10
ASM006747,STU0380,CRS002,6,exam,100,30.8,2024-11-11,2024-11-09
ASM006748,STU0381,CRS018,1,quiz,25,22.2,2023-03-09,2023-03-08
ASM006749,STU0381,CRS018,1,assignment,50,37.1,2023-03-04,2023-03-04
ASM006750,STU0381,CRS018,2,quiz,25,11.0,2023-03-17,2023-03-15
ASM006751,STU0381,CRS018,2,assignment,50,13.2,2023-03-17,2023-03-16
ASM006752,STU0381,CRS018,3,quiz,25,18.6,2023-04-03,2023-04-03
ASM006753,STU0381,CRS018,3,assignment,50,35.7,2023-04-09,2023-04-09
ASM006754,STU0381,CRS018,3,project,100,69.8,2023-04-15,2023-04-15
ASM006755,STU0381,CRS018,4,quiz,25,20.0,2023-05-08,2023-05-08
ASM006756,STU0381,CRS018,4,assignment,50,8.8,2023-04-18,2023-04-16
ASM006757,STU0381,CRS018,5,quiz,25,13.1,2023-06-02,2023-06-04
ASM006758,STU0381,CRS018,5,assignment,50,38.1,2023-05-13,2023-05-14
ASM006759,STU0381,CRS018,6,quiz,25,15.0,2023-05-24,2023-05-24
ASM006760,STU0381,CRS018,6,assignment,50,32.9,2023-06-11,2023-06-14
ASM006761,STU0381,CRS018,6,project,100,48.0,2023-06-11,2023-06-18
ASM006762,STU0381,CRS018,7,quiz,25,15.3,2023-06-23,2023-06-23
ASM006763,STU0381,CRS018,7,assignment,50,24.0,2023-06-02,2023-06-02
ASM006764,STU0381,CRS018,8,quiz,25,18.5,2023-06-25,2023-06-25
ASM006765,STU0381,CRS018,8,assignment,50,33.0,2023-07-03,2023-07-03
ASM006766,STU0381,CRS018,8,exam,100,78.5,2023-06-25,2023-06-24
ASM006767,STU0382,CRS008,1,quiz,25,19.4,2023-08-20,2023-08-20
ASM006768,STU0382,CRS008,1,assignment,50,40.4,2023-08-21,2023-08-21
ASM006769,STU0382,CRS008,2,quiz,25,12.3,2023-08-28,2023-08-26
ASM006770,STU0382,CRS008,2,assignment,50,47.0,2023-09-09,2023-09-09
ASM006771,STU0382,CRS008,3,quiz,25,18.4,2023-10-02,2023-10-03
ASM006772,STU0382,CRS008,3,assignment,50,48.5,2023-09-20,2023-09-17
ASM006773,STU0382,CRS008,3,project,100,81.3,2023-09-26,2023-09-25
ASM006774,STU0382,CRS008,4,quiz,25,13.3,2023-10-23,2023-10-25
ASM006775,STU0382,CRS008,4,assignment,50,34.9,2023-10-19,2023-10-19
ASM006776,STU0382,CRS008,5,quiz,25,13.3,2023-11-03,2023-11-01
ASM006777,STU0382,CRS008,5,assignment,50,31.2,2023-11-03,2023-11-05
ASM006778,STU0382,CRS008,6,quiz,25,13.6,2023-11-04,2023-11-07
ASM006779,STU0382,CRS008,6,assignment,50,11.3,2023-11-22,2023-11-27
ASM006780,STU0382,CRS008,6,project,100,86.1,2023-10-23,2023-10-25
ASM006781,STU0382,CRS008,6,exam,100,67.1,2023-12-04,2023-12-06
ASM006782,STU0383,CRS003,1,quiz,25,16.0,2024-04-04,2024-04-02
ASM006783,STU0383,CRS003,1,assignment,50,33.1,2024-03-28,2024-03-29
ASM006784,STU0383,CRS003,2,quiz,25,13.1,2024-04-15,2024-04-22
ASM006785,STU0383,CRS003,2,assignment,50,49.0,2024-04-25,2024-04-25
ASM006786,STU0383,CRS003,3,quiz,25,10.9,2024-04-28,2024-04-26
ASM006787,STU0383,CRS003,3,assignment,50,42.6,2024-05-07,2024-05-05
ASM006788,STU0383,CRS003,3,project,100,86.1,2024-05-13,2024-05-12
ASM006789,STU0383,CRS003,4,quiz,25,18.4,2024-05-09,2024-05-06
ASM006790,STU0383,CRS003,4,assignment,50,29.7,2024-05-09,2024-05-11
ASM006791,STU0383,CRS003,5,quiz,25,15.2,2024-06-12,2024-06-10
ASM006792,STU0383,CRS003,5,assignment,50,39.7,2024-06-07,2024-06-10
ASM006793,STU0383,CRS003,5,exam,100,46.0,2024-05-23,2024-05-23
ASM006794,STU0384,CRS012,1,quiz,25,8.9,2024-08-10,2024-08-17
ASM006795,STU0384,CRS012,1,assignment,50,40.5,2024-08-04,2024-08-06
ASM006796,STU0384,CRS012,2,quiz,25,9.5,2024-08-29,2024-09-03
ASM006797,STU0384,CRS012,2,assignment,50,24.3,2024-08-31,2024-08-29
ASM006798,STU0384,CRS012,3,quiz,25,20.9,2024-09-15,2024-09-17
ASM006799,STU0384,CRS012,3,assignment,50,30.3,2024-09-18,2024-09-20
ASM006800,STU0384,CRS012,3,project,100,67.9,2024-09-18,2024-09-18
ASM006801,STU0384,CRS012,4,quiz,25,16.4,2024-09-26,2024-09-25
ASM006802,STU0384,CRS012,4,assignment,50,30.9,2024-10-04,2024-10-03
ASM006803,STU0384,CRS012,5,quiz,25,20.6,2024-10-18,2024-10-23
ASM006804,STU0384,CRS012,5,assignment,50,31.7,2024-10-23,2024-10-22
ASM006805,STU0384,CRS012,6,quiz,25,19.0,2024-11-23,2024-11-24
ASM006806,STU0384,CRS012,6,assignment,50,31.0,2024-10-18,2024-10-18
ASM006807,STU0384,CRS012,6,project,100,62.9,2024-11-05,2024-11-04
ASM006808,STU0384,CRS012,7,quiz,25,15.7,2024-10-26,2024-10-26
ASM006809,STU0384,CRS012,7,assignment,50,32.6,2024-11-23,2024-11-23
ASM006810,STU0384,CRS012,8,quiz,25,17.7,2024-11-17,2024-11-17
ASM006811,STU0384,CRS012,8,assignment,50,34.8,2024-11-17,2024-11-15
ASM006812,STU0384,CRS012,8,exam,100,63.3,2024-11-17,2024-11-14
ASM006813,STU0385,CRS007,1,quiz,25,20.2,2023-02-07,2023-02-08
ASM006814,STU0385,CRS007,1,assignment,50,27.5,2023-02-01,2023-02-01
ASM006815,STU0385,CRS007,2,quiz,25,9.6,2023-02-19,2023-02-19
ASM006816,STU0385,CRS007,2,assignment,50,27.2,2023-02-23,2023-02-25
ASM006817,STU0385,CRS007,3,quiz,25,22.8,2023-03-16,2023-03-16
ASM006818,STU0385,CRS007,3,assignment,50,17.3,2023-03-10,2023-03-09
ASM006819,STU0385,CRS007,3,project,100,61.2,2023-03-13,2023-03-13
ASM006820,STU0385,CRS007,4,quiz,25,12.1,2023-03-19,2023-03-20
ASM006821,STU0385,CRS007,4,assignment,50,22.9,2023-03-19,2023-03-18
ASM006822,STU0385,CRS007,5,quiz,25,19.6,2023-04-18,2023-04-18
ASM006823,STU0385,CRS007,5,assignment,50,26.9,2023-04-28,2023-05-05
ASM006824,STU0385,CRS007,6,quiz,25,18.6,2023-04-30,2023-05-02
ASM006825,STU0385,CRS007,6,assignment,50,49.0,2023-04-12,2023-04-15
ASM006826,STU0385,CRS007,6,project,100,96.8,2023-05-24,2023-05-25
ASM006827,STU0385,CRS007,7,quiz,25,19.6,2023-06-07,2023-06-07
ASM006828,STU0385,CRS007,7,assignment,50,41.1,2023-05-24,2023-05-24
ASM006829,STU0385,CRS007,8,quiz,25,23.7,2023-06-19,2023-06-18
ASM006830,STU0385,CRS007,8,assignment,50,20.0,2023-07-05,2023-07-06
ASM006831,STU0385,CRS007,8,exam,100,75.3,2023-06-11,2023-06-08
ASM006832,STU0386,CRS020,1,quiz,25,9.9,2023-09-07,2023-09-04
ASM006833,STU0386,CRS020,1,assignment,50,43.9,2023-09-11,2023-09-12
ASM006834,STU0386,CRS020,2,quiz,25,19.7,2023-10-01,2023-10-03
ASM006835,STU0386,CRS020,2,assignment,50,47.7,2023-09-29,2023-09-27
ASM006836,STU0386,CRS020,3,quiz,25,17.4,2023-10-15,2023-10-14
ASM006837,STU0386,CRS020,3,assignment,50,49.0,2023-10-09,2023-10-09
ASM006838,STU0386,CRS020,3,project,100,94.5,2023-10-12,2023-10-13
ASM006839,STU0386,CRS020,4,quiz,25,14.2,2023-10-29,2023-11-05
ASM006840,STU0386,CRS020,4,assignment,50,41.0,2023-10-29,2023-10-29
ASM006841,STU0386,CRS020,4,exam,100,70.3,2023-10-29,2023-10-31
ASM006842,STU0387,CRS003,1,quiz,25,17.1,2024-02-10,2024-02-10
ASM006843,STU0387,CRS003,1,assignment,50,28.4,2024-02-13,2024-02-11
ASM006844,STU0387,CRS003,2,quiz,25,17.0,2024-02-24,2024-02-26
ASM006845,STU0387,CRS003,2,assignment,50,29.8,2024-03-03,2024-03-06
ASM006846,STU0387,CRS003,3,quiz,25,16.0,2024-03-18,2024-03-18
ASM006847,STU0387,CRS003,3,assignment,50,11.7,2024-03-21,2024-03-19
ASM006848,STU0387,CRS003,3,project,100,53.3,2024-03-15,2024-03-16
ASM006849,STU0387,CRS003,4,quiz,25,17.5,2024-03-23,2024-03-24
ASM006850,STU0387,CRS003,4,assignment,50,49.0,2024-04-04,2024-04-05
ASM006851,STU0387,CRS003,5,quiz,25,16.5,2024-05-06,2024-05-06
ASM006852,STU0387,CRS003,5,assignment,50,41.8,2024-04-16,2024-04-16
ASM006853,STU0387,CRS003,5,exam,100,68.7,2024-04-06,2024-04-06
ASM006854,STU0388,CRS018,1,quiz,25,14.0,2024-08-13,2024-08-14
ASM006855,STU0388,CRS018,1,assignment,50,17.4,2024-08-17,2024-08-17
ASM006856,STU0388,CRS018,2,quiz,25,24.5,2024-09-02,2024-09-04
ASM006857,STU0388,CRS018,2,assignment,50,42.9,2024-09-02,2024-09-04
ASM006858,STU0388,CRS018,3,quiz,25,8.8,2024-09-17,2024-09-15
ASM006859,STU0388,CRS018,3,assignment,50,25.9,2024-09-11,2024-09-08
ASM006860,STU0388,CRS018,3,project,100,83.5,2024-09-17,2024-09-18
ASM006861,STU0388,CRS018,4,quiz,25,12.2,2024-10-04,2024-10-01
ASM006862,STU0388,CRS018,4,assignment,50,25.6,2024-10-04,2024-10-05
ASM006863,STU0388,CRS018,5,quiz,25,21.2,2024-10-26,2024-11-02
ASM006864,STU0388,CRS018,5,assignment,50,39.2,2024-10-11,2024-10-12
ASM006865,STU0388,CRS018,6,quiz,25,12.2,2024-11-01,2024-11-02
ASM006866,STU0388,CRS018,6,assignment,50,26.2,2024-11-25,2024-11-26
ASM006867,STU0388,CRS018,6,project,100,65.4,2024-11-19,2024-11-20
ASM006868,STU0388,CRS018,7,quiz,25,14.1,2024-12-22,2024-12-22
ASM006869,STU0388,CRS018,7,assignment,50,14.5,2024-11-10,2024-11-10
ASM006870,STU0388,CRS018,8,quiz,25,17.5,2024-12-03,2024-12-04
ASM006871,STU0388,CRS018,8,assignment,50,33.5,2024-12-11,2024-12-11
ASM006872,STU0388,CRS018,8,exam,100,87.5,2024-12-27,2024-12-24
ASM006873,STU0389,CRS011,1,quiz,25,16.8,2023-02-23,2023-02-26
ASM006874,STU0389,CRS011,1,assignment,50,27.3,2023-02-23,2023-02-22
ASM006875,STU0389,CRS011,2,quiz,25,11.8,2023-03-07,2023-03-06
ASM006876,STU0389,CRS011,2,assignment,50,36.5,2023-03-03,2023-03-03
ASM006877,STU0389,CRS011,3,quiz,25,7.5,2023-03-26,2023-03-26
ASM006878,STU0389,CRS011,3,assignment,50,45.8,2023-04-01,2023-03-31
ASM006879,STU0389,CRS011,3,project,100,53.3,2023-03-17,2023-03-17
ASM006880,STU0389,CRS011,4,quiz,25,14.6,2023-04-20,2023-04-20
ASM006881,STU0389,CRS011,4,assignment,50,26.9,2023-04-04,2023-04-02
ASM006882,STU0389,CRS011,5,quiz,25,20.5,2023-05-19,2023-05-18
ASM006883,STU0389,CRS011,5,assignment,50,37.0,2023-05-09,2023-05-16
ASM006884,STU0389,CRS011,6,quiz,25,12.5,2023-04-28,2023-04-28
ASM006885,STU0389,CRS011,6,assignment,50,22.4,2023-05-16,2023-05-21
ASM006886,STU0389,CRS011,6,project,100,86.7,2023-04-28,2023-04-28
ASM006887,STU0389,CRS011,7,quiz,25,19.7,2023-05-19,2023-05-24
ASM006888,STU0389,CRS011,7,assignment,50,29.8,2023-06-30,2023-06-28
ASM006889,STU0389,CRS011,8,quiz,25,13.5,2023-07-13,2023-07-13
ASM006890,STU0389,CRS011,8,assignment,50,30.7,2023-06-03,2023-06-10
ASM006891,STU0389,CRS011,9,quiz,25,20.2,2023-06-27,2023-06-27
ASM006892,STU0389,CRS011,9,assignment,50,29.9,2023-08-02,2023-08-02
ASM006893,STU0389,CRS011,9,project,100,40.7,2023-06-18,2023-06-18
ASM006894,STU0389,CRS011,10,quiz,25,18.6,2023-08-02,2023-08-02
ASM006895,STU0389,CRS011,10,assignment,50,23.5,2023-06-23,2023-06-21
ASM006896,STU0389,CRS011,10,exam,100,39.7,2023-06-23,2023-06-24
ASM006897,STU0390,CRS007,1,quiz,25,10.9,2023-09-30,2023-09-29
ASM006898,STU0390,CRS007,1,assignment,50,25.3,2023-10-05,2023-10-05
ASM006899,STU0390,CRS007,2,quiz,25,14.9,2023-10-26,2023-10-26
ASM006900,STU0390,CRS007,2,assignment,50,33.2,2023-10-18,2023-10-19
ASM006901,STU0390,CRS007,3,quiz,25,18.3,2023-11-01,2023-11-01
ASM006902,STU0390,CRS007,3,assignment,50,33.0,2023-11-01,2023-11-01
ASM006903,STU0390,CRS007,3,project,100,30.8,2023-10-26,2023-10-24
ASM006904,STU0390,CRS007,4,quiz,25,15.9,2023-11-09,2023-11-09
ASM006905,STU0390,CRS007,4,assignment,50,41.4,2023-11-17,2023-11-17
ASM006906,STU0390,CRS007,5,quiz,25,15.4,2023-12-18,2023-12-16
ASM006907,STU0390,CRS007,5,assignment,50,38.0,2023-12-03,2023-12-02
ASM006908,STU0390,CRS007,6,quiz,25,12.5,2023-12-25,2023-12-27
ASM006909,STU0390,CRS007,6,assignment,50,33.6,2023-12-07,2023-12-07
ASM006910,STU0390,CRS007,6,project,100,63.0,2024-01-18,2024-01-19
ASM006911,STU0390,CRS007,7,quiz,25,19.3,2023-12-21,2023-12-26
ASM006912,STU0390,CRS007,7,assignment,50,17.9,2024-02-01,2024-02-02
ASM006913,STU0390,CRS007,8,quiz,25,14.5,2024-02-21,2024-02-19
ASM006914,STU0390,CRS007,8,assignment,50,21.3,2024-02-13,2024-02-12
ASM006915,STU0390,CRS007,8,exam,100,59.8,2024-02-05,2024-02-12
ASM006916,STU0391,CRS016,1,quiz,25,12.5,2024-03-28,2024-03-30
ASM006917,STU0391,CRS016,1,assignment,50,49.0,2024-03-31,2024-03-31
ASM006918,STU0391,CRS016,2,quiz,25,12.4,2024-04-20,2024-04-25
ASM006919,STU0391,CRS016,2,assignment,50,30.4,2024-04-24,2024-04-23
ASM006920,STU0391,CRS016,3,quiz,25,10.7,2024-05-15,2024-05-17
ASM006921,STU0391,CRS016,3,assignment,50,32.3,2024-05-09,2024-05-10
ASM006922,STU0391,CRS016,3,project,100,82.4,2024-05-06,2024-05-06
ASM006923,STU0391,CRS016,4,quiz,25,10.9,2024-05-12,2024-05-11
ASM006924,STU0391,CRS016,4,assignment,50,16.6,2024-06-01,2024-06-01
ASM006925,STU0391,CRS016,5,quiz,25,20.0,2024-06-06,2024-06-07
ASM006926,STU0391,CRS016,5,assignment,50,24.8,2024-06-11,2024-06-11
ASM006927,STU0391,CRS016,6,quiz,25,22.1,2024-06-23,2024-06-24
ASM006928,STU0391,CRS016,6,assignment,50,26.7,2024-07-11,2024-07-12
ASM006929,STU0391,CRS016,6,project,100,75.6,2024-07-11,2024-07-13
ASM006930,STU0391,CRS016,6,exam,100,98.0,2024-06-29,2024-06-29
ASM006931,STU0392,CRS020,1,quiz,25,21.5,2024-09-15,2024-09-14
ASM006932,STU0392,CRS020,1,assignment,50,19.9,2024-09-19,2024-09-19
ASM006933,STU0392,CRS020,2,quiz,25,10.1,2024-10-10,2024-10-07
ASM006934,STU0392,CRS020,2,assignment,50,31.9,2024-10-02,2024-10-01
ASM006935,STU0392,CRS020,3,quiz,25,13.8,2024-10-28,2024-10-30
ASM006936,STU0392,CRS020,3,assignment,50,28.5,2024-10-22,2024-10-22
ASM006937,STU0392,CRS020,3,project,100,51.8,2024-10-28,2024-11-04
ASM006938,STU0392,CRS020,4,quiz,25,7.8,2024-10-24,2024-10-24
ASM006939,STU0392,CRS020,4,assignment,50,49.0,2024-11-09,2024-11-09
ASM006940,STU0392,CRS020,4,exam,100,86.2,2024-10-24,2024-10-24
ASM006941,STU0393,CRS008,1,quiz,25,20.5,2023-03-09,2023-03-09
ASM006942,STU0393,CRS008,1,assignment,50,46.9,2023-03-05,2023-03-05
ASM006943,STU0393,CRS008,2,quiz,25,22.3,2023-03-27,2023-03-26
ASM006944,STU0393,CRS008,2,assignment,50,31.4,2023-03-25,2023-03-25
ASM006945,STU0393,CRS008,3,quiz,25,20.7,2023-04-23,2023-04-23
ASM006946,STU0393,CRS008,3,assignment,50,27.2,2023-04-08,2023-04-10
ASM006947,STU0393,CRS008,3,project,100,69.0,2023-04-17,2023-04-16
ASM006948,STU0393,CRS008,4,quiz,25,12.2,2023-04-16,2023-04-15
ASM006949,STU0393,CRS008,4,assignment,50,40.0,2023-04-16,2023-04-14
ASM006950,STU0393,CRS008,5,quiz,25,20.6,2023-05-25,2023-05-23
ASM006951,STU0393,CRS008,5,assignment,50,27.7,2023-04-30,2023-05-01
ASM006952,STU0393,CRS008,6,quiz,25,10.3,2023-06-07,2023-06-14
ASM006953,STU0393,CRS008,6,assignment,50,36.4,2023-05-14,2023-05-15
ASM006954,STU0393,CRS008,6,project,100,63.0,2023-06-01,2023-06-01
ASM006955,STU0393,CRS008,6,exam,100,51.2,2023-05-20,2023-05-18
ASM006956,STU0394,CRS010,1,quiz,25,17.0,2023-08-25,2023-08-27
ASM006957,STU0394,CRS010,1,assignment,50,36.5,2023-08-29,2023-08-30
ASM006958,STU0394,CRS010,2,quiz,25,12.7,2023-09-07,2023-09-09
ASM006959,STU0394,CRS010,2,assignment,50,33.1,2023-09-07,2023-09-05
ASM006960,STU0394,CRS010,3,quiz,25,20.4,2023-09-19,2023-09-18
ASM006961,STU0394,CRS010,3,assignment,50,36.5,2023-09-25,2023-09-25
ASM006962,STU0394,CRS010,3,project,100,83.3,2023-10-01,2023-09-29
ASM006963,STU0394,CRS010,4,quiz,25,14.2,2023-10-27,2023-10-29
ASM006964,STU0394,CRS010,4,assignment,50,36.4,2023-10-23,2023-10-21
ASM006965,STU0394,CRS010,5,quiz,25,10.7,2023-10-17,2023-10-17
ASM006966,STU0394,CRS010,5,assignment,50,32.8,2023-11-11,2023-11-11
ASM006967,STU0394,CRS010,6,quiz,25,15.8,2023-11-30,2023-12-07
ASM006968,STU0394,CRS010,6,assignment,50,47.6,2023-10-31,2023-11-02
ASM006969,STU0394,CRS010,6,project,100,61.7,2023-11-06,2023-11-06
ASM006970,STU0394,CRS010,7,quiz,25,17.9,2023-12-12,2023-12-12
ASM006971,STU0394,CRS010,7,assignment,50,27.0,2023-12-19,2023-12-19
ASM006972,STU0394,CRS010,8,quiz,25,10.0,2023-11-28,2023-12-03
ASM006973,STU0394,CRS010,8,assignment,50,39.3,2024-01-15,2024-01-13
ASM006974,STU0394,CRS010,9,quiz,25,24.3,2024-02-04,2024-02-04
ASM006975,STU0394,CRS010,9,assignment,50,8.9,2024-01-08,2024-01-08
ASM006976,STU0394,CRS010,9,project,100,98.0,2023-12-30,2024-01-01
ASM006977,STU0394,CRS010,10,quiz,25,12.9,2024-02-14,2024-02-16
ASM006978,STU0394,CRS010,10,assignment,50,39.2,2024-01-15,2024-01-17
ASM006979,STU0394,CRS010,10,exam,100,73.7,2024-02-04,2024-02-07
ASM006980,STU0395,CRS012,1,quiz,25,20.4,2024-02-21,2024-02-21
ASM006981,STU0395,CRS012,1,assignment,50,45.0,2024-02-24,2024-02-24
ASM006982,STU0395,CRS012,2,quiz,25,16.8,2024-03-02,2024-03-02
ASM006983,STU0395,CRS012,2,assignment,50,35.8,2024-03-08,2024-03-06
ASM006984,STU0395,CRS012,3,quiz,25,13.3,2024-03-25,2024-03-30
ASM006985,STU0395,CRS012,3,assignment,50,22.8,2024-03-31,2024-04-05
ASM006986,STU0395,CRS012,3,project,100,73.2,2024-03-16,2024-03-16
ASM006987,STU0395,CRS012,4,quiz,25,14.7,2024-03-30,2024-03-31
ASM006988,STU0395,CRS012,4,assignment,50,16.1,2024-04-07,2024-04-12
ASM006989,STU0395,CRS012,5,quiz,25,14.9,2024-04-23,2024-04-28
ASM006990,STU0395,CRS012,5,assignment,50,23.5,2024-04-28,2024-04-29
ASM006991,STU0395,CRS012,6,quiz,25,19.2,2024-05-03,2024-05-08
ASM006992,STU0395,CRS012,6,assignment,50,30.6,2024-05-15,2024-05-17
ASM006993,STU0395,CRS012,6,project,100,41.5,2024-04-27,2024-04-27
ASM006994,STU0395,CRS012,7,quiz,25,24.5,2024-06-08,2024-06-09
ASM006995,STU0395,CRS012,7,assignment,50,27.3,2024-05-11,2024-05-09
ASM006996,STU0395,CRS012,8,quiz,25,14.1,2024-06-26,2024-06-26
ASM006997,STU0395,CRS012,8,assignment,50,34.0,2024-06-10,2024-06-10
ASM006998,STU0395,CRS012,8,exam,100,52.1,2024-06-18,2024-06-17
ASM006999,STU0396,CRS017,1,quiz,25,13.2,2024-09-30,2024-09-30
ASM007000,STU0396,CRS017,1,assignment,50,38.9,2024-09-25,2024-09-26
ASM007001,STU0396,CRS017,2,quiz,25,13.3,2024-10-09,2024-10-07
ASM007002,STU0396,CRS017,2,assignment,50,43.0,2024-10-15,2024-10-16
ASM007003,STU0396,CRS017,3,quiz,25,9.3,2024-10-30,2024-11-02
ASM007004,STU0396,CRS017,3,assignment,50,30.6,2024-11-02,2024-11-01
ASM007005,STU0396,CRS017,3,project,100,75.6,2024-11-05,2024-11-04
ASM007006,STU0396,CRS017,4,quiz,25,7.2,2024-11-12,2024-11-13
ASM007007,STU0396,CRS017,4,assignment,50,30.6,2024-12-02,2024-12-02
ASM007008,STU0396,CRS017,5,quiz,25,14.3,2024-11-18,2024-11-18
ASM007009,STU0396,CRS017,5,assignment,50,43.8,2024-11-23,2024-11-28
ASM007010,STU0396,CRS017,6,quiz,25,13.9,2025-01-07,2025-01-12
ASM007011,STU0396,CRS017,6,assignment,50,37.8,2025-01-01,2025-01-03
ASM007012,STU0396,CRS017,6,project,100,58.3,2024-12-14,2024-12-14
ASM007013,STU0396,CRS017,6,exam,100,42.6,2025-01-07,2025-01-05
ASM007014,STU0397,CRS004,1,quiz,25,11.4,2023-03-28,2023-03-27
ASM007015,STU0397,CRS004,1,assignment,50,26.9,2023-03-23,2023-03-22
ASM007016,STU0397,CRS004,2,quiz,25,14.4,2023-04-06,2023-04-08
ASM007017,STU0397,CRS004,2,assignment,50,17.4,2023-04-18,2023-04-17
ASM007018,STU0397,CRS004,3,quiz,25,18.2,2023-04-21,2023-04-23
ASM007019,STU0397,CRS004,3,assignment,50,22.7,2023-05-03,2023-05-01
ASM007020,STU0397,CRS004,3,project,100,63.3,2023-04-18,2023-04-18
ASM007021,STU0397,CRS004,4,quiz,25,11.1,2023-05-18,2023-05-18
ASM007022,STU0397,CRS004,4,assignment,50,25.5,2023-05-06,2023-05-06
ASM007023,STU0397,CRS004,5,quiz,25,16.0,2023-05-31,2023-05-29
ASM007024,STU0397,CRS004,5,assignment,50,35.4,2023-05-26,2023-05-23
ASM007025,STU0397,CRS004,6,quiz,25,10.5,2023-07-05,2023-07-06
ASM007026,STU0397,CRS004,6,assignment,50,31.0,2023-05-30,2023-06-02
ASM007027,STU0397,CRS004,6,project,100,73.0,2023-06-23,2023-06-24
ASM007028,STU0397,CRS004,6,exam,100,57.5,2023-06-29,2023-06-29
ASM007029,STU0398,CRS011,1,quiz,25,22.5,2023-10-02,2023-10-04
ASM007030,STU0398,CRS011,1,assignment,50,36.3,2023-09-25,2023-09-24
ASM007031,STU0398,CRS011,2,quiz,25,14.3,2023-10-15,2023-10-14
ASM007032,STU0398,CRS011,2,assignment,50,23.3,2023-10-19,2023-10-18
ASM007033,STU0398,CRS011,3,quiz,25,15.7,2023-10-26,2023-10-26
ASM007034,STU0398,CRS011,3,assignment,50,25.9,2023-11-10,2023-11-10
ASM007035,STU0398,CRS011,3,project,100,90.9,2023-10-26,2023-10-23
ASM007036,STU0398,CRS011,4,quiz,25,10.8,2023-11-14,2023-11-14
ASM007037,STU0398,CRS011,4,assignment,50,32.5,2023-11-10,2023-11-07
ASM007038,STU0398,CRS011,5,quiz,25,14.2,2023-12-05,2023-12-04
ASM007039,STU0398,CRS011,5,assignment,50,30.6,2023-11-20,2023-11-18
ASM007040,STU0398,CRS011,6,quiz,25,18.6,2023-12-10,2023-12-09
ASM007041,STU0398,CRS011,6,assignment,50,32.7,2023-12-16,2023-12-16
ASM007042,STU0398,CRS011,6,project,100,69.5,2023-12-22,2023-12-23
ASM007043,STU0398,CRS011,7,quiz,25,13.7,2023-12-25,2023-12-28
ASM007044,STU0398,CRS011,7,assignment,50,22.8,2024-01-29,2024-01-28
ASM007045,STU0398,CRS011,8,quiz,25,10.1,2024-01-01,2023-12-31
ASM007046,STU0398,CRS011,8,assignment,50,27.2,2024-01-09,2024-01-10
ASM007047,STU0398,CRS011,9,quiz,25,15.8,2024-03-18,2024-03-25
ASM007048,STU0398,CRS011,9,assignment,50,20.3,2024-03-18,2024-03-19
ASM007049,STU0398,CRS011,9,project,100,54.7,2024-02-20,2024-02-21
ASM007050,STU0398,CRS011,10,quiz,25,17.5,2024-01-29,2024-01-26
ASM007051,STU0398,CRS011,10,assignment,50,31.2,2024-02-18,2024-02-16
ASM007052,STU0398,CRS011,10,exam,100,57.2,2024-01-29,2024-02-05
ASM007053,STU0399,CRS011,1,quiz,25,13.0,2024-02-24,2024-02-24
ASM007054,STU0399,CRS011,1,assignment,50,35.4,2024-02-29,2024-03-03
ASM007055,STU0399,CRS011,2,quiz,25,12.2,2024-03-09,2024-03-11
ASM007056,STU0399,CRS011,2,assignment,50,17.4,2024-03-19,2024-03-17
ASM007057,STU0399,CRS011,3,quiz,25,14.4,2024-04-01,2024-04-01
ASM007058,STU0399,CRS011,3,assignment,50,31.8,2024-03-26,2024-03-29
ASM007059,STU0399,CRS011,3,project,100,69.6,2024-03-26,2024-03-27
ASM007060,STU0399,CRS011,4,quiz,25,12.6,2024-04-22,2024-04-27
ASM007061,STU0399,CRS011,4,assignment,50,38.2,2024-04-30,2024-05-01
ASM007062,STU0399,CRS011,5,quiz,25,19.8,2024-05-15,2024-05-15
ASM007063,STU0399,CRS011,5,assignment,50,22.4,2024-04-25,2024-04-26
ASM007064,STU0399,CRS011,6,quiz,25,17.8,2024-05-22,2024-05-22
ASM007065,STU0399,CRS011,6,assignment,50,27.7,2024-05-10,2024-05-11
ASM007066,STU0399,CRS011,6,project,100,46.1,2024-05-16,2024-05-18
ASM007067,STU0399,CRS011,7,quiz,25,14.3,2024-06-08,2024-06-08
ASM007068,STU0399,CRS011,7,assignment,50,35.3,2024-06-29,2024-07-01
ASM007069,STU0399,CRS011,8,quiz,25,13.3,2024-07-19,2024-07-24
ASM007070,STU0399,CRS011,8,assignment,50,34.8,2024-06-01,2024-06-01
ASM007071,STU0399,CRS011,9,quiz,25,20.8,2024-08-17,2024-08-16
ASM007072,STU0399,CRS011,9,assignment,50,39.0,2024-08-17,2024-08-18
ASM007073,STU0399,CRS011,9,project,100,82.5,2024-06-15,2024-06-14
ASM007074,STU0399,CRS011,10,quiz,25,21.5,2024-08-08,2024-08-09
ASM007075,STU0399,CRS011,10,assignment,50,36.9,2024-07-09,2024-07-09
ASM007076,STU0399,CRS011,10,exam,100,28.5,2024-07-19,2024-07-19
ASM007077,STU0400,CRS008,1,quiz,25,24.5,2024-09-17,2024-09-18
ASM007078,STU0400,CRS008,1,assignment,50,32.6,2024-09-15,2024-09-13
ASM007079,STU0400,CRS008,2,quiz,25,19.4,2024-10-12,2024-10-12
ASM007080,STU0400,CRS008,2,assignment,50,36.8,2024-09-30,2024-09-30
ASM007081,STU0400,CRS008,3,quiz,25,19.7,2024-10-24,2024-10-24
ASM007082,STU0400,CRS008,3,assignment,50,38.4,2024-10-30,2024-10-29
ASM007083,STU0400,CRS008,3,project,100,78.5,2024-10-30,2024-10-29
ASM007084,STU0400,CRS008,4,quiz,25,16.8,2024-11-15,2024-11-15
ASM007085,STU0400,CRS008,4,assignment,50,49.0,2024-11-19,2024-11-19
ASM007086,STU0400,CRS008,5,quiz,25,10.3,2024-11-24,2024-11-24
ASM007087,STU0400,CRS008,5,assignment,50,31.4,2024-11-24,2024-11-21
ASM007088,STU0400,CRS008,5,exam,100,77.5,2024-11-24,2024-11-24
ASM007089,STU0401,CRS009,1,quiz,25,19.9,2023-03-08,2023-03-09
ASM007090,STU0401,CRS009,1,assignment,50,36.4,2023-03-07,2023-03-08
ASM007091,STU0401,CRS009,2,quiz,25,13.3,2023-03-23,2023-03-25
ASM007092,STU0401,CRS009,2,assignment,50,11.4,2023-03-21,2023-03-22
ASM007093,STU0401,CRS009,3,quiz,25,20.0,2023-04-08,2023-04-08
ASM007094,STU0401,CRS009,3,assignment,50,35.4,2023-04-11,2023-04-10
ASM007095,STU0401,CRS009,3,project,100,93.2,2023-04-02,2023-04-07
ASM007096,STU0401,CRS009,4,quiz,25,18.5,2023-04-24,2023-04-24
ASM007097,STU0401,CRS009,4,assignment,50,37.7,2023-04-20,2023-04-20
ASM007098,STU0401,CRS009,5,quiz,25,21.0,2023-05-20,2023-05-20
ASM007099,STU0401,CRS009,5,assignment,50,23.0,2023-05-15,2023-05-12
ASM007100,STU0401,CRS009,6,quiz,25,15.1,2023-06-19,2023-06-20
ASM007101,STU0401,CRS009,6,assignment,50,20.8,2023-06-25,2023-06-25
ASM007102,STU0401,CRS009,6,project,100,72.9,2023-06-07,2023-06-09
ASM007103,STU0401,CRS009,7,quiz,25,12.0,2023-07-16,2023-07-19
ASM007104,STU0401,CRS009,7,assignment,50,27.7,2023-05-28,2023-05-28
ASM007105,STU0401,CRS009,8,quiz,25,18.8,2023-06-27,2023-06-25
ASM007106,STU0401,CRS009,8,assignment,50,37.6,2023-07-29,2023-07-31
ASM007107,STU0401,CRS009,9,quiz,25,15.8,2023-08-18,2023-08-18
ASM007108,STU0401,CRS009,9,assignment,50,21.1,2023-07-04,2023-07-11
ASM007109,STU0401,CRS009,9,project,100,39.6,2023-06-25,2023-06-25
ASM007110,STU0401,CRS009,10,quiz,25,16.5,2023-08-28,2023-08-28
ASM007111,STU0401,CRS009,10,assignment,50,18.3,2023-08-08,2023-08-06
ASM007112,STU0401,CRS009,11,quiz,25,20.9,2023-08-14,2023-08-14
ASM007113,STU0401,CRS009,11,assignment,50,27.2,2023-09-16,2023-09-18
ASM007114,STU0401,CRS009,12,quiz,25,17.1,2023-10-17,2023-10-15
ASM007115,STU0401,CRS009,12,assignment,50,36.5,2023-09-23,2023-09-24
ASM007116,STU0401,CRS009,12,project,100,98.0,2023-08-18,2023-08-16
ASM007117,STU0401,CRS009,12,exam,100,56.1,2023-09-11,2023-09-11
ASM007118,STU0402,CRS014,1,quiz,25,10.7,2023-08-16,2023-08-16
ASM007119,STU0402,CRS014,1,assignment,50,37.1,2023-08-18,2023-08-19
ASM007120,STU0402,CRS014,2,quiz,25,18.3,2023-08-30,2023-08-30
ASM007121,STU0402,CRS014,2,assignment,50,23.2,2023-09-11,2023-09-18
ASM007122,STU0402,CRS014,3,quiz,25,22.8,2023-09-19,2023-09-17
ASM007123,STU0402,CRS014,3,assignment,50,29.1,2023-09-22,2023-09-24
ASM007124,STU0402,CRS014,3,project,100,47.4,2023-09-16,2023-09-18
ASM007125,STU0402,CRS014,4,quiz,25,12.1,2023-10-09,2023-10-07
ASM007126,STU0402,CRS014,4,assignment,50,25.3,2023-10-13,2023-10-13
ASM007127,STU0402,CRS014,5,quiz,25,15.0,2023-10-11,2023-10-11
ASM007128,STU0402,CRS014,5,assignment,50,30.7,2023-11-15,2023-11-16
ASM007129,STU0402,CRS014,6,quiz,25,10.9,2023-11-24,2023-11-25
ASM007130,STU0402,CRS014,6,assignment,50,43.8,2023-11-12,2023-11-12
ASM007131,STU0402,CRS014,6,project,100,70.6,2023-11-30,2023-12-05
ASM007132,STU0402,CRS014,6,exam,100,53.1,2023-10-31,2023-10-30
ASM007133,STU0403,CRS011,1,quiz,25,17.5,2024-02-16,2024-02-23
ASM007134,STU0403,CRS011,1,assignment,50,45.0,2024-02-14,2024-02-19
ASM007135,STU0403,CRS011,2,quiz,25,16.9,2024-03-07,2024-03-05
ASM007136,STU0403,CRS011,2,assignment,50,29.3,2024-03-01,2024-03-01
ASM007137,STU0403,CRS011,3,quiz,25,21.6,2024-03-14,2024-03-15
ASM007138,STU0403,CRS011,3,assignment,50,16.3,2024-03-23,2024-03-25
ASM007139,STU0403,CRS011,3,project,100,72.0,2024-03-29,2024-04-01
ASM007140,STU0403,CRS011,4,quiz,25,15.0,2024-04-02,2024-04-03
ASM007141,STU0403,CRS011,4,assignment,50,40.6,2024-04-18,2024-04-20
ASM007142,STU0403,CRS011,5,quiz,25,20.1,2024-04-23,2024-04-23
ASM007143,STU0403,CRS011,5,assignment,50,37.5,2024-04-28,2024-04-28
ASM007144,STU0403,CRS011,6,quiz,25,18.0,2024-05-16,2024-05-16
ASM007145,STU0403,CRS011,6,assignment,50,33.1,2024-04-28,2024-04-28
ASM007146,STU0403,CRS011,6,project,100,70.8,2024-05-10,2024-05-07
ASM007147,STU0403,CRS011,7,quiz,25,9.0,2024-06-24,2024-06-24
ASM007148,STU0403,CRS011,7,assignment,50,30.5,2024-05-06,2024-05-07
ASM007149,STU0403,CRS011,8,quiz,25,13.1,2024-07-07,2024-07-08
ASM007150,STU0403,CRS011,8,assignment,50,49.0,2024-07-15,2024-07-13
ASM007151,STU0403,CRS011,9,quiz,25,24.5,2024-07-09,2024-07-14
ASM007152,STU0403,CRS011,9,assignment,50,37.7,2024-06-21,2024-06-22
ASM007153,STU0403,CRS011,9,project,100,66.9,2024-08-05,2024-08-05
ASM007154,STU0403,CRS011,10,quiz,25,13.4,2024-06-27,2024-06-27
ASM007155,STU0403,CRS011,10,assignment,50,38.8,2024-06-27,2024-06-25
ASM007156,STU0403,CRS011,10,exam,100,98.0,2024-08-26,2024-08-25
ASM007157,STU0404,CRS008,1,quiz,25,13.8,2024-09-04,2024-09-04
ASM007158,STU0404,CRS008,1,assignment,50,33.2,2024-09-05,2024-09-06
ASM007159,STU0404,CRS008,2,quiz,25,15.5,2024-09-20,2024-09-27
ASM007160,STU0404,CRS008,2,assignment,50,27.0,2024-09-16,2024-09-17
ASM007161,STU0404,CRS008,3,quiz,25,18.1,2024-10-02,2024-10-03
ASM007162,STU0404,CRS008,3,assignment,50,31.1,2024-10-05,2024-10-07
ASM007163,STU0404,CRS008,3,project,100,74.8,2024-09-26,2024-09-26
ASM007164,STU0404,CRS008,4,quiz,25,14.7,2024-10-22,2024-10-22
ASM007165,STU0404,CRS008,4,assignment,50,41.9,2024-10-26,2024-10-31
ASM007166,STU0404,CRS008,5,quiz,25,19.4,2024-11-13,2024-11-12
ASM007167,STU0404,CRS008,5,assignment,50,49.0,2024-11-03,2024-11-02
ASM007168,STU0404,CRS008,6,quiz,25,14.7,2024-12-01,2024-11-30
ASM007169,STU0404,CRS008,6,assignment,50,29.5,2024-11-07,2024-11-06
ASM007170,STU0404,CRS008,6,project,100,97.2,2024-12-07,2024-12-04
ASM007171,STU0404,CRS008,6,exam,100,42.4,2024-12-01,2024-12-01
ASM007172,STU0405,CRS011,1,quiz,25,23.9,2023-02-15,2023-02-13
ASM007173,STU0405,CRS011,1,assignment,50,41.8,2023-02-20,2023-02-21
ASM007174,STU0405,CRS011,2,quiz,25,15.7,2023-03-08,2023-03-05
ASM007175,STU0405,CRS011,2,assignment,50,26.6,2023-03-08,2023-03-06
ASM007176,STU0405,CRS011,3,quiz,25,16.3,2023-03-17,2023-03-20
ASM007177,STU0405,CRS011,3,assignment,50,27.7,2023-04-04,2023-04-01
ASM007178,STU0405,CRS011,3,project,100,88.7,2023-03-26,2023-03-28
ASM007179,STU0405,CRS011,4,quiz,25,12.4,2023-04-01,2023-04-02
ASM007180,STU0405,CRS011,4,assignment,50,25.0,2023-04-05,2023-04-05
ASM007181,STU0405,CRS011,5,quiz,25,17.0,2023-04-16,2023-04-17
ASM007182,STU0405,CRS011,5,assignment,50,29.4,2023-04-26,2023-04-26
ASM007183,STU0405,CRS011,6,quiz,25,18.7,2023-05-25,2023-05-26
ASM007184,STU0405,CRS011,6,assignment,50,43.2,2023-05-07,2023-05-04
ASM007185,STU0405,CRS011,6,project,100,52.0,2023-05-07,2023-05-06
ASM007186,STU0405,CRS011,7,quiz,25,19.2,2023-06-20,2023-06-20
ASM007187,STU0405,CRS011,7,assignment,50,33.6,2023-05-23,2023-05-23
ASM007188,STU0405,CRS011,8,quiz,25,21.8,2023-05-31,2023-05-31
ASM007189,STU0405,CRS011,8,assignment,50,24.6,2023-05-31,2023-06-02
ASM007190,STU0405,CRS011,9,quiz,25,12.3,2023-07-03,2023-07-04
ASM007191,STU0405,CRS011,9,assignment,50,36.7,2023-06-06,2023-06-08
ASM007192,STU0405,CRS011,9,project,100,34.7,2023-07-12,2023-07-10
ASM007193,STU0405,CRS011,10,quiz,25,11.4,2023-07-10,2023-07-09
ASM007194,STU0405,CRS011,10,assignment,50,41.8,2023-07-20,2023-07-19
ASM007195,STU0405,CRS011,10,exam,100,58.3,2023-07-20,2023-07-19
ASM007196,STU0406,CRS016,1,quiz,25,21.4,2023-08-30,2023-09-06
ASM007197,STU0406,CRS016,1,assignment,50,17.8,2023-08-31,2023-08-30
ASM007198,STU0406,CRS016,2,quiz,25,24.0,2023-09-22,2023-09-22
ASM007199,STU0406,CRS016,2,assignment,50,16.9,2023-09-18,2023-09-19
ASM007200,STU0406,CRS016,3,quiz,25,15.9,2023-10-09,2023-10-11
ASM007201,STU0406,CRS016,3,assignment,50,31.7,2023-09-30,2023-09-29
ASM007202,STU0406,CRS016,3,project,100,53.9,2023-09-30,2023-09-30
ASM007203,STU0406,CRS016,4,quiz,25,15.8,2023-10-28,2023-10-25
ASM007204,STU0406,CRS016,4,assignment,50,40.6,2023-10-08,2023-10-08
ASM007205,STU0406,CRS016,5,quiz,25,16.6,2023-11-16,2023-11-15
ASM007206,STU0406,CRS016,5,assignment,50,21.0,2023-11-16,2023-11-17
ASM007207,STU0406,CRS016,6,quiz,25,18.5,2023-12-17,2023-12-19
ASM007208,STU0406,CRS016,6,assignment,50,27.4,2023-12-11,2023-12-13
ASM007209,STU0406,CRS016,6,project,100,71.1,2023-12-11,2023-12-10
ASM007210,STU0406,CRS016,6,exam,100,88.6,2023-12-17,2023-12-17
ASM007211,STU0407,CRS012,1,quiz,25,20.3,2024-02-08,2024-02-07
ASM007212,STU0407,CRS012,1,assignment,50,40.5,2024-02-11,2024-02-08
ASM007213,STU0407,CRS012,2,quiz,25,5.8,2024-03-03,2024-03-02
ASM007214,STU0407,CRS012,2,assignment,50,25.6,2024-02-28,2024-03-04
ASM007215,STU0407,CRS012,3,quiz,25,12.7,2024-03-19,2024-03-20
ASM007216,STU0407,CRS012,3,assignment,50,26.7,2024-03-25,2024-03-25
ASM007217,STU0407,CRS012,3,project,100,44.0,2024-03-25,2024-03-25
ASM007218,STU0407,CRS012,4,quiz,25,13.0,2024-04-06,2024-04-06
ASM007219,STU0407,CRS012,4,assignment,50,15.5,2024-04-14,2024-04-15
ASM007220,STU0407,CRS012,5,quiz,25,18.6,2024-04-04,2024-04-07
ASM007221,STU0407,CRS012,5,assignment,50,38.5,2024-05-04,2024-05-04
ASM007222,STU0407,CRS012,6,quiz,25,18.0,2024-05-30,2024-06-04
ASM007223,STU0407,CRS012,6,assignment,50,33.4,2024-04-24,2024-04-21
ASM007224,STU0407,CRS012,6,project,100,32.8,2024-05-12,2024-05-14
ASM007225,STU0407,CRS012,7,quiz,25,9.7,2024-06-20,2024-06-18
ASM007226,STU0407,CRS012,7,assignment,50,43.1,2024-06-13,2024-06-13
ASM007227,STU0407,CRS012,8,quiz,25,13.3,2024-06-25,2024-06-22
ASM007228,STU0407,CRS012,8,assignment,50,42.1,2024-07-03,2024-07-08
ASM007229,STU0407,CRS012,8,exam,100,57.7,2024-05-24,2024-05-24
ASM007230,STU0408,CRS018,1,quiz,25,13.3,2024-08-31,2024-08-30
ASM007231,STU0408,CRS018,1,assignment,50,19.8,2024-09-01,2024-09-08
ASM007232,STU0408,CRS018,2,quiz,25,23.2,2024-09-24,2024-09-24
ASM007233,STU0408,CRS018,2,assignment,50,49.0,2024-09-22,2024-09-19
ASM007234,STU0408,CRS018,3,quiz,25,14.7,2024-10-11,2024-10-13
ASM007235,STU0408,CRS018,3,assignment,50,34.3,2024-09-26,2024-09-27
ASM007236,STU0408,CRS018,3,project,100,46.9,2024-10-05,2024-10-05
ASM007237,STU0408,CRS018,4,quiz,25,19.6,2024-10-26,2024-10-23
ASM007238,STU0408,CRS018,4,assignment,50,19.2,2024-10-26,2024-10-31
ASM007239,STU0408,CRS018,5,quiz,25,19.0,2024-11-23,2024-11-21
ASM007240,STU0408,CRS018,5,assignment,50,22.8,2024-11-03,2024-11-06
ASM007241,STU0408,CRS018,6,quiz,25,24.5,2024-12-19,2024-12-17
ASM007242,STU0408,CRS018,6,assignment,50,28.1,2024-12-07,2024-12-05
ASM007243,STU0408,CRS018,6,project,100,98.0,2024-11-25,2024-11-25
ASM007244,STU0408,CRS018,6,exam,100,16.6,2024-12-13,2024-12-14
ASM007245,STU0409,CRS018,1,quiz,25,11.8,2023-03-17,2023-03-20
ASM007246,STU0409,CRS018,1,assignment,50,49.0,2023-03-12,2023-03-13
ASM007247,STU0409,CRS018,2,quiz,25,15.5,2023-03-31,2023-03-31
ASM007248,STU0409,CRS018,2,assignment,50,39.1,2023-04-06,2023-04-09
ASM007249,STU0409,CRS018,3,quiz,25,18.0,2023-04-08,2023-04-09
ASM007250,STU0409,CRS018,3,assignment,50,42.7,2023-04-17,2023-04-14
ASM007251,STU0409,CRS018,3,project,100,91.9,2023-04-11,2023-04-08
ASM007252,STU0409,CRS018,4,quiz,25,19.9,2023-05-20,2023-05-20
ASM007253,STU0409,CRS018,4,assignment,50,46.6,2023-05-16,2023-05-17
ASM007254,STU0409,CRS018,5,quiz,25,20.4,2023-05-21,2023-05-18
ASM007255,STU0409,CRS018,5,assignment,50,23.9,2023-05-26,2023-05-27
ASM007256,STU0409,CRS018,6,quiz,25,16.1,2023-07-01,2023-07-01
ASM007257,STU0409,CRS018,6,assignment,50,38.5,2023-06-25,2023-06-27
ASM007258,STU0409,CRS018,6,project,100,68.8,2023-06-19,2023-06-19
ASM007259,STU0409,CRS018,7,quiz,25,16.2,2023-06-03,2023-06-08
ASM007260,STU0409,CRS018,7,assignment,50,26.2,2023-07-01,2023-07-02
ASM007261,STU0409,CRS018,8,quiz,25,16.0,2023-07-11,2023-07-12
ASM007262,STU0409,CRS018,8,assignment,50,43.2,2023-08-04,2023-08-05
ASM007263,STU0409,CRS018,8,exam,100,38.8,2023-07-11,2023-07-10
ASM007264,STU0410,CRS002,1,quiz,25,14.7,2023-09-22,2023-09-21
ASM007265,STU0410,CRS002,1,assignment,50,23.5,2023-09-25,2023-09-25
ASM007266,STU0410,CRS002,2,quiz,25,18.7,2023-10-04,2023-10-04
ASM007267,STU0410,CRS002,2,assignment,50,38.2,2023-10-10,2023-10-12
ASM007268,STU0410,CRS002,3,quiz,25,13.7,2023-11-02,2023-11-02
ASM007269,STU0410,CRS002,3,assignment,50,28.3,2023-11-05,2023-11-04
ASM007270,STU0410,CRS002,3,project,100,70.0,2023-10-27,2023-11-01
ASM007271,STU0410,CRS002,4,quiz,25,14.5,2023-11-29,2023-11-29
ASM007272,STU0410,CRS002,4,assignment,50,22.4,2023-11-29,2023-12-01
ASM007273,STU0410,CRS002,5,quiz,25,24.5,2023-12-05,2023-12-07
ASM007274,STU0410,CRS002,5,assignment,50,28.7,2023-12-05,2023-12-06
ASM007275,STU0410,CRS002,6,quiz,25,20.0,2023-12-17,2023-12-22
ASM007276,STU0410,CRS002,6,assignment,50,20.5,2023-12-11,2023-12-11
ASM007277,STU0410,CRS002,6,project,100,51.7,2023-12-17,2023-12-17
ASM007278,STU0410,CRS002,6,exam,100,68.5,2023-11-29,2023-12-06
ASM007279,STU0411,CRS002,1,quiz,25,10.6,2024-03-20,2024-03-20
ASM007280,STU0411,CRS002,1,assignment,50,35.0,2024-03-21,2024-03-18
ASM007281,STU0411,CRS002,2,quiz,25,19.4,2024-04-04,2024-04-01
ASM007282,STU0411,CRS002,2,assignment,50,25.5,2024-04-10,2024-04-08
ASM007283,STU0411,CRS002,3,quiz,25,15.7,2024-05-05,2024-05-05
ASM007284,STU0411,CRS002,3,assignment,50,35.9,2024-05-05,2024-05-07
ASM007285,STU0411,CRS002,3,project,100,38.0,2024-04-23,2024-04-21
ASM007286,STU0411,CRS002,4,quiz,25,12.1,2024-04-28,2024-04-28
ASM007287,STU0411,CRS002,4,assignment,50,35.0,2024-05-14,2024-05-15
ASM007288,STU0411,CRS002,5,quiz,25,12.1,2024-06-06,2024-06-07
ASM007289,STU0411,CRS002,5,assignment,50,30.7,2024-05-22,2024-05-21
ASM007290,STU0411,CRS002,6,quiz,25,19.7,2024-06-13,2024-06-13
ASM007291,STU0411,CRS002,6,assignment,50,26.5,2024-06-25,2024-06-26
ASM007292,STU0411,CRS002,6,project,100,71.3,2024-06-07,2024-06-12
ASM007293,STU0411,CRS002,6,exam,100,60.9,2024-06-07,2024-06-12
ASM007294,STU0412,CRS005,1,quiz,25,16.7,2024-09-20,2024-09-23
ASM007295,STU0412,CRS005,1,assignment,50,49.0,2024-09-20,2024-09-19
ASM007296,STU0412,CRS005,2,quiz,25,19.4,2024-10-06,2024-10-04
ASM007297,STU0412,CRS005,2,assignment,50,19.5,2024-10-10,2024-10-12
ASM007298,STU0412,CRS005,3,quiz,25,12.4,2024-11-02,2024-11-04
ASM007299,STU0412,CRS005,3,assignment,50,28.0,2024-10-21,2024-10-19
ASM007300,STU0412,CRS005,3,project,100,42.4,2024-11-05,2024-11-07
ASM007301,STU0412,CRS005,4,quiz,25,23.8,2024-11-05,2024-11-03
ASM007302,STU0412,CRS005,4,assignment,50,43.7,2024-11-13,2024-11-14
ASM007303,STU0412,CRS005,5,quiz,25,15.5,2024-12-20,2024-12-22
ASM007304,STU0412,CRS005,5,assignment,50,41.9,2024-12-05,2024-12-06
ASM007305,STU0412,CRS005,6,quiz,25,21.0,2025-01-10,2025-01-10
ASM007306,STU0412,CRS005,6,assignment,50,27.5,2025-01-04,2025-01-04
ASM007307,STU0412,CRS005,6,project,100,41.9,2024-11-29,2024-11-28
ASM007308,STU0412,CRS005,7,quiz,25,17.7,2025-01-04,2025-01-05
ASM007309,STU0412,CRS005,7,assignment,50,32.1,2025-01-06,2025-01-09
ASM007310,STU0412,CRS005,7,exam,100,61.9,2025-01-03,2025-01-01
ASM007311,STU0413,CRS003,1,quiz,25,12.7,2023-03-21,2023-03-21
ASM007312,STU0413,CRS003,1,assignment,50,27.4,2023-03-16,2023-03-15
ASM007313,STU0413,CRS003,2,quiz,25,16.1,2023-04-02,2023-04-03
ASM007314,STU0413,CRS003,2,assignment,50,31.8,2023-04-02,2023-04-02
ASM007315,STU0413,CRS003,3,quiz,25,23.7,2023-04-18,2023-04-18
ASM007316,STU0413,CRS003,3,assignment,50,22.9,2023-04-27,2023-04-26
ASM007317,STU0413,CRS003,3,project,100,51.5,2023-05-03,2023-05-04
ASM007318,STU0413,CRS003,4,quiz,25,13.0,2023-05-04,2023-05-02
ASM007319,STU0413,CRS003,4,assignment,50,33.3,2023-04-26,2023-04-26
ASM007320,STU0413,CRS003,5,quiz,25,18.1,2023-06-09,2023-06-09
ASM007321,STU0413,CRS003,5,assignment,50,26.1,2023-05-30,2023-05-30
ASM007322,STU0413,CRS003,5,exam,100,69.1,2023-05-15,2023-05-14
ASM007323,STU0414,CRS007,1,quiz,25,7.6,2023-09-04,2023-09-03
ASM007324,STU0414,CRS007,1,assignment,50,37.5,2023-09-01,2023-08-29
ASM007325,STU0414,CRS007,2,quiz,25,16.1,2023-09-23,2023-09-24
ASM007326,STU0414,CRS007,2,assignment,50,34.1,2023-09-17,2023-09-22
ASM007327,STU0414,CRS007,3,quiz,25,13.1,2023-10-06,2023-10-08
ASM007328,STU0414,CRS007,3,assignment,50,33.3,2023-10-12,2023-10-19
ASM007329,STU0414,CRS007,3,project,100,97.1,2023-10-15,2023-10-15
ASM007330,STU0414,CRS007,4,quiz,25,12.2,2023-11-08,2023-11-08
ASM007331,STU0414,CRS007,4,assignment,50,35.0,2023-10-23,2023-10-21
ASM007332,STU0414,CRS007,5,quiz,25,20.4,2023-11-09,2023-11-06
ASM007333,STU0414,CRS007,5,assignment,50,39.0,2023-11-19,2023-11-19
ASM007334,STU0414,CRS007,6,quiz,25,24.5,2023-12-14,2023-12-16
ASM007335,STU0414,CRS007,6,assignment,50,49.0,2023-11-14,2023-11-14
ASM007336,STU0414,CRS007,6,project,100,52.2,2023-12-08,2023-12-09
ASM007337,STU0414,CRS007,7,quiz,25,12.9,2023-11-29,2023-11-29
ASM007338,STU0414,CRS007,7,assignment,50,27.5,2023-11-22,2023-11-24
ASM007339,STU0414,CRS007,8,quiz,25,10.9,2024-01-07,2024-01-08
ASM007340,STU0414,CRS007,8,assignment,50,10.7,2023-12-22,2023-12-29
ASM007341,STU0414,CRS007,8,exam,100,77.2,2024-01-23,2024-01-23
ASM007342,STU0415,CRS002,1,quiz,25,8.2,2024-03-09,2024-03-09
ASM007343,STU0415,CRS002,1,assignment,50,37.4,2024-03-13,2024-03-15
ASM007344,STU0415,CRS002,2,quiz,25,21.3,2024-03-24,2024-03-24
ASM007345,STU0415,CRS002,2,assignment,50,36.3,2024-03-30,2024-03-30
ASM007346,STU0415,CRS002,3,quiz,25,15.7,2024-04-05,2024-04-06
ASM007347,STU0415,CRS002,3,assignment,50,38.9,2024-04-14,2024-04-21
ASM007348,STU0415,CRS002,3,project,100,70.5,2024-04-23,2024-04-22
ASM007349,STU0415,CRS002,4,quiz,25,19.0,2024-04-27,2024-04-28
ASM007350,STU0415,CRS002,4,assignment,50,31.9,2024-04-27,2024-04-25
ASM007351,STU0415,CRS002,5,quiz,25,16.1,2024-05-28,2024-05-28
ASM007352,STU0415,CRS002,5,assignment,50,25.8,2024-05-03,2024-05-05
ASM007353,STU0415,CRS002,6,quiz,25,13.7,2024-05-23,2024-05-22
ASM007354,STU0415,CRS002,6,assignment,50,32.0,2024-06-04,2024-06-03
ASM007355,STU0415,CRS002,6,project,100,55.3,2024-05-23,2024-05-22
ASM007356,STU0415,CRS002,6,exam,100,71.9,2024-05-23,2024-05-23
ASM007357,STU0416,CRS020,1,quiz,25,22.7,2024-09-30,2024-09-30
ASM007358,STU0416,CRS020,1,assignment,50,14.5,2024-09-30,2024-09-29
ASM007359,STU0416,CRS020,2,quiz,25,16.0,2024-10-15,2024-10-13
ASM007360,STU0416,CRS020,2,assignment,50,33.7,2024-10-23,2024-10-23
ASM007361,STU0416,CRS020,3,quiz,25,9.3,2024-10-26,2024-10-29
ASM007362,STU0416,CRS020,3,assignment,50,19.9,2024-11-10,2024-11-10
ASM007363,STU0416,CRS020,3,project,100,57.4,2024-11-04,2024-11-05
ASM007364,STU0416,CRS020,4,quiz,25,20.8,2024-11-30,2024-11-29
ASM007365,STU0416,CRS020,4,assignment,50,35.9,2024-11-22,2024-11-22
ASM007366,STU0416,CRS020,4,exam,100,59.0,2024-11-14,2024-11-14
ASM007367,STU0417,CRS016,1,quiz,25,24.5,2023-01-31,2023-01-29
ASM007368,STU0417,CRS016,1,assignment,50,25.8,2023-02-03,2023-02-03
ASM007369,STU0417,CRS016,2,quiz,25,12.0,2023-02-13,2023-02-13
ASM007370,STU0417,CRS016,2,assignment,50,13.2,2023-02-15,2023-02-12
ASM007371,STU0417,CRS016,3,quiz,25,16.1,2023-03-02,2023-03-07
ASM007372,STU0417,CRS016,3,assignment,50,7.0,2023-03-17,2023-03-18
ASM007373,STU0417,CRS016,3,project,100,94.8,2023-03-02,2023-02-27
ASM007374,STU0417,CRS016,4,quiz,25,10.5,2023-03-21,2023-03-20
ASM007375,STU0417,CRS016,4,assignment,50,31.9,2023-03-29,2023-03-27
ASM007376,STU0417,CRS016,5,quiz,25,11.7,2023-04-06,2023-04-06
ASM007377,STU0417,CRS016,5,assignment,50,46.7,2023-04-06,2023-04-05
ASM007378,STU0417,CRS016,6,quiz,25,20.4,2023-05-10,2023-05-15
ASM007379,STU0417,CRS016,6,assignment,50,35.9,2023-05-16,2023-05-15
ASM007380,STU0417,CRS016,6,project,100,31.5,2023-05-16,2023-05-23
ASM007381,STU0417,CRS016,6,exam,100,50.7,2023-04-10,2023-04-10
ASM007382,STU0418,CRS018,1,quiz,25,12.4,2023-08-25,2023-08-26
ASM007383,STU0418,CRS018,1,assignment,50,34.1,2023-08-24,2023-08-24
ASM007384,STU0418,CRS018,2,quiz,25,22.8,2023-09-17,2023-09-17
ASM007385,STU0418,CRS018,2,assignment,50,19.0,2023-09-11,2023-09-11
ASM007386,STU0418,CRS018,3,quiz,25,18.2,2023-09-27,2023-09-25
ASM007387,STU0418,CRS018,3,assignment,50,22.0,2023-09-21,2023-09-28
ASM007388,STU0418,CRS018,3,project,100,31.3,2023-10-03,2023-10-03
ASM007389,STU0418,CRS018,4,quiz,25,16.2,2023-11-02,2023-11-03
ASM007390,STU0418,CRS018,4,assignment,50,38.4,2023-11-02,2023-11-07
ASM007391,STU0418,CRS018,5,quiz,25,19.7,2023-10-29,2023-10-30
ASM007392,STU0418,CRS018,5,assignment,50,36.8,2023-10-19,2023-10-19
ASM007393,STU0418,CRS018,6,quiz,25,20.1,2023-11-02,2023-11-03
ASM007394,STU0418,CRS018,6,assignment,50,42.7,2023-12-08,2023-12-05
ASM007395,STU0418,CRS018,6,project,100,54.5,2023-12-08,2023-12-05
ASM007396,STU0418,CRS018,7,quiz,25,15.4,2023-11-30,2023-11-29
ASM007397,STU0418,CRS018,7,assignment,50,43.3,2023-12-28,2023-12-30
ASM007398,STU0418,CRS018,8,quiz,25,8.6,2024-01-01,2024-01-01
ASM007399,STU0418,CRS018,8,assignment,50,26.1,2024-01-17,2024-01-18
ASM007400,STU0418,CRS018,8,exam,100,54.8,2023-11-30,2023-11-29
ASM007401,STU0419,CRS017,1,quiz,25,22.1,2024-03-16,2024-03-17
ASM007402,STU0419,CRS017,1,assignment,50,30.4,2024-03-20,2024-03-20
ASM007403,STU0419,CRS017,2,quiz,25,20.0,2024-04-06,2024-04-05
ASM007404,STU0419,CRS017,2,assignment,50,37.5,2024-04-08,2024-04-08
ASM007405,STU0419,CRS017,3,quiz,25,11.1,2024-04-18,2024-04-17
ASM007406,STU0419,CRS017,3,assignment,50,28.5,2024-05-03,2024-05-04
ASM007407,STU0419,CRS017,3,project,100,52.1,2024-04-30,2024-04-30
ASM007408,STU0419,CRS017,4,quiz,25,6.9,2024-05-08,2024-05-06
ASM007409,STU0419,CRS017,4,assignment,50,44.8,2024-05-20,2024-05-21
ASM007410,STU0419,CRS017,5,quiz,25,18.4,2024-05-20,2024-05-22
ASM007411,STU0419,CRS017,5,assignment,50,48.6,2024-05-10,2024-05-13
ASM007412,STU0419,CRS017,6,quiz,25,15.9,2024-06-11,2024-06-11
ASM007413,STU0419,CRS017,6,assignment,50,20.6,2024-05-24,2024-05-29
ASM007414,STU0419,CRS017,6,project,100,67.7,2024-07-05,2024-07-10
ASM007415,STU0419,CRS017,6,exam,100,55.6,2024-05-30,2024-06-01
ASM007416,STU0420,CRS010,1,quiz,25,14.2,2024-07-30,2024-07-29
ASM007417,STU0420,CRS010,1,assignment,50,30.3,2024-07-31,2024-08-02
ASM007418,STU0420,CRS010,2,quiz,25,7.4,2024-08-23,2024-08-24
ASM007419,STU0420,CRS010,2,assignment,50,25.5,2024-08-17,2024-08-24
ASM007420,STU0420,CRS010,3,quiz,25,14.6,2024-08-30,2024-08-29
ASM007421,STU0420,CRS010,3,assignment,50,33.5,2024-08-27,2024-09-03
ASM007422,STU0420,CRS010,3,project,100,84.3,2024-09-05,2024-09-05
ASM007423,STU0420,CRS010,4,quiz,25,13.6,2024-09-14,2024-09-21
ASM007424,STU0420,CRS010,4,assignment,50,35.9,2024-09-10,2024-09-12
ASM007425,STU0420,CRS010,5,quiz,25,21.4,2024-10-19,2024-10-20
ASM007426,STU0420,CRS010,5,assignment,50,42.9,2024-10-29,2024-10-26
ASM007427,STU0420,CRS010,6,quiz,25,16.5,2024-11-01,2024-11-04
ASM007428,STU0420,CRS010,6,assignment,50,23.4,2024-11-13,2024-11-15
ASM007429,STU0420,CRS010,6,project,100,52.2,2024-11-07,2024-11-07
ASM007430,STU0420,CRS010,7,quiz,25,11.1,2024-11-05,2024-11-05
ASM007431,STU0420,CRS010,7,assignment,50,43.1,2024-11-05,2024-11-08
ASM007432,STU0420,CRS010,8,quiz,25,24.5,2024-11-05,2024-11-07
ASM007433,STU0420,CRS010,8,assignment,50,37.4,2024-11-13,2024-11-13
ASM007434,STU0420,CRS010,9,quiz,25,19.8,2024-11-19,2024-11-19
ASM007435,STU0420,CRS010,9,assignment,50,30.6,2025-01-03,2025-01-03
ASM007436,STU0420,CRS010,9,project,100,38.0,2025-01-12,2025-01-12
ASM007437,STU0420,CRS010,9,exam,100,40.3,2025-01-12,2025-01-13
ASM007438,STU0421,CRS014,1,quiz,25,16.2,2023-03-27,2023-03-26
ASM007439,STU0421,CRS014,1,assignment,50,31.6,2023-03-24,2023-03-24
ASM007440,STU0421,CRS014,2,quiz,25,19.9,2023-04-14,2023-04-16
ASM007441,STU0421,CRS014,2,assignment,50,39.9,2023-04-18,2023-04-18
ASM007442,STU0421,CRS014,3,quiz,25,18.3,2023-04-27,2023-04-25
ASM007443,STU0421,CRS014,3,assignment,50,23.6,2023-05-09,2023-05-09
ASM007444,STU0421,CRS014,3,project,100,91.2,2023-05-03,2023-05-03
ASM007445,STU0421,CRS014,4,quiz,25,14.6,2023-05-10,2023-05-15
ASM007446,STU0421,CRS014,4,assignment,50,22.6,2023-05-30,2023-06-06
ASM007447,STU0421,CRS014,5,quiz,25,22.1,2023-05-21,2023-05-28
ASM007448,STU0421,CRS014,5,assignment,50,37.5,2023-06-15,2023-06-16
ASM007449,STU0421,CRS014,6,quiz,25,15.2,2023-06-11,2023-06-11
ASM007450,STU0421,CRS014,6,assignment,50,36.6,2023-06-05,2023-06-07
ASM007451,STU0421,CRS014,6,project,100,57.8,2023-07-11,2023-07-11
ASM007452,STU0421,CRS014,6,exam,100,77.3,2023-07-05,2023-07-05
ASM007453,STU0422,CRS004,1,quiz,25,12.2,2023-09-05,2023-09-03
ASM007454,STU0422,CRS004,1,assignment,50,42.5,2023-09-04,2023-09-07
ASM007455,STU0422,CRS004,2,quiz,25,13.6,2023-09-26,2023-09-26
ASM007456,STU0422,CRS004,2,assignment,50,28.6,2023-09-14,2023-09-19
ASM007457,STU0422,CRS004,3,quiz,25,18.2,2023-09-28,2023-09-28
ASM007458,STU0422,CRS004,3,assignment,50,46.7,2023-10-04,2023-10-02
ASM007459,STU0422,CRS004,3,project,100,66.8,2023-10-01,2023-10-01
ASM007460,STU0422,CRS004,4,quiz,25,17.4,2023-11-01,2023-11-01
ASM007461,STU0422,CRS004,4,assignment,50,31.6,2023-10-20,2023-10-19
ASM007462,STU0422,CRS004,5,quiz,25,18.5,2023-11-15,2023-11-17
ASM007463,STU0422,CRS004,5,assignment,50,29.7,2023-11-10,2023-11-10
ASM007464,STU0422,CRS004,6,quiz,25,13.9,2023-12-15,2023-12-15
ASM007465,STU0422,CRS004,6,assignment,50,25.7,2023-11-09,2023-11-09
ASM007466,STU0422,CRS004,6,project,100,63.3,2023-11-09,2023-11-16
ASM007467,STU0422,CRS004,6,exam,100,68.2,2023-11-09,2023-11-08
ASM007468,STU0423,CRS007,1,quiz,25,13.4,2024-03-12,2024-03-12
ASM007469,STU0423,CRS007,1,assignment,50,29.3,2024-03-09,2024-03-11
ASM007470,STU0423,CRS007,2,quiz,25,19.0,2024-03-28,2024-03-28
ASM007471,STU0423,CRS007,2,assignment,50,32.4,2024-04-03,2024-04-03
ASM007472,STU0423,CRS007,3,quiz,25,14.1,2024-04-20,2024-04-20
ASM007473,STU0423,CRS007,3,assignment,50,39.2,2024-04-17,2024-04-17
ASM007474,STU0423,CRS007,3,project,100,66.3,2024-04-11,2024-04-14
ASM007475,STU0423,CRS007,4,quiz,25,8.1,2024-04-19,2024-04-20
ASM007476,STU0423,CRS007,4,assignment,50,39.3,2024-05-13,2024-05-14
ASM007477,STU0423,CRS007,5,quiz,25,20.1,2024-05-13,2024-05-13
ASM007478,STU0423,CRS007,5,assignment,50,34.9,2024-05-18,2024-05-18
ASM007479,STU0423,CRS007,6,quiz,25,21.9,2024-06-10,2024-06-11
ASM007480,STU0423,CRS007,6,assignment,50,37.2,2024-05-29,2024-05-30
ASM007481,STU0423,CRS007,6,project,100,62.1,2024-06-16,2024-06-16
ASM007482,STU0423,CRS007,7,quiz,25,6.0,2024-06-14,2024-06-16
ASM007483,STU0423,CRS007,7,assignment,50,34.3,2024-07-05,2024-07-06
ASM007484,STU0423,CRS007,8,quiz,25,17.9,2024-07-24,2024-07-31
ASM007485,STU0423,CRS007,8,assignment,50,41.1,2024-07-08,2024-07-08
ASM007486,STU0423,CRS007,8,exam,100,44.3,2024-08-09,2024-08-09
ASM007487,STU0424,CRS012,1,quiz,25,18.5,2024-08-20,2024-08-20
ASM007488,STU0424,CRS012,1,assignment,50,35.3,2024-08-17,2024-08-17
ASM007489,STU0424,CRS012,2,quiz,25,12.7,2024-09-04,2024-09-09
ASM007490,STU0424,CRS012,2,assignment,50,39.9,2024-09-06,2024-09-05
ASM007491,STU0424,CRS012,3,quiz,25,9.0,2024-09-30,2024-09-27
ASM007492,STU0424,CRS012,3,assignment,50,26.7,2024-09-12,2024-09-14
ASM007493,STU0424,CRS012,3,project,100,69.5,2024-09-27,2024-09-25
ASM007494,STU0424,CRS012,4,quiz,25,10.6,2024-09-30,2024-10-01
ASM007495,STU0424,CRS012,4,assignment,50,30.1,2024-09-30,2024-09-30
ASM007496,STU0424,CRS012,5,quiz,25,17.5,2024-10-30,2024-10-29
ASM007497,STU0424,CRS012,5,assignment,50,35.6,2024-10-30,2024-10-31
ASM007498,STU0424,CRS012,6,quiz,25,18.9,2024-10-30,2024-10-30
ASM007499,STU0424,CRS012,6,assignment,50,39.2,2024-11-17,2024-11-18
ASM007500,STU0424,CRS012,6,project,100,92.3,2024-11-11,2024-11-11
ASM007501,STU0424,CRS012,7,quiz,25,11.5,2024-12-12,2024-12-13
ASM007502,STU0424,CRS012,7,assignment,50,34.0,2024-12-19,2024-12-19
ASM007503,STU0424,CRS012,7,exam,100,68.4,2024-12-12,2024-12-12
ASM007504,STU0425,CRS012,1,quiz,25,16.5,2023-02-28,2023-02-28
ASM007505,STU0425,CRS012,1,assignment,50,29.2,2023-02-27,2023-02-28
ASM007506,STU0425,CRS012,2,quiz,25,10.0,2023-03-17,2023-03-16
ASM007507,STU0425,CRS012,2,assignment,50,30.2,2023-03-21,2023-03-21
ASM007508,STU0425,CRS012,3,quiz,25,14.5,2023-04-10,2023-04-12
ASM007509,STU0425,CRS012,3,assignment,50,29.9,2023-03-29,2023-04-05
ASM007510,STU0425,CRS012,3,project,100,31.5,2023-04-04,2023-04-06
ASM007511,STU0425,CRS012,4,quiz,25,22.8,2023-04-06,2023-04-06
ASM007512,STU0425,CRS012,4,assignment,50,27.9,2023-04-22,2023-04-25
ASM007513,STU0425,CRS012,5,quiz,25,12.1,2023-05-15,2023-05-14
ASM007514,STU0425,CRS012,5,assignment,50,26.9,2023-04-20,2023-04-21
ASM007515,STU0425,CRS012,6,quiz,25,14.5,2023-05-10,2023-05-08
ASM007516,STU0425,CRS012,6,assignment,50,38.4,2023-06-15,2023-06-18
ASM007517,STU0425,CRS012,6,project,100,62.9,2023-05-28,2023-05-29
ASM007518,STU0425,CRS012,7,quiz,25,22.9,2023-06-15,2023-06-16
ASM007519,STU0425,CRS012,7,assignment,50,27.4,2023-07-06,2023-07-04
ASM007520,STU0425,CRS012,8,quiz,25,19.7,2023-07-11,2023-07-11
ASM007521,STU0425,CRS012,8,assignment,50,29.5,2023-06-09,2023-06-08
ASM007522,STU0425,CRS012,8,exam,100,98.0,2023-07-27,2023-07-27
ASM007523,STU0426,CRS008,1,quiz,25,19.3,2023-09-17,2023-09-17
ASM007524,STU0426,CRS008,1,assignment,50,26.4,2023-09-14,2023-09-15
ASM007525,STU0426,CRS008,2,quiz,25,19.8,2023-10-05,2023-10-04
ASM007526,STU0426,CRS008,2,assignment,50,23.9,2023-10-05,2023-10-05
ASM007527,STU0426,CRS008,3,quiz,25,13.5,2023-10-09,2023-10-11
ASM007528,STU0426,CRS008,3,assignment,50,21.9,2023-10-24,2023-10-24
ASM007529,STU0426,CRS008,3,project,100,51.2,2023-10-21,2023-10-23
ASM007530,STU0426,CRS008,4,quiz,25,20.3,2023-11-16,2023-11-16
ASM007531,STU0426,CRS008,4,assignment,50,45.6,2023-10-31,2023-11-02
ASM007532,STU0426,CRS008,5,quiz,25,12.1,2023-11-26,2023-11-27
ASM007533,STU0426,CRS008,5,assignment,50,26.9,2023-11-11,2023-11-13
ASM007534,STU0426,CRS008,6,quiz,25,18.0,2023-12-14,2023-12-14
ASM007535,STU0426,CRS008,6,assignment,50,39.8,2023-12-14,2023-12-11
ASM007536,STU0426,CRS008,6,project,100,75.9,2024-01-01,2024-01-02
ASM007537,STU0426,CRS008,6,exam,100,91.6,2023-11-26,2023-11-25
ASM007538,STU0427,CRS003,1,quiz,25,15.4,2024-03-17,2024-03-18
ASM007539,STU0427,CRS003,1,assignment,50,38.4,2024-03-13,2024-03-20
ASM007540,STU0427,CRS003,2,quiz,25,19.2,2024-04-03,2024-04-03
ASM007541,STU0427,CRS003,2,assignment,50,36.9,2024-03-24,2024-03-24
ASM007542,STU0427,CRS003,3,quiz,25,24.5,2024-04-22,2024-04-23
ASM007543,STU0427,CRS003,3,assignment,50,26.8,2024-04-25,2024-04-22
ASM007544,STU0427,CRS003,3,project,100,67.8,2024-04-25,2024-04-23
ASM007545,STU0427,CRS003,4,quiz,25,15.4,2024-04-25,2024-04-25
ASM007546,STU0427,CRS003,4,assignment,50,31.0,2024-04-21,2024-04-23
ASM007547,STU0427,CRS003,5,quiz,25,20.9,2024-06-09,2024-06-10
ASM007548,STU0427,CRS003,5,assignment,50,28.8,2024-05-25,2024-05-25
ASM007549,STU0427,CRS003,5,exam,100,61.6,2024-06-09,2024-06-09
ASM007550,STU0428,CRS002,1,quiz,25,13.6,2024-08-08,2024-08-08
ASM007551,STU0428,CRS002,1,assignment,50,31.3,2024-08-04,2024-08-04
ASM007552,STU0428,CRS002,2,quiz,25,14.2,2024-08-27,2024-08-27
ASM007553,STU0428,CRS002,2,assignment,50,35.1,2024-08-23,2024-08-24
ASM007554,STU0428,CRS002,3,quiz,25,6.1,2024-09-18,2024-09-18
ASM007555,STU0428,CRS002,3,assignment,50,35.6,2024-09-09,2024-09-09
ASM007556,STU0428,CRS002,3,project,100,83.0,2024-09-09,2024-09-09
ASM007557,STU0428,CRS002,4,quiz,25,15.1,2024-10-04,2024-10-05
ASM007558,STU0428,CRS002,4,assignment,50,31.0,2024-09-14,2024-09-14
ASM007559,STU0428,CRS002,5,quiz,25,18.0,2024-10-08,2024-10-08
ASM007560,STU0428,CRS002,5,assignment,50,47.8,2024-10-13,2024-10-12
ASM007561,STU0428,CRS002,6,quiz,25,16.4,2024-11-11,2024-11-13
ASM007562,STU0428,CRS002,6,assignment,50,20.1,2024-10-18,2024-10-17
ASM007563,STU0428,CRS002,6,project,100,78.1,2024-10-12,2024-10-13
ASM007564,STU0428,CRS002,6,exam,100,56.8,2024-11-23,2024-11-24
ASM007565,STU0429,CRS013,1,quiz,25,22.3,2023-03-08,2023-03-08
ASM007566,STU0429,CRS013,1,assignment,50,16.1,2023-03-10,2023-03-10
ASM007567,STU0429,CRS013,2,quiz,25,16.9,2023-03-31,2023-03-31
ASM007568,STU0429,CRS013,2,assignment,50,29.6,2023-03-27,2023-03-27
ASM007569,STU0429,CRS013,3,quiz,25,17.6,2023-04-02,2023-04-01
ASM007570,STU0429,CRS013,3,assignment,50,8.4,2023-04-02,2023-04-03
ASM007571,STU0429,CRS013,3,project,100,67.3,2023-04-23,2023-04-24
ASM007572,STU0429,CRS013,4,quiz,25,20.5,2023-05-10,2023-05-12
ASM007573,STU0429,CRS013,4,assignment,50,38.0,2023-04-24,2023-04-24
ASM007574,STU0429,CRS013,5,quiz,25,16.7,2023-05-25,2023-05-24
ASM007575,STU0429,CRS013,5,assignment,50,30.4,2023-05-30,2023-05-29
ASM007576,STU0429,CRS013,6,quiz,25,8.1,2023-06-07,2023-06-08
ASM007577,STU0429,CRS013,6,assignment,50,17.2,2023-05-20,2023-05-18
ASM007578,STU0429,CRS013,6,project,100,63.7,2023-06-19,2023-06-19
ASM007579,STU0429,CRS013,7,quiz,25,17.9,2023-06-04,2023-06-02
ASM007580,STU0429,CRS013,7,assignment,50,35.9,2023-06-18,2023-06-20
ASM007581,STU0429,CRS013,8,quiz,25,14.3,2023-06-27,2023-06-25
ASM007582,STU0429,CRS013,8,assignment,50,28.6,2023-06-27,2023-06-29
ASM007583,STU0429,CRS013,8,exam,100,37.7,2023-06-19,2023-06-24
ASM007584,STU0430,CRS001,1,quiz,25,12.2,2023-09-13,2023-09-15
ASM007585,STU0430,CRS001,1,assignment,50,32.9,2023-09-15,2023-09-15
ASM007586,STU0430,CRS001,2,quiz,25,12.3,2023-10-03,2023-10-04
ASM007587,STU0430,CRS001,2,assignment,50,28.2,2023-10-03,2023-10-03
ASM007588,STU0430,CRS001,3,quiz,25,18.5,2023-10-24,2023-10-25
ASM007589,STU0430,CRS001,3,assignment,50,36.4,2023-10-24,2023-10-23
ASM007590,STU0430,CRS001,3,project,100,61.0,2023-10-12,2023-10-14
ASM007591,STU0430,CRS001,4,quiz,25,12.6,2023-11-12,2023-11-10
ASM007592,STU0430,CRS001,4,assignment,50,39.1,2023-10-23,2023-10-24
ASM007593,STU0430,CRS001,5,quiz,25,10.1,2023-11-16,2023-11-14
ASM007594,STU0430,CRS001,5,assignment,50,28.3,2023-11-11,2023-11-12
ASM007595,STU0430,CRS001,6,quiz,25,20.8,2023-12-08,2023-12-08
ASM007596,STU0430,CRS001,6,assignment,50,29.6,2023-12-14,2023-12-16
ASM007597,STU0430,CRS001,6,project,100,78.0,2023-12-14,2023-12-17
ASM007598,STU0430,CRS001,7,quiz,25,14.9,2023-12-18,2023-12-17
ASM007599,STU0430,CRS001,7,assignment,50,26.6,2023-12-11,2023-12-10
ASM007600,STU0430,CRS001,8,quiz,25,15.8,2024-01-27,2024-01-26
ASM007601,STU0430,CRS001,8,assignment,50,40.0,2023-12-18,2023-12-21
ASM007602,STU0430,CRS001,8,exam,100,77.5,2024-01-11,2024-01-16
ASM007603,STU0431,CRS016,1,quiz,25,7.0,2024-03-23,2024-03-22
ASM007604,STU0431,CRS016,1,assignment,50,31.6,2024-03-29,2024-04-03
ASM007605,STU0431,CRS016,2,quiz,25,21.9,2024-04-20,2024-04-25
ASM007606,STU0431,CRS016,2,assignment,50,35.9,2024-04-18,2024-04-19
ASM007607,STU0431,CRS016,3,quiz,25,19.5,2024-05-11,2024-05-11
ASM007608,STU0431,CRS016,3,assignment,50,31.3,2024-05-11,2024-05-11
ASM007609,STU0431,CRS016,3,project,100,46.8,2024-05-05,2024-05-02
ASM007610,STU0431,CRS016,4,quiz,25,18.7,2024-05-08,2024-05-09
ASM007611,STU0431,CRS016,4,assignment,50,29.9,2024-05-12,2024-05-19
ASM007612,STU0431,CRS016,5,quiz,25,16.3,2024-06-17,2024-06-17
ASM007613,STU0431,CRS016,5,assignment,50,23.4,2024-06-07,2024-06-05
ASM007614,STU0431,CRS016,6,quiz,25,20.0,2024-06-01,2024-05-31
ASM007615,STU0431,CRS016,6,assignment,50,30.1,2024-06-13,2024-06-13
ASM007616,STU0431,CRS016,6,project,100,80.4,2024-07-07,2024-07-06
ASM007617,STU0431,CRS016,6,exam,100,84.2,2024-07-07,2024-07-07
ASM007618,STU0432,CRS011,1,quiz,25,20.2,2024-09-09,2024-09-06
ASM007619,STU0432,CRS011,1,assignment,50,48.1,2024-09-06,2024-09-07
ASM007620,STU0432,CRS011,2,quiz,25,17.3,2024-09-25,2024-09-27
ASM007621,STU0432,CRS011,2,assignment,50,29.6,2024-09-17,2024-09-24
ASM007622,STU0432,CRS011,3,quiz,25,8.9,2024-10-01,2024-09-30
ASM007623,STU0432,CRS011,3,assignment,50,30.2,2024-10-07,2024-10-07
ASM007624,STU0432,CRS011,3,project,100,57.4,2024-10-22,2024-10-23
ASM007625,STU0432,CRS011,4,quiz,25,15.9,2024-10-19,2024-10-19
ASM007626,STU0432,CRS011,4,assignment,50,23.8,2024-10-19,2024-10-18
ASM007627,STU0432,CRS011,5,quiz,25,15.6,2024-11-08,2024-11-08
ASM007628,STU0432,CRS011,5,assignment,50,32.8,2024-11-18,2024-11-17
ASM007629,STU0432,CRS011,6,quiz,25,19.4,2024-12-12,2024-12-17
ASM007630,STU0432,CRS011,6,assignment,50,35.3,2024-12-18,2024-12-19
ASM007631,STU0432,CRS011,6,project,100,63.8,2024-12-12,2024-12-19
ASM007632,STU0432,CRS011,6,exam,100,65.9,2024-11-24,2024-11-22
ASM007633,STU0433,CRS017,1,quiz,25,12.0,2023-03-28,2023-03-28
ASM007634,STU0433,CRS017,1,assignment,50,32.0,2023-04-01,2023-04-01
ASM007635,STU0433,CRS017,2,quiz,25,19.2,2023-04-15,2023-04-18
ASM007636,STU0433,CRS017,2,assignment,50,29.6,2023-04-21,2023-04-21
ASM007637,STU0433,CRS017,3,quiz,25,19.7,2023-05-07,2023-05-06
ASM007638,STU0433,CRS017,3,assignment,50,21.6,2023-04-25,2023-04-25
ASM007639,STU0433,CRS017,3,project,100,76.6,2023-05-16,2023-05-15
ASM007640,STU0433,CRS017,4,quiz,25,8.0,2023-06-06,2023-06-06
ASM007641,STU0433,CRS017,4,assignment,50,35.3,2023-05-25,2023-05-25
ASM007642,STU0433,CRS017,5,quiz,25,23.0,2023-06-17,2023-06-15
ASM007643,STU0433,CRS017,5,assignment,50,25.9,2023-06-02,2023-06-03
ASM007644,STU0433,CRS017,6,quiz,25,24.5,2023-06-12,2023-06-11
ASM007645,STU0433,CRS017,6,assignment,50,24.7,2023-06-24,2023-06-23
ASM007646,STU0433,CRS017,6,project,100,57.5,2023-07-18,2023-07-18
ASM007647,STU0433,CRS017,6,exam,100,48.9,2023-06-06,2023-06-11
ASM007648,STU0434,CRS007,1,quiz,25,22.7,2023-10-01,2023-09-29
ASM007649,STU0434,CRS007,1,assignment,50,30.4,2023-10-01,2023-09-29
ASM007650,STU0434,CRS007,2,quiz,25,16.3,2023-10-08,2023-10-08
ASM007651,STU0434,CRS007,2,assignment,50,38.5,2023-10-22,2023-10-27
ASM007652,STU0434,CRS007,3,quiz,25,13.9,2023-10-28,2023-10-27
ASM007653,STU0434,CRS007,3,assignment,50,40.0,2023-11-09,2023-11-06
ASM007654,STU0434,CRS007,3,project,100,74.9,2023-10-31,2023-11-02
ASM007655,STU0434,CRS007,4,quiz,25,10.8,2023-11-25,2023-11-24
ASM007656,STU0434,CRS007,4,assignment,50,36.2,2023-11-09,2023-11-11
ASM007657,STU0434,CRS007,5,quiz,25,12.1,2023-12-24,2023-12-26
ASM007658,STU0434,CRS007,5,assignment,50,38.2,2023-12-19,2023-12-22
ASM007659,STU0434,CRS007,6,quiz,25,16.9,2023-12-03,2023-12-03
ASM007660,STU0434,CRS007,6,assignment,50,40.4,2024-01-14,2024-01-15
ASM007661,STU0434,CRS007,6,project,100,51.9,2023-12-21,2023-12-23
ASM007662,STU0434,CRS007,7,quiz,25,12.3,2024-01-07,2024-01-04
ASM007663,STU0434,CRS007,7,assignment,50,24.3,2024-01-07,2024-01-06
ASM007664,STU0434,CRS007,8,quiz,25,14.0,2024-02-25,2024-02-25
ASM007665,STU0434,CRS007,8,assignment,50,30.9,2024-02-25,2024-02-28
ASM007666,STU0434,CRS007,8,exam,100,98.0,2024-01-08,2024-01-10
ASM007667,STU0435,CRS019,1,quiz,25,23.4,2024-03-03,2024-03-03
ASM007668,STU0435,CRS019,1,assignment,50,21.8,2024-03-03,2024-03-04
ASM007669,STU0435,CRS019,2,quiz,25,16.7,2024-03-27,2024-03-28
ASM007670,STU0435,CRS019,2,assignment,50,36.9,2024-03-15,2024-03-22
ASM007671,STU0435,CRS019,3,quiz,25,14.2,2024-04-14,2024-04-11
ASM007672,STU0435,CRS019,3,assignment,50,38.8,2024-04-17,2024-04-15
ASM007673,STU0435,CRS019,3,project,100,62.0,2024-04-11,2024-04-13
ASM007674,STU0435,CRS019,4,quiz,25,12.5,2024-05-08,2024-05-08
ASM007675,STU0435,CRS019,4,assignment,50,49.0,2024-04-14,2024-04-12
ASM007676,STU0435,CRS019,5,quiz,25,19.8,2024-05-29,2024-05-29
ASM007677,STU0435,CRS019,5,assignment,50,28.6,2024-05-29,2024-05-29
ASM007678,STU0435,CRS019,6,quiz,25,12.5,2024-06-07,2024-06-07
ASM007679,STU0435,CRS019,6,assignment,50,23.5,2024-06-19,2024-06-18
ASM007680,STU0435,CRS019,6,project,100,80.3,2024-06-01,2024-06-01
ASM007681,STU0435,CRS019,6,exam,100,52.1,2024-06-01,2024-06-06
ASM007682,STU0436,CRS003,1,quiz,25,9.4,2024-09-10,2024-09-11
ASM007683,STU0436,CRS003,1,assignment,50,19.5,2024-09-14,2024-09-21
ASM007684,STU0436,CRS003,2,quiz,25,22.3,2024-10-06,2024-10-03
ASM007685,STU0436,CRS003,2,assignment,50,22.3,2024-10-06,2024-10-06
ASM007686,STU0436,CRS003,3,quiz,25,13.0,2024-10-26,2024-10-24
ASM007687,STU0436,CRS003,3,assignment,50,34.5,2024-10-14,2024-10-19
ASM007688,STU0436,CRS003,3,project,100,44.9,2024-10-29,2024-11-01
ASM007689,STU0436,CRS003,4,quiz,25,15.3,2024-11-19,2024-11-19
ASM007690,STU0436,CRS003,4,assignment,50,34.3,2024-11-03,2024-11-03
ASM007691,STU0436,CRS003,5,quiz,25,17.1,2024-12-05,2024-12-03
ASM007692,STU0436,CRS003,5,assignment,50,42.5,2024-11-15,2024-11-18
ASM007693,STU0436,CRS003,5,exam,100,66.3,2024-12-10,2024-12-08
ASM007694,STU0437,CRS018,1,quiz,25,14.8,2023-03-13,2023-03-15
ASM007695,STU0437,CRS018,1,assignment,50,23.6,2023-03-11,2023-03-09
ASM007696,STU0437,CRS018,2,quiz,25,14.7,2023-03-24,2023-03-25
ASM007697,STU0437,CRS018,2,assignment,50,45.3,2023-03-20,2023-03-20
ASM007698,STU0437,CRS018,3,quiz,25,14.9,2023-04-09,2023-04-08
ASM007699,STU0437,CRS018,3,assignment,50,26.3,2023-04-09,2023-04-08
ASM007700,STU0437,CRS018,3,project,100,36.5,2023-04-03,2023-04-05
ASM007701,STU0437,CRS018,4,quiz,25,19.3,2023-04-29,2023-04-30
ASM007702,STU0437,CRS018,4,assignment,50,29.5,2023-05-11,2023-05-08
ASM007703,STU0437,CRS018,5,quiz,25,22.8,2023-05-31,2023-06-02
ASM007704,STU0437,CRS018,5,assignment,50,21.6,2023-05-31,2023-05-31
ASM007705,STU0437,CRS018,6,quiz,25,16.1,2023-06-08,2023-06-09
ASM007706,STU0437,CRS018,6,assignment,50,31.9,2023-06-14,2023-06-15
ASM007707,STU0437,CRS018,6,project,100,47.6,2023-06-02,2023-06-02
ASM007708,STU0437,CRS018,7,quiz,25,15.2,2023-06-12,2023-06-12
ASM007709,STU0437,CRS018,7,assignment,50,26.8,2023-06-05,2023-06-03
ASM007710,STU0437,CRS018,8,quiz,25,20.5,2023-06-12,2023-06-09
ASM007711,STU0437,CRS018,8,assignment,50,31.5,2023-07-30,2023-08-02
ASM007712,STU0437,CRS018,8,exam,100,87.1,2023-07-22,2023-07-21
ASM007713,STU0438,CRS006,1,quiz,25,15.1,2023-10-03,2023-10-05
ASM007714,STU0438,CRS006,1,assignment,50,36.1,2023-09-26,2023-09-25
ASM007715,STU0438,CRS006,2,quiz,25,15.3,2023-10-20,2023-10-20
ASM007716,STU0438,CRS006,2,assignment,50,37.1,2023-10-10,2023-10-10
ASM007717,STU0438,CRS006,3,quiz,25,24.5,2023-11-14,2023-11-14
ASM007718,STU0438,CRS006,3,assignment,50,31.5,2023-11-08,2023-11-08
ASM007719,STU0438,CRS006,3,project,100,93.1,2023-10-24,2023-10-24
ASM007720,STU0438,CRS006,4,quiz,25,7.7,2023-12-05,2023-12-05
ASM007721,STU0438,CRS006,4,assignment,50,46.4,2023-11-07,2023-11-08
ASM007722,STU0438,CRS006,5,quiz,25,18.1,2023-12-01,2023-11-30
ASM007723,STU0438,CRS006,5,assignment,50,34.6,2023-12-06,2023-12-09
ASM007724,STU0438,CRS006,6,quiz,25,15.7,2023-12-11,2023-12-12
ASM007725,STU0438,CRS006,6,assignment,50,49.0,2024-01-04,2024-01-04
ASM007726,STU0438,CRS006,6,project,100,56.0,2023-12-17,2023-12-17
ASM007727,STU0438,CRS006,7,quiz,25,16.7,2024-02-06,2024-02-06
ASM007728,STU0438,CRS006,7,assignment,50,27.3,2024-02-06,2024-02-05
ASM007729,STU0438,CRS006,8,quiz,25,18.4,2024-01-10,2024-01-09
ASM007730,STU0438,CRS006,8,assignment,50,39.0,2024-02-11,2024-02-13
ASM007731,STU0438,CRS006,9,quiz,25,23.8,2024-02-03,2024-02-03
ASM007732,STU0438,CRS006,9,assignment,50,45.6,2024-03-10,2024-03-10
ASM007733,STU0438,CRS006,9,project,100,68.0,2024-01-25,2024-01-25
ASM007734,STU0438,CRS006,10,quiz,25,23.8,2024-01-30,2024-01-30
ASM007735,STU0438,CRS006,10,assignment,50,30.8,2024-01-30,2024-01-30
ASM007736,STU0438,CRS006,10,exam,100,54.2,2024-04-09,2024-04-09
ASM007737,STU0439,CRS007,1,quiz,25,23.0,2024-03-07,2024-03-06
ASM007738,STU0439,CRS007,1,assignment,50,34.3,2024-03-06,2024-03-04
ASM007739,STU0439,CRS007,2,quiz,25,13.9,2024-04-03,2024-04-03
ASM007740,STU0439,CRS007,2,assignment,50,37.8,2024-04-01,2024-03-31
ASM007741,STU0439,CRS007,3,quiz,25,12.5,2024-04-24,2024-04-25
ASM007742,STU0439,CRS007,3,assignment,50,20.8,2024-04-03,2024-04-06
ASM007743,STU0439,CRS007,3,project,100,78.7,2024-04-15,2024-04-15
ASM007744,STU0439,CRS007,4,quiz,25,20.0,2024-04-17,2024-04-19
ASM007745,STU0439,CRS007,4,assignment,50,27.6,2024-05-07,2024-05-06
ASM007746,STU0439,CRS007,5,quiz,25,10.9,2024-05-21,2024-05-20
ASM007747,STU0439,CRS007,5,assignment,50,32.0,2024-05-01,2024-04-30
ASM007748,STU0439,CRS007,6,quiz,25,14.8,2024-06-14,2024-06-13
ASM007749,STU0439,CRS007,6,assignment,50,24.7,2024-06-02,2024-06-01
ASM007750,STU0439,CRS007,6,project,100,57.3,2024-06-26,2024-06-24
ASM007751,STU0439,CRS007,7,quiz,25,17.4,2024-06-19,2024-06-20
ASM007752,STU0439,CRS007,7,assignment,50,43.4,2024-05-29,2024-05-29
ASM007753,STU0439,CRS007,8,quiz,25,9.9,2024-06-20,2024-06-23
ASM007754,STU0439,CRS007,8,assignment,50,49.0,2024-06-28,2024-06-27
ASM007755,STU0439,CRS007,8,exam,100,62.0,2024-07-30,2024-07-30
ASM007756,STU0440,CRS013,1,quiz,25,22.9,2024-10-01,2024-10-01
ASM007757,STU0440,CRS013,1,assignment,50,28.6,2024-09-27,2024-09-28
ASM007758,STU0440,CRS013,2,quiz,25,16.7,2024-10-10,2024-10-11
ASM007759,STU0440,CRS013,2,assignment,50,49.0,2024-10-22,2024-10-22
ASM007760,STU0440,CRS013,3,quiz,25,14.8,2024-10-30,2024-10-27
ASM007761,STU0440,CRS013,3,assignment,50,30.0,2024-10-30,2024-10-30
ASM007762,STU0440,CRS013,3,project,100,62.6,2024-10-30,2024-10-30
ASM007763,STU0440,CRS013,4,quiz,25,16.6,2024-11-27,2024-11-25
ASM007764,STU0440,CRS013,4,assignment,50,37.6,2024-12-05,2024-12-07
ASM007765,STU0440,CRS013,4,exam,100,82.9,2024-11-23,2024-11-23
ASM007766,STU0441,CRS006,1,quiz,25,10.2,2023-03-11,2023-03-11
ASM007767,STU0441,CRS006,1,assignment,50,44.9,2023-03-07,2023-03-07
ASM007768,STU0441,CRS006,2,quiz,25,14.8,2023-03-30,2023-04-04
ASM007769,STU0441,CRS006,2,assignment,50,41.4,2023-03-22,2023-03-20
ASM007770,STU0441,CRS006,3,quiz,25,9.5,2023-04-24,2023-04-22
ASM007771,STU0441,CRS006,3,assignment,50,40.8,2023-04-09,2023-04-16
ASM007772,STU0441,CRS006,3,project,100,53.6,2023-04-24,2023-04-24
ASM007773,STU0441,CRS006,4,quiz,25,24.5,2023-04-21,2023-04-28
ASM007774,STU0441,CRS006,4,assignment,50,27.9,2023-05-03,2023-05-03
ASM007775,STU0441,CRS006,5,quiz,25,14.0,2023-06-05,2023-06-07
ASM007776,STU0441,CRS006,5,assignment,50,29.9,2023-05-11,2023-05-11
ASM007777,STU0441,CRS006,6,quiz,25,9.6,2023-05-21,2023-05-21
ASM007778,STU0441,CRS006,6,assignment,50,28.6,2023-05-27,2023-05-27
ASM007779,STU0441,CRS006,6,project,100,68.7,2023-06-26,2023-06-27
ASM007780,STU0441,CRS006,7,quiz,25,24.5,2023-07-10,2023-07-11
ASM007781,STU0441,CRS006,7,assignment,50,37.6,2023-07-17,2023-07-17
ASM007782,STU0441,CRS006,8,quiz,25,13.9,2023-07-06,2023-07-07
ASM007783,STU0441,CRS006,8,assignment,50,28.3,2023-07-06,2023-07-07
ASM007784,STU0441,CRS006,9,quiz,25,19.5,2023-08-28,2023-08-28
ASM007785,STU0441,CRS006,9,assignment,50,38.2,2023-07-14,2023-07-15
ASM007786,STU0441,CRS006,9,project,100,52.3,2023-07-05,2023-07-05
ASM007787,STU0441,CRS006,10,quiz,25,18.2,2023-09-08,2023-09-10
ASM007788,STU0441,CRS006,10,assignment,50,27.4,2023-07-10,2023-07-12
ASM007789,STU0441,CRS006,10,exam,100,71.1,2023-07-10,2023-07-12
ASM007790,STU0442,CRS013,1,quiz,25,24.5,2023-09-10,2023-09-11
ASM007791,STU0442,CRS013,1,assignment,50,24.3,2023-09-12,2023-09-11
ASM007792,STU0442,CRS013,2,quiz,25,14.0,2023-09-24,2023-09-25
ASM007793,STU0442,CRS013,2,assignment,50,35.8,2023-09-24,2023-09-24
ASM007794,STU0442,CRS013,3,quiz,25,16.3,2023-10-23,2023-10-23
ASM007795,STU0442,CRS013,3,assignment,50,31.2,2023-10-29,2023-10-29
ASM007796,STU0442,CRS013,3,project,100,75.6,2023-10-26,2023-10-27
ASM007797,STU0442,CRS013,4,quiz,25,16.1,2023-10-30,2023-10-28
ASM007798,STU0442,CRS013,4,assignment,50,37.7,2023-10-22,2023-10-21
ASM007799,STU0442,CRS013,5,quiz,25,16.7,2023-11-20,2023-11-18
ASM007800,STU0442,CRS013,5,assignment,50,18.2,2023-11-25,2023-11-30
ASM007801,STU0442,CRS013,6,quiz,25,15.1,2023-11-19,2023-11-24
ASM007802,STU0442,CRS013,6,assignment,50,27.9,2023-12-07,2023-12-05
ASM007803,STU0442,CRS013,6,project,100,69.6,2023-11-25,2023-11-27
ASM007804,STU0442,CRS013,7,quiz,25,18.9,2023-12-31,2024-01-05
ASM007805,STU0442,CRS013,7,assignment,50,38.8,2023-12-31,2023-12-31
ASM007806,STU0442,CRS013,8,quiz,25,12.7,2023-12-17,2023-12-20
ASM007807,STU0442,CRS013,8,assignment,50,41.2,2023-12-25,2023-12-25
ASM007808,STU0442,CRS013,8,exam,100,82.6,2024-01-10,2024-01-09
ASM007809,STU0443,CRS013,1,quiz,25,19.8,2024-03-22,2024-03-23
ASM007810,STU0443,CRS013,1,assignment,50,31.8,2024-03-21,2024-03-20
ASM007811,STU0443,CRS013,2,quiz,25,22.6,2024-04-06,2024-04-08
ASM007812,STU0443,CRS013,2,assignment,50,29.5,2024-04-10,2024-04-11
ASM007813,STU0443,CRS013,3,quiz,25,11.2,2024-05-02,2024-05-07
ASM007814,STU0443,CRS013,3,assignment,50,33.7,2024-04-17,2024-04-24
ASM007815,STU0443,CRS013,3,project,100,75.9,2024-04-23,2024-04-26
ASM007816,STU0443,CRS013,4,quiz,25,16.6,2024-05-22,2024-05-24
ASM007817,STU0443,CRS013,4,assignment,50,17.2,2024-05-06,2024-05-07
ASM007818,STU0443,CRS013,5,quiz,25,18.0,2024-06-11,2024-06-11
ASM007819,STU0443,CRS013,5,assignment,50,39.7,2024-05-12,2024-05-13
ASM007820,STU0443,CRS013,6,quiz,25,20.8,2024-05-26,2024-05-27
ASM007821,STU0443,CRS013,6,assignment,50,37.5,2024-05-26,2024-05-26
ASM007822,STU0443,CRS013,6,project,100,49.6,2024-06-19,2024-06-19
ASM007823,STU0443,CRS013,7,quiz,25,16.3,2024-07-28,2024-07-28
ASM007824,STU0443,CRS013,7,assignment,50,47.2,2024-07-14,2024-07-14
ASM007825,STU0443,CRS013,8,quiz,25,14.9,2024-06-23,2024-06-24
ASM007826,STU0443,CRS013,8,assignment,50,45.1,2024-07-01,2024-07-01
ASM007827,STU0443,CRS013,8,exam,100,60.1,2024-08-18,2024-08-18
ASM007828,STU0444,CRS003,1,quiz,25,8.9,2024-09-05,2024-09-05
ASM007829,STU0444,CRS003,1,assignment,50,31.2,2024-09-04,2024-09-06
ASM007830,STU0444,CRS003,2,quiz,25,22.1,2024-09-19,2024-09-19
ASM007831,STU0444,CRS003,2,assignment,50,31.1,2024-09-19,2024-09-20
ASM007832,STU0444,CRS003,3,quiz,25,16.8,2024-10-12,2024-10-15
ASM007833,STU0444,CRS003,3,assignment,50,30.4,2024-10-03,2024-10-05
ASM007834,STU0444,CRS003,3,project,100,54.7,2024-10-18,2024-10-18
ASM007835,STU0444,CRS003,4,quiz,25,19.0,2024-10-23,2024-10-23
ASM007836,STU0444,CRS003,4,assignment,50,48.5,2024-10-15,2024-10-18
ASM007837,STU0444,CRS003,5,quiz,25,12.6,2024-11-09,2024-11-06
ASM007838,STU0444,CRS003,5,assignment,50,33.3,2024-11-09,2024-11-10
ASM007839,STU0444,CRS003,5,exam,100,83.8,2024-11-09,2024-11-07
ASM007840,STU0445,CRS002,1,quiz,25,15.8,2023-02-05,2023-02-07
ASM007841,STU0445,CRS002,1,assignment,50,25.7,2023-02-06,2023-02-05
ASM007842,STU0445,CRS002,2,quiz,25,16.8,2023-02-28,2023-02-27
ASM007843,STU0445,CRS002,2,assignment,50,32.9,2023-03-04,2023-03-03
ASM007844,STU0445,CRS002,3,quiz,25,20.4,2023-03-19,2023-03-24
ASM007845,STU0445,CRS002,3,assignment,50,32.5,2023-03-22,2023-03-19
ASM007846,STU0445,CRS002,3,project,100,74.6,2023-03-07,2023-03-09
ASM007847,STU0445,CRS002,4,quiz,25,13.4,2023-04-15,2023-04-16
ASM007848,STU0445,CRS002,4,assignment,50,38.8,2023-04-15,2023-04-13
ASM007849,STU0445,CRS002,5,quiz,25,15.1,2023-04-21,2023-04-22
ASM007850,STU0445,CRS002,5,assignment,50,25.7,2023-04-11,2023-04-14
ASM007851,STU0445,CRS002,6,quiz,25,14.9,2023-05-09,2023-05-14
ASM007852,STU0445,CRS002,6,assignment,50,34.6,2023-04-27,2023-04-27
ASM007853,STU0445,CRS002,6,project,100,73.9,2023-05-15,2023-05-18
ASM007854,STU0445,CRS002,6,exam,100,74.6,2023-04-15,2023-04-20
ASM007855,STU0446,CRS003,1,quiz,25,20.9,2023-08-20,2023-08-20
ASM007856,STU0446,CRS003,1,assignment,50,18.6,2023-08-24,2023-08-29
ASM007857,STU0446,CRS003,2,quiz,25,17.4,2023-09-12,2023-09-13
ASM007858,STU0446,CRS003,2,assignment,50,46.1,2023-09-10,2023-09-15
ASM007859,STU0446,CRS003,3,quiz,25,17.8,2023-09-19,2023-09-20
ASM007860,STU0446,CRS003,3,assignment,50,29.4,2023-10-07,2023-10-10
ASM007861,STU0446,CRS003,3,project,100,98.0,2023-10-01,2023-10-01
ASM007862,STU0446,CRS003,4,quiz,25,13.3,2023-10-24,2023-10-24
ASM007863,STU0446,CRS003,4,assignment,50,19.5,2023-10-12,2023-10-11
ASM007864,STU0446,CRS003,5,quiz,25,15.6,2023-11-03,2023-11-03
ASM007865,STU0446,CRS003,5,assignment,50,19.0,2023-10-14,2023-10-16
ASM007866,STU0446,CRS003,5,exam,100,77.6,2023-10-24,2023-10-26
ASM007867,STU0447,CRS020,1,quiz,25,20.8,2024-03-08,2024-03-09
ASM007868,STU0447,CRS020,1,assignment,50,23.0,2024-03-13,2024-03-12
ASM007869,STU0447,CRS020,2,quiz,25,17.2,2024-03-25,2024-03-22
ASM007870,STU0447,CRS020,2,assignment,50,22.7,2024-03-23,2024-03-23
ASM007871,STU0447,CRS020,3,quiz,25,14.0,2024-04-16,2024-04-15
ASM007872,STU0447,CRS020,3,assignment,50,43.1,2024-04-22,2024-04-22
ASM007873,STU0447,CRS020,3,project,100,47.9,2024-04-19,2024-04-20
ASM007874,STU0447,CRS020,4,quiz,25,18.6,2024-04-22,2024-04-22
ASM007875,STU0447,CRS020,4,assignment,50,14.9,2024-04-30,2024-05-01
ASM007876,STU0447,CRS020,4,exam,100,83.6,2024-04-18,2024-04-19
ASM007877,STU0448,CRS011,1,quiz,25,19.5,2024-07-30,2024-07-28
ASM007878,STU0448,CRS011,1,assignment,50,36.0,2024-08-05,2024-08-06
ASM007879,STU0448,CRS011,2,quiz,25,12.1,2024-08-13,2024-08-14
ASM007880,STU0448,CRS011,2,assignment,50,26.4,2024-08-15,2024-08-15
ASM007881,STU0448,CRS011,3,quiz,25,19.2,2024-09-05,2024-09-02
ASM007882,STU0448,CRS011,3,assignment,50,14.3,2024-08-30,2024-08-30
ASM007883,STU0448,CRS011,3,project,100,98.0,2024-09-05,2024-09-05
ASM007884,STU0448,CRS011,4,quiz,25,24.0,2024-10-08,2024-10-09
ASM007885,STU0448,CRS011,4,assignment,50,35.9,2024-09-30,2024-09-28
ASM007886,STU0448,CRS011,5,quiz,25,12.4,2024-10-24,2024-10-29
ASM007887,STU0448,CRS011,5,assignment,50,23.3,2024-09-24,2024-10-01
ASM007888,STU0448,CRS011,6,quiz,25,11.5,2024-11-13,2024-11-13
ASM007889,STU0448,CRS011,6,assignment,50,27.3,2024-11-13,2024-11-15
ASM007890,STU0448,CRS011,6,project,100,62.6,2024-11-19,2024-11-18
ASM007891,STU0448,CRS011,7,quiz,25,23.0,2024-10-22,2024-10-19
ASM007892,STU0448,CRS011,7,assignment,50,28.0,2024-11-05,2024-11-07
ASM007893,STU0448,CRS011,8,quiz,25,19.7,2024-11-13,2024-11-14
ASM007894,STU0448,CRS011,8,assignment,50,29.9,2024-11-21,2024-11-22
ASM007895,STU0448,CRS011,9,quiz,25,15.2,2025-01-11,2025-01-11
ASM007896,STU0448,CRS011,9,assignment,50,42.4,2024-12-16,2024-12-17
ASM007897,STU0448,CRS011,9,project,100,70.4,2024-11-19,2024-11-26
ASM007898,STU0448,CRS011,9,exam,100,95.3,2025-01-06,2025-01-08
ASM007899,STU0449,CRS015,1,quiz,25,15.8,2023-03-06,2023-03-04
ASM007900,STU0449,CRS015,1,assignment,50,49.0,2023-03-04,2023-03-04
ASM007901,STU0449,CRS015,2,quiz,25,10.5,2023-03-17,2023-03-16
ASM007902,STU0449,CRS015,2,assignment,50,33.9,2023-03-27,2023-03-27
ASM007903,STU0449,CRS015,3,quiz,25,21.5,2023-04-16,2023-04-16
ASM007904,STU0449,CRS015,3,assignment,50,37.3,2023-04-19,2023-04-22
ASM007905,STU0449,CRS015,3,project,100,61.7,2023-04-01,2023-04-01
ASM007906,STU0449,CRS015,4,quiz,25,17.3,2023-05-02,2023-05-04
ASM007907,STU0449,CRS015,4,assignment,50,32.6,2023-04-24,2023-05-01
ASM007908,STU0449,CRS015,5,quiz,25,23.7,2023-04-26,2023-05-01
ASM007909,STU0449,CRS015,5,assignment,50,34.0,2023-05-31,2023-05-30
ASM007910,STU0449,CRS015,6,quiz,25,15.9,2023-05-10,2023-05-08
ASM007911,STU0449,CRS015,6,assignment,50,32.8,2023-06-09,2023-06-09
ASM007912,STU0449,CRS015,6,project,100,52.5,2023-06-21,2023-06-22
ASM007913,STU0449,CRS015,7,quiz,25,19.2,2023-07-12,2023-07-14
ASM007914,STU0449,CRS015,7,assignment,50,33.2,2023-07-05,2023-07-05
ASM007915,STU0449,CRS015,8,quiz,25,18.0,2023-08-02,2023-07-31
ASM007916,STU0449,CRS015,8,assignment,50,15.6,2023-06-15,2023-06-15
ASM007917,STU0449,CRS015,9,quiz,25,18.3,2023-08-23,2023-08-24
ASM007918,STU0449,CRS015,9,assignment,50,32.8,2023-07-27,2023-07-28
ASM007919,STU0449,CRS015,9,project,100,79.3,2023-07-09,2023-07-16
ASM007920,STU0449,CRS015,10,quiz,25,15.2,2023-08-24,2023-08-21
ASM007921,STU0449,CRS015,10,assignment,50,24.5,2023-07-05,2023-07-12
ASM007922,STU0449,CRS015,10,exam,100,98.0,2023-07-05,2023-07-06
ASM007923,STU0450,CRS018,1,quiz,25,9.9,2023-09-30,2023-09-30
ASM007924,STU0450,CRS018,1,assignment,50,32.8,2023-09-30,2023-09-30
ASM007925,STU0450,CRS018,2,quiz,25,13.0,2023-10-25,2023-10-23
ASM007926,STU0450,CRS018,2,assignment,50,38.7,2023-10-11,2023-10-10
ASM007927,STU0450,CRS018,3,quiz,25,17.5,2023-11-06,2023-11-05
ASM007928,STU0450,CRS018,3,assignment,50,45.7,2023-10-25,2023-10-22
ASM007929,STU0450,CRS018,3,project,100,55.4,2023-10-28,2023-10-27
ASM007930,STU0450,CRS018,4,quiz,25,22.0,2023-11-20,2023-11-27
ASM007931,STU0450,CRS018,4,assignment,50,31.5,2023-12-06,2023-12-07
ASM007932,STU0450,CRS018,5,quiz,25,14.2,2023-12-22,2023-12-22
ASM007933,STU0450,CRS018,5,assignment,50,24.3,2023-12-12,2023-12-12
ASM007934,STU0450,CRS018,6,quiz,25,19.8,2024-01-17,2024-01-18
ASM007935,STU0450,CRS018,6,assignment,50,25.6,2024-01-05,2024-01-03
ASM007936,STU0450,CRS018,6,project,100,54.2,2023-12-18,2023-12-18
ASM007937,STU0450,CRS018,7,quiz,25,15.2,2024-02-07,2024-02-09
ASM007938,STU0450,CRS018,7,assignment,50,30.3,2024-01-03,2024-01-01
ASM007939,STU0450,CRS018,8,quiz,25,19.2,2024-01-03,2024-01-01
ASM007940,STU0450,CRS018,8,assignment,50,28.0,2024-02-12,2024-02-12
ASM007941,STU0450,CRS018,8,exam,100,90.8,2024-02-28,2024-02-28
ASM007942,STU0451,CRS006,1,quiz,25,7.2,2024-03-14,2024-03-14
ASM007943,STU0451,CRS006,1,assignment,50,31.1,2024-03-17,2024-03-17
ASM007944,STU0451,CRS006,2,quiz,25,7.9,2024-03-28,2024-04-02
ASM007945,STU0451,CRS006,2,assignment,50,12.8,2024-03-30,2024-04-01
ASM007946,STU0451,CRS006,3,quiz,25,15.8,2024-04-24,2024-04-22
ASM007947,STU0451,CRS006,3,assignment,50,28.4,2024-04-27,2024-04-27
ASM007948,STU0451,CRS006,3,project,100,33.7,2024-04-15,2024-04-14
ASM007949,STU0451,CRS006,4,quiz,25,8.9,2024-05-01,2024-05-01
ASM007950,STU0451,CRS006,4,assignment,50,27.4,2024-05-21,2024-05-22
ASM007951,STU0451,CRS006,5,quiz,25,14.1,2024-05-07,2024-05-07
ASM007952,STU0451,CRS006,5,assignment,50,36.5,2024-05-12,2024-05-12
ASM007953,STU0451,CRS006,6,quiz,25,13.7,2024-07-02,2024-07-02
ASM007954,STU0451,CRS006,6,assignment,50,42.7,2024-06-14,2024-06-14
ASM007955,STU0451,CRS006,6,project,100,91.5,2024-06-02,2024-05-30
ASM007956,STU0451,CRS006,7,quiz,25,24.5,2024-06-18,2024-06-17
ASM007957,STU0451,CRS006,7,assignment,50,48.9,2024-07-16,2024-07-15
ASM007958,STU0451,CRS006,8,quiz,25,20.1,2024-07-12,2024-07-12
ASM007959,STU0451,CRS006,8,assignment,50,33.0,2024-07-20,2024-07-20
ASM007960,STU0451,CRS006,9,quiz,25,18.0,2024-07-11,2024-07-16
ASM007961,STU0451,CRS006,9,assignment,50,26.1,2024-07-02,2024-07-03
ASM007962,STU0451,CRS006,9,project,100,77.0,2024-07-11,2024-07-16
ASM007963,STU0451,CRS006,10,quiz,25,16.3,2024-07-26,2024-07-27
ASM007964,STU0451,CRS006,10,assignment,50,44.3,2024-07-16,2024-07-16
ASM007965,STU0451,CRS006,10,exam,100,93.7,2024-07-16,2024-07-15
ASM007966,STU0452,CRS013,1,quiz,25,12.9,2024-08-04,2024-08-06
ASM007967,STU0452,CRS013,1,assignment,50,37.5,2024-08-05,2024-08-06
ASM007968,STU0452,CRS013,2,quiz,25,12.7,2024-08-21,2024-08-24
ASM007969,STU0452,CRS013,2,assignment,50,17.7,2024-08-31,2024-08-31
ASM007970,STU0452,CRS013,3,quiz,25,13.7,2024-09-12,2024-09-10
ASM007971,STU0452,CRS013,3,assignment,50,36.0,2024-08-31,2024-08-30
ASM007972,STU0452,CRS013,3,project,100,68.8,2024-09-03,2024-09-03
ASM007973,STU0452,CRS013,4,quiz,25,22.0,2024-09-18,2024-09-23
ASM007974,STU0452,CRS013,4,assignment,50,32.5,2024-09-18,2024-09-18
ASM007975,STU0452,CRS013,5,quiz,25,15.2,2024-10-23,2024-10-28
ASM007976,STU0452,CRS013,5,assignment,50,26.3,2024-10-23,2024-10-24
ASM007977,STU0452,CRS013,6,quiz,25,14.4,2024-11-23,2024-11-26
ASM007978,STU0452,CRS013,6,assignment,50,25.7,2024-11-23,2024-11-20
ASM007979,STU0452,CRS013,6,project,100,52.0,2024-11-11,2024-11-11
ASM007980,STU0452,CRS013,7,quiz,25,14.7,2024-10-26,2024-10-28
ASM007981,STU0452,CRS013,7,assignment,50,27.8,2024-12-07,2024-12-07
ASM007982,STU0452,CRS013,8,quiz,25,24.2,2025-01-04,2025-01-04
ASM007983,STU0452,CRS013,8,assignment,50,45.5,2024-11-17,2024-11-14
ASM007984,STU0452,CRS013,8,exam,100,85.0,2024-12-19,2024-12-21
ASM007985,STU0453,CRS008,1,quiz,25,5.5,2023-03-21,2023-03-20
ASM007986,STU0453,CRS008,1,assignment,50,36.1,2023-03-17,2023-03-17
ASM007987,STU0453,CRS008,2,quiz,25,17.5,2023-04-12,2023-04-12
ASM007988,STU0453,CRS008,2,assignment,50,22.9,2023-04-06,2023-04-03
ASM007989,STU0453,CRS008,3,quiz,25,19.5,2023-04-21,2023-04-24
ASM007990,STU0453,CRS008,3,assignment,50,29.8,2023-05-03,2023-04-30
ASM007991,STU0453,CRS008,3,project,100,75.2,2023-04-21,2023-04-20
ASM007992,STU0453,CRS008,4,quiz,25,18.3,2023-05-12,2023-05-10
ASM007993,STU0453,CRS008,4,assignment,50,47.9,2023-05-20,2023-05-27
ASM007994,STU0453,CRS008,5,quiz,25,19.9,2023-05-10,2023-05-09
ASM007995,STU0453,CRS008,5,assignment,50,26.2,2023-06-09,2023-06-11
ASM007996,STU0453,CRS008,6,quiz,25,17.2,2023-05-30,2023-05-31
ASM007997,STU0453,CRS008,6,assignment,50,40.6,2023-05-24,2023-05-24
ASM007998,STU0453,CRS008,6,project,100,56.8,2023-05-30,2023-05-31
ASM007999,STU0453,CRS008,6,exam,100,89.4,2023-05-24,2023-05-22
ASM008000,STU0454,CRS009,1,quiz,25,16.1,2023-08-12,2023-08-11
ASM008001,STU0454,CRS009,1,assignment,50,32.9,2023-08-08,2023-08-07
ASM008002,STU0454,CRS009,2,quiz,25,17.5,2023-08-29,2023-08-26
ASM008003,STU0454,CRS009,2,assignment,50,41.2,2023-08-29,2023-08-29
ASM008004,STU0454,CRS009,3,quiz,25,14.9,2023-09-16,2023-09-19
ASM008005,STU0454,CRS009,3,assignment,50,21.6,2023-09-22,2023-09-24
ASM008006,STU0454,CRS009,3,project,100,40.0,2023-09-16,2023-09-16
ASM008007,STU0454,CRS009,4,quiz,25,19.0,2023-09-22,2023-09-22
ASM008008,STU0454,CRS009,4,assignment,50,28.5,2023-09-22,2023-09-19
ASM008009,STU0454,CRS009,5,quiz,25,11.4,2023-10-02,2023-10-07
ASM008010,STU0454,CRS009,5,assignment,50,35.3,2023-10-07,2023-10-07
ASM008011,STU0454,CRS009,6,quiz,25,12.5,2023-11-03,2023-11-04
ASM008012,STU0454,CRS009,6,assignment,50,49.0,2023-11-03,2023-11-05
ASM008013,STU0454,CRS009,6,project,100,98.0,2023-10-16,2023-10-16
ASM008014,STU0454,CRS009,7,quiz,25,22.5,2023-11-06,2023-11-06
ASM008015,STU0454,CRS009,7,assignment,50,39.8,2023-12-11,2023-12-13
ASM008016,STU0454,CRS009,8,quiz,25,16.1,2023-11-13,2023-11-12
ASM008017,STU0454,CRS009,8,assignment,50,26.6,2023-11-21,2023-11-20
ASM008018,STU0454,CRS009,9,quiz,25,24.5,2024-01-11,2024-01-11
ASM008019,STU0454,CRS009,9,assignment,50,33.4,2024-01-20,2024-01-20
ASM008020,STU0454,CRS009,9,project,100,78.0,2024-01-02,2024-01-03
ASM008021,STU0454,CRS009,10,quiz,25,20.1,2024-02-09,2024-02-16
ASM008022,STU0454,CRS009,10,assignment,50,28.6,2023-12-31,2023-12-30
ASM008023,STU0454,CRS009,11,quiz,25,12.7,2024-01-05,2024-01-05
ASM008024,STU0454,CRS009,11,assignment,50,17.5,2024-01-27,2024-01-27
ASM008025,STU0454,CRS009,12,quiz,25,16.4,2024-01-08,2024-01-11
ASM008026,STU0454,CRS009,12,assignment,50,24.7,2024-02-01,2024-02-01
ASM008027,STU0454,CRS009,12,project,100,68.9,2024-03-20,2024-03-27
ASM008028,STU0454,CRS009,12,exam,100,82.3,2024-01-20,2024-01-27
ASM008029,STU0455,CRS005,1,quiz,25,14.2,2024-03-23,2024-03-24
ASM008030,STU0455,CRS005,1,assignment,50,33.6,2024-03-23,2024-03-22
ASM008031,STU0455,CRS005,2,quiz,25,15.4,2024-04-07,2024-04-09
ASM008032,STU0455,CRS005,2,assignment,50,27.6,2024-04-13,2024-04-14
ASM008033,STU0455,CRS005,3,quiz,25,18.7,2024-04-19,2024-04-24
ASM008034,STU0455,CRS005,3,assignment,50,46.6,2024-04-28,2024-04-30
ASM008035,STU0455,CRS005,3,project,100,78.2,2024-05-01,2024-05-04
ASM008036,STU0455,CRS005,4,quiz,25,15.6,2024-05-05,2024-05-08
ASM008037,STU0455,CRS005,4,assignment,50,28.9,2024-05-21,2024-05-21
ASM008038,STU0455,CRS005,5,quiz,25,13.3,2024-05-16,2024-05-23
ASM008039,STU0455,CRS005,5,assignment,50,33.9,2024-05-26,2024-05-25
ASM008040,STU0455,CRS005,6,quiz,25,18.5,2024-07-06,2024-07-11
ASM008041,STU0455,CRS005,6,assignment,50,33.5,2024-06-30,2024-06-30
ASM008042,STU0455,CRS005,6,project,100,65.4,2024-06-24,2024-06-24
ASM008043,STU0455,CRS005,7,quiz,25,16.8,2024-06-15,2024-06-15
ASM008044,STU0455,CRS005,7,assignment,50,40.3,2024-06-22,2024-06-20
ASM008045,STU0455,CRS005,8,quiz,25,13.9,2024-06-30,2024-06-30
ASM008046,STU0455,CRS005,8,assignment,50,40.1,2024-07-16,2024-07-21
ASM008047,STU0455,CRS005,8,exam,100,50.7,2024-08-01,2024-08-03
ASM008048,STU0456,CRS012,1,quiz,25,19.1,2024-08-11,2024-08-08
ASM008049,STU0456,CRS012,1,assignment,50,27.0,2024-08-08,2024-08-09
ASM008050,STU0456,CRS012,2,quiz,25,13.4,2024-09-01,2024-08-29
ASM008051,STU0456,CRS012,2,assignment,50,33.6,2024-08-24,2024-08-24
ASM008052,STU0456,CRS012,3,quiz,25,22.9,2024-09-22,2024-09-23
ASM008053,STU0456,CRS012,3,assignment,50,41.5,2024-09-04,2024-09-05
ASM008054,STU0456,CRS012,3,project,100,63.4,2024-09-07,2024-09-07
ASM008055,STU0456,CRS012,4,quiz,25,17.2,2024-09-23,2024-09-24
ASM008056,STU0456,CRS012,4,assignment,50,30.1,2024-09-15,2024-09-16
ASM008057,STU0456,CRS012,5,quiz,25,17.6,2024-10-09,2024-10-09
ASM008058,STU0456,CRS012,5,assignment,50,33.4,2024-10-04,2024-10-06
ASM008059,STU0456,CRS012,6,quiz,25,16.2,2024-10-19,2024-10-20
ASM008060,STU0456,CRS012,6,assignment,50,28.7,2024-11-12,2024-11-12
ASM008061,STU0456,CRS012,6,project,100,54.9,2024-11-18,2024-11-16
ASM008062,STU0456,CRS012,7,quiz,25,14.7,2024-11-24,2024-11-26
ASM008063,STU0456,CRS012,7,assignment,50,38.1,2024-11-03,2024-11-01
ASM008064,STU0456,CRS012,7,exam,100,71.8,2024-10-27,2024-10-28
ASM008065,STU0457,CRS010,1,quiz,25,19.3,2023-02-28,2023-03-01
ASM008066,STU0457,CRS010,1,assignment,50,49.0,2023-03-04,2023-03-06
ASM008067,STU0457,CRS010,2,quiz,25,12.6,2023-03-12,2023-03-14
ASM008068,STU0457,CRS010,2,assignment,50,15.1,2023-03-24,2023-03-24
ASM008069,STU0457,CRS010,3,quiz,25,16.6,2023-04-04,2023-04-05
ASM008070,STU0457,CRS010,3,assignment,50,35.6,2023-04-07,2023-04-07
ASM008071,STU0457,CRS010,3,project,100,83.9,2023-04-16,2023-04-17
ASM008072,STU0457,CRS010,4,quiz,25,14.5,2023-04-21,2023-04-22
ASM008073,STU0457,CRS010,4,assignment,50,49.0,2023-05-03,2023-05-06
ASM008074,STU0457,CRS010,5,quiz,25,11.8,2023-05-23,2023-05-21
ASM008075,STU0457,CRS010,5,assignment,50,49.0,2023-05-03,2023-05-01
ASM008076,STU0457,CRS010,6,quiz,25,22.3,2023-05-19,2023-05-22
ASM008077,STU0457,CRS010,6,assignment,50,32.5,2023-05-07,2023-05-07
ASM008078,STU0457,CRS010,6,project,100,43.0,2023-06-12,2023-06-14
ASM008079,STU0457,CRS010,7,quiz,25,22.1,2023-05-28,2023-05-28
ASM008080,STU0457,CRS010,7,assignment,50,37.4,2023-06-11,2023-06-13
ASM008081,STU0457,CRS010,8,quiz,25,16.1,2023-06-20,2023-06-19
ASM008082,STU0457,CRS010,8,assignment,50,37.0,2023-07-22,2023-07-23
ASM008083,STU0457,CRS010,9,quiz,25,13.7,2023-08-11,2023-08-11
ASM008084,STU0457,CRS010,9,assignment,50,44.0,2023-06-27,2023-06-27
ASM008085,STU0457,CRS010,9,project,100,78.4,2023-08-20,2023-08-20
ASM008086,STU0457,CRS010,10,quiz,25,16.6,2023-08-01,2023-08-03
ASM008087,STU0457,CRS010,10,assignment,50,31.2,2023-07-12,2023-07-13
ASM008088,STU0457,CRS010,10,exam,100,38.7,2023-08-21,2023-08-19
ASM008089,STU0458,CRS009,1,quiz,25,13.2,2023-08-06,2023-08-09
ASM008090,STU0458,CRS009,1,assignment,50,25.6,2023-08-11,2023-08-16
ASM008091,STU0458,CRS009,2,quiz,25,12.2,2023-08-22,2023-08-22
ASM008092,STU0458,CRS009,2,assignment,50,26.5,2023-08-26,2023-08-27
ASM008093,STU0458,CRS009,3,quiz,25,17.7,2023-09-16,2023-09-18
ASM008094,STU0458,CRS009,3,assignment,50,37.5,2023-09-07,2023-09-12
ASM008095,STU0458,CRS009,3,project,100,63.6,2023-09-19,2023-09-21
ASM008096,STU0458,CRS009,4,quiz,25,23.1,2023-10-01,2023-10-03
ASM008097,STU0458,CRS009,4,assignment,50,32.3,2023-09-27,2023-09-29
ASM008098,STU0458,CRS009,5,quiz,25,11.5,2023-10-29,2023-10-29
ASM008099,STU0458,CRS009,5,assignment,50,33.8,2023-10-04,2023-10-02
ASM008100,STU0458,CRS009,6,quiz,25,13.1,2023-10-13,2023-10-13
ASM008101,STU0458,CRS009,6,assignment,50,24.6,2023-10-13,2023-10-14
ASM008102,STU0458,CRS009,6,project,100,63.0,2023-11-24,2023-11-24
ASM008103,STU0458,CRS009,7,quiz,25,12.4,2023-12-01,2023-12-01
ASM008104,STU0458,CRS009,7,assignment,50,43.5,2023-10-27,2023-10-29
ASM008105,STU0458,CRS009,8,quiz,25,18.8,2023-12-28,2023-12-29
ASM008106,STU0458,CRS009,8,assignment,50,41.4,2024-01-05,2024-01-10
ASM008107,STU0458,CRS009,9,quiz,25,15.0,2023-11-24,2023-11-23
ASM008108,STU0458,CRS009,9,assignment,50,35.7,2023-12-12,2023-12-09
ASM008109,STU0458,CRS009,9,project,100,84.4,2023-12-30,2024-01-06
ASM008110,STU0458,CRS009,10,quiz,25,14.8,2023-12-18,2023-12-18
ASM008111,STU0458,CRS009,10,assignment,50,37.5,2024-02-06,2024-02-06
ASM008112,STU0458,CRS009,11,quiz,25,16.6,2024-02-15,2024-02-15
ASM008113,STU0458,CRS009,11,assignment,50,45.1,2024-01-02,2024-01-02
ASM008114,STU0458,CRS009,12,quiz,25,16.5,2024-03-05,2024-03-06
ASM008115,STU0458,CRS009,12,assignment,50,33.9,2024-03-29,2024-03-29
ASM008116,STU0458,CRS009,12,project,100,84.6,2024-02-10,2024-02-11
ASM008117,STU0458,CRS009,12,exam,100,74.4,2024-03-05,2024-03-12
ASM008118,STU0459,CRS006,1,quiz,25,13.1,2024-03-01,2024-02-28
ASM008119,STU0459,CRS006,1,assignment,50,19.5,2024-02-27,2024-02-26
ASM008120,STU0459,CRS006,2,quiz,25,18.3,2024-03-12,2024-03-10
ASM008121,STU0459,CRS006,2,assignment,50,42.2,2024-03-16,2024-03-23
ASM008122,STU0459,CRS006,3,quiz,25,15.1,2024-04-02,2024-04-03
ASM008123,STU0459,CRS006,3,assignment,50,18.6,2024-04-11,2024-04-09
ASM008124,STU0459,CRS006,3,project,100,98.0,2024-04-14,2024-04-17
ASM008125,STU0459,CRS006,4,quiz,25,12.5,2024-04-11,2024-04-09
ASM008126,STU0459,CRS006,4,assignment,50,41.1,2024-04-15,2024-04-14
ASM008127,STU0459,CRS006,5,quiz,25,12.1,2024-04-21,2024-04-23
ASM008128,STU0459,CRS006,5,assignment,50,30.2,2024-05-06,2024-05-03
ASM008129,STU0459,CRS006,6,quiz,25,18.0,2024-05-17,2024-05-17
ASM008130,STU0459,CRS006,6,assignment,50,38.4,2024-05-17,2024-05-17
ASM008131,STU0459,CRS006,6,project,100,70.8,2024-05-23,2024-05-30
ASM008132,STU0459,CRS006,7,quiz,25,13.9,2024-05-26,2024-05-23
ASM008133,STU0459,CRS006,7,assignment,50,26.5,2024-07-07,2024-07-08
ASM008134,STU0459,CRS006,8,quiz,25,15.8,2024-06-18,2024-06-19
ASM008135,STU0459,CRS006,8,assignment,50,47.7,2024-06-26,2024-06-27
ASM008136,STU0459,CRS006,9,quiz,25,15.4,2024-07-22,2024-07-22
ASM008137,STU0459,CRS006,9,assignment,50,31.5,2024-07-04,2024-07-03
ASM008138,STU0459,CRS006,9,project,100,65.4,2024-08-18,2024-08-20
ASM008139,STU0459,CRS006,10,quiz,25,7.9,2024-08-09,2024-08-07
ASM008140,STU0459,CRS006,10,assignment,50,35.7,2024-07-10,2024-07-10
ASM008141,STU0459,CRS006,10,exam,100,55.2,2024-07-20,2024-07-20
ASM008142,STU0460,CRS018,1,quiz,25,9.0,2024-09-02,2024-09-03
ASM008143,STU0460,CRS018,1,assignment,50,22.2,2024-09-04,2024-09-02
ASM008144,STU0460,CRS018,2,quiz,25,11.1,2024-09-23,2024-09-23
ASM008145,STU0460,CRS018,2,assignment,50,30.1,2024-09-13,2024-09-10
ASM008146,STU0460,CRS018,3,quiz,25,17.6,2024-09-30,2024-10-01
ASM008147,STU0460,CRS018,3,assignment,50,45.2,2024-10-09,2024-10-10
ASM008148,STU0460,CRS018,3,project,100,91.7,2024-10-06,2024-10-07
ASM008149,STU0460,CRS018,4,quiz,25,21.2,2024-10-11,2024-10-10
ASM008150,STU0460,CRS018,4,assignment,50,33.2,2024-10-19,2024-10-18
ASM008151,STU0460,CRS018,5,quiz,25,14.4,2024-10-25,2024-10-24
ASM008152,STU0460,CRS018,5,assignment,50,27.1,2024-11-09,2024-11-10
ASM008153,STU0460,CRS018,6,quiz,25,14.3,2024-11-20,2024-11-23
ASM008154,STU0460,CRS018,6,assignment,50,27.9,2024-12-20,2024-12-20
ASM008155,STU0460,CRS018,6,project,100,95.5,2024-11-26,2024-11-26
ASM008156,STU0460,CRS018,7,quiz,25,15.3,2024-12-06,2024-12-08
ASM008157,STU0460,CRS018,7,assignment,50,39.6,2024-11-22,2024-11-25
ASM008158,STU0460,CRS018,7,exam,100,77.1,2025-01-03,2025-01-02
ASM008159,STU0461,CRS001,1,quiz,25,17.6,2023-02-09,2023-02-11
ASM008160,STU0461,CRS001,1,assignment,50,20.4,2023-02-10,2023-02-11
ASM008161,STU0461,CRS001,2,quiz,25,16.3,2023-02-25,2023-02-22
ASM008162,STU0461,CRS001,2,assignment,50,33.0,2023-02-27,2023-02-26
ASM008163,STU0461,CRS001,3,quiz,25,18.3,2023-03-15,2023-03-13
ASM008164,STU0461,CRS001,3,assignment,50,33.0,2023-03-21,2023-03-20
ASM008165,STU0461,CRS001,3,project,100,59.2,2023-03-24,2023-03-21
ASM008166,STU0461,CRS001,4,quiz,25,12.8,2023-04-06,2023-04-06
ASM008167,STU0461,CRS001,4,assignment,50,26.7,2023-03-21,2023-03-21
ASM008168,STU0461,CRS001,5,quiz,25,11.9,2023-04-20,2023-04-18
ASM008169,STU0461,CRS001,5,assignment,50,32.9,2023-04-30,2023-05-02
ASM008170,STU0461,CRS001,6,quiz,25,16.6,2023-04-26,2023-04-25
ASM008171,STU0461,CRS001,6,assignment,50,31.8,2023-04-20,2023-04-20
ASM008172,STU0461,CRS001,6,project,100,68.1,2023-05-20,2023-05-21
ASM008173,STU0461,CRS001,7,quiz,25,15.7,2023-06-09,2023-06-07
ASM008174,STU0461,CRS001,7,assignment,50,26.7,2023-06-02,2023-06-04
ASM008175,STU0461,CRS001,8,quiz,25,14.0,2023-06-21,2023-06-21
ASM008176,STU0461,CRS001,8,assignment,50,19.3,2023-05-28,2023-05-29
ASM008177,STU0461,CRS001,8,exam,100,71.2,2023-05-12,2023-05-12
ASM008178,STU0462,CRS003,1,quiz,25,13.7,2023-09-12,2023-09-13
ASM008179,STU0462,CRS003,1,assignment,50,45.5,2023-09-09,2023-09-08
ASM008180,STU0462,CRS003,2,quiz,25,12.7,2023-09-27,2023-09-27
ASM008181,STU0462,CRS003,2,assignment,50,22.8,2023-10-01,2023-09-30
ASM008182,STU0462,CRS003,3,quiz,25,23.9,2023-10-12,2023-10-12
ASM008183,STU0462,CRS003,3,assignment,50,49.0,2023-10-03,2023-10-05
ASM008184,STU0462,CRS003,3,project,100,85.7,2023-10-09,2023-10-11
ASM008185,STU0462,CRS003,4,quiz,25,13.6,2023-11-06,2023-11-06
ASM008186,STU0462,CRS003,4,assignment,50,34.7,2023-11-14,2023-11-15
ASM008187,STU0462,CRS003,5,quiz,25,18.6,2023-11-10,2023-11-10
ASM008188,STU0462,CRS003,5,assignment,50,49.0,2023-11-20,2023-11-20
ASM008189,STU0462,CRS003,5,exam,100,98.0,2023-10-31,2023-11-07
ASM008190,STU0463,CRS011,1,quiz,25,17.5,2024-03-29,2024-03-31
ASM008191,STU0463,CRS011,1,assignment,50,28.7,2024-03-24,2024-03-25
ASM008192,STU0463,CRS011,2,quiz,25,15.0,2024-04-19,2024-04-17
ASM008193,STU0463,CRS011,2,assignment,50,40.9,2024-04-15,2024-04-17
ASM008194,STU0463,CRS011,3,quiz,25,20.8,2024-04-30,2024-04-30
ASM008195,STU0463,CRS011,3,assignment,50,34.0,2024-05-06,2024-05-13
ASM008196,STU0463,CRS011,3,project,100,38.7,2024-05-06,2024-05-06
ASM008197,STU0463,CRS011,4,quiz,25,15.9,2024-05-13,2024-05-10
ASM008198,STU0463,CRS011,4,assignment,50,24.1,2024-05-29,2024-05-29
ASM008199,STU0463,CRS011,5,quiz,25,9.4,2024-06-23,2024-06-23
ASM008200,STU0463,CRS011,5,assignment,50,21.5,2024-05-24,2024-05-25
ASM008201,STU0463,CRS011,6,quiz,25,17.2,2024-07-14,2024-07-21
ASM008202,STU0463,CRS011,6,assignment,50,26.4,2024-06-26,2024-06-28
ASM008203,STU0463,CRS011,6,project,100,87.9,2024-07-14,2024-07-14
ASM008204,STU0463,CRS011,7,quiz,25,23.4,2024-07-21,2024-07-23
ASM008205,STU0463,CRS011,7,assignment,50,23.8,2024-06-23,2024-06-21
ASM008206,STU0463,CRS011,8,quiz,25,19.9,2024-08-09,2024-08-16
ASM008207,STU0463,CRS011,8,assignment,50,47.2,2024-08-25,2024-08-30
ASM008208,STU0463,CRS011,9,quiz,25,18.1,2024-08-28,2024-08-29
ASM008209,STU0463,CRS011,9,assignment,50,33.5,2024-08-01,2024-07-31
ASM008210,STU0463,CRS011,9,project,100,53.1,2024-09-06,2024-09-04
ASM008211,STU0463,CRS011,10,quiz,25,9.4,2024-08-27,2024-08-26
ASM008212,STU0463,CRS011,10,assignment,50,38.6,2024-08-17,2024-08-18
ASM008213,STU0463,CRS011,10,exam,100,86.0,2024-08-27,2024-08-24
ASM008214,STU0464,CRS010,1,quiz,25,15.9,2024-08-30,2024-09-04
ASM008215,STU0464,CRS010,1,assignment,50,31.1,2024-08-25,2024-08-26
ASM008216,STU0464,CRS010,2,quiz,25,10.4,2024-09-21,2024-09-21
ASM008217,STU0464,CRS010,2,assignment,50,18.7,2024-09-11,2024-09-11
ASM008218,STU0464,CRS010,3,quiz,25,8.6,2024-10-09,2024-10-14
ASM008219,STU0464,CRS010,3,assignment,50,25.9,2024-09-30,2024-09-29
ASM008220,STU0464,CRS010,3,project,100,38.2,2024-10-06,2024-10-09
ASM008221,STU0464,CRS010,4,quiz,25,15.1,2024-10-13,2024-10-13
ASM008222,STU0464,CRS010,4,assignment,50,9.5,2024-10-29,2024-10-29
ASM008223,STU0464,CRS010,5,quiz,25,17.1,2024-10-24,2024-10-24
ASM008224,STU0464,CRS010,5,assignment,50,17.0,2024-11-23,2024-11-23
ASM008225,STU0464,CRS010,6,quiz,25,21.2,2024-11-20,2024-11-18
ASM008226,STU0464,CRS010,6,assignment,50,26.2,2024-11-02,2024-11-02
ASM008227,STU0464,CRS010,6,project,100,27.3,2024-12-14,2024-12-14
ASM008228,STU0464,CRS010,7,quiz,25,7.9,2024-12-14,2024-12-16
ASM008229,STU0464,CRS010,7,assignment,50,43.2,2024-12-21,2024-12-21
ASM008230,STU0464,CRS010,7,exam,100,49.6,2024-12-14,2024-12-13
ASM008231,STU0465,CRS003,1,quiz,25,8.9,2023-03-16,2023-03-16
ASM008232,STU0465,CRS003,1,assignment,50,24.2,2023-03-22,2023-03-20
ASM008233,STU0465,CRS003,2,quiz,25,17.1,2023-04-09,2023-04-08
ASM008234,STU0465,CRS003,2,assignment,50,47.8,2023-04-09,2023-04-16
ASM008235,STU0465,CRS003,3,quiz,25,24.2,2023-04-16,2023-04-17
ASM008236,STU0465,CRS003,3,assignment,50,35.6,2023-04-25,2023-04-24
ASM008237,STU0465,CRS003,3,project,100,20.4,2023-04-22,2023-04-27
ASM008238,STU0465,CRS003,4,quiz,25,15.1,2023-04-27,2023-04-27
ASM008239,STU0465,CRS003,4,assignment,50,38.5,2023-05-21,2023-05-21
ASM008240,STU0465,CRS003,5,quiz,25,12.4,2023-05-26,2023-05-31
ASM008241,STU0465,CRS003,5,assignment,50,24.4,2023-06-15,2023-06-15
ASM008242,STU0465,CRS003,5,exam,100,37.2,2023-05-16,2023-05-16
ASM008243,STU0466,CRS008,1,quiz,25,17.0,2023-09-07,2023-09-14
ASM008244,STU0466,CRS008,1,assignment,50,40.0,2023-09-03,2023-09-03
ASM008245,STU0466,CRS008,2,quiz,25,10.0,2023-09-23,2023-09-21
ASM008246,STU0466,CRS008,2,assignment,50,37.2,2023-10-01,2023-10-01
ASM008247,STU0466,CRS008,3,quiz,25,21.9,2023-10-19,2023-10-17
ASM008248,STU0466,CRS008,3,assignment,50,26.4,2023-10-10,2023-10-10
ASM008249,STU0466,CRS008,3,project,100,86.4,2023-10-01,2023-10-02
ASM008250,STU0466,CRS008,4,quiz,25,16.3,2023-10-27,2023-10-27
ASM008251,STU0466,CRS008,4,assignment,50,37.1,2023-10-23,2023-10-21
ASM008252,STU0466,CRS008,5,quiz,25,23.0,2023-11-23,2023-11-22
ASM008253,STU0466,CRS008,5,assignment,50,22.4,2023-11-13,2023-11-18
ASM008254,STU0466,CRS008,6,quiz,25,19.5,2023-12-12,2023-12-10
ASM008255,STU0466,CRS008,6,assignment,50,38.1,2023-12-12,2023-12-13
ASM008256,STU0466,CRS008,6,project,100,68.1,2023-11-18,2023-11-20
ASM008257,STU0466,CRS008,6,exam,100,57.7,2023-11-24,2023-11-29
ASM008258,STU0467,CRS013,1,quiz,25,12.1,2024-02-11,2024-02-10
ASM008259,STU0467,CRS013,1,assignment,50,28.7,2024-02-11,2024-02-11
ASM008260,STU0467,CRS013,2,quiz,25,12.7,2024-02-24,2024-02-23
ASM008261,STU0467,CRS013,2,assignment,50,30.0,2024-03-07,2024-03-06
ASM008262,STU0467,CRS013,3,quiz,25,15.4,2024-03-13,2024-03-20
ASM008263,STU0467,CRS013,3,assignment,50,25.0,2024-03-16,2024-03-15
ASM008264,STU0467,CRS013,3,project,100,66.2,2024-03-22,2024-03-25
ASM008265,STU0467,CRS013,4,quiz,25,14.6,2024-04-02,2024-04-03
ASM008266,STU0467,CRS013,4,assignment,50,40.1,2024-04-18,2024-04-25
ASM008267,STU0467,CRS013,5,quiz,25,17.0,2024-04-04,2024-04-09
ASM008268,STU0467,CRS013,5,assignment,50,34.6,2024-04-09,2024-04-09
ASM008269,STU0467,CRS013,6,quiz,25,19.7,2024-04-24,2024-04-23
ASM008270,STU0467,CRS013,6,assignment,50,31.4,2024-05-18,2024-05-18
ASM008271,STU0467,CRS013,6,project,100,73.1,2024-05-30,2024-06-01
ASM008272,STU0467,CRS013,7,quiz,25,18.0,2024-05-23,2024-05-28
ASM008273,STU0467,CRS013,7,assignment,50,40.6,2024-05-09,2024-05-16
ASM008274,STU0467,CRS013,8,quiz,25,21.7,2024-05-16,2024-05-18
ASM008275,STU0467,CRS013,8,assignment,50,32.1,2024-06-25,2024-06-22
ASM008276,STU0467,CRS013,8,exam,100,56.6,2024-06-01,2024-05-31
ASM008277,STU0468,CRS010,1,quiz,25,13.1,2024-08-17,2024-08-22
ASM008278,STU0468,CRS010,1,assignment,50,30.8,2024-08-15,2024-08-15
ASM008279,STU0468,CRS010,2,quiz,25,12.3,2024-09-06,2024-09-05
ASM008280,STU0468,CRS010,2,assignment,50,29.5,2024-08-29,2024-09-03
ASM008281,STU0468,CRS010,3,quiz,25,17.8,2024-09-27,2024-09-27
ASM008282,STU0468,CRS010,3,assignment,50,24.9,2024-09-27,2024-09-25
ASM008283,STU0468,CRS010,3,project,100,64.0,2024-09-30,2024-09-29
ASM008284,STU0468,CRS010,4,quiz,25,16.7,2024-10-24,2024-10-24
ASM008285,STU0468,CRS010,4,assignment,50,35.2,2024-10-12,2024-10-17
ASM008286,STU0468,CRS010,5,quiz,25,22.6,2024-11-14,2024-11-14
ASM008287,STU0468,CRS010,5,assignment,50,26.8,2024-10-25,2024-10-25
ASM008288,STU0468,CRS010,6,quiz,25,14.2,2024-11-29,2024-11-26
ASM008289,STU0468,CRS010,6,assignment,50,36.6,2024-11-05,2024-11-06
ASM008290,STU0468,CRS010,6,project,100,48.8,2024-11-29,2024-11-30
ASM008291,STU0468,CRS010,7,quiz,25,7.1,2024-11-21,2024-11-26
ASM008292,STU0468,CRS010,7,assignment,50,42.0,2024-11-07,2024-11-06
ASM008293,STU0468,CRS010,7,exam,100,49.0,2024-11-21,2024-11-19
ASM008294,STU0469,CRS003,1,quiz,25,14.5,2023-02-13,2023-02-14
ASM008295,STU0469,CRS003,1,assignment,50,32.9,2023-02-14,2023-02-12
ASM008296,STU0469,CRS003,2,quiz,25,15.0,2023-03-08,2023-03-05
ASM008297,STU0469,CRS003,2,assignment,50,30.1,2023-02-24,2023-03-03
ASM008298,STU0469,CRS003,3,quiz,25,13.8,2023-03-08,2023-03-07
ASM008299,STU0469,CRS003,3,assignment,50,24.9,2023-03-17,2023-03-16
ASM008300,STU0469,CRS003,3,project,100,52.2,2023-03-29,2023-04-01
ASM008301,STU0469,CRS003,4,quiz,25,15.5,2023-03-26,2023-03-26
ASM008302,STU0469,CRS003,4,assignment,50,21.2,2023-04-03,2023-04-04
ASM008303,STU0469,CRS003,5,quiz,25,10.6,2023-04-20,2023-04-20
ASM008304,STU0469,CRS003,5,assignment,50,19.6,2023-04-15,2023-04-15
ASM008305,STU0469,CRS003,5,exam,100,58.2,2023-05-05,2023-05-07
ASM008306,STU0470,CRS014,1,quiz,25,14.9,2023-08-22,2023-08-21
ASM008307,STU0470,CRS014,1,assignment,50,36.8,2023-08-24,2023-08-22
ASM008308,STU0470,CRS014,2,quiz,25,20.4,2023-08-31,2023-09-03
ASM008309,STU0470,CRS014,2,assignment,50,19.4,2023-09-04,2023-09-07
ASM008310,STU0470,CRS014,3,quiz,25,15.8,2023-10-05,2023-10-06
ASM008311,STU0470,CRS014,3,assignment,50,39.5,2023-09-20,2023-09-20
ASM008312,STU0470,CRS014,3,project,100,69.9,2023-09-29,2023-09-29
ASM008313,STU0470,CRS014,4,quiz,25,24.4,2023-10-26,2023-10-28
ASM008314,STU0470,CRS014,4,assignment,50,19.2,2023-09-28,2023-09-28
ASM008315,STU0470,CRS014,5,quiz,25,11.7,2023-10-22,2023-10-21
ASM008316,STU0470,CRS014,5,assignment,50,18.2,2023-10-12,2023-10-19
ASM008317,STU0470,CRS014,6,quiz,25,14.9,2023-11-07,2023-11-07
ASM008318,STU0470,CRS014,6,assignment,50,31.1,2023-11-19,2023-11-18
ASM008319,STU0470,CRS014,6,project,100,56.4,2023-12-01,2023-12-01
ASM008320,STU0470,CRS014,6,exam,100,60.3,2023-11-19,2023-11-19
ASM008321,STU0471,CRS003,1,quiz,25,10.3,2024-02-21,2024-02-23
ASM008322,STU0471,CRS003,1,assignment,50,39.4,2024-02-21,2024-02-22
ASM008323,STU0471,CRS003,2,quiz,25,15.1,2024-03-14,2024-03-14
ASM008324,STU0471,CRS003,2,assignment,50,26.0,2024-03-16,2024-03-15
ASM008325,STU0471,CRS003,3,quiz,25,9.7,2024-04-10,2024-04-09
ASM008326,STU0471,CRS003,3,assignment,50,28.2,2024-04-10,2024-04-10
ASM008327,STU0471,CRS003,3,project,100,92.8,2024-04-01,2024-03-29
ASM008328,STU0471,CRS003,4,quiz,25,16.4,2024-04-19,2024-04-19
ASM008329,STU0471,CRS003,4,assignment,50,33.0,2024-05-01,2024-05-01
ASM008330,STU0471,CRS003,5,quiz,25,14.8,2024-05-17,2024-05-15
ASM008331,STU0471,CRS003,5,assignment,50,36.9,2024-05-22,2024-05-29
ASM008332,STU0471,CRS003,5,exam,100,77.6,2024-05-17,2024-05-17
ASM008333,STU0472,CRS016,1,quiz,25,24.5,2024-09-07,2024-09-07
ASM008334,STU0472,CRS016,1,assignment,50,31.2,2024-09-06,2024-09-07
ASM008335,STU0472,CRS016,2,quiz,25,16.0,2024-10-01,2024-09-30
ASM008336,STU0472,CRS016,2,assignment,50,32.7,2024-09-25,2024-09-28
ASM008337,STU0472,CRS016,3,quiz,25,17.3,2024-10-06,2024-10-07
ASM008338,STU0472,CRS016,3,assignment,50,31.7,2024-10-21,2024-10-22
ASM008339,STU0472,CRS016,3,project,100,77.0,2024-10-21,2024-10-21
ASM008340,STU0472,CRS016,4,quiz,25,16.5,2024-11-10,2024-11-10
ASM008341,STU0472,CRS016,4,assignment,50,24.9,2024-11-14,2024-11-21
ASM008342,STU0472,CRS016,5,quiz,25,14.2,2024-11-05,2024-11-03
ASM008343,STU0472,CRS016,5,assignment,50,43.6,2024-11-15,2024-11-18
ASM008344,STU0472,CRS016,6,quiz,25,11.0,2024-12-08,2024-12-06
ASM008345,STU0472,CRS016,6,assignment,50,22.9,2024-12-14,2024-12-13
ASM008346,STU0472,CRS016,6,project,100,84.6,2024-11-20,2024-11-22
ASM008347,STU0472,CRS016,6,exam,100,25.7,2024-11-14,2024-11-12
ASM008348,STU0473,CRS015,1,quiz,25,8.7,2023-02-08,2023-02-08
ASM008349,STU0473,CRS015,1,assignment,50,29.5,2023-02-11,2023-02-08
ASM008350,STU0473,CRS015,2,quiz,25,11.4,2023-03-02,2023-03-02
ASM008351,STU0473,CRS015,2,assignment,50,42.3,2023-02-20,2023-02-20
ASM008352,STU0473,CRS015,3,quiz,25,17.5,2023-03-07,2023-03-08
ASM008353,STU0473,CRS015,3,assignment,50,30.9,2023-03-04,2023-03-04
ASM008354,STU0473,CRS015,3,project,100,79.4,2023-03-13,2023-03-13
ASM008355,STU0473,CRS015,4,quiz,25,12.2,2023-04-07,2023-04-08
ASM008356,STU0473,CRS015,4,assignment,50,26.8,2023-03-26,2023-03-27
ASM008357,STU0473,CRS015,5,quiz,25,14.3,2023-04-21,2023-04-21
ASM008358,STU0473,CRS015,5,assignment,50,25.5,2023-04-06,2023-04-04
ASM008359,STU0473,CRS015,6,quiz,25,8.1,2023-04-15,2023-04-13
ASM008360,STU0473,CRS015,6,assignment,50,35.7,2023-05-27,2023-05-27
ASM008361,STU0473,CRS015,6,project,100,72.7,2023-05-15,2023-05-12
ASM008362,STU0473,CRS015,7,quiz,25,20.1,2023-05-13,2023-05-13
ASM008363,STU0473,CRS015,7,assignment,50,40.4,2023-05-27,2023-05-27
ASM008364,STU0473,CRS015,8,quiz,25,22.8,2023-06-06,2023-06-07
ASM008365,STU0473,CRS015,8,assignment,50,45.9,2023-05-29,2023-05-26
ASM008366,STU0473,CRS015,9,quiz,25,16.8,2023-07-29,2023-07-29
ASM008367,STU0473,CRS015,9,assignment,50,19.1,2023-07-29,2023-07-28
ASM008368,STU0473,CRS015,9,project,100,71.8,2023-07-11,2023-07-12
ASM008369,STU0473,CRS015,10,quiz,25,24.5,2023-08-09,2023-08-09
ASM008370,STU0473,CRS015,10,assignment,50,12.7,2023-07-20,2023-07-19
ASM008371,STU0473,CRS015,10,exam,100,44.8,2023-06-30,2023-06-30
ASM008372,STU0474,CRS001,1,quiz,25,20.8,2023-10-01,2023-10-02
ASM008373,STU0474,CRS001,1,assignment,50,38.9,2023-09-29,2023-09-27
ASM008374,STU0474,CRS001,2,quiz,25,18.1,2023-10-21,2023-10-23
ASM008375,STU0474,CRS001,2,assignment,50,48.0,2023-10-17,2023-10-17
ASM008376,STU0474,CRS001,3,quiz,25,18.2,2023-11-09,2023-11-07
ASM008377,STU0474,CRS001,3,assignment,50,49.0,2023-11-03,2023-11-02
ASM008378,STU0474,CRS001,3,project,100,45.3,2023-11-03,2023-11-06
ASM008379,STU0474,CRS001,4,quiz,25,11.6,2023-12-02,2023-12-04
ASM008380,STU0474,CRS001,4,assignment,50,39.7,2023-12-06,2023-12-06
ASM008381,STU0474,CRS001,5,quiz,25,22.5,2023-11-27,2023-11-28
ASM008382,STU0474,CRS001,5,assignment,50,23.5,2023-11-22,2023-11-24
ASM008383,STU0474,CRS001,6,quiz,25,17.1,2024-01-05,2024-01-05
ASM008384,STU0474,CRS001,6,assignment,50,16.2,2024-01-17,2024-01-17
ASM008385,STU0474,CRS001,6,project,100,40.3,2023-12-06,2023-12-08
ASM008386,STU0474,CRS001,7,quiz,25,15.4,2024-01-31,2024-01-31
ASM008387,STU0474,CRS001,7,assignment,50,30.5,2023-12-27,2023-12-26
ASM008388,STU0474,CRS001,8,quiz,25,15.6,2024-01-03,2024-01-02
ASM008389,STU0474,CRS001,8,assignment,50,39.5,2024-02-12,2024-02-12
ASM008390,STU0474,CRS001,8,exam,100,90.8,2024-02-12,2024-02-12
ASM008391,STU0475,CRS020,1,quiz,25,10.8,2024-02-26,2024-02-26
ASM008392,STU0475,CRS020,1,assignment,50,27.8,2024-02-28,2024-02-27
ASM008393,STU0475,CRS020,2,quiz,25,16.4,2024-03-15,2024-03-15
ASM008394,STU0475,CRS020,2,assignment,50,37.5,2024-03-21,2024-03-22
ASM008395,STU0475,CRS020,3,quiz,25,21.4,2024-03-24,2024-03-22
ASM008396,STU0475,CRS020,3,assignment,50,41.7,2024-03-21,2024-03-26
ASM008397,STU0475,CRS020,3,project,100,94.7,2024-04-05,2024-04-07
ASM008398,STU0475,CRS020,4,quiz,25,7.5,2024-04-20,2024-04-20
ASM008399,STU0475,CRS020,4,assignment,50,22.2,2024-04-28,2024-05-01
ASM008400,STU0475,CRS020,4,exam,100,48.0,2024-04-24,2024-04-24
ASM008401,STU0476,CRS011,1,quiz,25,12.6,2024-08-27,2024-08-25
ASM008402,STU0476,CRS011,1,assignment,50,41.7,2024-08-26,2024-08-26
ASM008403,STU0476,CRS011,2,quiz,25,12.4,2024-09-14,2024-09-12
ASM008404,STU0476,CRS011,2,assignment,50,20.4,2024-09-14,2024-09-15
ASM008405,STU0476,CRS011,3,quiz,25,18.8,2024-09-22,2024-09-25
ASM008406,STU0476,CRS011,3,assignment,50,33.8,2024-10-10,2024-10-09
ASM008407,STU0476,CRS011,3,project,100,90.1,2024-10-07,2024-10-08
ASM008408,STU0476,CRS011,4,quiz,25,14.1,2024-10-14,2024-10-11
ASM008409,STU0476,CRS011,4,assignment,50,40.2,2024-10-26,2024-10-25
ASM008410,STU0476,CRS011,5,quiz,25,8.8,2024-11-24,2024-11-29
ASM008411,STU0476,CRS011,5,assignment,50,34.6,2024-10-25,2024-10-26
ASM008412,STU0476,CRS011,6,quiz,25,17.5,2024-11-27,2024-11-27
ASM008413,STU0476,CRS011,6,assignment,50,23.0,2024-11-27,2024-11-28
ASM008414,STU0476,CRS011,6,project,100,60.1,2024-12-09,2024-12-06
ASM008415,STU0476,CRS011,7,quiz,25,24.5,2024-12-01,2024-12-01
ASM008416,STU0476,CRS011,7,assignment,50,23.5,2025-01-05,2025-01-06
ASM008417,STU0476,CRS011,8,quiz,25,24.5,2025-01-02,2025-01-03
ASM008418,STU0476,CRS011,8,assignment,50,31.0,2024-12-09,2024-12-08
ASM008419,STU0476,CRS011,8,exam,100,42.7,2024-12-09,2024-12-09
ASM008420,STU0477,CRS005,1,quiz,25,16.3,2023-02-21,2023-02-21
ASM008421,STU0477,CRS005,1,assignment,50,40.0,2023-02-19,2023-02-20
ASM008422,STU0477,CRS005,2,quiz,25,13.4,2023-03-15,2023-03-16
ASM008423,STU0477,CRS005,2,assignment,50,22.8,2023-03-17,2023-03-17
ASM008424,STU0477,CRS005,3,quiz,25,15.0,2023-04-07,2023-04-07
ASM008425,STU0477,CRS005,3,assignment,50,32.0,2023-03-29,2023-03-29
ASM008426,STU0477,CRS005,3,project,100,84.7,2023-03-29,2023-04-05
ASM008427,STU0477,CRS005,4,quiz,25,20.9,2023-04-12,2023-04-11
ASM008428,STU0477,CRS005,4,assignment,50,40.7,2023-04-08,2023-04-09
ASM008429,STU0477,CRS005,5,quiz,25,16.5,2023-04-29,2023-04-29
ASM008430,STU0477,CRS005,5,assignment,50,32.0,2023-05-09,2023-05-16
ASM008431,STU0477,CRS005,6,quiz,25,9.9,2023-06-03,2023-06-02
ASM008432,STU0477,CRS005,6,assignment,50,36.3,2023-05-04,2023-05-11
ASM008433,STU0477,CRS005,6,project,100,82.2,2023-05-16,2023-05-15
ASM008434,STU0477,CRS005,7,quiz,25,12.9,2023-05-12,2023-05-10
ASM008435,STU0477,CRS005,7,assignment,50,16.9,2023-06-09,2023-06-11
ASM008436,STU0477,CRS005,8,quiz,25,14.9,2023-07-21,2023-07-22
ASM008437,STU0477,CRS005,8,assignment,50,28.0,2023-07-13,2023-07-14
ASM008438,STU0477,CRS005,8,exam,100,48.9,2023-06-03,2023-06-10
ASM008439,STU0478,CRS007,1,quiz,25,10.5,2023-09-03,2023-09-03
ASM008440,STU0478,CRS007,1,assignment,50,40.6,2023-08-31,2023-09-03
ASM008441,STU0478,CRS007,2,quiz,25,16.7,2023-09-11,2023-09-18
ASM008442,STU0478,CRS007,2,assignment,50,30.5,2023-09-23,2023-09-23
ASM008443,STU0478,CRS007,3,quiz,25,24.1,2023-10-07,2023-10-07
ASM008444,STU0478,CRS007,3,assignment,50,14.9,2023-09-28,2023-09-28
ASM008445,STU0478,CRS007,3,project,100,26.2,2023-10-01,2023-10-02
ASM008446,STU0478,CRS007,4,quiz,25,19.4,2023-10-21,2023-10-20
ASM008447,STU0478,CRS007,4,assignment,50,37.9,2023-10-21,2023-10-23
ASM008448,STU0478,CRS007,5,quiz,25,15.6,2023-11-27,2023-11-25
ASM008449,STU0478,CRS007,5,assignment,50,36.5,2023-11-22,2023-11-23
ASM008450,STU0478,CRS007,6,quiz,25,19.5,2023-12-06,2023-12-06
ASM008451,STU0478,CRS007,6,assignment,50,42.5,2023-11-12,2023-11-14
ASM008452,STU0478,CRS007,6,project,100,80.5,2023-11-24,2023-11-24
ASM008453,STU0478,CRS007,7,quiz,25,19.6,2023-11-20,2023-11-20
ASM008454,STU0478,CRS007,7,assignment,50,23.1,2024-01-08,2024-01-08
ASM008455,STU0478,CRS007,8,quiz,25,12.8,2023-12-04,2023-12-09
ASM008456,STU0478,CRS007,8,assignment,50,36.5,2024-01-05,2024-01-05
ASM008457,STU0478,CRS007,8,exam,100,53.0,2024-01-13,2024-01-13
ASM008458,STU0479,CRS013,1,quiz,25,19.2,2024-02-23,2024-02-24
ASM008459,STU0479,CRS013,1,assignment,50,37.4,2024-02-22,2024-02-20
ASM008460,STU0479,CRS013,2,quiz,25,15.1,2024-03-07,2024-03-07
ASM008461,STU0479,CRS013,2,assignment,50,41.9,2024-03-05,2024-03-10
ASM008462,STU0479,CRS013,3,quiz,25,13.5,2024-04-04,2024-04-04
ASM008463,STU0479,CRS013,3,assignment,50,23.5,2024-03-17,2024-03-22
ASM008464,STU0479,CRS013,3,project,100,98.0,2024-03-29,2024-03-29
ASM008465,STU0479,CRS013,4,quiz,25,13.6,2024-04-16,2024-04-15
ASM008466,STU0479,CRS013,4,assignment,50,32.5,2024-04-16,2024-04-16
ASM008467,STU0479,CRS013,5,quiz,25,18.0,2024-04-14,2024-04-14
ASM008468,STU0479,CRS013,5,assignment,50,33.5,2024-04-29,2024-05-01
ASM008469,STU0479,CRS013,6,quiz,25,7.5,2024-05-10,2024-05-12
ASM008470,STU0479,CRS013,6,assignment,50,28.0,2024-06-09,2024-06-07
ASM008471,STU0479,CRS013,6,project,100,66.8,2024-05-10,2024-05-09
ASM008472,STU0479,CRS013,7,quiz,25,16.9,2024-06-23,2024-06-28
ASM008473,STU0479,CRS013,7,assignment,50,39.3,2024-06-23,2024-06-30
ASM008474,STU0479,CRS013,8,quiz,25,19.7,2024-07-21,2024-07-21
ASM008475,STU0479,CRS013,8,assignment,50,19.7,2024-06-11,2024-06-11
ASM008476,STU0479,CRS013,8,exam,100,58.1,2024-07-05,2024-07-04
ASM008477,STU0480,CRS016,1,quiz,25,15.4,2024-09-30,2024-09-30
ASM008478,STU0480,CRS016,1,assignment,50,7.1,2024-10-01,2024-09-29
ASM008479,STU0480,CRS016,2,quiz,25,16.8,2024-10-26,2024-10-26
ASM008480,STU0480,CRS016,2,assignment,50,39.5,2024-10-14,2024-10-21
ASM008481,STU0480,CRS016,3,quiz,25,14.6,2024-10-26,2024-10-26
ASM008482,STU0480,CRS016,3,assignment,50,26.9,2024-11-04,2024-11-03
ASM008483,STU0480,CRS016,3,project,100,66.4,2024-11-10,2024-11-12
ASM008484,STU0480,CRS016,4,quiz,25,3.8,2024-11-29,2024-11-29
ASM008485,STU0480,CRS016,4,assignment,50,42.8,2024-11-29,2024-12-02
ASM008486,STU0480,CRS016,5,quiz,25,24.5,2024-12-03,2024-12-06
ASM008487,STU0480,CRS016,5,assignment,50,31.9,2024-12-28,2024-12-28
ASM008488,STU0480,CRS016,6,quiz,25,15.1,2024-12-31,2024-12-31
ASM008489,STU0480,CRS016,6,assignment,50,29.7,2025-01-06,2025-01-06
ASM008490,STU0480,CRS016,6,project,100,45.5,2024-12-07,2024-12-12
ASM008491,STU0480,CRS016,6,exam,100,60.4,2025-01-11,2025-01-12
ASM008492,STU0481,CRS008,1,quiz,25,14.2,2023-02-23,2023-02-25
ASM008493,STU0481,CRS008,1,assignment,50,46.5,2023-02-25,2023-03-02
ASM008494,STU0481,CRS008,2,quiz,25,17.3,2023-03-12,2023-03-09
ASM008495,STU0481,CRS008,2,assignment,50,22.2,2023-03-08,2023-03-08
ASM008496,STU0481,CRS008,3,quiz,25,24.5,2023-03-27,2023-04-03
ASM008497,STU0481,CRS008,3,assignment,50,45.5,2023-04-08,2023-04-11
ASM008498,STU0481,CRS008,3,project,100,62.2,2023-03-30,2023-03-28
ASM008499,STU0481,CRS008,4,quiz,25,8.0,2023-04-25,2023-04-25
ASM008500,STU0481,CRS008,4,assignment,50,26.2,2023-04-05,2023-04-05
ASM008501,STU0481,CRS008,5,quiz,25,19.2,2023-05-15,2023-05-16
ASM008502,STU0481,CRS008,5,assignment,50,25.7,2023-05-20,2023-05-19
ASM008503,STU0481,CRS008,6,quiz,25,20.4,2023-06-04,2023-06-06
ASM008504,STU0481,CRS008,6,assignment,50,31.8,2023-04-29,2023-04-28
ASM008505,STU0481,CRS008,6,project,100,77.7,2023-05-23,2023-05-23
ASM008506,STU0481,CRS008,6,exam,100,58.8,2023-06-04,2023-06-04
ASM008507,STU0482,CRS013,1,quiz,25,14.7,2023-08-24,2023-08-23
ASM008508,STU0482,CRS013,1,assignment,50,20.3,2023-08-22,2023-08-29
ASM008509,STU0482,CRS013,2,quiz,25,12.9,2023-09-08,2023-09-07
ASM008510,STU0482,CRS013,2,assignment,50,27.5,2023-09-18,2023-09-23
ASM008511,STU0482,CRS013,3,quiz,25,13.7,2023-10-09,2023-10-06
ASM008512,STU0482,CRS013,3,assignment,50,24.6,2023-09-24,2023-09-23
ASM008513,STU0482,CRS013,3,project,100,44.1,2023-09-30,2023-10-05
ASM008514,STU0482,CRS013,4,quiz,25,13.3,2023-10-18,2023-10-25
ASM008515,STU0482,CRS013,4,assignment,50,30.5,2023-10-26,2023-10-25
ASM008516,STU0482,CRS013,5,quiz,25,16.3,2023-11-10,2023-11-09
ASM008517,STU0482,CRS013,5,assignment,50,31.2,2023-10-21,2023-10-19
ASM008518,STU0482,CRS013,6,quiz,25,13.1,2023-11-17,2023-11-17
ASM008519,STU0482,CRS013,6,assignment,50,33.7,2023-10-30,2023-10-31
ASM008520,STU0482,CRS013,6,project,100,98.0,2023-12-11,2023-12-09
ASM008521,STU0482,CRS013,7,quiz,25,16.9,2023-12-25,2023-12-23
ASM008522,STU0482,CRS013,7,assignment,50,40.8,2023-11-13,2023-11-13
ASM008523,STU0482,CRS013,8,quiz,25,11.2,2023-12-05,2023-12-02
ASM008524,STU0482,CRS013,8,assignment,50,13.2,2024-01-06,2024-01-08
ASM008525,STU0482,CRS013,8,exam,100,71.3,2023-12-21,2023-12-21
ASM008526,STU0483,CRS019,1,quiz,25,13.7,2024-02-16,2024-02-16
ASM008527,STU0483,CRS019,1,assignment,50,27.3,2024-02-12,2024-02-13
ASM008528,STU0483,CRS019,2,quiz,25,17.1,2024-03-09,2024-03-07
ASM008529,STU0483,CRS019,2,assignment,50,26.1,2024-03-05,2024-03-10
ASM008530,STU0483,CRS019,3,quiz,25,19.8,2024-03-24,2024-03-24
ASM008531,STU0483,CRS019,3,assignment,50,20.8,2024-03-21,2024-03-21
ASM008532,STU0483,CRS019,3,project,100,65.8,2024-03-24,2024-03-31
ASM008533,STU0483,CRS019,4,quiz,25,13.3,2024-03-23,2024-03-26
ASM008534,STU0483,CRS019,4,assignment,50,44.1,2024-04-16,2024-04-14
ASM008535,STU0483,CRS019,5,quiz,25,14.9,2024-04-11,2024-04-11
ASM008536,STU0483,CRS019,5,assignment,50,40.6,2024-04-26,2024-04-29
ASM008537,STU0483,CRS019,6,quiz,25,22.7,2024-05-08,2024-05-09
ASM008538,STU0483,CRS019,6,assignment,50,27.6,2024-05-02,2024-05-03
ASM008539,STU0483,CRS019,6,project,100,98.0,2024-05-20,2024-05-18
ASM008540,STU0483,CRS019,6,exam,100,47.4,2024-05-02,2024-05-04
ASM008541,STU0484,CRS006,1,quiz,25,12.7,2024-09-11,2024-09-11
ASM008542,STU0484,CRS006,1,assignment,50,49.0,2024-09-12,2024-09-10
ASM008543,STU0484,CRS006,2,quiz,25,15.3,2024-10-04,2024-10-04
ASM008544,STU0484,CRS006,2,assignment,50,24.8,2024-09-24,2024-09-26
ASM008545,STU0484,CRS006,3,quiz,25,13.6,2024-10-08,2024-10-10
ASM008546,STU0484,CRS006,3,assignment,50,23.7,2024-10-26,2024-10-28
ASM008547,STU0484,CRS006,3,project,100,93.8,2024-10-20,2024-10-20
ASM008548,STU0484,CRS006,4,quiz,25,17.4,2024-10-30,2024-10-30
ASM008549,STU0484,CRS006,4,assignment,50,30.7,2024-10-22,2024-10-21
ASM008550,STU0484,CRS006,5,quiz,25,9.5,2024-11-20,2024-11-19
ASM008551,STU0484,CRS006,5,assignment,50,31.9,2024-11-10,2024-11-12
ASM008552,STU0484,CRS006,6,quiz,25,12.6,2024-12-13,2024-12-10
ASM008553,STU0484,CRS006,6,assignment,50,42.1,2024-12-01,2024-12-01
ASM008554,STU0484,CRS006,6,project,100,64.8,2024-12-13,2024-12-14
ASM008555,STU0484,CRS006,7,quiz,25,23.0,2024-12-03,2024-12-03
ASM008556,STU0484,CRS006,7,assignment,50,41.1,2024-12-10,2024-12-12
ASM008557,STU0484,CRS006,7,exam,100,70.2,2024-12-03,2024-12-03
ASM008558,STU0485,CRS015,1,quiz,25,13.9,2023-03-22,2023-03-22
ASM008559,STU0485,CRS015,1,assignment,50,29.2,2023-03-15,2023-03-16
ASM008560,STU0485,CRS015,2,quiz,25,24.4,2023-04-06,2023-04-04
ASM008561,STU0485,CRS015,2,assignment,50,28.3,2023-04-04,2023-04-09
ASM008562,STU0485,CRS015,3,quiz,25,20.3,2023-04-15,2023-04-15
ASM008563,STU0485,CRS015,3,assignment,50,33.7,2023-04-15,2023-04-22
ASM008564,STU0485,CRS015,3,project,100,53.1,2023-04-24,2023-04-25
ASM008565,STU0485,CRS015,4,quiz,25,11.9,2023-05-08,2023-05-07
ASM008566,STU0485,CRS015,4,assignment,50,32.4,2023-04-30,2023-04-29
ASM008567,STU0485,CRS015,5,quiz,25,20.0,2023-06-09,2023-06-10
ASM008568,STU0485,CRS015,5,assignment,50,26.6,2023-06-09,2023-06-07
ASM008569,STU0485,CRS015,6,quiz,25,17.2,2023-07-05,2023-07-04
ASM008570,STU0485,CRS015,6,assignment,50,28.4,2023-05-30,2023-05-29
ASM008571,STU0485,CRS015,6,project,100,85.9,2023-06-05,2023-06-06
ASM008572,STU0485,CRS015,7,quiz,25,11.5,2023-06-14,2023-06-21
ASM008573,STU0485,CRS015,7,assignment,50,26.1,2023-06-07,2023-06-05
ASM008574,STU0485,CRS015,8,quiz,25,14.1,2023-06-21,2023-06-20
ASM008575,STU0485,CRS015,8,assignment,50,23.8,2023-06-21,2023-06-21
ASM008576,STU0485,CRS015,9,quiz,25,10.7,2023-08-28,2023-08-29
ASM008577,STU0485,CRS015,9,assignment,50,35.0,2023-08-10,2023-08-12
ASM008578,STU0485,CRS015,9,project,100,72.5,2023-07-14,2023-07-15
ASM008579,STU0485,CRS015,10,quiz,25,19.1,2023-07-19,2023-07-19
ASM008580,STU0485,CRS015,10,assignment,50,35.2,2023-09-07,2023-09-07
ASM008581,STU0485,CRS015,10,exam,100,77.7,2023-08-18,2023-08-16
ASM008582,STU0486,CRS010,1,quiz,25,15.4,2023-09-26,2023-09-29
ASM008583,STU0486,CRS010,1,assignment,50,49.0,2023-09-26,2023-09-26
ASM008584,STU0486,CRS010,2,quiz,25,15.6,2023-10-06,2023-10-11
ASM008585,STU0486,CRS010,2,assignment,50,24.8,2023-10-06,2023-10-03
ASM008586,STU0486,CRS010,3,quiz,25,10.5,2023-10-21,2023-10-22
ASM008587,STU0486,CRS010,3,assignment,50,24.7,2023-11-08,2023-11-07
ASM008588,STU0486,CRS010,3,project,100,97.6,2023-10-21,2023-10-20
ASM008589,STU0486,CRS010,4,quiz,25,24.5,2023-11-13,2023-11-15
ASM008590,STU0486,CRS010,4,assignment,50,35.2,2023-11-13,2023-11-12
ASM008591,STU0486,CRS010,5,quiz,25,6.0,2023-12-05,2023-12-05
ASM008592,STU0486,CRS010,5,assignment,50,42.2,2023-11-20,2023-11-19
ASM008593,STU0486,CRS010,6,quiz,25,11.5,2024-01-10,2024-01-12
ASM008594,STU0486,CRS010,6,assignment,50,46.4,2024-01-10,2024-01-10
ASM008595,STU0486,CRS010,6,project,100,77.7,2023-12-11,2023-12-11
ASM008596,STU0486,CRS010,7,quiz,25,12.4,2024-01-03,2024-01-01
ASM008597,STU0486,CRS010,7,assignment,50,34.8,2024-01-24,2024-01-26
ASM008598,STU0486,CRS010,8,quiz,25,20.6,2024-01-20,2024-01-21
ASM008599,STU0486,CRS010,8,assignment,50,45.7,2024-01-04,2024-01-02
ASM008600,STU0486,CRS010,9,quiz,25,15.1,2024-01-10,2024-01-10
ASM008601,STU0486,CRS010,9,assignment,50,49.0,2024-03-13,2024-03-20
ASM008602,STU0486,CRS010,9,project,100,56.9,2024-03-04,2024-03-07
ASM008603,STU0486,CRS010,10,quiz,25,12.2,2024-02-23,2024-02-21
ASM008604,STU0486,CRS010,10,assignment,50,38.4,2024-01-24,2024-01-24
ASM008605,STU0486,CRS010,10,exam,100,36.9,2024-03-04,2024-03-04
ASM008606,STU0487,CRS014,1,quiz,25,11.3,2024-03-18,2024-03-18
ASM008607,STU0487,CRS014,1,assignment,50,42.5,2024-03-15,2024-03-18
ASM008608,STU0487,CRS014,2,quiz,25,22.1,2024-04-01,2024-04-02
ASM008609,STU0487,CRS014,2,assignment,50,43.1,2024-03-26,2024-03-23
ASM008610,STU0487,CRS014,3,quiz,25,20.5,2024-04-09,2024-04-11
ASM008611,STU0487,CRS014,3,assignment,50,44.5,2024-04-30,2024-05-03
ASM008612,STU0487,CRS014,3,project,100,75.5,2024-04-27,2024-04-26
ASM008613,STU0487,CRS014,4,quiz,25,16.5,2024-05-01,2024-04-30
ASM008614,STU0487,CRS014,4,assignment,50,34.7,2024-05-17,2024-05-17
ASM008615,STU0487,CRS014,5,quiz,25,20.4,2024-06-11,2024-06-10
ASM008616,STU0487,CRS014,5,assignment,50,24.9,2024-05-22,2024-05-23
ASM008617,STU0487,CRS014,6,quiz,25,12.5,2024-06-02,2024-06-01
ASM008618,STU0487,CRS014,6,assignment,50,45.1,2024-07-02,2024-07-01
ASM008619,STU0487,CRS014,6,project,100,70.2,2024-06-20,2024-06-25
ASM008620,STU0487,CRS014,6,exam,100,56.6,2024-06-20,2024-06-20
ASM008621,STU0488,CRS010,1,quiz,25,6.0,2024-08-18,2024-08-19
ASM008622,STU0488,CRS010,1,assignment,50,49.0,2024-08-14,2024-08-13
ASM008623,STU0488,CRS010,2,quiz,25,23.8,2024-08-29,2024-09-01
ASM008624,STU0488,CRS010,2,assignment,50,28.1,2024-09-02,2024-09-07
ASM008625,STU0488,CRS010,3,quiz,25,16.7,2024-09-16,2024-09-18
ASM008626,STU0488,CRS010,3,assignment,50,43.0,2024-09-19,2024-09-19
ASM008627,STU0488,CRS010,3,project,100,89.9,2024-10-01,2024-09-30
ASM008628,STU0488,CRS010,4,quiz,25,10.3,2024-10-06,2024-10-04
ASM008629,STU0488,CRS010,4,assignment,50,46.1,2024-10-06,2024-10-06
ASM008630,STU0488,CRS010,5,quiz,25,17.7,2024-11-07,2024-11-06
ASM008631,STU0488,CRS010,5,assignment,50,16.0,2024-11-02,2024-11-02
ASM008632,STU0488,CRS010,6,quiz,25,21.2,2024-11-15,2024-11-15
ASM008633,STU0488,CRS010,6,assignment,50,31.6,2024-12-03,2024-12-08
ASM008634,STU0488,CRS010,6,project,100,82.9,2024-12-03,2024-12-05
ASM008635,STU0488,CRS010,7,quiz,25,16.9,2024-11-19,2024-11-16
ASM008636,STU0488,CRS010,7,assignment,50,42.4,2024-12-10,2024-12-13
ASM008637,STU0488,CRS010,8,quiz,25,19.6,2025-01-14,2025-01-14
ASM008638,STU0488,CRS010,8,assignment,50,34.1,2024-12-21,2024-12-18
ASM008639,STU0488,CRS010,8,exam,100,67.3,2024-11-27,2024-11-25
ASM008640,STU0489,CRS005,1,quiz,25,12.9,2023-03-16,2023-03-16
ASM008641,STU0489,CRS005,1,assignment,50,28.7,2023-03-17,2023-03-17
ASM008642,STU0489,CRS005,2,quiz,25,9.4,2023-04-10,2023-04-13
ASM008643,STU0489,CRS005,2,assignment,50,29.4,2023-03-31,2023-03-31
ASM008644,STU0489,CRS005,3,quiz,25,17.7,2023-04-30,2023-05-05
ASM008645,STU0489,CRS005,3,assignment,50,42.1,2023-04-21,2023-04-24
ASM008646,STU0489,CRS005,3,project,100,75.0,2023-04-18,2023-04-18
ASM008647,STU0489,CRS005,4,quiz,25,12.4,2023-04-26,2023-04-28
ASM008648,STU0489,CRS005,4,assignment,50,44.4,2023-05-12,2023-05-12
ASM008649,STU0489,CRS005,5,quiz,25,18.3,2023-06-04,2023-06-09
ASM008650,STU0489,CRS005,5,assignment,50,40.6,2023-05-25,2023-05-25
ASM008651,STU0489,CRS005,6,quiz,25,24.5,2023-06-17,2023-06-22
ASM008652,STU0489,CRS005,6,assignment,50,24.1,2023-06-11,2023-06-11
ASM008653,STU0489,CRS005,6,project,100,69.2,2023-05-30,2023-06-06
ASM008654,STU0489,CRS005,7,quiz,25,13.4,2023-07-05,2023-07-06
ASM008655,STU0489,CRS005,7,assignment,50,26.4,2023-07-12,2023-07-11
ASM008656,STU0489,CRS005,8,quiz,25,21.2,2023-08-08,2023-08-10
ASM008657,STU0489,CRS005,8,assignment,50,49.0,2023-06-21,2023-06-18
ASM008658,STU0489,CRS005,8,exam,100,63.3,2023-06-29,2023-06-30
ASM008659,STU0490,CRS013,1,quiz,25,19.7,2023-08-08,2023-08-09
ASM008660,STU0490,CRS013,1,assignment,50,40.5,2023-08-04,2023-08-11
ASM008661,STU0490,CRS013,2,quiz,25,12.8,2023-08-28,2023-08-30
ASM008662,STU0490,CRS013,2,assignment,50,33.8,2023-08-20,2023-08-21
ASM008663,STU0490,CRS013,3,quiz,25,17.7,2023-09-20,2023-09-21
ASM008664,STU0490,CRS013,3,assignment,50,24.0,2023-09-08,2023-09-08
ASM008665,STU0490,CRS013,3,project,100,52.7,2023-08-30,2023-09-04
ASM008666,STU0490,CRS013,4,quiz,25,22.3,2023-10-11,2023-10-08
ASM008667,STU0490,CRS013,4,assignment,50,34.9,2023-09-25,2023-09-24
ASM008668,STU0490,CRS013,5,quiz,25,10.2,2023-10-02,2023-10-02
ASM008669,STU0490,CRS013,5,assignment,50,36.9,2023-10-22,2023-10-19
ASM008670,STU0490,CRS013,6,quiz,25,18.2,2023-11-04,2023-11-07
ASM008671,STU0490,CRS013,6,assignment,50,37.6,2023-10-11,2023-10-10
ASM008672,STU0490,CRS013,6,project,100,41.8,2023-11-04,2023-11-03
ASM008673,STU0490,CRS013,7,quiz,25,23.0,2023-12-13,2023-12-15
ASM008674,STU0490,CRS013,7,assignment,50,35.4,2023-11-08,2023-11-10
ASM008675,STU0490,CRS013,8,quiz,25,8.1,2023-12-18,2023-12-19
ASM008676,STU0490,CRS013,8,assignment,50,24.0,2023-11-16,2023-11-16
ASM008677,STU0490,CRS013,8,exam,100,55.9,2023-11-24,2023-11-24
ASM008678,STU0491,CRS016,1,quiz,25,19.2,2024-03-12,2024-03-12
ASM008679,STU0491,CRS016,1,assignment,50,45.4,2024-03-11,2024-03-10
ASM008680,STU0491,CRS016,2,quiz,25,5.4,2024-04-03,2024-04-05
ASM008681,STU0491,CRS016,2,assignment,50,38.1,2024-03-30,2024-04-01
ASM008682,STU0491,CRS016,3,quiz,25,19.3,2024-04-03,2024-04-10
ASM008683,STU0491,CRS016,3,assignment,50,49.0,2024-04-06,2024-04-06
ASM008684,STU0491,CRS016,3,project,100,49.0,2024-04-06,2024-04-07
ASM008685,STU0491,CRS016,4,quiz,25,14.2,2024-05-15,2024-05-14
ASM008686,STU0491,CRS016,4,assignment,50,43.6,2024-05-03,2024-05-04
ASM008687,STU0491,CRS016,5,quiz,25,16.9,2024-05-26,2024-05-26
ASM008688,STU0491,CRS016,5,assignment,50,45.9,2024-05-31,2024-06-01
ASM008689,STU0491,CRS016,6,quiz,25,7.5,2024-06-02,2024-06-04
ASM008690,STU0491,CRS016,6,assignment,50,41.7,2024-06-26,2024-06-27
ASM008691,STU0491,CRS016,6,project,100,46.1,2024-05-15,2024-05-13
ASM008692,STU0491,CRS016,6,exam,100,71.8,2024-05-21,2024-05-19
ASM008693,STU0492,CRS017,1,quiz,25,13.8,2024-09-30,2024-10-01
ASM008694,STU0492,CRS017,1,assignment,50,40.3,2024-09-27,2024-09-28
ASM008695,STU0492,CRS017,2,quiz,25,14.1,2024-10-16,2024-10-13
ASM008696,STU0492,CRS017,2,assignment,50,49.0,2024-10-18,2024-10-18
ASM008697,STU0492,CRS017,3,quiz,25,17.9,2024-10-27,2024-10-28
ASM008698,STU0492,CRS017,3,assignment,50,28.1,2024-11-02,2024-11-02
ASM008699,STU0492,CRS017,3,project,100,73.7,2024-11-08,2024-11-10
ASM008700,STU0492,CRS017,4,quiz,25,7.1,2024-11-19,2024-11-20
ASM008701,STU0492,CRS017,4,assignment,50,22.6,2024-12-05,2024-12-04
ASM008702,STU0492,CRS017,5,quiz,25,15.1,2024-12-16,2024-12-19
ASM008703,STU0492,CRS017,5,assignment,50,20.1,2024-12-26,2024-12-26
ASM008704,STU0492,CRS017,6,quiz,25,14.0,2024-12-05,2024-12-10
ASM008705,STU0492,CRS017,6,assignment,50,23.2,2025-01-10,2025-01-13
ASM008706,STU0492,CRS017,6,project,100,82.7,2025-01-13,2025-01-15
ASM008707,STU0492,CRS017,6,exam,100,84.9,2025-01-04,2025-01-04
ASM008708,STU0493,CRS018,1,quiz,25,21.5,2023-02-01,2023-02-03
ASM008709,STU0493,CRS018,1,assignment,50,27.5,2023-02-07,2023-02-14
ASM008710,STU0493,CRS018,2,quiz,25,11.4,2023-02-22,2023-02-20
ASM008711,STU0493,CRS018,2,assignment,50,28.5,2023-02-14,2023-02-14
ASM008712,STU0493,CRS018,3,quiz,25,15.2,2023-03-18,2023-03-16
ASM008713,STU0493,CRS018,3,assignment,50,32.1,2023-03-12,2023-03-17
ASM008714,STU0493,CRS018,3,project,100,82.6,2023-03-03,2023-03-10
ASM008715,STU0493,CRS018,4,quiz,25,12.5,2023-03-26,2023-03-24
ASM008716,STU0493,CRS018,4,assignment,50,28.5,2023-03-30,2023-03-29
ASM008717,STU0493,CRS018,5,quiz,25,4.9,2023-04-17,2023-04-20
ASM008718,STU0493,CRS018,5,assignment,50,34.0,2023-04-22,2023-04-29
ASM008719,STU0493,CRS018,6,quiz,25,22.9,2023-04-23,2023-04-22
ASM008720,STU0493,CRS018,6,assignment,50,32.5,2023-05-05,2023-05-05
ASM008721,STU0493,CRS018,6,project,100,86.6,2023-05-23,2023-05-23
ASM008722,STU0493,CRS018,7,quiz,25,18.3,2023-05-02,2023-05-03
ASM008723,STU0493,CRS018,7,assignment,50,30.5,2023-05-30,2023-05-29
ASM008724,STU0493,CRS018,8,quiz,25,18.0,2023-05-17,2023-05-19
ASM008725,STU0493,CRS018,8,assignment,50,35.3,2023-05-09,2023-05-09
ASM008726,STU0493,CRS018,8,exam,100,74.3,2023-07-04,2023-07-04
ASM008727,STU0494,CRS018,1,quiz,25,13.9,2023-09-05,2023-09-06
ASM008728,STU0494,CRS018,1,assignment,50,24.5,2023-09-05,2023-09-03
ASM008729,STU0494,CRS018,2,quiz,25,15.7,2023-10-01,2023-10-01
ASM008730,STU0494,CRS018,2,assignment,50,26.5,2023-09-25,2023-09-27
ASM008731,STU0494,CRS018,3,quiz,25,12.4,2023-10-18,2023-10-18
ASM008732,STU0494,CRS018,3,assignment,50,37.4,2023-10-09,2023-10-16
ASM008733,STU0494,CRS018,3,project,100,86.2,2023-10-03,2023-10-05
ASM008734,STU0494,CRS018,4,quiz,25,24.5,2023-11-14,2023-11-11
ASM008735,STU0494,CRS018,4,assignment,50,36.4,2023-10-17,2023-10-17
ASM008736,STU0494,CRS018,5,quiz,25,11.4,2023-10-31,2023-10-31
ASM008737,STU0494,CRS018,5,assignment,50,29.8,2023-11-30,2023-12-05
ASM008738,STU0494,CRS018,6,quiz,25,11.6,2023-12-02,2023-12-01
ASM008739,STU0494,CRS018,6,assignment,50,36.4,2023-12-26,2023-12-28
ASM008740,STU0494,CRS018,6,project,100,37.9,2023-12-02,2023-12-01
ASM008741,STU0494,CRS018,7,quiz,25,13.0,2023-12-26,2023-12-26
ASM008742,STU0494,CRS018,7,assignment,50,20.3,2024-01-16,2024-01-17
ASM008743,STU0494,CRS018,8,quiz,25,18.8,2024-02-06,2024-02-09
ASM008744,STU0494,CRS018,8,assignment,50,30.2,2024-01-29,2024-01-29
ASM008745,STU0494,CRS018,8,exam,100,58.4,2024-02-06,2024-02-08
ASM008746,STU0495,CRS003,1,quiz,25,13.1,2024-02-09,2024-02-09
ASM008747,STU0495,CRS003,1,assignment,50,24.1,2024-02-11,2024-02-09
ASM008748,STU0495,CRS003,2,quiz,25,17.0,2024-02-26,2024-02-24
ASM008749,STU0495,CRS003,2,assignment,50,21.2,2024-02-22,2024-02-22
ASM008750,STU0495,CRS003,3,quiz,25,18.2,2024-03-24,2024-03-24
ASM008751,STU0495,CRS003,3,assignment,50,34.8,2024-03-18,2024-03-15
ASM008752,STU0495,CRS003,3,project,100,62.5,2024-03-15,2024-03-15
ASM008753,STU0495,CRS003,4,quiz,25,20.7,2024-03-25,2024-03-27
ASM008754,STU0495,CRS003,4,assignment,50,36.1,2024-03-25,2024-03-25
ASM008755,STU0495,CRS003,5,quiz,25,21.5,2024-04-15,2024-04-13
ASM008756,STU0495,CRS003,5,assignment,50,43.0,2024-04-20,2024-04-20
ASM008757,STU0495,CRS003,5,exam,100,65.4,2024-04-25,2024-05-02
ASM008758,STU0496,CRS012,1,quiz,25,16.9,2024-08-08,2024-08-15
ASM008759,STU0496,CRS012,1,assignment,50,39.1,2024-08-15,2024-08-17
ASM008760,STU0496,CRS012,2,quiz,25,9.2,2024-08-22,2024-08-23
ASM008761,STU0496,CRS012,2,assignment,50,25.0,2024-08-28,2024-08-28
ASM008762,STU0496,CRS012,3,quiz,25,17.9,2024-09-11,2024-09-10
ASM008763,STU0496,CRS012,3,assignment,50,29.4,2024-09-23,2024-09-24
ASM008764,STU0496,CRS012,3,project,100,71.9,2024-09-14,2024-09-14
ASM008765,STU0496,CRS012,4,quiz,25,18.8,2024-09-19,2024-09-17
ASM008766,STU0496,CRS012,4,assignment,50,16.0,2024-10-01,2024-10-01
ASM008767,STU0496,CRS012,5,quiz,25,16.9,2024-11-02,2024-11-03
ASM008768,STU0496,CRS012,5,assignment,50,37.2,2024-11-02,2024-11-01
ASM008769,STU0496,CRS012,6,quiz,25,12.1,2024-11-10,2024-11-08
ASM008770,STU0496,CRS012,6,assignment,50,30.8,2024-11-22,2024-11-21
ASM008771,STU0496,CRS012,6,project,100,91.9,2024-11-04,2024-11-04
ASM008772,STU0496,CRS012,7,quiz,25,11.0,2024-11-21,2024-11-21
ASM008773,STU0496,CRS012,7,assignment,50,32.5,2024-11-14,2024-11-13
ASM008774,STU0496,CRS012,8,quiz,25,13.2,2024-11-14,2024-11-13
ASM008775,STU0496,CRS012,8,assignment,50,39.1,2024-12-08,2024-12-09
ASM008776,STU0496,CRS012,8,exam,100,38.9,2024-11-14,2024-11-11
ASM008777,STU0497,CRS002,1,quiz,25,19.0,2023-03-10,2023-03-08
ASM008778,STU0497,CRS002,1,assignment,50,49.0,2023-03-06,2023-03-05
ASM008779,STU0497,CRS002,2,quiz,25,17.3,2023-04-03,2023-03-31
ASM008780,STU0497,CRS002,2,assignment,50,38.7,2023-03-26,2023-03-27
ASM008781,STU0497,CRS002,3,quiz,25,12.0,2023-04-12,2023-04-12
ASM008782,STU0497,CRS002,3,assignment,50,42.0,2023-04-06,2023-04-04
ASM008783,STU0497,CRS002,3,project,100,63.0,2023-04-24,2023-04-27
ASM008784,STU0497,CRS002,4,quiz,25,15.7,2023-05-15,2023-05-14
ASM008785,STU0497,CRS002,4,assignment,50,36.6,2023-04-21,2023-04-21
ASM008786,STU0497,CRS002,5,quiz,25,10.1,2023-05-26,2023-05-28
ASM008787,STU0497,CRS002,5,assignment,50,20.9,2023-05-06,2023-05-06
ASM008788,STU0497,CRS002,6,quiz,25,19.4,2023-05-15,2023-05-18
ASM008789,STU0497,CRS002,6,assignment,50,37.2,2023-06-20,2023-06-19
ASM008790,STU0497,CRS002,6,project,100,51.0,2023-06-08,2023-06-09
ASM008791,STU0497,CRS002,6,exam,100,37.3,2023-05-27,2023-05-25
ASM008792,STU0498,CRS013,1,quiz,25,16.7,2023-10-01,2023-10-01
ASM008793,STU0498,CRS013,1,assignment,50,38.5,2023-09-30,2023-09-30
ASM008794,STU0498,CRS013,2,quiz,25,16.8,2023-10-16,2023-10-17
ASM008795,STU0498,CRS013,2,assignment,50,49.0,2023-10-26,2023-10-25
ASM008796,STU0498,CRS013,3,quiz,25,14.0,2023-11-13,2023-11-13
ASM008797,STU0498,CRS013,3,assignment,50,30.6,2023-11-10,2023-11-11
ASM008798,STU0498,CRS013,3,project,100,98.0,2023-11-04,2023-11-05
ASM008799,STU0498,CRS013,4,quiz,25,6.7,2023-11-09,2023-11-08
ASM008800,STU0498,CRS013,4,assignment,50,37.8,2023-12-07,2023-12-12
ASM008801,STU0498,CRS013,5,quiz,25,20.1,2023-12-08,2023-12-09
ASM008802,STU0498,CRS013,5,assignment,50,36.7,2023-12-08,2023-12-07
ASM008803,STU0498,CRS013,6,quiz,25,18.4,2024-01-06,2024-01-08
ASM008804,STU0498,CRS013,6,assignment,50,24.1,2024-01-06,2024-01-08
ASM008805,STU0498,CRS013,6,project,100,63.7,2023-12-13,2023-12-14
ASM008806,STU0498,CRS013,7,quiz,25,13.9,2023-12-21,2023-12-21
ASM008807,STU0498,CRS013,7,assignment,50,31.6,2024-02-01,2024-02-04
ASM008808,STU0498,CRS013,8,quiz,25,10.8,2024-01-04,2024-01-04
ASM008809,STU0498,CRS013,8,assignment,50,29.7,2024-02-29,2024-02-28
ASM008810,STU0498,CRS013,8,exam,100,82.9,2024-01-12,2024-01-15
ASM008811,STU0499,CRS014,1,quiz,25,12.3,2024-02-10,2024-02-09
ASM008812,STU0499,CRS014,1,assignment,50,29.4,2024-02-05,2024-02-08
ASM008813,STU0499,CRS014,2,quiz,25,14.3,2024-02-18,2024-02-17
ASM008814,STU0499,CRS014,2,assignment,50,39.2,2024-03-03,2024-03-03
ASM008815,STU0499,CRS014,3,quiz,25,11.7,2024-03-09,2024-03-07
ASM008816,STU0499,CRS014,3,assignment,50,44.6,2024-03-12,2024-03-17
ASM008817,STU0499,CRS014,3,project,100,17.9,2024-03-24,2024-03-23
ASM008818,STU0499,CRS014,4,quiz,25,10.5,2024-03-29,2024-03-29
ASM008819,STU0499,CRS014,4,assignment,50,38.9,2024-04-02,2024-04-03
ASM008820,STU0499,CRS014,5,quiz,25,14.4,2024-04-15,2024-04-15
ASM008821,STU0499,CRS014,5,assignment,50,32.2,2024-04-25,2024-04-25
ASM008822,STU0499,CRS014,6,quiz,25,11.6,2024-05-20,2024-05-22
ASM008823,STU0499,CRS014,6,assignment,50,21.9,2024-05-14,2024-05-13
ASM008824,STU0499,CRS014,6,project,100,69.1,2024-05-02,2024-04-29
ASM008825,STU0499,CRS014,6,exam,100,87.3,2024-04-26,2024-04-27
ASM008826,STU0500,CRS009,1,quiz,25,19.8,2024-08-19,2024-08-24
ASM008827,STU0500,CRS009,1,assignment,50,35.1,2024-08-18,2024-08-19
ASM008828,STU0500,CRS009,2,quiz,25,23.5,2024-08-30,2024-08-30
ASM008829,STU0500,CRS009,2,assignment,50,18.6,2024-09-07,2024-09-08
ASM008830,STU0500,CRS009,3,quiz,25,18.0,2024-09-15,2024-09-14
ASM008831,STU0500,CRS009,3,assignment,50,25.4,2024-09-18,2024-09-17
ASM008832,STU0500,CRS009,3,project,100,64.6,2024-09-18,2024-09-18
ASM008833,STU0500,CRS009,4,quiz,25,10.0,2024-09-27,2024-09-27
ASM008834,STU0500,CRS009,4,assignment,50,42.6,2024-09-27,2024-09-24
ASM008835,STU0500,CRS009,5,quiz,25,11.8,2024-10-07,2024-10-07
ASM008836,STU0500,CRS009,5,assignment,50,31.4,2024-10-07,2024-10-08
ASM008837,STU0500,CRS009,6,quiz,25,16.1,2024-11-08,2024-11-15
ASM008838,STU0500,CRS009,6,assignment,50,23.2,2024-11-14,2024-11-19
ASM008839,STU0500,CRS009,6,project,100,43.1,2024-12-02,2024-12-04
ASM008840,STU0500,CRS009,7,quiz,25,14.2,2024-11-25,2024-11-26
ASM008841,STU0500,CRS009,7,assignment,50,27.5,2024-12-09,2024-12-10
ASM008842,STU0500,CRS009,8,quiz,25,13.6,2025-01-13,2025-01-15
ASM008843,STU0500,CRS009,8,assignment,50,31.0,2024-11-18,2024-11-20
ASM008844,STU0500,CRS009,9,quiz,25,15.6,2024-12-29,2024-12-29
ASM008845,STU0500,CRS009,9,assignment,50,34.2,2025-01-10,2025-01-15
ASM008846,STU0500,CRS009,9,project,100,38.9,2025-01-04,2025-01-09
ASM008847,STU0500,CRS009,9,exam,100,52.7,2024-12-11,2024-12-08
ASM008848,STU0501,CRS017,1,quiz,25,20.5,2023-03-08,2023-03-09
ASM008849,STU0501,CRS017,1,assignment,50,25.7,2023-03-11,2023-03-11
ASM008850,STU0501,CRS017,2,quiz,25,14.5,2023-04-02,2023-04-04
ASM008851,STU0501,CRS017,2,assignment,50,34.6,2023-03-25,2023-03-25
ASM008852,STU0501,CRS017,3,quiz,25,7.0,2023-04-17,2023-04-15
ASM008853,STU0501,CRS017,3,assignment,50,26.2,2023-04-02,2023-04-03
ASM008854,STU0501,CRS017,3,project,100,75.6,2023-04-05,2023-04-05
ASM008855,STU0501,CRS017,4,quiz,25,22.1,2023-05-14,2023-05-14
ASM008856,STU0501,CRS017,4,assignment,50,23.4,2023-05-14,2023-05-12
ASM008857,STU0501,CRS017,5,quiz,25,15.0,2023-05-15,2023-05-22
ASM008858,STU0501,CRS017,5,assignment,50,48.9,2023-05-25,2023-05-22
ASM008859,STU0501,CRS017,6,quiz,25,12.3,2023-06-19,2023-06-19
ASM008860,STU0501,CRS017,6,assignment,50,25.3,2023-06-19,2023-06-18
ASM008861,STU0501,CRS017,6,project,100,66.4,2023-06-13,2023-06-11
ASM008862,STU0501,CRS017,6,exam,100,86.5,2023-06-19,2023-06-18
ASM008863,STU0502,CRS019,1,quiz,25,17.6,2023-08-14,2023-08-13
ASM008864,STU0502,CRS019,1,assignment,50,47.8,2023-08-15,2023-08-15
ASM008865,STU0502,CRS019,2,quiz,25,17.2,2023-09-07,2023-09-07
ASM008866,STU0502,CRS019,2,assignment,50,36.4,2023-08-28,2023-08-29
ASM008867,STU0502,CRS019,3,quiz,25,16.7,2023-09-27,2023-09-24
ASM008868,STU0502,CRS019,3,assignment,50,42.3,2023-09-09,2023-09-09
ASM008869,STU0502,CRS019,3,project,100,77.7,2023-09-09,2023-09-08
ASM008870,STU0502,CRS019,4,quiz,25,12.8,2023-10-09,2023-10-09
ASM008871,STU0502,CRS019,4,assignment,50,29.8,2023-09-23,2023-09-28
ASM008872,STU0502,CRS019,5,quiz,25,15.4,2023-11-11,2023-11-11
ASM008873,STU0502,CRS019,5,assignment,50,14.4,2023-11-11,2023-11-10
ASM008874,STU0502,CRS019,6,quiz,25,20.5,2023-10-27,2023-10-28
ASM008875,STU0502,CRS019,6,assignment,50,34.2,2023-10-27,2023-10-27
ASM008876,STU0502,CRS019,6,project,100,73.2,2023-11-20,2023-11-17
ASM008877,STU0502,CRS019,6,exam,100,72.4,2023-11-08,2023-11-09
ASM008878,STU0503,CRS013,1,quiz,25,12.1,2024-03-03,2024-03-10
ASM008879,STU0503,CRS013,1,assignment,50,29.1,2024-03-04,2024-03-05
ASM008880,STU0503,CRS013,2,quiz,25,9.5,2024-03-12,2024-03-09
ASM008881,STU0503,CRS013,2,assignment,50,26.2,2024-03-20,2024-03-18
ASM008882,STU0503,CRS013,3,quiz,25,15.8,2024-04-04,2024-04-04
ASM008883,STU0503,CRS013,3,assignment,50,32.3,2024-04-13,2024-04-14
ASM008884,STU0503,CRS013,3,project,100,64.2,2024-04-04,2024-04-04
ASM008885,STU0503,CRS013,4,quiz,25,16.4,2024-04-29,2024-04-30
ASM008886,STU0503,CRS013,4,assignment,50,30.4,2024-04-29,2024-05-01
ASM008887,STU0503,CRS013,5,quiz,25,14.1,2024-05-28,2024-05-27
ASM008888,STU0503,CRS013,5,assignment,50,32.0,2024-04-23,2024-04-21
ASM008889,STU0503,CRS013,6,quiz,25,17.5,2024-05-31,2024-06-02
ASM008890,STU0503,CRS013,6,assignment,50,29.3,2024-05-13,2024-05-18
ASM008891,STU0503,CRS013,6,project,100,93.1,2024-05-07,2024-05-07
ASM008892,STU0503,CRS013,7,quiz,25,12.1,2024-06-18,2024-06-19
ASM008893,STU0503,CRS013,7,assignment,50,19.7,2024-05-28,2024-05-27
ASM008894,STU0503,CRS013,8,quiz,25,20.8,2024-07-14,2024-07-11
ASM008895,STU0503,CRS013,8,assignment,50,20.6,2024-07-14,2024-07-14
ASM008896,STU0503,CRS013,8,exam,100,52.7,2024-06-28,2024-06-30
ASM008897,STU0504,CRS017,1,quiz,25,20.4,2024-08-13,2024-08-13
ASM008898,STU0504,CRS017,1,assignment,50,37.2,2024-08-14,2024-08-12
ASM008899,STU0504,CRS017,2,quiz,25,12.4,2024-08-21,2024-08-21
ASM008900,STU0504,CRS017,2,assignment,50,22.9,2024-08-25,2024-08-25
ASM008901,STU0504,CRS017,3,quiz,25,16.3,2024-09-13,2024-09-14
ASM008902,STU0504,CRS017,3,assignment,50,10.6,2024-09-19,2024-09-16
ASM008903,STU0504,CRS017,3,project,100,98.0,2024-09-07,2024-09-08
ASM008904,STU0504,CRS017,4,quiz,25,22.0,2024-09-30,2024-09-29
ASM008905,STU0504,CRS017,4,assignment,50,36.5,2024-09-26,2024-09-24
ASM008906,STU0504,CRS017,5,quiz,25,21.8,2024-10-12,2024-10-19
ASM008907,STU0504,CRS017,5,assignment,50,47.0,2024-10-02,2024-10-02
ASM008908,STU0504,CRS017,6,quiz,25,13.5,2024-11-09,2024-11-06
ASM008909,STU0504,CRS017,6,assignment,50,37.3,2024-10-16,2024-10-21
ASM008910,STU0504,CRS017,6,project,100,46.8,2024-10-22,2024-10-27
ASM008911,STU0504,CRS017,6,exam,100,48.5,2024-11-27,2024-11-27
ASM008912,STU0505,CRS016,1,quiz,25,15.7,2023-02-06,2023-02-07
ASM008913,STU0505,CRS016,1,assignment,50,29.2,2023-02-08,2023-02-08
ASM008914,STU0505,CRS016,2,quiz,25,17.6,2023-02-22,2023-02-27
ASM008915,STU0505,CRS016,2,assignment,50,20.7,2023-02-22,2023-02-23
ASM008916,STU0505,CRS016,3,quiz,25,8.1,2023-03-22,2023-03-22
ASM008917,STU0505,CRS016,3,assignment,50,23.1,2023-03-19,2023-03-24
ASM008918,STU0505,CRS016,3,project,100,74.0,2023-03-07,2023-03-06
ASM008919,STU0505,CRS016,4,quiz,25,22.4,2023-03-22,2023-03-22
ASM008920,STU0505,CRS016,4,assignment,50,36.3,2023-03-22,2023-03-25
ASM008921,STU0505,CRS016,5,quiz,25,14.3,2023-04-11,2023-04-14
ASM008922,STU0505,CRS016,5,assignment,50,17.3,2023-04-16,2023-04-15
ASM008923,STU0505,CRS016,6,quiz,25,9.8,2023-04-27,2023-04-27
ASM008924,STU0505,CRS016,6,assignment,50,25.0,2023-05-27,2023-05-27
ASM008925,STU0505,CRS016,6,project,100,68.0,2023-04-27,2023-04-25
ASM008926,STU0505,CRS016,6,exam,100,52.6,2023-05-09,2023-05-11
ASM008927,STU0506,CRS003,1,quiz,25,9.8,2023-08-10,2023-08-11
ASM008928,STU0506,CRS003,1,assignment,50,27.9,2023-08-06,2023-08-08
ASM008929,STU0506,CRS003,2,quiz,25,12.1,2023-08-31,2023-09-01
ASM008930,STU0506,CRS003,2,assignment,50,28.6,2023-08-19,2023-08-26
ASM008931,STU0506,CRS003,3,quiz,25,17.1,2023-09-17,2023-09-14
ASM008932,STU0506,CRS003,3,assignment,50,35.3,2023-09-02,2023-09-04
ASM008933,STU0506,CRS003,3,project,100,87.7,2023-09-20,2023-09-17
ASM008934,STU0506,CRS003,4,quiz,25,21.7,2023-09-20,2023-09-25
ASM008935,STU0506,CRS003,4,assignment,50,32.2,2023-09-16,2023-09-15
ASM008936,STU0506,CRS003,5,quiz,25,8.1,2023-09-30,2023-10-03
ASM008937,STU0506,CRS003,5,assignment,50,28.3,2023-10-05,2023-10-06
ASM008938,STU0506,CRS003,5,exam,100,65.0,2023-09-30,2023-10-02
ASM008939,STU0507,CRS012,1,quiz,25,13.0,2024-02-20,2024-02-19
ASM008940,STU0507,CRS012,1,assignment,50,29.7,2024-02-22,2024-02-19
ASM008941,STU0507,CRS012,2,quiz,25,12.5,2024-03-14,2024-03-11
ASM008942,STU0507,CRS012,2,assignment,50,16.6,2024-03-12,2024-03-14
ASM008943,STU0507,CRS012,3,quiz,25,23.6,2024-03-16,2024-03-16
ASM008944,STU0507,CRS012,3,assignment,50,48.4,2024-03-28,2024-03-28
ASM008945,STU0507,CRS012,3,project,100,69.6,2024-04-03,2024-04-03
ASM008946,STU0507,CRS012,4,quiz,25,22.4,2024-04-19,2024-04-19
ASM008947,STU0507,CRS012,4,assignment,50,48.6,2024-03-30,2024-03-30
ASM008948,STU0507,CRS012,5,quiz,25,24.5,2024-04-18,2024-04-18
ASM008949,STU0507,CRS012,5,assignment,50,19.4,2024-04-13,2024-04-12
ASM008950,STU0507,CRS012,6,quiz,25,24.3,2024-06-08,2024-06-13
ASM008951,STU0507,CRS012,6,assignment,50,38.1,2024-05-09,2024-05-09
ASM008952,STU0507,CRS012,6,project,100,93.4,2024-05-21,2024-05-21
ASM008953,STU0507,CRS012,7,quiz,25,22.1,2024-06-22,2024-06-23
ASM008954,STU0507,CRS012,7,assignment,50,21.2,2024-06-01,2024-05-29
ASM008955,STU0507,CRS012,8,quiz,25,21.4,2024-07-12,2024-07-17
ASM008956,STU0507,CRS012,8,assignment,50,30.3,2024-07-12,2024-07-10
ASM008957,STU0507,CRS012,8,exam,100,49.6,2024-06-26,2024-06-27
ASM008958,STU0508,CRS007,1,quiz,25,20.1,2024-08-31,2024-08-29
ASM008959,STU0508,CRS007,1,assignment,50,40.4,2024-09-06,2024-09-04
ASM008960,STU0508,CRS007,2,quiz,25,5.7,2024-09-16,2024-09-14
ASM008961,STU0508,CRS007,2,assignment,50,33.8,2024-09-26,2024-09-26
ASM008962,STU0508,CRS007,3,quiz,25,10.7,2024-10-16,2024-10-13
ASM008963,STU0508,CRS007,3,assignment,50,25.4,2024-10-07,2024-10-07
ASM008964,STU0508,CRS007,3,project,100,63.0,2024-10-16,2024-10-19
ASM008965,STU0508,CRS007,4,quiz,25,20.6,2024-11-05,2024-11-05
ASM008966,STU0508,CRS007,4,assignment,50,35.1,2024-11-05,2024-11-04
ASM008967,STU0508,CRS007,5,quiz,25,17.9,2024-11-30,2024-12-01
ASM008968,STU0508,CRS007,5,assignment,50,25.7,2024-11-05,2024-11-03
ASM008969,STU0508,CRS007,6,quiz,25,13.9,2024-12-09,2024-12-11
ASM008970,STU0508,CRS007,6,assignment,50,32.6,2024-11-15,2024-11-16
ASM008971,STU0508,CRS007,6,project,100,58.2,2024-11-21,2024-11-21
ASM008972,STU0508,CRS007,7,quiz,25,24.5,2024-12-28,2024-12-27
ASM008973,STU0508,CRS007,7,assignment,50,40.4,2025-01-04,2025-01-06
ASM008974,STU0508,CRS007,7,exam,100,65.1,2024-12-21,2024-12-22
ASM008975,STU0509,CRS016,1,quiz,25,24.5,2023-02-05,2023-02-05
ASM008976,STU0509,CRS016,1,assignment,50,46.6,2023-02-04,2023-02-04
ASM008977,STU0509,CRS016,2,quiz,25,11.6,2023-02-22,2023-02-19
ASM008978,STU0509,CRS016,2,assignment,50,43.8,2023-02-24,2023-02-24
ASM008979,STU0509,CRS016,3,quiz,25,18.9,2023-03-07,2023-03-06
ASM008980,STU0509,CRS016,3,assignment,50,37.4,2023-03-22,2023-03-19
ASM008981,STU0509,CRS016,3,project,100,71.0,2023-03-13,2023-03-12
ASM008982,STU0509,CRS016,4,quiz,25,18.3,2023-03-22,2023-03-19
ASM008983,STU0509,CRS016,4,assignment,50,42.9,2023-03-22,2023-03-25
ASM008984,STU0509,CRS016,5,quiz,25,13.4,2023-04-21,2023-04-24
ASM008985,STU0509,CRS016,5,assignment,50,34.4,2023-04-16,2023-04-17
ASM008986,STU0509,CRS016,6,quiz,25,12.8,2023-04-21,2023-04-20
ASM008987,STU0509,CRS016,6,assignment,50,17.1,2023-04-15,2023-04-17
ASM008988,STU0509,CRS016,6,project,100,57.4,2023-05-03,2023-05-02
ASM008989,STU0509,CRS016,6,exam,100,40.7,2023-05-03,2023-05-04
ASM008990,STU0510,CRS015,1,quiz,25,9.3,2023-08-25,2023-08-25
ASM008991,STU0510,CRS015,1,assignment,50,27.5,2023-08-20,2023-08-21
ASM008992,STU0510,CRS015,2,quiz,25,23.4,2023-09-03,2023-09-08
ASM008993,STU0510,CRS015,2,assignment,50,34.9,2023-09-13,2023-09-18
ASM008994,STU0510,CRS015,3,quiz,25,17.8,2023-10-06,2023-10-07
ASM008995,STU0510,CRS015,3,assignment,50,19.4,2023-09-18,2023-09-18
ASM008996,STU0510,CRS015,3,project,100,27.5,2023-10-03,2023-10-02
ASM008997,STU0510,CRS015,4,quiz,25,4.3,2023-10-15,2023-10-14
ASM008998,STU0510,CRS015,4,assignment,50,48.0,2023-10-23,2023-10-25
ASM008999,STU0510,CRS015,5,quiz,25,4.4,2023-11-07,2023-11-07
ASM009000,STU0510,CRS015,5,assignment,50,36.5,2023-11-07,2023-11-10
ASM009001,STU0510,CRS015,6,quiz,25,14.7,2023-12-02,2023-12-01
ASM009002,STU0510,CRS015,6,assignment,50,22.3,2023-11-08,2023-11-07
ASM009003,STU0510,CRS015,6,project,100,74.2,2023-12-08,2023-12-10
ASM009004,STU0510,CRS015,7,quiz,25,19.4,2023-11-24,2023-11-22
ASM009005,STU0510,CRS015,7,assignment,50,46.8,2023-12-15,2023-12-14
ASM009006,STU0510,CRS015,8,quiz,25,22.7,2023-12-10,2023-12-10
ASM009007,STU0510,CRS015,8,assignment,50,32.5,2024-01-03,2023-12-31
ASM009008,STU0510,CRS015,9,quiz,25,20.3,2024-01-04,2024-01-04
ASM009009,STU0510,CRS015,9,assignment,50,31.4,2023-12-26,2023-12-26
ASM009010,STU0510,CRS015,9,project,100,65.4,2024-01-13,2024-01-13
ASM009011,STU0510,CRS015,10,quiz,25,22.3,2024-03-01,2024-03-01
ASM009012,STU0510,CRS015,10,assignment,50,25.3,2024-01-11,2024-01-11
ASM009013,STU0510,CRS015,10,exam,100,55.9,2024-03-01,2024-02-29
ASM009014,STU0511,CRS002,1,quiz,25,8.1,2024-03-27,2024-03-25
ASM009015,STU0511,CRS002,1,assignment,50,26.5,2024-03-22,2024-03-20
ASM009016,STU0511,CRS002,2,quiz,25,16.8,2024-04-09,2024-04-10
ASM009017,STU0511,CRS002,2,assignment,50,29.2,2024-04-15,2024-04-15
ASM009018,STU0511,CRS002,3,quiz,25,15.0,2024-04-23,2024-04-23
ASM009019,STU0511,CRS002,3,assignment,50,49.0,2024-04-20,2024-04-21
ASM009020,STU0511,CRS002,3,project,100,72.4,2024-04-20,2024-04-19
ASM009021,STU0511,CRS002,4,quiz,25,14.7,2024-05-17,2024-05-16
ASM009022,STU0511,CRS002,4,assignment,50,29.0,2024-05-25,2024-05-23
ASM009023,STU0511,CRS002,5,quiz,25,8.6,2024-06-04,2024-06-04
ASM009024,STU0511,CRS002,5,assignment,50,22.7,2024-06-14,2024-06-19
ASM009025,STU0511,CRS002,6,quiz,25,12.3,2024-06-28,2024-06-29
ASM009026,STU0511,CRS002,6,assignment,50,49.0,2024-06-16,2024-06-14
ASM009027,STU0511,CRS002,6,project,100,90.2,2024-07-10,2024-07-08
ASM009028,STU0511,CRS002,6,exam,100,89.5,2024-06-16,2024-06-15
ASM009029,STU0512,CRS001,1,quiz,25,18.6,2024-09-24,2024-09-27
ASM009030,STU0512,CRS001,1,assignment,50,12.1,2024-09-23,2024-09-24
ASM009031,STU0512,CRS001,2,quiz,25,17.6,2024-10-19,2024-10-16
ASM009032,STU0512,CRS001,2,assignment,50,32.9,2024-10-11,2024-10-13
ASM009033,STU0512,CRS001,3,quiz,25,14.3,2024-10-31,2024-10-30
ASM009034,STU0512,CRS001,3,assignment,50,44.0,2024-11-03,2024-11-04
ASM009035,STU0512,CRS001,3,project,100,59.8,2024-11-03,2024-11-05
ASM009036,STU0512,CRS001,4,quiz,25,10.1,2024-11-06,2024-11-08
ASM009037,STU0512,CRS001,4,assignment,50,45.9,2024-11-30,2024-11-30
ASM009038,STU0512,CRS001,5,quiz,25,18.6,2024-11-26,2024-11-24
ASM009039,STU0512,CRS001,5,assignment,50,32.2,2024-11-26,2024-11-26
ASM009040,STU0512,CRS001,6,quiz,25,21.2,2024-12-18,2024-12-18
ASM009041,STU0512,CRS001,6,assignment,50,30.1,2025-01-11,2025-01-15
ASM009042,STU0512,CRS001,6,project,100,62.3,2024-12-18,2024-12-17
ASM009043,STU0512,CRS001,6,exam,100,68.2,2024-12-12,2024-12-11
ASM009044,STU0513,CRS004,1,quiz,25,22.3,2023-03-17,2023-03-17
ASM009045,STU0513,CRS004,1,assignment,50,19.5,2023-03-20,2023-03-17
ASM009046,STU0513,CRS004,2,quiz,25,18.3,2023-04-04,2023-04-05
ASM009047,STU0513,CRS004,2,assignment,50,25.2,2023-04-02,2023-04-04
ASM009048,STU0513,CRS004,3,quiz,25,14.9,2023-05-01,2023-05-02
ASM009049,STU0513,CRS004,3,assignment,50,26.3,2023-05-01,2023-04-30
ASM009050,STU0513,CRS004,3,project,100,68.2,2023-04-28,2023-04-28
ASM009051,STU0513,CRS004,4,quiz,25,24.5,2023-05-14,2023-05-14
ASM009052,STU0513,CRS004,4,assignment,50,33.1,2023-05-18,2023-05-25
ASM009053,STU0513,CRS004,5,quiz,25,24.5,2023-05-18,2023-05-17
ASM009054,STU0513,CRS004,5,assignment,50,31.7,2023-05-13,2023-05-16
ASM009055,STU0513,CRS004,6,quiz,25,14.8,2023-06-03,2023-06-05
ASM009056,STU0513,CRS004,6,assignment,50,28.8,2023-06-09,2023-06-12
ASM009057,STU0513,CRS004,6,project,100,45.0,2023-06-27,2023-06-30
ASM009058,STU0513,CRS004,6,exam,100,60.2,2023-06-15,2023-06-17
ASM009059,STU0514,CRS008,1,quiz,25,15.4,2023-09-02,2023-09-02
ASM009060,STU0514,CRS008,1,assignment,50,26.4,2023-09-03,2023-09-02
ASM009061,STU0514,CRS008,2,quiz,25,15.5,2023-09-14,2023-09-19
ASM009062,STU0514,CRS008,2,assignment,50,24.1,2023-09-26,2023-09-26
ASM009063,STU0514,CRS008,3,quiz,25,6.7,2023-09-28,2023-10-03
ASM009064,STU0514,CRS008,3,assignment,50,46.2,2023-09-28,2023-10-01
ASM009065,STU0514,CRS008,3,project,100,75.0,2023-10-13,2023-10-20
ASM009066,STU0514,CRS008,4,quiz,25,17.9,2023-10-28,2023-10-27
ASM009067,STU0514,CRS008,4,assignment,50,30.8,2023-11-01,2023-11-01
ASM009068,STU0514,CRS008,5,quiz,25,10.4,2023-10-31,2023-10-29
ASM009069,STU0514,CRS008,5,assignment,50,35.0,2023-11-15,2023-11-22
ASM009070,STU0514,CRS008,6,quiz,25,12.3,2023-11-21,2023-11-28
ASM009071,STU0514,CRS008,6,assignment,50,42.9,2023-11-21,2023-11-19
ASM009072,STU0514,CRS008,6,project,100,43.6,2023-12-21,2023-12-21
ASM009073,STU0514,CRS008,6,exam,100,60.9,2023-11-15,2023-11-15
ASM009074,STU0515,CRS006,1,quiz,25,12.5,2024-02-22,2024-02-24
ASM009075,STU0515,CRS006,1,assignment,50,28.8,2024-02-23,2024-02-24
ASM009076,STU0515,CRS006,2,quiz,25,15.9,2024-03-16,2024-03-17
ASM009077,STU0515,CRS006,2,assignment,50,31.3,2024-03-14,2024-03-19
ASM009078,STU0515,CRS006,3,quiz,25,7.9,2024-04-02,2024-04-02
ASM009079,STU0515,CRS006,3,assignment,50,24.9,2024-03-30,2024-03-29
ASM009080,STU0515,CRS006,3,project,100,50.2,2024-03-27,2024-04-01
ASM009081,STU0515,CRS006,4,quiz,25,7.9,2024-04-13,2024-04-15
ASM009082,STU0515,CRS006,4,assignment,50,43.1,2024-04-25,2024-04-25
ASM009083,STU0515,CRS006,5,quiz,25,12.4,2024-05-20,2024-05-19
ASM009084,STU0515,CRS006,5,assignment,50,38.1,2024-05-20,2024-05-20
ASM009085,STU0515,CRS006,6,quiz,25,12.6,2024-05-29,2024-05-29
ASM009086,STU0515,CRS006,6,assignment,50,41.3,2024-05-05,2024-05-04
ASM009087,STU0515,CRS006,6,project,100,64.0,2024-05-23,2024-05-21
ASM009088,STU0515,CRS006,7,quiz,25,22.3,2024-06-17,2024-06-16
ASM009089,STU0515,CRS006,7,assignment,50,23.2,2024-05-13,2024-05-20
ASM009090,STU0515,CRS006,8,quiz,25,9.7,2024-06-12,2024-06-12
ASM009091,STU0515,CRS006,8,assignment,50,36.9,2024-07-22,2024-07-25
ASM009092,STU0515,CRS006,9,quiz,25,22.0,2024-06-10,2024-06-11
ASM009093,STU0515,CRS006,9,assignment,50,46.0,2024-08-12,2024-08-14
ASM009094,STU0515,CRS006,9,project,100,88.9,2024-06-10,2024-06-08
ASM009095,STU0515,CRS006,10,quiz,25,19.3,2024-07-04,2024-07-03
ASM009096,STU0515,CRS006,10,assignment,50,37.3,2024-06-24,2024-06-24
ASM009097,STU0515,CRS006,10,exam,100,53.3,2024-07-14,2024-07-15
ASM009098,STU0516,CRS015,1,quiz,25,18.0,2024-08-14,2024-08-16
ASM009099,STU0516,CRS015,1,assignment,50,29.4,2024-08-16,2024-08-23
ASM009100,STU0516,CRS015,2,quiz,25,15.1,2024-09-07,2024-09-05
ASM009101,STU0516,CRS015,2,assignment,50,38.2,2024-09-07,2024-09-09
ASM009102,STU0516,CRS015,3,quiz,25,14.4,2024-09-30,2024-10-01
ASM009103,STU0516,CRS015,3,assignment,50,21.3,2024-09-09,2024-09-09
ASM009104,STU0516,CRS015,3,project,100,41.6,2024-09-12,2024-09-12
ASM009105,STU0516,CRS015,4,quiz,25,15.7,2024-10-21,2024-10-20
ASM009106,STU0516,CRS015,4,assignment,50,30.7,2024-10-21,2024-10-22
ASM009107,STU0516,CRS015,5,quiz,25,16.8,2024-11-06,2024-11-06
ASM009108,STU0516,CRS015,5,assignment,50,42.3,2024-10-07,2024-10-07
ASM009109,STU0516,CRS015,6,quiz,25,18.6,2024-11-26,2024-11-24
ASM009110,STU0516,CRS015,6,assignment,50,18.0,2024-12-02,2024-12-01
ASM009111,STU0516,CRS015,6,project,100,72.9,2024-11-14,2024-11-13
ASM009112,STU0516,CRS015,7,quiz,25,20.0,2024-12-16,2024-12-16
ASM009113,STU0516,CRS015,7,assignment,50,48.2,2024-12-23,2024-12-30
ASM009114,STU0516,CRS015,8,quiz,25,10.2,2025-01-13,2025-01-11
ASM009115,STU0516,CRS015,8,assignment,50,27.3,2024-12-28,2024-12-28
ASM009116,STU0516,CRS015,8,exam,100,42.3,2024-12-04,2024-12-06
ASM009117,STU0517,CRS006,1,quiz,25,21.3,2023-02-16,2023-02-16
ASM009118,STU0517,CRS006,1,assignment,50,41.7,2023-02-13,2023-02-14
ASM009119,STU0517,CRS006,2,quiz,25,11.1,2023-02-25,2023-02-27
ASM009120,STU0517,CRS006,2,assignment,50,34.7,2023-02-27,2023-02-28
ASM009121,STU0517,CRS006,3,quiz,25,20.9,2023-03-27,2023-03-24
ASM009122,STU0517,CRS006,3,assignment,50,30.5,2023-03-24,2023-03-24
ASM009123,STU0517,CRS006,3,project,100,94.5,2023-03-27,2023-03-29
ASM009124,STU0517,CRS006,4,quiz,25,17.9,2023-04-12,2023-04-13
ASM009125,STU0517,CRS006,4,assignment,50,27.5,2023-04-20,2023-04-19
ASM009126,STU0517,CRS006,5,quiz,25,19.9,2023-05-11,2023-05-14
ASM009127,STU0517,CRS006,5,assignment,50,49.0,2023-04-26,2023-04-28
ASM009128,STU0517,CRS006,6,quiz,25,13.1,2023-05-26,2023-05-25
ASM009129,STU0517,CRS006,6,assignment,50,28.7,2023-06-01,2023-05-30
ASM009130,STU0517,CRS006,6,project,100,71.9,2023-05-26,2023-05-28
ASM009131,STU0517,CRS006,7,quiz,25,16.6,2023-06-15,2023-06-18
ASM009132,STU0517,CRS006,7,assignment,50,24.2,2023-06-15,2023-06-17
ASM009133,STU0517,CRS006,8,quiz,25,9.7,2023-06-19,2023-06-20
ASM009134,STU0517,CRS006,8,assignment,50,31.0,2023-07-05,2023-07-05
ASM009135,STU0517,CRS006,9,quiz,25,8.2,2023-07-07,2023-07-09
ASM009136,STU0517,CRS006,9,assignment,50,14.6,2023-06-10,2023-06-10
ASM009137,STU0517,CRS006,9,project,100,52.1,2023-06-28,2023-06-27
ASM009138,STU0517,CRS006,10,quiz,25,17.4,2023-08-04,2023-08-05
ASM009139,STU0517,CRS006,10,assignment,50,33.5,2023-07-05,2023-07-04
ASM009140,STU0517,CRS006,10,exam,100,51.8,2023-08-24,2023-08-23
ASM009141,STU0518,CRS014,1,quiz,25,15.0,2023-08-23,2023-08-23
ASM009142,STU0518,CRS014,1,assignment,50,49.0,2023-08-29,2023-08-29
ASM009143,STU0518,CRS014,2,quiz,25,15.7,2023-09-12,2023-09-13
ASM009144,STU0518,CRS014,2,assignment,50,49.0,2023-09-12,2023-09-12
ASM009145,STU0518,CRS014,3,quiz,25,17.0,2023-10-05,2023-10-04
ASM009146,STU0518,CRS014,3,assignment,50,30.8,2023-10-11,2023-10-11
ASM009147,STU0518,CRS014,3,project,100,71.2,2023-10-05,2023-10-04
ASM009148,STU0518,CRS014,4,quiz,25,23.4,2023-10-24,2023-10-29
ASM009149,STU0518,CRS014,4,assignment,50,27.2,2023-10-16,2023-10-15
ASM009150,STU0518,CRS014,5,quiz,25,14.1,2023-11-17,2023-11-17
ASM009151,STU0518,CRS014,5,assignment,50,29.9,2023-10-18,2023-10-19
ASM009152,STU0518,CRS014,6,quiz,25,24.0,2023-12-13,2023-12-12
ASM009153,STU0518,CRS014,6,assignment,50,34.9,2023-11-19,2023-11-17
ASM009154,STU0518,CRS014,6,project,100,51.4,2023-12-01,2023-11-28
ASM009155,STU0518,CRS014,6,exam,100,75.5,2023-12-07,2023-12-06
ASM009156,STU0519,CRS020,1,quiz,25,9.7,2024-03-25,2024-03-25
ASM009157,STU0519,CRS020,1,assignment,50,39.2,2024-03-25,2024-03-27
ASM009158,STU0519,CRS020,2,quiz,25,13.1,2024-04-14,2024-04-17
ASM009159,STU0519,CRS020,2,assignment,50,27.0,2024-04-22,2024-04-23
ASM009160,STU0519,CRS020,3,quiz,25,17.5,2024-05-04,2024-05-09
ASM009161,STU0519,CRS020,3,assignment,50,20.1,2024-05-13,2024-05-12
ASM009162,STU0519,CRS020,3,project,100,77.2,2024-05-10,2024-05-13
ASM009163,STU0519,CRS020,4,quiz,25,22.8,2024-05-06,2024-05-05
ASM009164,STU0519,CRS020,4,assignment,50,14.6,2024-06-03,2024-06-02
ASM009165,STU0519,CRS020,4,exam,100,59.8,2024-06-03,2024-06-02
ASM009166,STU0520,CRS019,1,quiz,25,18.4,2024-08-25,2024-08-26
ASM009167,STU0520,CRS019,1,assignment,50,49.0,2024-08-29,2024-08-31
ASM009168,STU0520,CRS019,2,quiz,25,20.2,2024-09-08,2024-09-07
ASM009169,STU0520,CRS019,2,assignment,50,21.5,2024-09-22,2024-09-22
ASM009170,STU0520,CRS019,3,quiz,25,16.8,2024-10-07,2024-10-05
ASM009171,STU0520,CRS019,3,assignment,50,31.1,2024-10-04,2024-10-11
ASM009172,STU0520,CRS019,3,project,100,98.0,2024-10-13,2024-10-13
ASM009173,STU0520,CRS019,4,quiz,25,17.3,2024-11-03,2024-11-02
ASM009174,STU0520,CRS019,4,assignment,50,38.7,2024-10-06,2024-10-06
ASM009175,STU0520,CRS019,5,quiz,25,20.0,2024-11-09,2024-11-08
ASM009176,STU0520,CRS019,5,assignment,50,26.2,2024-11-14,2024-11-13
ASM009177,STU0520,CRS019,6,quiz,25,17.3,2024-12-15,2024-12-15
ASM009178,STU0520,CRS019,6,assignment,50,40.5,2024-12-03,2024-12-04
ASM009179,STU0520,CRS019,6,project,100,72.9,2024-11-15,2024-11-15
ASM009180,STU0520,CRS019,6,exam,100,83.6,2024-12-09,2024-12-12
ASM009181,STU0521,CRS007,1,quiz,25,16.3,2023-02-18,2023-02-18
ASM009182,STU0521,CRS007,1,assignment,50,29.3,2023-02-12,2023-02-13
ASM009183,STU0521,CRS007,2,quiz,25,13.6,2023-02-27,2023-03-04
ASM009184,STU0521,CRS007,2,assignment,50,28.6,2023-03-09,2023-03-14
ASM009185,STU0521,CRS007,3,quiz,25,19.9,2023-03-20,2023-03-20
ASM009186,STU0521,CRS007,3,assignment,50,40.0,2023-03-23,2023-03-23
ASM009187,STU0521,CRS007,3,project,100,88.5,2023-03-23,2023-03-30
ASM009188,STU0521,CRS007,4,quiz,25,20.7,2023-04-06,2023-04-11
ASM009189,STU0521,CRS007,4,assignment,50,41.5,2023-04-06,2023-04-06
ASM009190,STU0521,CRS007,5,quiz,25,14.3,2023-05-03,2023-05-08
ASM009191,STU0521,CRS007,5,assignment,50,35.0,2023-04-08,2023-04-08
ASM009192,STU0521,CRS007,6,quiz,25,16.8,2023-05-28,2023-05-30
ASM009193,STU0521,CRS007,6,assignment,50,41.8,2023-05-22,2023-05-20
ASM009194,STU0521,CRS007,6,project,100,68.6,2023-04-22,2023-04-22
ASM009195,STU0521,CRS007,7,quiz,25,16.7,2023-06-24,2023-06-24
ASM009196,STU0521,CRS007,7,assignment,50,18.9,2023-06-03,2023-06-03
ASM009197,STU0521,CRS007,8,quiz,25,16.5,2023-06-21,2023-06-21
ASM009198,STU0521,CRS007,8,assignment,50,33.7,2023-06-21,2023-06-21
ASM009199,STU0521,CRS007,8,exam,100,32.1,2023-06-29,2023-06-29
ASM009200,STU0522,CRS003,1,quiz,25,19.9,2023-09-07,2023-09-08
ASM009201,STU0522,CRS003,1,assignment,50,41.5,2023-09-03,2023-09-06
ASM009202,STU0522,CRS003,2,quiz,25,11.9,2023-10-01,2023-09-30
ASM009203,STU0522,CRS003,2,assignment,50,39.2,2023-09-17,2023-09-18
ASM009204,STU0522,CRS003,3,quiz,25,24.5,2023-10-10,2023-10-12
ASM009205,STU0522,CRS003,3,assignment,50,31.9,2023-10-19,2023-10-21
ASM009206,STU0522,CRS003,3,project,100,94.5,2023-10-04,2023-10-04
ASM009207,STU0522,CRS003,4,quiz,25,12.7,2023-11-04,2023-11-05
ASM009208,STU0522,CRS003,4,assignment,50,32.4,2023-10-31,2023-11-07
ASM009209,STU0522,CRS003,5,quiz,25,11.0,2023-10-29,2023-10-29
ASM009210,STU0522,CRS003,5,assignment,50,16.2,2023-11-13,2023-11-10
ASM009211,STU0522,CRS003,5,exam,100,89.7,2023-11-08,2023-11-15
ASM009212,STU0523,CRS018,1,quiz,25,17.6,2024-02-14,2024-02-14
ASM009213,STU0523,CRS018,1,assignment,50,21.0,2024-02-14,2024-02-13
ASM009214,STU0523,CRS018,2,quiz,25,10.9,2024-02-25,2024-02-26
ASM009215,STU0523,CRS018,2,assignment,50,34.6,2024-02-27,2024-02-26
ASM009216,STU0523,CRS018,3,quiz,25,15.6,2024-03-14,2024-03-15
ASM009217,STU0523,CRS018,3,assignment,50,36.9,2024-03-26,2024-03-26
ASM009218,STU0523,CRS018,3,project,100,98.0,2024-03-14,2024-03-19
ASM009219,STU0523,CRS018,4,quiz,25,13.4,2024-04-11,2024-04-13
ASM009220,STU0523,CRS018,4,assignment,50,36.7,2024-03-22,2024-03-29
ASM009221,STU0523,CRS018,5,quiz,25,14.8,2024-04-05,2024-04-05
ASM009222,STU0523,CRS018,5,assignment,50,29.0,2024-04-30,2024-04-29
ASM009223,STU0523,CRS018,6,quiz,25,15.0,2024-04-19,2024-04-21
ASM009224,STU0523,CRS018,6,assignment,50,26.9,2024-05-01,2024-04-28
ASM009225,STU0523,CRS018,6,project,100,53.3,2024-05-01,2024-05-04
ASM009226,STU0523,CRS018,7,quiz,25,13.2,2024-05-10,2024-05-10
ASM009227,STU0523,CRS018,7,assignment,50,30.9,2024-06-07,2024-06-04
ASM009228,STU0523,CRS018,8,quiz,25,19.2,2024-06-02,2024-06-03
ASM009229,STU0523,CRS018,8,assignment,50,46.3,2024-07-04,2024-07-09
ASM009230,STU0523,CRS018,8,exam,100,93.1,2024-06-18,2024-06-18
ASM009231,STU0524,CRS007,1,quiz,25,19.5,2024-08-28,2024-08-30
ASM009232,STU0524,CRS007,1,assignment,50,33.8,2024-08-27,2024-09-01
ASM009233,STU0524,CRS007,2,quiz,25,15.1,2024-09-20,2024-09-19
ASM009234,STU0524,CRS007,2,assignment,50,42.0,2024-09-20,2024-09-20
ASM009235,STU0524,CRS007,3,quiz,25,20.7,2024-10-15,2024-10-16
ASM009236,STU0524,CRS007,3,assignment,50,24.6,2024-09-30,2024-09-29
ASM009237,STU0524,CRS007,3,project,100,54.7,2024-10-09,2024-10-10
ASM009238,STU0524,CRS007,4,quiz,25,21.1,2024-10-12,2024-10-12
ASM009239,STU0524,CRS007,4,assignment,50,14.7,2024-10-12,2024-10-12
ASM009240,STU0524,CRS007,5,quiz,25,17.0,2024-11-06,2024-11-08
ASM009241,STU0524,CRS007,5,assignment,50,31.8,2024-11-01,2024-11-01
ASM009242,STU0524,CRS007,6,quiz,25,18.6,2024-12-05,2024-12-08
ASM009243,STU0524,CRS007,6,assignment,50,35.9,2024-11-11,2024-11-11
ASM009244,STU0524,CRS007,6,project,100,80.7,2024-12-17,2024-12-18
ASM009245,STU0524,CRS007,6,exam,100,62.3,2024-11-11,2024-11-11
ASM009246,STU0525,CRS016,1,quiz,25,17.4,2023-03-03,2023-03-08
ASM009247,STU0525,CRS016,1,assignment,50,30.1,2023-03-04,2023-03-04
ASM009248,STU0525,CRS016,2,quiz,25,7.5,2023-03-27,2023-03-29
ASM009249,STU0525,CRS016,2,assignment,50,28.5,2023-03-25,2023-03-26
ASM009250,STU0525,CRS016,3,quiz,25,16.9,2023-04-15,2023-04-12
ASM009251,STU0525,CRS016,3,assignment,50,29.6,2023-04-12,2023-04-12
ASM009252,STU0525,CRS016,3,project,100,93.9,2023-04-15,2023-04-16
ASM009253,STU0525,CRS016,4,quiz,25,14.6,2023-04-22,2023-04-23
ASM009254,STU0525,CRS016,4,assignment,50,46.3,2023-04-14,2023-04-13
ASM009255,STU0525,CRS016,5,quiz,25,20.5,2023-05-23,2023-05-20
ASM009256,STU0525,CRS016,5,assignment,50,28.7,2023-05-23,2023-05-23
ASM009257,STU0525,CRS016,6,quiz,25,19.5,2023-06-11,2023-06-12
ASM009258,STU0525,CRS016,6,assignment,50,12.5,2023-06-11,2023-06-14
ASM009259,STU0525,CRS016,6,project,100,36.6,2023-05-18,2023-05-21
ASM009260,STU0525,CRS016,6,exam,100,63.6,2023-05-24,2023-05-24
ASM009261,STU0526,CRS020,1,quiz,25,16.8,2023-08-27,2023-08-27
ASM009262,STU0526,CRS020,1,assignment,50,22.7,2023-08-29,2023-09-03
ASM009263,STU0526,CRS020,2,quiz,25,19.3,2023-09-13,2023-09-13
ASM009264,STU0526,CRS020,2,assignment,50,26.3,2023-09-07,2023-09-05
ASM009265,STU0526,CRS020,3,quiz,25,14.8,2023-10-10,2023-10-08
ASM009266,STU0526,CRS020,3,assignment,50,44.1,2023-09-28,2023-09-28
ASM009267,STU0526,CRS020,3,project,100,71.4,2023-10-10,2023-10-11
ASM009268,STU0526,CRS020,4,quiz,25,16.4,2023-10-19,2023-10-22
ASM009269,STU0526,CRS020,4,assignment,50,28.9,2023-10-23,2023-10-23
ASM009270,STU0526,CRS020,4,exam,100,98.0,2023-10-27,2023-10-27
ASM009271,STU0527,CRS019,1,quiz,25,17.4,2024-02-09,2024-02-14
ASM009272,STU0527,CRS019,1,assignment,50,29.0,2024-02-11,2024-02-09
ASM009273,STU0527,CRS019,2,quiz,25,13.4,2024-02-29,2024-03-02
ASM009274,STU0527,CRS019,2,assignment,50,23.7,2024-02-23,2024-02-23
ASM009275,STU0527,CRS019,3,quiz,25,18.9,2024-03-13,2024-03-13
ASM009276,STU0527,CRS019,3,assignment,50,33.5,2024-03-25,2024-03-25
ASM009277,STU0527,CRS019,3,project,100,69.5,2024-03-16,2024-03-17
ASM009278,STU0527,CRS019,4,quiz,25,12.0,2024-03-22,2024-03-24
ASM009279,STU0527,CRS019,4,assignment,50,28.6,2024-03-26,2024-03-26
ASM009280,STU0527,CRS019,5,quiz,25,12.2,2024-04-16,2024-04-18
ASM009281,STU0527,CRS019,5,assignment,50,45.6,2024-04-21,2024-04-23
ASM009282,STU0527,CRS019,6,quiz,25,14.0,2024-05-03,2024-05-02
ASM009283,STU0527,CRS019,6,assignment,50,30.6,2024-05-27,2024-06-01
ASM009284,STU0527,CRS019,6,project,100,60.7,2024-05-15,2024-05-14
ASM009285,STU0527,CRS019,6,exam,100,65.9,2024-05-15,2024-05-15
ASM009286,STU0528,CRS015,1,quiz,25,20.0,2024-09-11,2024-09-12
ASM009287,STU0528,CRS015,1,assignment,50,26.2,2024-09-11,2024-09-14
ASM009288,STU0528,CRS015,2,quiz,25,19.9,2024-09-24,2024-10-01
ASM009289,STU0528,CRS015,2,assignment,50,45.3,2024-10-02,2024-10-09
ASM009290,STU0528,CRS015,3,quiz,25,14.4,2024-10-13,2024-10-13
ASM009291,STU0528,CRS015,3,assignment,50,38.5,2024-10-25,2024-10-26
ASM009292,STU0528,CRS015,3,project,100,50.7,2024-10-04,2024-10-04
ASM009293,STU0528,CRS015,4,quiz,25,13.7,2024-11-07,2024-11-09
ASM009294,STU0528,CRS015,4,assignment,50,47.9,2024-10-22,2024-10-19
ASM009295,STU0528,CRS015,5,quiz,25,19.1,2024-12-01,2024-12-03
ASM009296,STU0528,CRS015,5,assignment,50,34.4,2024-12-06,2024-12-04
ASM009297,STU0528,CRS015,5,exam,100,36.4,2024-11-26,2024-11-27
ASM009298,STU0529,CRS010,1,quiz,25,13.5,2023-03-29,2023-03-30
ASM009299,STU0529,CRS010,1,assignment,50,34.4,2023-04-04,2023-04-04
ASM009300,STU0529,CRS010,2,quiz,25,21.9,2023-04-11,2023-04-13
ASM009301,STU0529,CRS010,2,assignment,50,27.9,2023-04-17,2023-04-20
ASM009302,STU0529,CRS010,3,quiz,25,12.2,2023-05-10,2023-05-11
ASM009303,STU0529,CRS010,3,assignment,50,41.0,2023-04-25,2023-05-02
ASM009304,STU0529,CRS010,3,project,100,68.6,2023-05-04,2023-05-04
ASM009305,STU0529,CRS010,4,quiz,25,17.8,2023-05-13,2023-05-11
ASM009306,STU0529,CRS010,4,assignment,50,27.8,2023-05-17,2023-05-17
ASM009307,STU0529,CRS010,5,quiz,25,14.5,2023-05-23,2023-05-20
ASM009308,STU0529,CRS010,5,assignment,50,19.3,2023-06-07,2023-06-08
ASM009309,STU0529,CRS010,6,quiz,25,13.8,2023-07-12,2023-07-11
ASM009310,STU0529,CRS010,6,assignment,50,29.5,2023-06-06,2023-06-07
ASM009311,STU0529,CRS010,6,project,100,50.7,2023-06-24,2023-06-24
ASM009312,STU0529,CRS010,7,quiz,25,12.1,2023-06-27,2023-06-27
ASM009313,STU0529,CRS010,7,assignment,50,28.1,2023-07-11,2023-07-11
ASM009314,STU0529,CRS010,8,quiz,25,24.5,2023-07-12,2023-07-14
ASM009315,STU0529,CRS010,8,assignment,50,26.3,2023-08-21,2023-08-23
ASM009316,STU0529,CRS010,9,quiz,25,17.7,2023-08-23,2023-08-26
ASM009317,STU0529,CRS010,9,assignment,50,25.2,2023-08-05,2023-08-06
ASM009318,STU0529,CRS010,9,project,100,60.9,2023-07-27,2023-07-26
ASM009319,STU0529,CRS010,10,quiz,25,13.2,2023-08-21,2023-08-22
ASM009320,STU0529,CRS010,10,assignment,50,36.7,2023-09-10,2023-09-08
ASM009321,STU0529,CRS010,10,exam,100,73.0,2023-09-30,2023-09-30
ASM009322,STU0530,CRS003,1,quiz,25,13.4,2023-09-13,2023-09-15
ASM009323,STU0530,CRS003,1,assignment,50,24.7,2023-09-12,2023-09-14
ASM009324,STU0530,CRS003,2,quiz,25,13.4,2023-09-30,2023-09-30
ASM009325,STU0530,CRS003,2,assignment,50,27.9,2023-10-04,2023-10-04
ASM009326,STU0530,CRS003,3,quiz,25,11.1,2023-10-29,2023-10-31
ASM009327,STU0530,CRS003,3,assignment,50,25.4,2023-10-20,2023-10-19
ASM009328,STU0530,CRS003,3,project,100,58.7,2023-10-29,2023-10-30
ASM009329,STU0530,CRS003,4,quiz,25,15.9,2023-11-07,2023-11-12
ASM009330,STU0530,CRS003,4,assignment,50,49.0,2023-11-03,2023-11-10
ASM009331,STU0530,CRS003,5,quiz,25,17.7,2023-11-30,2023-11-29
ASM009332,STU0530,CRS003,5,assignment,50,25.0,2023-12-05,2023-12-05
ASM009333,STU0530,CRS003,5,exam,100,57.2,2023-11-15,2023-11-14
ASM009334,STU0531,CRS004,1,quiz,25,24.5,2024-02-19,2024-02-21
ASM009335,STU0531,CRS004,1,assignment,50,47.6,2024-02-13,2024-02-15
ASM009336,STU0531,CRS004,2,quiz,25,13.2,2024-03-06,2024-03-08
ASM009337,STU0531,CRS004,2,assignment,50,24.4,2024-03-10,2024-03-10
ASM009338,STU0531,CRS004,3,quiz,25,9.1,2024-03-15,2024-03-22
ASM009339,STU0531,CRS004,3,assignment,50,15.8,2024-03-15,2024-03-16
ASM009340,STU0531,CRS004,3,project,100,56.9,2024-03-18,2024-03-17
ASM009341,STU0531,CRS004,4,quiz,25,14.0,2024-04-03,2024-04-02
ASM009342,STU0531,CRS004,4,assignment,50,30.7,2024-03-26,2024-03-25
ASM009343,STU0531,CRS004,5,quiz,25,14.2,2024-04-24,2024-04-23
ASM009344,STU0531,CRS004,5,assignment,50,17.6,2024-04-09,2024-04-16
ASM009345,STU0531,CRS004,6,quiz,25,7.6,2024-04-29,2024-04-28
ASM009346,STU0531,CRS004,6,assignment,50,42.9,2024-05-23,2024-05-23
ASM009347,STU0531,CRS004,6,project,100,63.4,2024-05-11,2024-05-09
ASM009348,STU0531,CRS004,6,exam,100,81.0,2024-05-29,2024-05-30
ASM009349,STU0532,CRS006,1,quiz,25,11.9,2024-08-26,2024-08-27
ASM009350,STU0532,CRS006,1,assignment,50,35.3,2024-08-26,2024-08-28
ASM009351,STU0532,CRS006,2,quiz,25,16.0,2024-09-18,2024-09-18
ASM009352,STU0532,CRS006,2,assignment,50,32.3,2024-09-14,2024-09-14
ASM009353,STU0532,CRS006,3,quiz,25,12.9,2024-09-24,2024-09-29
ASM009354,STU0532,CRS006,3,assignment,50,24.7,2024-10-06,2024-10-05
ASM009355,STU0532,CRS006,3,project,100,60.9,2024-09-30,2024-10-05
ASM009356,STU0532,CRS006,4,quiz,25,24.5,2024-10-14,2024-10-13
ASM009357,STU0532,CRS006,4,assignment,50,49.0,2024-10-02,2024-10-02
ASM009358,STU0532,CRS006,5,quiz,25,23.4,2024-11-10,2024-11-09
ASM009359,STU0532,CRS006,5,assignment,50,33.9,2024-11-05,2024-11-07
ASM009360,STU0532,CRS006,6,quiz,25,17.7,2024-11-11,2024-11-09
ASM009361,STU0532,CRS006,6,assignment,50,28.5,2024-12-05,2024-12-05
ASM009362,STU0532,CRS006,6,project,100,67.3,2024-11-29,2024-11-27
ASM009363,STU0532,CRS006,7,quiz,25,14.9,2024-12-04,2024-12-04
ASM009364,STU0532,CRS006,7,assignment,50,29.6,2024-12-18,2024-12-19
ASM009365,STU0532,CRS006,8,quiz,25,10.9,2024-11-27,2024-11-29
ASM009366,STU0532,CRS006,8,assignment,50,39.4,2024-12-21,2024-12-20
ASM009367,STU0532,CRS006,8,exam,100,77.0,2025-01-06,2025-01-03
ASM009368,STU0533,CRS017,1,quiz,25,18.1,2023-02-25,2023-03-02
ASM009369,STU0533,CRS017,1,assignment,50,11.8,2023-02-24,2023-02-25
ASM009370,STU0533,CRS017,2,quiz,25,16.2,2023-03-20,2023-03-20
ASM009371,STU0533,CRS017,2,assignment,50,20.5,2023-03-14,2023-03-13
ASM009372,STU0533,CRS017,3,quiz,25,16.6,2023-03-22,2023-03-24
ASM009373,STU0533,CRS017,3,assignment,50,32.0,2023-03-28,2023-03-27
ASM009374,STU0533,CRS017,3,project,100,64.7,2023-03-22,2023-03-27
ASM009375,STU0533,CRS017,4,quiz,25,15.0,2023-04-09,2023-04-10
ASM009376,STU0533,CRS017,4,assignment,50,32.6,2023-04-13,2023-04-11
ASM009377,STU0533,CRS017,5,quiz,25,10.6,2023-04-24,2023-04-24
ASM009378,STU0533,CRS017,5,assignment,50,48.2,2023-05-09,2023-05-09
ASM009379,STU0533,CRS017,6,quiz,25,12.9,2023-06-08,2023-06-08
ASM009380,STU0533,CRS017,6,assignment,50,27.8,2023-05-15,2023-05-15
ASM009381,STU0533,CRS017,6,project,100,59.1,2023-05-15,2023-05-15
ASM009382,STU0533,CRS017,6,exam,100,59.5,2023-05-09,2023-05-11
ASM009383,STU0534,CRS005,1,quiz,25,24.5,2023-09-06,2023-09-06
ASM009384,STU0534,CRS005,1,assignment,50,30.4,2023-09-03,2023-09-03
ASM009385,STU0534,CRS005,2,quiz,25,6.7,2023-09-17,2023-09-18
ASM009386,STU0534,CRS005,2,assignment,50,35.0,2023-09-27,2023-09-25
ASM009387,STU0534,CRS005,3,quiz,25,23.7,2023-10-01,2023-10-01
ASM009388,STU0534,CRS005,3,assignment,50,33.5,2023-10-07,2023-10-05
ASM009389,STU0534,CRS005,3,project,100,69.0,2023-10-22,2023-10-21
ASM009390,STU0534,CRS005,4,quiz,25,13.4,2023-11-12,2023-11-10
ASM009391,STU0534,CRS005,4,assignment,50,33.9,2023-11-12,2023-11-11
ASM009392,STU0534,CRS005,5,quiz,25,15.1,2023-11-13,2023-11-11
ASM009393,STU0534,CRS005,5,assignment,50,32.5,2023-11-08,2023-11-08
ASM009394,STU0534,CRS005,6,quiz,25,18.2,2023-12-18,2023-12-18
ASM009395,STU0534,CRS005,6,assignment,50,38.6,2023-12-12,2023-12-12
ASM009396,STU0534,CRS005,6,project,100,68.4,2023-12-18,2023-12-16
ASM009397,STU0534,CRS005,7,quiz,25,15.7,2024-01-07,2024-01-14
ASM009398,STU0534,CRS005,7,assignment,50,34.1,2023-12-10,2023-12-09
ASM009399,STU0534,CRS005,8,quiz,25,19.2,2024-01-19,2024-01-19
ASM009400,STU0534,CRS005,8,assignment,50,40.5,2023-12-26,2023-12-29
ASM009401,STU0534,CRS005,8,exam,100,88.2,2024-01-03,2024-01-03
ASM009402,STU0535,CRS006,1,quiz,25,11.6,2024-03-02,2024-03-02
ASM009403,STU0535,CRS006,1,assignment,50,49.0,2024-03-05,2024-03-03
ASM009404,STU0535,CRS006,2,quiz,25,16.8,2024-03-26,2024-03-26
ASM009405,STU0535,CRS006,2,assignment,50,42.5,2024-03-14,2024-03-14
ASM009406,STU0535,CRS006,3,quiz,25,16.3,2024-03-31,2024-04-02
ASM009407,STU0535,CRS006,3,assignment,50,15.2,2024-04-03,2024-04-01
ASM009408,STU0535,CRS006,3,project,100,60.1,2024-04-18,2024-04-21
ASM009409,STU0535,CRS006,4,quiz,25,20.5,2024-04-23,2024-04-25
ASM009410,STU0535,CRS006,4,assignment,50,31.0,2024-04-23,2024-04-23
ASM009411,STU0535,CRS006,5,quiz,25,17.0,2024-05-10,2024-05-12
ASM009412,STU0535,CRS006,5,assignment,50,31.7,2024-05-20,2024-05-19
ASM009413,STU0535,CRS006,6,quiz,25,12.7,2024-06-02,2024-06-03
ASM009414,STU0535,CRS006,6,assignment,50,10.0,2024-06-14,2024-06-14
ASM009415,STU0535,CRS006,6,project,100,54.9,2024-05-09,2024-05-12
ASM009416,STU0535,CRS006,7,quiz,25,14.8,2024-05-30,2024-05-31
ASM009417,STU0535,CRS006,7,assignment,50,31.3,2024-06-13,2024-06-10
ASM009418,STU0535,CRS006,8,quiz,25,20.7,2024-07-08,2024-07-08
ASM009419,STU0535,CRS006,8,assignment,50,26.6,2024-07-16,2024-07-17
ASM009420,STU0535,CRS006,9,quiz,25,9.5,2024-06-20,2024-06-18
ASM009421,STU0535,CRS006,9,assignment,50,40.6,2024-06-20,2024-06-20
ASM009422,STU0535,CRS006,9,project,100,44.4,2024-06-29,2024-06-29
ASM009423,STU0535,CRS006,10,quiz,25,20.1,2024-08-13,2024-08-13
ASM009424,STU0535,CRS006,10,assignment,50,34.1,2024-07-04,2024-07-05
ASM009425,STU0535,CRS006,10,exam,100,69.5,2024-08-03,2024-08-02
ASM009426,STU0536,CRS006,1,quiz,25,9.1,2024-09-05,2024-09-12
ASM009427,STU0536,CRS006,1,assignment,50,42.8,2024-09-05,2024-09-07
ASM009428,STU0536,CRS006,2,quiz,25,16.5,2024-09-26,2024-09-27
ASM009429,STU0536,CRS006,2,assignment,50,33.0,2024-09-22,2024-09-22
ASM009430,STU0536,CRS006,3,quiz,25,16.0,2024-10-12,2024-10-10
ASM009431,STU0536,CRS006,3,assignment,50,34.6,2024-10-12,2024-10-11
ASM009432,STU0536,CRS006,3,project,100,63.0,2024-10-06,2024-10-04
ASM009433,STU0536,CRS006,4,quiz,25,19.7,2024-11-11,2024-11-08
ASM009434,STU0536,CRS006,4,assignment,50,31.0,2024-10-14,2024-10-12
ASM009435,STU0536,CRS006,5,quiz,25,14.3,2024-11-07,2024-11-07
ASM009436,STU0536,CRS006,5,assignment,50,20.6,2024-11-12,2024-11-15
ASM009437,STU0536,CRS006,6,quiz,25,10.8,2024-12-23,2024-12-21
ASM009438,STU0536,CRS006,6,assignment,50,18.9,2024-12-11,2024-12-11
ASM009439,STU0536,CRS006,6,project,100,51.2,2024-11-17,2024-11-17
ASM009440,STU0536,CRS006,6,exam,100,54.3,2024-12-11,2024-12-12
ASM009441,STU0537,CRS010,1,quiz,25,16.8,2023-02-13,2023-02-20
ASM009442,STU0537,CRS010,1,assignment,50,46.2,2023-02-09,2023-02-06
ASM009443,STU0537,CRS010,2,quiz,25,13.4,2023-02-22,2023-03-01
ASM009444,STU0537,CRS010,2,assignment,50,19.3,2023-02-22,2023-02-24
ASM009445,STU0537,CRS010,3,quiz,25,13.2,2023-03-15,2023-03-14
ASM009446,STU0537,CRS010,3,assignment,50,24.1,2023-03-15,2023-03-22
ASM009447,STU0537,CRS010,3,project,100,43.2,2023-03-24,2023-03-23
ASM009448,STU0537,CRS010,4,quiz,25,16.3,2023-04-05,2023-04-06
ASM009449,STU0537,CRS010,4,assignment,50,27.9,2023-03-20,2023-03-20
ASM009450,STU0537,CRS010,5,quiz,25,8.5,2023-04-23,2023-04-28
ASM009451,STU0537,CRS010,5,assignment,50,40.5,2023-04-28,2023-04-30
ASM009452,STU0537,CRS010,6,quiz,25,15.7,2023-05-05,2023-05-10
ASM009453,STU0537,CRS010,6,assignment,50,23.4,2023-05-17,2023-05-17
ASM009454,STU0537,CRS010,6,project,100,34.8,2023-05-23,2023-05-26
ASM009455,STU0537,CRS010,7,quiz,25,9.2,2023-05-01,2023-05-01
ASM009456,STU0537,CRS010,7,assignment,50,43.9,2023-06-19,2023-06-19
ASM009457,STU0537,CRS010,8,quiz,25,12.1,2023-06-24,2023-06-24
ASM009458,STU0537,CRS010,8,assignment,50,20.7,2023-07-10,2023-07-08
ASM009459,STU0537,CRS010,9,quiz,25,17.0,2023-06-16,2023-06-16
ASM009460,STU0537,CRS010,9,assignment,50,7.7,2023-07-22,2023-07-24
ASM009461,STU0537,CRS010,9,project,100,32.1,2023-06-07,2023-06-05
ASM009462,STU0537,CRS010,10,quiz,25,19.7,2023-06-12,2023-06-13
ASM009463,STU0537,CRS010,10,assignment,50,44.5,2023-06-12,2023-06-19
ASM009464,STU0537,CRS010,10,exam,100,44.2,2023-08-11,2023-08-13
ASM009465,STU0538,CRS015,1,quiz,25,16.5,2023-09-07,2023-09-07
ASM009466,STU0538,CRS015,1,assignment,50,31.9,2023-09-07,2023-09-08
ASM009467,STU0538,CRS015,2,quiz,25,17.1,2023-09-20,2023-09-17
ASM009468,STU0538,CRS015,2,assignment,50,37.1,2023-10-02,2023-10-03
ASM009469,STU0538,CRS015,3,quiz,25,20.0,2023-10-04,2023-10-04
ASM009470,STU0538,CRS015,3,assignment,50,21.4,2023-10-25,2023-10-25
ASM009471,STU0538,CRS015,3,project,100,66.6,2023-10-25,2023-10-28
ASM009472,STU0538,CRS015,4,quiz,25,14.4,2023-11-15,2023-11-13
ASM009473,STU0538,CRS015,4,assignment,50,35.5,2023-11-11,2023-11-11
ASM009474,STU0538,CRS015,5,quiz,25,14.8,2023-11-26,2023-11-26
ASM009475,STU0538,CRS015,5,assignment,50,42.8,2023-12-01,2023-12-01
ASM009476,STU0538,CRS015,6,quiz,25,17.2,2023-12-03,2023-12-04
ASM009477,STU0538,CRS015,6,assignment,50,36.6,2023-12-15,2023-12-15
ASM009478,STU0538,CRS015,6,project,100,38.9,2023-11-27,2023-11-25
ASM009479,STU0538,CRS015,7,quiz,25,18.1,2024-01-03,2024-01-06
ASM009480,STU0538,CRS015,7,assignment,50,29.9,2023-12-20,2023-12-20
ASM009481,STU0538,CRS015,8,quiz,25,15.5,2024-01-06,2024-01-09
ASM009482,STU0538,CRS015,8,assignment,50,20.9,2024-02-07,2024-02-09
ASM009483,STU0538,CRS015,9,quiz,25,20.3,2024-01-14,2024-01-14
ASM009484,STU0538,CRS015,9,assignment,50,35.0,2024-02-19,2024-02-19
ASM009485,STU0538,CRS015,9,project,100,61.8,2024-02-01,2024-02-04
ASM009486,STU0538,CRS015,10,quiz,25,11.7,2024-03-20,2024-03-19
ASM009487,STU0538,CRS015,10,assignment,50,31.2,2024-01-20,2024-01-20
ASM009488,STU0538,CRS015,10,exam,100,44.3,2024-03-20,2024-03-19
ASM009489,STU0539,CRS012,1,quiz,25,15.3,2024-04-05,2024-04-10
ASM009490,STU0539,CRS012,1,assignment,50,42.2,2024-04-01,2024-04-01
ASM009491,STU0539,CRS012,2,quiz,25,14.3,2024-04-22,2024-04-23
ASM009492,STU0539,CRS012,2,assignment,50,43.0,2024-04-22,2024-04-22
ASM009493,STU0539,CRS012,3,quiz,25,17.4,2024-05-17,2024-05-19
ASM009494,STU0539,CRS012,3,assignment,50,37.0,2024-04-26,2024-04-28
ASM009495,STU0539,CRS012,3,project,100,55.0,2024-05-05,2024-05-03
ASM009496,STU0539,CRS012,4,quiz,25,18.6,2024-05-14,2024-05-12
ASM009497,STU0539,CRS012,4,assignment,50,40.5,2024-06-07,2024-06-05
ASM009498,STU0539,CRS012,5,quiz,25,18.7,2024-06-08,2024-06-07
ASM009499,STU0539,CRS012,5,assignment,50,33.3,2024-06-08,2024-06-09
ASM009500,STU0539,CRS012,6,quiz,25,18.0,2024-07-19,2024-07-19
ASM009501,STU0539,CRS012,6,assignment,50,28.7,2024-06-07,2024-06-07
ASM009502,STU0539,CRS012,6,project,100,71.0,2024-07-19,2024-07-19
ASM009503,STU0539,CRS012,7,quiz,25,13.9,2024-07-12,2024-07-12
ASM009504,STU0539,CRS012,7,assignment,50,40.7,2024-07-05,2024-07-03
ASM009505,STU0539,CRS012,8,quiz,25,19.6,2024-08-06,2024-08-08
ASM009506,STU0539,CRS012,8,assignment,50,30.6,2024-07-13,2024-07-11
ASM009507,STU0539,CRS012,8,exam,100,79.7,2024-07-21,2024-07-21
ASM009508,STU0540,CRS005,1,quiz,25,11.5,2024-08-14,2024-08-15
ASM009509,STU0540,CRS005,1,assignment,50,27.6,2024-08-11,2024-08-11
ASM009510,STU0540,CRS005,2,quiz,25,15.1,2024-08-28,2024-08-26
ASM009511,STU0540,CRS005,2,assignment,50,25.9,2024-08-30,2024-08-28
ASM009512,STU0540,CRS005,3,quiz,25,12.0,2024-09-22,2024-09-27
ASM009513,STU0540,CRS005,3,assignment,50,25.9,2024-09-07,2024-09-09
ASM009514,STU0540,CRS005,3,project,100,59.0,2024-09-28,2024-09-28
ASM009515,STU0540,CRS005,4,quiz,25,23.0,2024-09-21,2024-09-21
ASM009516,STU0540,CRS005,4,assignment,50,29.5,2024-10-19,2024-10-20
ASM009517,STU0540,CRS005,5,quiz,25,19.1,2024-10-10,2024-10-10
ASM009518,STU0540,CRS005,5,assignment,50,49.0,2024-10-25,2024-10-24
ASM009519,STU0540,CRS005,6,quiz,25,16.4,2024-11-18,2024-11-17
ASM009520,STU0540,CRS005,6,assignment,50,49.0,2024-10-25,2024-10-23
ASM009521,STU0540,CRS005,6,project,100,88.5,2024-11-18,2024-11-18
ASM009522,STU0540,CRS005,7,quiz,25,17.4,2024-12-21,2024-12-20
ASM009523,STU0540,CRS005,7,assignment,50,31.9,2024-11-30,2024-11-30
ASM009524,STU0540,CRS005,8,quiz,25,13.4,2024-12-26,2024-12-26
ASM009525,STU0540,CRS005,8,assignment,50,37.3,2024-12-26,2025-01-02
ASM009526,STU0540,CRS005,8,exam,100,87.8,2024-12-10,2024-12-09
ASM009527,STU0541,CRS017,1,quiz,25,10.2,2023-03-12,2023-03-12
ASM009528,STU0541,CRS017,1,assignment,50,44.2,2023-03-18,2023-03-25
ASM009529,STU0541,CRS017,2,quiz,25,10.1,2023-04-04,2023-04-04
ASM009530,STU0541,CRS017,2,assignment,50,41.4,2023-03-31,2023-04-02
ASM009531,STU0541,CRS017,3,quiz,25,22.5,2023-04-20,2023-04-19
ASM009532,STU0541,CRS017,3,assignment,50,42.3,2023-04-11,2023-04-08
ASM009533,STU0541,CRS017,3,project,100,69.5,2023-04-14,2023-04-17
ASM009534,STU0541,CRS017,4,quiz,25,10.3,2023-05-08,2023-05-09
ASM009535,STU0541,CRS017,4,assignment,50,28.7,2023-05-12,2023-05-11
ASM009536,STU0541,CRS017,5,quiz,25,15.1,2023-05-06,2023-05-04
ASM009537,STU0541,CRS017,5,assignment,50,41.4,2023-05-11,2023-05-11
ASM009538,STU0541,CRS017,6,quiz,25,11.9,2023-05-26,2023-05-25
ASM009539,STU0541,CRS017,6,assignment,50,40.3,2023-06-01,2023-06-03
ASM009540,STU0541,CRS017,6,project,100,46.8,2023-06-19,2023-06-19
ASM009541,STU0541,CRS017,6,exam,100,57.6,2023-06-19,2023-06-18
ASM009542,STU0542,CRS016,1,quiz,25,21.2,2023-08-25,2023-08-23
ASM009543,STU0542,CRS016,1,assignment,50,38.2,2023-08-29,2023-08-30
ASM009544,STU0542,CRS016,2,quiz,25,16.9,2023-09-21,2023-09-21
ASM009545,STU0542,CRS016,2,assignment,50,44.3,2023-09-07,2023-09-08
ASM009546,STU0542,CRS016,3,quiz,25,10.0,2023-10-03,2023-10-05
ASM009547,STU0542,CRS016,3,assignment,50,25.6,2023-09-27,2023-09-27
ASM009548,STU0542,CRS016,3,project,100,98.0,2023-10-06,2023-10-05
ASM009549,STU0542,CRS016,4,quiz,25,17.3,2023-10-13,2023-10-10
ASM009550,STU0542,CRS016,4,assignment,50,36.7,2023-10-17,2023-10-17
ASM009551,STU0542,CRS016,5,quiz,25,11.3,2023-11-08,2023-11-10
ASM009552,STU0542,CRS016,5,assignment,50,22.8,2023-10-29,2023-10-30
ASM009553,STU0542,CRS016,6,quiz,25,17.2,2023-11-26,2023-11-23
ASM009554,STU0542,CRS016,6,assignment,50,29.3,2023-12-14,2023-12-13
ASM009555,STU0542,CRS016,6,project,100,35.2,2023-11-26,2023-11-25
ASM009556,STU0542,CRS016,6,exam,100,91.3,2023-12-02,2023-12-04
ASM009557,STU0543,CRS015,1,quiz,25,22.6,2024-03-04,2024-03-04
ASM009558,STU0543,CRS015,1,assignment,50,36.6,2024-03-06,2024-03-04
ASM009559,STU0543,CRS015,2,quiz,25,3.3,2024-03-20,2024-03-25
ASM009560,STU0543,CRS015,2,assignment,50,28.3,2024-03-14,2024-03-14
ASM009561,STU0543,CRS015,3,quiz,25,17.1,2024-04-12,2024-04-10
ASM009562,STU0543,CRS015,3,assignment,50,37.0,2024-04-09,2024-04-10
ASM009563,STU0543,CRS015,3,project,100,76.0,2024-03-31,2024-04-01
ASM009564,STU0543,CRS015,4,quiz,25,16.3,2024-04-27,2024-04-28
ASM009565,STU0543,CRS015,4,assignment,50,42.4,2024-05-09,2024-05-09
ASM009566,STU0543,CRS015,5,quiz,25,18.5,2024-05-20,2024-05-20
ASM009567,STU0543,CRS015,5,assignment,50,40.3,2024-04-30,2024-04-30
ASM009568,STU0543,CRS015,6,quiz,25,15.1,2024-05-15,2024-05-14
ASM009569,STU0543,CRS015,6,assignment,50,22.2,2024-05-27,2024-05-27
ASM009570,STU0543,CRS015,6,project,100,90.1,2024-05-21,2024-05-21
ASM009571,STU0543,CRS015,7,quiz,25,9.4,2024-05-30,2024-05-30
ASM009572,STU0543,CRS015,7,assignment,50,38.9,2024-06-27,2024-06-27
ASM009573,STU0543,CRS015,8,quiz,25,19.8,2024-08-01,2024-08-02
ASM009574,STU0543,CRS015,8,assignment,50,37.6,2024-08-01,2024-08-01
ASM009575,STU0543,CRS015,9,quiz,25,19.8,2024-06-20,2024-06-21
ASM009576,STU0543,CRS015,9,assignment,50,47.1,2024-07-08,2024-07-07
ASM009577,STU0543,CRS015,9,project,100,76.7,2024-06-29,2024-06-30
ASM009578,STU0543,CRS015,10,quiz,25,18.5,2024-08-13,2024-08-13
ASM009579,STU0543,CRS015,10,assignment,50,36.3,2024-08-13,2024-08-11
ASM009580,STU0543,CRS015,10,exam,100,65.3,2024-08-23,2024-08-24
ASM009581,STU0544,CRS019,1,quiz,25,11.1,2024-08-05,2024-08-10
ASM009582,STU0544,CRS019,1,assignment,50,26.7,2024-08-03,2024-08-06
ASM009583,STU0544,CRS019,2,quiz,25,18.5,2024-08-25,2024-08-25
ASM009584,STU0544,CRS019,2,assignment,50,32.7,2024-08-17,2024-08-19
ASM009585,STU0544,CRS019,3,quiz,25,15.8,2024-08-27,2024-08-25
ASM009586,STU0544,CRS019,3,assignment,50,35.0,2024-08-27,2024-08-28
ASM009587,STU0544,CRS019,3,project,100,18.8,2024-09-08,2024-09-09
ASM009588,STU0544,CRS019,4,quiz,25,21.2,2024-10-04,2024-10-04
ASM009589,STU0544,CRS019,4,assignment,50,30.7,2024-09-26,2024-09-26
ASM009590,STU0544,CRS019,5,quiz,25,13.9,2024-10-04,2024-10-09
ASM009591,STU0544,CRS019,5,assignment,50,18.4,2024-09-29,2024-09-28
ASM009592,STU0544,CRS019,6,quiz,25,22.4,2024-11-07,2024-11-12
ASM009593,STU0544,CRS019,6,assignment,50,29.8,2024-10-14,2024-10-19
ASM009594,STU0544,CRS019,6,project,100,78.3,2024-10-14,2024-10-21
ASM009595,STU0544,CRS019,6,exam,100,70.2,2024-11-07,2024-11-06
ASM009596,STU0545,CRS002,1,quiz,25,18.0,2023-02-15,2023-02-18
ASM009597,STU0545,CRS002,1,assignment,50,14.0,2023-02-16,2023-02-15
ASM009598,STU0545,CRS002,2,quiz,25,15.2,2023-03-07,2023-03-05
ASM009599,STU0545,CRS002,2,assignment,50,27.1,2023-03-13,2023-03-15
ASM009600,STU0545,CRS002,3,quiz,25,15.7,2023-03-24,2023-03-23
ASM009601,STU0545,CRS002,3,assignment,50,46.8,2023-03-27,2023-04-01
ASM009602,STU0545,CRS002,3,project,100,60.1,2023-03-21,2023-03-24
ASM009603,STU0545,CRS002,4,quiz,25,21.0,2023-04-14,2023-04-14
ASM009604,STU0545,CRS002,4,assignment,50,28.9,2023-04-02,2023-04-03
ASM009605,STU0545,CRS002,5,quiz,25,18.4,2023-04-22,2023-04-19
ASM009606,STU0545,CRS002,5,assignment,50,37.7,2023-05-02,2023-05-01
ASM009607,STU0545,CRS002,6,quiz,25,21.0,2023-06-01,2023-06-01
ASM009608,STU0545,CRS002,6,assignment,50,34.9,2023-06-01,2023-05-29
ASM009609,STU0545,CRS002,6,project,100,62.0,2023-05-08,2023-05-09
ASM009610,STU0545,CRS002,6,exam,100,39.0,2023-06-07,2023-06-08
ASM009611,STU0546,CRS010,1,quiz,25,19.5,2023-08-14,2023-08-15
ASM009612,STU0546,CRS010,1,assignment,50,28.4,2023-08-15,2023-08-15
ASM009613,STU0546,CRS010,2,quiz,25,12.4,2023-08-26,2023-08-24
ASM009614,STU0546,CRS010,2,assignment,50,35.1,2023-08-30,2023-09-01
ASM009615,STU0546,CRS010,3,quiz,25,19.7,2023-09-05,2023-09-02
ASM009616,STU0546,CRS010,3,assignment,50,20.4,2023-09-20,2023-09-23
ASM009617,STU0546,CRS010,3,project,100,76.9,2023-09-05,2023-09-06
ASM009618,STU0546,CRS010,4,quiz,25,9.3,2023-10-17,2023-10-24
ASM009619,STU0546,CRS010,4,assignment,50,8.8,2023-09-27,2023-09-26
ASM009620,STU0546,CRS010,5,quiz,25,19.1,2023-10-28,2023-10-27
ASM009621,STU0546,CRS010,5,assignment,50,39.7,2023-11-02,2023-11-02
ASM009622,STU0546,CRS010,6,quiz,25,13.1,2023-11-04,2023-11-04
ASM009623,STU0546,CRS010,6,assignment,50,19.3,2023-11-28,2023-12-05
ASM009624,STU0546,CRS010,6,project,100,76.6,2023-11-04,2023-11-04
ASM009625,STU0546,CRS010,7,quiz,25,17.5,2023-12-05,2023-12-06
ASM009626,STU0546,CRS010,7,assignment,50,45.4,2023-11-14,2023-11-16
ASM009627,STU0546,CRS010,8,quiz,25,9.1,2023-12-08,2023-12-13
ASM009628,STU0546,CRS010,8,assignment,50,13.4,2023-11-30,2023-12-02
ASM009629,STU0546,CRS010,9,quiz,25,15.4,2024-01-30,2024-01-30
ASM009630,STU0546,CRS010,9,assignment,50,33.3,2023-11-28,2023-11-27
ASM009631,STU0546,CRS010,9,project,100,91.6,2023-12-25,2023-12-25
ASM009632,STU0546,CRS010,10,quiz,25,12.3,2024-01-11,2024-01-09
ASM009633,STU0546,CRS010,10,assignment,50,35.8,2024-01-31,2024-01-31
ASM009634,STU0546,CRS010,10,exam,100,68.2,2024-02-10,2024-02-11
ASM009635,STU0547,CRS016,1,quiz,25,13.9,2024-03-06,2024-03-07
ASM009636,STU0547,CRS016,1,assignment,50,26.1,2024-03-08,2024-03-09
ASM009637,STU0547,CRS016,2,quiz,25,21.4,2024-03-18,2024-03-18
ASM009638,STU0547,CRS016,2,assignment,50,8.9,2024-03-18,2024-03-18
ASM009639,STU0547,CRS016,3,quiz,25,6.8,2024-04-16,2024-04-13
ASM009640,STU0547,CRS016,3,assignment,50,25.2,2024-04-13,2024-04-13
ASM009641,STU0547,CRS016,3,project,100,55.0,2024-04-19,2024-04-18
ASM009642,STU0547,CRS016,4,quiz,25,19.9,2024-05-09,2024-05-10
ASM009643,STU0547,CRS016,4,assignment,50,42.7,2024-05-09,2024-05-07
ASM009644,STU0547,CRS016,5,quiz,25,18.7,2024-04-29,2024-05-01
ASM009645,STU0547,CRS016,5,assignment,50,33.8,2024-05-24,2024-05-22
ASM009646,STU0547,CRS016,6,quiz,25,12.8,2024-06-06,2024-06-07
ASM009647,STU0547,CRS016,6,assignment,50,37.0,2024-06-06,2024-06-07
ASM009648,STU0547,CRS016,6,project,100,79.8,2024-06-12,2024-06-12
ASM009649,STU0547,CRS016,6,exam,100,77.7,2024-05-31,2024-06-02
ASM009650,STU0548,CRS019,1,quiz,25,9.9,2024-08-10,2024-08-11
ASM009651,STU0548,CRS019,1,assignment,50,27.1,2024-08-10,2024-08-09
ASM009652,STU0548,CRS019,2,quiz,25,14.7,2024-08-29,2024-08-27
ASM009653,STU0548,CRS019,2,assignment,50,26.0,2024-08-21,2024-08-18
ASM009654,STU0548,CRS019,3,quiz,25,18.3,2024-09-05,2024-09-06
ASM009655,STU0548,CRS019,3,assignment,50,33.1,2024-09-20,2024-09-19
ASM009656,STU0548,CRS019,3,project,100,35.7,2024-09-02,2024-09-07
ASM009657,STU0548,CRS019,4,quiz,25,16.2,2024-10-06,2024-10-07
ASM009658,STU0548,CRS019,4,assignment,50,43.0,2024-10-14,2024-10-17
ASM009659,STU0548,CRS019,5,quiz,25,15.9,2024-10-10,2024-10-08
ASM009660,STU0548,CRS019,5,assignment,50,41.9,2024-11-04,2024-11-06
ASM009661,STU0548,CRS019,6,quiz,25,24.5,2024-11-25,2024-11-28
ASM009662,STU0548,CRS019,6,assignment,50,25.1,2024-11-01,2024-11-04
ASM009663,STU0548,CRS019,6,project,100,69.0,2024-10-26,2024-10-25
ASM009664,STU0548,CRS019,6,exam,100,57.2,2024-10-20,2024-10-20
ASM009665,STU0549,CRS018,1,quiz,25,20.6,2023-03-25,2023-03-25
ASM009666,STU0549,CRS018,1,assignment,50,22.1,2023-03-27,2023-03-30
ASM009667,STU0549,CRS018,2,quiz,25,20.2,2023-04-07,2023-04-05
ASM009668,STU0549,CRS018,2,assignment,50,45.2,2023-04-17,2023-04-16
ASM009669,STU0549,CRS018,3,quiz,25,16.6,2023-05-10,2023-05-13
ASM009670,STU0549,CRS018,3,assignment,50,36.3,2023-04-28,2023-04-27
ASM009671,STU0549,CRS018,3,project,100,86.3,2023-04-22,2023-04-25
ASM009672,STU0549,CRS018,4,quiz,25,16.1,2023-05-11,2023-05-18
ASM009673,STU0549,CRS018,4,assignment,50,31.6,2023-05-03,2023-05-05
ASM009674,STU0549,CRS018,5,quiz,25,12.2,2023-06-06,2023-06-07
ASM009675,STU0549,CRS018,5,assignment,50,36.8,2023-05-17,2023-05-14
ASM009676,STU0549,CRS018,6,quiz,25,11.1,2023-05-31,2023-05-30
ASM009677,STU0549,CRS018,6,assignment,50,46.1,2023-07-06,2023-07-05
ASM009678,STU0549,CRS018,6,project,100,56.5,2023-05-31,2023-06-05
ASM009679,STU0549,CRS018,7,quiz,25,17.3,2023-06-28,2023-06-26
ASM009680,STU0549,CRS018,7,assignment,50,35.4,2023-07-12,2023-07-09
ASM009681,STU0549,CRS018,8,quiz,25,18.6,2023-07-06,2023-07-06
ASM009682,STU0549,CRS018,8,assignment,50,37.8,2023-08-15,2023-08-13
ASM009683,STU0549,CRS018,8,exam,100,49.0,2023-08-23,2023-08-23
ASM009684,STU0550,CRS002,1,quiz,25,11.3,2023-09-17,2023-09-19
ASM009685,STU0550,CRS002,1,assignment,50,16.5,2023-09-19,2023-09-19
ASM009686,STU0550,CRS002,2,quiz,25,12.2,2023-09-29,2023-09-28
ASM009687,STU0550,CRS002,2,assignment,50,30.1,2023-10-03,2023-10-10
ASM009688,STU0550,CRS002,3,quiz,25,22.6,2023-11-03,2023-11-02
ASM009689,STU0550,CRS002,3,assignment,50,34.3,2023-10-22,2023-10-22
ASM009690,STU0550,CRS002,3,project,100,68.9,2023-10-28,2023-10-26
ASM009691,STU0550,CRS002,4,quiz,25,15.0,2023-10-27,2023-10-29
ASM009692,STU0550,CRS002,4,assignment,50,41.2,2023-10-31,2023-10-28
ASM009693,STU0550,CRS002,5,quiz,25,19.2,2023-11-30,2023-11-28
ASM009694,STU0550,CRS002,5,assignment,50,38.2,2023-12-05,2023-12-12
ASM009695,STU0550,CRS002,6,quiz,25,21.1,2024-01-05,2024-01-05
ASM009696,STU0550,CRS002,6,assignment,50,43.2,2023-12-06,2023-12-07
ASM009697,STU0550,CRS002,6,project,100,51.1,2023-12-06,2023-12-07
ASM009698,STU0550,CRS002,6,exam,100,55.3,2024-01-05,2024-01-03
ASM009699,STU0551,CRS018,1,quiz,25,16.8,2024-02-12,2024-02-12
ASM009700,STU0551,CRS018,1,assignment,50,29.0,2024-02-18,2024-02-19
ASM009701,STU0551,CRS018,2,quiz,25,11.5,2024-03-10,2024-03-10
ASM009702,STU0551,CRS018,2,assignment,50,33.9,2024-03-06,2024-03-09
ASM009703,STU0551,CRS018,3,quiz,25,14.5,2024-03-19,2024-03-19
ASM009704,STU0551,CRS018,3,assignment,50,33.3,2024-03-19,2024-03-20
ASM009705,STU0551,CRS018,3,project,100,42.8,2024-03-13,2024-03-13
ASM009706,STU0551,CRS018,4,quiz,25,13.5,2024-04-01,2024-03-29
ASM009707,STU0551,CRS018,4,assignment,50,31.8,2024-04-21,2024-04-20
ASM009708,STU0551,CRS018,5,quiz,25,18.5,2024-04-27,2024-04-27
ASM009709,STU0551,CRS018,5,assignment,50,33.9,2024-05-07,2024-05-12
ASM009710,STU0551,CRS018,6,quiz,25,14.5,2024-06-02,2024-06-04
ASM009711,STU0551,CRS018,6,assignment,50,13.8,2024-05-09,2024-05-08
ASM009712,STU0551,CRS018,6,project,100,55.8,2024-04-21,2024-04-21
ASM009713,STU0551,CRS018,7,quiz,25,16.1,2024-06-16,2024-06-18
ASM009714,STU0551,CRS018,7,assignment,50,30.0,2024-05-12,2024-05-12
ASM009715,STU0551,CRS018,8,quiz,25,10.0,2024-07-14,2024-07-16
ASM009716,STU0551,CRS018,8,assignment,50,31.7,2024-05-27,2024-05-29
ASM009717,STU0551,CRS018,8,exam,100,57.3,2024-06-28,2024-06-27
ASM009718,STU0552,CRS008,1,quiz,25,17.8,2024-08-22,2024-08-27
ASM009719,STU0552,CRS008,1,assignment,50,33.8,2024-08-21,2024-08-22
ASM009720,STU0552,CRS008,2,quiz,25,10.3,2024-09-14,2024-09-12
ASM009721,STU0552,CRS008,2,assignment,50,38.6,2024-09-10,2024-09-09
ASM009722,STU0552,CRS008,3,quiz,25,15.1,2024-09-29,2024-10-01
ASM009723,STU0552,CRS008,3,assignment,50,47.1,2024-10-05,2024-10-02
ASM009724,STU0552,CRS008,3,project,100,60.8,2024-09-17,2024-09-19
ASM009725,STU0552,CRS008,4,quiz,25,14.7,2024-10-10,2024-10-10
ASM009726,STU0552,CRS008,4,assignment,50,27.7,2024-10-18,2024-10-18
ASM009727,STU0552,CRS008,5,quiz,25,16.5,2024-11-06,2024-11-07
ASM009728,STU0552,CRS008,5,assignment,50,19.0,2024-11-01,2024-10-31
ASM009729,STU0552,CRS008,6,quiz,25,21.3,2024-10-26,2024-10-26
ASM009730,STU0552,CRS008,6,assignment,50,28.4,2024-12-01,2024-12-01
ASM009731,STU0552,CRS008,6,project,100,72.8,2024-11-07,2024-11-08
ASM009732,STU0552,CRS008,6,exam,100,59.2,2024-11-01,2024-11-03
ASM009733,STU0553,CRS009,1,quiz,25,13.9,2023-02-20,2023-02-21
ASM009734,STU0553,CRS009,1,assignment,50,33.9,2023-02-20,2023-02-25
ASM009735,STU0553,CRS009,2,quiz,25,12.4,2023-03-06,2023-03-08
ASM009736,STU0553,CRS009,2,assignment,50,25.4,2023-03-08,2023-03-15
ASM009737,STU0553,CRS009,3,quiz,25,20.1,2023-03-26,2023-03-25
ASM009738,STU0553,CRS009,3,assignment,50,38.5,2023-04-10,2023-04-10
ASM009739,STU0553,CRS009,3,project,100,57.1,2023-03-20,2023-03-23
ASM009740,STU0553,CRS009,4,quiz,25,24.5,2023-04-03,2023-04-10
ASM009741,STU0553,CRS009,4,assignment,50,29.4,2023-04-19,2023-04-19
ASM009742,STU0553,CRS009,5,quiz,25,17.3,2023-05-17,2023-05-16
ASM009743,STU0553,CRS009,5,assignment,50,18.4,2023-05-07,2023-05-05
ASM009744,STU0553,CRS009,6,quiz,25,19.4,2023-05-25,2023-05-27
ASM009745,STU0553,CRS009,6,assignment,50,31.9,2023-06-12,2023-06-10
ASM009746,STU0553,CRS009,6,project,100,87.7,2023-06-12,2023-06-10
ASM009747,STU0553,CRS009,7,quiz,25,11.2,2023-05-15,2023-05-22
ASM009748,STU0553,CRS009,7,assignment,50,32.4,2023-05-15,2023-05-14
ASM009749,STU0553,CRS009,8,quiz,25,17.4,2023-06-14,2023-06-14
ASM009750,STU0553,CRS009,8,assignment,50,18.9,2023-06-30,2023-06-29
ASM009751,STU0553,CRS009,9,quiz,25,22.0,2023-06-12,2023-06-12
ASM009752,STU0553,CRS009,9,assignment,50,45.4,2023-08-05,2023-08-07
ASM009753,STU0553,CRS009,9,project,100,63.7,2023-08-14,2023-08-15
ASM009754,STU0553,CRS009,10,quiz,25,24.5,2023-06-26,2023-06-28
ASM009755,STU0553,CRS009,10,assignment,50,43.0,2023-06-26,2023-06-25
ASM009756,STU0553,CRS009,11,quiz,25,14.9,2023-07-21,2023-07-23
ASM009757,STU0553,CRS009,11,assignment,50,40.2,2023-09-25,2023-09-26
ASM009758,STU0553,CRS009,12,quiz,25,12.6,2023-08-17,2023-08-16
ASM009759,STU0553,CRS009,12,assignment,50,49.0,2023-08-17,2023-08-16
ASM009760,STU0553,CRS009,12,project,100,69.9,2023-08-05,2023-08-03
ASM009761,STU0553,CRS009,12,exam,100,34.3,2023-08-29,2023-08-27
ASM009762,STU0554,CRS004,1,quiz,25,15.7,2023-09-20,2023-09-19
ASM009763,STU0554,CRS004,1,assignment,50,31.7,2023-09-19,2023-09-17
ASM009764,STU0554,CRS004,2,quiz,25,20.5,2023-10-12,2023-10-14
ASM009765,STU0554,CRS004,2,assignment,50,39.6,2023-10-02,2023-10-02
ASM009766,STU0554,CRS004,3,quiz,25,19.8,2023-10-17,2023-10-20
ASM009767,STU0554,CRS004,3,assignment,50,32.7,2023-11-04,2023-11-02
ASM009768,STU0554,CRS004,3,project,100,78.4,2023-11-04,2023-11-03
ASM009769,STU0554,CRS004,4,quiz,25,11.2,2023-11-05,2023-11-05
ASM009770,STU0554,CRS004,4,assignment,50,41.8,2023-11-13,2023-11-10
ASM009771,STU0554,CRS004,5,quiz,25,17.5,2023-12-06,2023-12-05
ASM009772,STU0554,CRS004,5,assignment,50,35.5,2023-11-21,2023-11-20
ASM009773,STU0554,CRS004,6,quiz,25,15.9,2023-12-01,2023-12-03
ASM009774,STU0554,CRS004,6,assignment,50,45.3,2023-12-01,2023-12-01
ASM009775,STU0554,CRS004,6,project,100,67.7,2023-11-25,2023-11-26
ASM009776,STU0554,CRS004,6,exam,100,65.5,2023-12-01,2023-11-30
ASM009777,STU0555,CRS019,1,quiz,25,18.5,2024-03-19,2024-03-20
ASM009778,STU0555,CRS019,1,assignment,50,47.6,2024-03-18,2024-03-21
ASM009779,STU0555,CRS019,2,quiz,25,14.6,2024-03-31,2024-03-29
ASM009780,STU0555,CRS019,2,assignment,50,26.2,2024-04-08,2024-04-10
ASM009781,STU0555,CRS019,3,quiz,25,23.3,2024-05-01,2024-05-02
ASM009782,STU0555,CRS019,3,assignment,50,27.5,2024-04-25,2024-04-27
ASM009783,STU0555,CRS019,3,project,100,57.4,2024-04-22,2024-04-23
ASM009784,STU0555,CRS019,4,quiz,25,20.6,2024-04-28,2024-04-30
ASM009785,STU0555,CRS019,4,assignment,50,26.6,2024-04-28,2024-05-05
ASM009786,STU0555,CRS019,5,quiz,25,23.3,2024-05-28,2024-05-27
ASM009787,STU0555,CRS019,5,assignment,50,29.2,2024-05-18,2024-05-18
ASM009788,STU0555,CRS019,6,quiz,25,10.9,2024-06-21,2024-06-21
ASM009789,STU0555,CRS019,6,assignment,50,40.4,2024-07-03,2024-07-05
ASM009790,STU0555,CRS019,6,project,100,64.7,2024-06-03,2024-06-03
ASM009791,STU0555,CRS019,6,exam,100,60.5,2024-06-03,2024-06-04
ASM009792,STU0556,CRS020,1,quiz,25,15.1,2024-09-08,2024-09-07
ASM009793,STU0556,CRS020,1,assignment,50,34.9,2024-09-11,2024-09-18
ASM009794,STU0556,CRS020,2,quiz,25,18.9,2024-09-27,2024-09-27
ASM009795,STU0556,CRS020,2,assignment,50,37.4,2024-10-01,2024-10-01
ASM009796,STU0556,CRS020,3,quiz,25,11.5,2024-10-14,2024-10-19
ASM009797,STU0556,CRS020,3,assignment,50,37.7,2024-10-20,2024-10-23
ASM009798,STU0556,CRS020,3,project,100,84.1,2024-10-20,2024-10-17
ASM009799,STU0556,CRS020,4,quiz,25,21.2,2024-11-16,2024-11-16
ASM009800,STU0556,CRS020,4,assignment,50,22.3,2024-10-23,2024-10-23
ASM009801,STU0556,CRS020,4,exam,100,44.7,2024-11-16,2024-11-18
ASM009802,STU0557,CRS020,1,quiz,25,22.3,2023-02-10,2023-02-15
ASM009803,STU0557,CRS020,1,assignment,50,29.6,2023-02-11,2023-02-10
ASM009804,STU0557,CRS020,2,quiz,25,11.4,2023-03-06,2023-03-06
ASM009805,STU0557,CRS020,2,assignment,50,31.2,2023-02-28,2023-03-02
ASM009806,STU0557,CRS020,3,quiz,25,20.7,2023-03-15,2023-03-12
ASM009807,STU0557,CRS020,3,assignment,50,41.6,2023-03-24,2023-03-23
ASM009808,STU0557,CRS020,3,project,100,71.3,2023-03-24,2023-03-24
ASM009809,STU0557,CRS020,4,quiz,25,14.0,2023-03-28,2023-03-28
ASM009810,STU0557,CRS020,4,assignment,50,31.2,2023-04-17,2023-04-17
ASM009811,STU0557,CRS020,4,exam,100,40.8,2023-04-09,2023-04-11
ASM009812,STU0558,CRS007,1,quiz,25,16.4,2023-09-23,2023-09-28
ASM009813,STU0558,CRS007,1,assignment,50,23.8,2023-09-22,2023-09-23
ASM009814,STU0558,CRS007,2,quiz,25,20.3,2023-10-06,2023-10-04
ASM009815,STU0558,CRS007,2,assignment,50,37.2,2023-10-10,2023-10-07
ASM009816,STU0558,CRS007,3,quiz,25,19.8,2023-10-31,2023-11-01
ASM009817,STU0558,CRS007,3,assignment,50,32.6,2023-11-03,2023-10-31
ASM009818,STU0558,CRS007,3,project,100,58.6,2023-10-25,2023-10-23
ASM009819,STU0558,CRS007,4,quiz,25,13.9,2023-11-15,2023-11-15
ASM009820,STU0558,CRS007,4,assignment,50,34.3,2023-11-07,2023-11-07
ASM009821,STU0558,CRS007,5,quiz,25,15.6,2023-11-18,2023-11-19
ASM009822,STU0558,CRS007,5,assignment,50,36.9,2023-12-13,2023-12-15
ASM009823,STU0558,CRS007,6,quiz,25,24.1,2023-12-15,2023-12-13
ASM009824,STU0558,CRS007,6,assignment,50,38.6,2023-12-21,2023-12-20
ASM009825,STU0558,CRS007,6,project,100,83.5,2023-12-21,2023-12-26
ASM009826,STU0558,CRS007,7,quiz,25,14.3,2024-01-15,2024-01-14
ASM009827,STU0558,CRS007,7,assignment,50,34.9,2024-01-01,2024-01-01
ASM009828,STU0558,CRS007,8,quiz,25,11.1,2024-01-26,2024-01-26
ASM009829,STU0558,CRS007,8,assignment,50,36.2,2024-01-26,2024-01-26
ASM009830,STU0558,CRS007,8,exam,100,41.6,2024-02-03,2024-02-04
ASM009831,STU0559,CRS012,1,quiz,25,15.3,2024-03-08,2024-03-10
ASM009832,STU0559,CRS012,1,assignment,50,14.2,2024-03-05,2024-03-05
ASM009833,STU0559,CRS012,2,quiz,25,7.1,2024-03-23,2024-03-24
ASM009834,STU0559,CRS012,2,assignment,50,33.3,2024-03-21,2024-03-21
ASM009835,STU0559,CRS012,3,quiz,25,17.9,2024-04-03,2024-04-03
ASM009836,STU0559,CRS012,3,assignment,50,36.2,2024-04-12,2024-04-17
ASM009837,STU0559,CRS012,3,project,100,82.6,2024-04-06,2024-04-05
ASM009838,STU0559,CRS012,4,quiz,25,15.3,2024-04-22,2024-04-22
ASM009839,STU0559,CRS012,4,assignment,50,38.7,2024-04-18,2024-04-18
ASM009840,STU0559,CRS012,5,quiz,25,14.5,2024-04-28,2024-04-30
ASM009841,STU0559,CRS012,5,assignment,50,28.9,2024-05-18,2024-05-25
ASM009842,STU0559,CRS012,6,quiz,25,24.5,2024-06-11,2024-06-12
ASM009843,STU0559,CRS012,6,assignment,50,26.3,2024-05-18,2024-05-16
ASM009844,STU0559,CRS012,6,project,100,60.8,2024-05-18,2024-05-25
ASM009845,STU0559,CRS012,7,quiz,25,22.8,2024-05-26,2024-05-26
ASM009846,STU0559,CRS012,7,assignment,50,27.1,2024-06-09,2024-06-09
ASM009847,STU0559,CRS012,8,quiz,25,16.8,2024-06-25,2024-06-22
ASM009848,STU0559,CRS012,8,assignment,50,25.1,2024-07-19,2024-07-19
ASM009849,STU0559,CRS012,8,exam,100,98.0,2024-06-25,2024-06-27
ASM009850,STU0560,CRS018,1,quiz,25,11.1,2024-08-10,2024-08-10
ASM009851,STU0560,CRS018,1,assignment,50,34.1,2024-08-14,2024-08-14
ASM009852,STU0560,CRS018,2,quiz,25,13.5,2024-08-28,2024-08-28
ASM009853,STU0560,CRS018,2,assignment,50,32.7,2024-08-30,2024-08-29
ASM009854,STU0560,CRS018,3,quiz,25,7.9,2024-09-26,2024-09-25
ASM009855,STU0560,CRS018,3,assignment,50,26.3,2024-09-11,2024-09-12
ASM009856,STU0560,CRS018,3,project,100,63.4,2024-09-23,2024-09-25
ASM009857,STU0560,CRS018,4,quiz,25,18.4,2024-09-27,2024-09-25
ASM009858,STU0560,CRS018,4,assignment,50,31.3,2024-09-19,2024-09-17
ASM009859,STU0560,CRS018,5,quiz,25,16.3,2024-10-03,2024-10-03
ASM009860,STU0560,CRS018,5,assignment,50,29.1,2024-10-18,2024-10-21
ASM009861,STU0560,CRS018,6,quiz,25,14.8,2024-11-10,2024-11-17
ASM009862,STU0560,CRS018,6,assignment,50,24.1,2024-11-22,2024-11-29
ASM009863,STU0560,CRS018,6,project,100,48.0,2024-11-16,2024-11-15
ASM009864,STU0560,CRS018,7,quiz,25,16.3,2024-12-05,2024-12-05
ASM009865,STU0560,CRS018,7,assignment,50,32.0,2024-11-07,2024-11-14
ASM009866,STU0560,CRS018,8,quiz,25,16.6,2024-12-08,2024-12-06
ASM009867,STU0560,CRS018,8,assignment,50,26.6,2025-01-09,2025-01-08
ASM009868,STU0560,CRS018,8,exam,100,44.9,2024-12-24,2024-12-22
ASM009869,STU0561,CRS010,1,quiz,25,7.7,2023-02-19,2023-02-21
ASM009870,STU0561,CRS010,1,assignment,50,36.1,2023-02-19,2023-02-17
ASM009871,STU0561,CRS010,2,quiz,25,24.5,2023-03-06,2023-03-07
ASM009872,STU0561,CRS010,2,assignment,50,31.2,2023-03-10,2023-03-15
ASM009873,STU0561,CRS010,3,quiz,25,24.5,2023-03-28,2023-03-28
ASM009874,STU0561,CRS010,3,assignment,50,40.5,2023-03-22,2023-03-23
ASM009875,STU0561,CRS010,3,project,100,89.6,2023-04-06,2023-04-07
ASM009876,STU0561,CRS010,4,quiz,25,16.2,2023-03-30,2023-03-30
ASM009877,STU0561,CRS010,4,assignment,50,44.7,2023-04-23,2023-04-23
ASM009878,STU0561,CRS010,5,quiz,25,17.0,2023-05-18,2023-05-17
ASM009879,STU0561,CRS010,5,assignment,50,29.9,2023-04-13,2023-04-13
ASM009880,STU0561,CRS010,6,quiz,25,14.9,2023-05-09,2023-05-14
ASM009881,STU0561,CRS010,6,assignment,50,46.3,2023-05-03,2023-05-03
ASM009882,STU0561,CRS010,6,project,100,24.5,2023-05-27,2023-05-26
ASM009883,STU0561,CRS010,7,quiz,25,16.6,2023-06-15,2023-06-15
ASM009884,STU0561,CRS010,7,assignment,50,27.8,2023-06-01,2023-05-30
ASM009885,STU0561,CRS010,8,quiz,25,24.2,2023-07-04,2023-07-06
ASM009886,STU0561,CRS010,8,assignment,50,22.0,2023-07-20,2023-07-25
ASM009887,STU0561,CRS010,9,quiz,25,10.3,2023-06-17,2023-06-17
ASM009888,STU0561,CRS010,9,assignment,50,36.7,2023-07-05,2023-07-04
ASM009889,STU0561,CRS010,9,project,100,43.7,2023-06-08,2023-06-10
ASM009890,STU0561,CRS010,10,quiz,25,14.5,2023-08-21,2023-08-24
ASM009891,STU0561,CRS010,10,assignment,50,31.1,2023-08-01,2023-08-06
ASM009892,STU0561,CRS010,10,exam,100,65.6,2023-08-01,2023-07-30
ASM009893,STU0562,CRS017,1,quiz,25,21.4,2023-09-27,2023-10-02
ASM009894,STU0562,CRS017,1,assignment,50,35.6,2023-09-30,2023-09-30
ASM009895,STU0562,CRS017,2,quiz,25,17.0,2023-10-18,2023-10-18
ASM009896,STU0562,CRS017,2,assignment,50,24.7,2023-10-18,2023-10-23
ASM009897,STU0562,CRS017,3,quiz,25,14.4,2023-10-22,2023-10-22
ASM009898,STU0562,CRS017,3,assignment,50,30.7,2023-11-06,2023-11-03
ASM009899,STU0562,CRS017,3,project,100,65.2,2023-11-12,2023-11-11
ASM009900,STU0562,CRS017,4,quiz,25,20.9,2023-11-21,2023-11-22
ASM009901,STU0562,CRS017,4,assignment,50,10.1,2023-11-13,2023-11-13
ASM009902,STU0562,CRS017,5,quiz,25,16.1,2023-11-24,2023-11-24
ASM009903,STU0562,CRS017,5,assignment,50,31.6,2023-11-24,2023-11-23
ASM009904,STU0562,CRS017,6,quiz,25,15.1,2023-12-21,2023-12-22
ASM009905,STU0562,CRS017,6,assignment,50,31.3,2023-12-27,2023-12-29
ASM009906,STU0562,CRS017,6,project,100,69.9,2023-12-27,2024-01-01
ASM009907,STU0562,CRS017,6,exam,100,75.0,2023-12-15,2023-12-13
ASM009908,STU0563,CRS004,1,quiz,25,13.8,2024-02-09,2024-02-14
ASM009909,STU0563,CRS004,1,assignment,50,36.0,2024-02-09,2024-02-12
ASM009910,STU0563,CRS004,2,quiz,25,15.0,2024-03-03,2024-03-03
ASM009911,STU0563,CRS004,2,assignment,50,41.6,2024-02-20,2024-02-20
ASM009912,STU0563,CRS004,3,quiz,25,12.7,2024-03-23,2024-03-23
ASM009913,STU0563,CRS004,3,assignment,50,20.7,2024-03-20,2024-03-20
ASM009914,STU0563,CRS004,3,project,100,73.3,2024-03-08,2024-03-06
ASM009915,STU0563,CRS004,4,quiz,25,19.0,2024-04-12,2024-04-12
ASM009916,STU0563,CRS004,4,assignment,50,40.2,2024-03-23,2024-03-23
ASM009917,STU0563,CRS004,5,quiz,25,10.4,2024-04-17,2024-04-18
ASM009918,STU0563,CRS004,5,assignment,50,36.3,2024-04-27,2024-04-26
ASM009919,STU0563,CRS004,6,quiz,25,19.8,2024-05-28,2024-05-26
ASM009920,STU0563,CRS004,6,assignment,50,31.0,2024-05-04,2024-05-07
ASM009921,STU0563,CRS004,6,project,100,62.3,2024-04-22,2024-04-22
ASM009922,STU0563,CRS004,6,exam,100,91.9,2024-04-28,2024-05-03
ASM009923,STU0564,CRS002,1,quiz,25,21.1,2024-08-19,2024-08-26
ASM009924,STU0564,CRS002,1,assignment,50,31.7,2024-08-15,2024-08-14
ASM009925,STU0564,CRS002,2,quiz,25,10.3,2024-08-29,2024-08-28
ASM009926,STU0564,CRS002,2,assignment,50,33.8,2024-09-10,2024-09-10
ASM009927,STU0564,CRS002,3,quiz,25,16.9,2024-10-03,2024-10-03
ASM009928,STU0564,CRS002,3,assignment,50,27.0,2024-09-30,2024-10-03
ASM009929,STU0564,CRS002,3,project,100,80.6,2024-09-18,2024-09-20
ASM009930,STU0564,CRS002,4,quiz,25,9.5,2024-10-08,2024-10-09
ASM009931,STU0564,CRS002,4,assignment,50,34.6,2024-10-04,2024-10-04
ASM009932,STU0564,CRS002,5,quiz,25,20.2,2024-11-14,2024-11-12
ASM009933,STU0564,CRS002,5,assignment,50,26.8,2024-11-04,2024-11-04
ASM009934,STU0564,CRS002,6,quiz,25,16.5,2024-10-30,2024-10-29
ASM009935,STU0564,CRS002,6,assignment,50,24.7,2024-11-11,2024-11-08
ASM009936,STU0564,CRS002,6,project,100,59.7,2024-11-23,2024-11-25
ASM009937,STU0564,CRS002,6,exam,100,74.6,2024-10-30,2024-10-30
ASM009938,STU0565,CRS005,1,quiz,25,19.2,2023-02-18,2023-02-20
ASM009939,STU0565,CRS005,1,assignment,50,18.7,2023-02-19,2023-02-16
ASM009940,STU0565,CRS005,2,quiz,25,12.4,2023-02-27,2023-03-02
ASM009941,STU0565,CRS005,2,assignment,50,34.8,2023-03-09,2023-03-14
ASM009942,STU0565,CRS005,3,quiz,25,13.4,2023-03-13,2023-03-14
ASM009943,STU0565,CRS005,3,assignment,50,38.3,2023-03-22,2023-03-19
ASM009944,STU0565,CRS005,3,project,100,56.8,2023-03-22,2023-03-24
ASM009945,STU0565,CRS005,4,quiz,25,18.5,2023-04-20,2023-04-20
ASM009946,STU0565,CRS005,4,assignment,50,43.6,2023-04-16,2023-04-16
ASM009947,STU0565,CRS005,5,quiz,25,9.5,2023-04-30,2023-05-01
ASM009948,STU0565,CRS005,5,assignment,50,5.0,2023-05-15,2023-05-18
ASM009949,STU0565,CRS005,6,quiz,25,21.5,2023-06-05,2023-06-07
ASM009950,STU0565,CRS005,6,assignment,50,34.3,2023-04-24,2023-04-24
ASM009951,STU0565,CRS005,6,project,100,72.6,2023-04-24,2023-04-24
ASM009952,STU0565,CRS005,7,quiz,25,15.5,2023-06-05,2023-06-07
ASM009953,STU0565,CRS005,7,assignment,50,35.4,2023-05-29,2023-06-01
ASM009954,STU0565,CRS005,8,quiz,25,16.5,2023-06-23,2023-06-24
ASM009955,STU0565,CRS005,8,assignment,50,17.6,2023-05-30,2023-05-31
ASM009956,STU0565,CRS005,8,exam,100,17.8,2023-06-23,2023-06-22
ASM009957,STU0566,CRS011,1,quiz,25,15.1,2023-09-27,2023-09-25
ASM009958,STU0566,CRS011,1,assignment,50,15.8,2023-09-26,2023-09-25
ASM009959,STU0566,CRS011,2,quiz,25,23.2,2023-10-18,2023-10-18
ASM009960,STU0566,CRS011,2,assignment,50,18.6,2023-10-18,2023-10-19
ASM009961,STU0566,CRS011,3,quiz,25,16.0,2023-10-30,2023-11-01
ASM009962,STU0566,CRS011,3,assignment,50,25.6,2023-11-02,2023-11-04
ASM009963,STU0566,CRS011,3,project,100,50.3,2023-11-05,2023-11-05
ASM009964,STU0566,CRS011,4,quiz,25,15.7,2023-11-29,2023-11-29
ASM009965,STU0566,CRS011,4,assignment,50,13.9,2023-11-17,2023-11-16
ASM009966,STU0566,CRS011,5,quiz,25,15.9,2023-11-20,2023-11-19
ASM009967,STU0566,CRS011,5,assignment,50,34.3,2023-12-20,2023-12-19
ASM009968,STU0566,CRS011,6,quiz,25,19.6,2023-12-11,2023-12-09
ASM009969,STU0566,CRS011,6,assignment,50,29.8,2023-12-11,2023-12-09
ASM009970,STU0566,CRS011,6,project,100,42.0,2023-12-11,2023-12-09
ASM009971,STU0566,CRS011,7,quiz,25,15.5,2023-12-13,2023-12-10
ASM009972,STU0566,CRS011,7,assignment,50,28.1,2023-12-27,2023-12-28
ASM009973,STU0566,CRS011,8,quiz,25,15.5,2023-12-27,2023-12-26
ASM009974,STU0566,CRS011,8,assignment,50,43.2,2024-02-05,2024-02-05
ASM009975,STU0566,CRS011,9,quiz,25,19.5,2024-03-13,2024-03-11
ASM009976,STU0566,CRS011,9,assignment,50,20.8,2024-01-19,2024-01-20
ASM009977,STU0566,CRS011,9,project,100,63.4,2024-03-13,2024-03-14
ASM009978,STU0566,CRS011,10,quiz,25,16.6,2024-03-14,2024-03-14
ASM009979,STU0566,CRS011,10,assignment,50,39.6,2024-02-23,2024-02-23
ASM009980,STU0566,CRS011,10,exam,100,53.5,2024-03-04,2024-03-04
ASM009981,STU0567,CRS013,1,quiz,25,17.8,2024-03-06,2024-03-06
ASM009982,STU0567,CRS013,1,assignment,50,19.5,2024-03-07,2024-03-09
ASM009983,STU0567,CRS013,2,quiz,25,19.2,2024-03-26,2024-03-31
ASM009984,STU0567,CRS013,2,assignment,50,19.4,2024-03-26,2024-03-26
ASM009985,STU0567,CRS013,3,quiz,25,11.7,2024-04-09,2024-04-09
ASM009986,STU0567,CRS013,3,assignment,50,39.6,2024-04-03,2024-03-31
ASM009987,STU0567,CRS013,3,project,100,77.3,2024-04-12,2024-04-14
ASM009988,STU0567,CRS013,4,quiz,25,20.0,2024-05-01,2024-05-04
ASM009989,STU0567,CRS013,4,assignment,50,27.6,2024-04-19,2024-04-17
ASM009990,STU0567,CRS013,5,quiz,25,19.0,2024-05-30,2024-05-30
ASM009991,STU0567,CRS013,5,assignment,50,25.1,2024-05-30,2024-06-06
ASM009992,STU0567,CRS013,6,quiz,25,17.0,2024-06-02,2024-05-31
ASM009993,STU0567,CRS013,6,assignment,50,28.1,2024-05-09,2024-05-09
ASM009994,STU0567,CRS013,6,project,100,43.9,2024-05-09,2024-05-09
ASM009995,STU0567,CRS013,7,quiz,25,8.6,2024-06-06,2024-06-06
ASM009996,STU0567,CRS013,7,assignment,50,28.9,2024-06-13,2024-06-14
ASM009997,STU0567,CRS013,8,quiz,25,16.0,2024-07-24,2024-07-26
ASM009998,STU0567,CRS013,8,assignment,50,35.7,2024-08-01,2024-07-30
ASM009999,STU0567,CRS013,8,exam,100,43.3,2024-07-24,2024-07-27
ASM010000,STU0568,CRS009,1,quiz,25,18.7,2024-09-10,2024-09-09
ASM010001,STU0568,CRS009,1,assignment,50,36.2,2024-09-08,2024-09-07
ASM010002,STU0568,CRS009,2,quiz,25,16.9,2024-09-27,2024-10-04
ASM010003,STU0568,CRS009,2,assignment,50,36.1,2024-09-27,2024-09-26
ASM010004,STU0568,CRS009,3,quiz,25,16.5,2024-10-08,2024-10-10
ASM010005,STU0568,CRS009,3,assignment,50,26.9,2024-10-17,2024-10-18
ASM010006,STU0568,CRS009,3,project,100,73.0,2024-10-20,2024-10-20
ASM010007,STU0568,CRS009,4,quiz,25,18.7,2024-11-16,2024-11-16
ASM010008,STU0568,CRS009,4,assignment,50,38.0,2024-10-27,2024-10-27
ASM010009,STU0568,CRS009,5,quiz,25,15.5,2024-11-07,2024-11-07
ASM010010,STU0568,CRS009,5,assignment,50,41.6,2024-12-07,2024-12-12
ASM010011,STU0568,CRS009,6,quiz,25,19.2,2024-12-16,2024-12-16
ASM010012,STU0568,CRS009,6,assignment,50,30.7,2024-11-22,2024-11-27
ASM010013,STU0568,CRS009,6,project,100,25.5,2024-12-04,2024-12-05
ASM010014,STU0568,CRS009,6,exam,100,76.1,2024-12-04,2024-12-04
ASM010015,STU0569,CRS015,1,quiz,25,20.4,2023-02-08,2023-02-15
ASM010016,STU0569,CRS015,1,assignment,50,27.6,2023-02-05,2023-02-06
ASM010017,STU0569,CRS015,2,quiz,25,8.4,2023-02-22,2023-02-24
ASM010018,STU0569,CRS015,2,assignment,50,28.2,2023-02-26,2023-02-27
ASM010019,STU0569,CRS015,3,quiz,25,22.2,2023-03-20,2023-03-21
ASM010020,STU0569,CRS015,3,assignment,50,38.0,2023-03-08,2023-03-08
ASM010021,STU0569,CRS015,3,project,100,56.4,2023-03-20,2023-03-25
ASM010022,STU0569,CRS015,4,quiz,25,10.6,2023-03-20,2023-03-22
ASM010023,STU0569,CRS015,4,assignment,50,46.0,2023-04-09,2023-04-07
ASM010024,STU0569,CRS015,5,quiz,25,8.2,2023-04-19,2023-04-20
ASM010025,STU0569,CRS015,5,assignment,50,35.4,2023-04-29,2023-04-30
ASM010026,STU0569,CRS015,6,quiz,25,18.8,2023-05-07,2023-05-05
ASM010027,STU0569,CRS015,6,assignment,50,20.5,2023-05-13,2023-05-15
ASM010028,STU0569,CRS015,6,project,100,67.2,2023-05-01,2023-05-01
ASM010029,STU0569,CRS015,7,quiz,25,18.0,2023-04-27,2023-04-25
ASM010030,STU0569,CRS015,7,assignment,50,29.2,2023-06-15,2023-06-17
ASM010031,STU0569,CRS015,8,quiz,25,20.1,2023-05-11,2023-05-12
ASM010032,STU0569,CRS015,8,assignment,50,32.3,2023-05-27,2023-05-29
ASM010033,STU0569,CRS015,9,quiz,25,14.8,2023-06-21,2023-06-21
ASM010034,STU0569,CRS015,9,assignment,50,28.0,2023-06-12,2023-06-10
ASM010035,STU0569,CRS015,9,project,100,42.1,2023-07-09,2023-07-10
ASM010036,STU0569,CRS015,10,quiz,25,13.5,2023-07-28,2023-07-29
ASM010037,STU0569,CRS015,10,assignment,50,23.6,2023-08-07,2023-08-06
ASM010038,STU0569,CRS015,10,exam,100,98.0,2023-07-18,2023-07-18
ASM010039,STU0570,CRS003,1,quiz,25,19.6,2023-08-25,2023-08-24
ASM010040,STU0570,CRS003,1,assignment,50,37.0,2023-08-29,2023-08-28
ASM010041,STU0570,CRS003,2,quiz,25,20.4,2023-09-12,2023-09-13
ASM010042,STU0570,CRS003,2,assignment,50,31.7,2023-09-10,2023-09-09
ASM010043,STU0570,CRS003,3,quiz,25,13.3,2023-09-26,2023-09-26
ASM010044,STU0570,CRS003,3,assignment,50,44.6,2023-09-23,2023-09-30
ASM010045,STU0570,CRS003,3,project,100,55.3,2023-09-20,2023-09-19
ASM010046,STU0570,CRS003,4,quiz,25,13.2,2023-10-20,2023-10-18
ASM010047,STU0570,CRS003,4,assignment,50,49.0,2023-10-20,2023-10-23
ASM010048,STU0570,CRS003,5,quiz,25,19.8,2023-11-07,2023-11-06
ASM010049,STU0570,CRS003,5,assignment,50,32.2,2023-11-12,2023-11-09
ASM010050,STU0570,CRS003,5,exam,100,68.0,2023-11-02,2023-11-03
ASM010051,STU0571,CRS009,1,quiz,25,7.4,2024-03-16,2024-03-21
ASM010052,STU0571,CRS009,1,assignment,50,30.8,2024-03-20,2024-03-17
ASM010053,STU0571,CRS009,2,quiz,25,13.7,2024-04-04,2024-04-03
ASM010054,STU0571,CRS009,2,assignment,50,47.5,2024-03-29,2024-03-26
ASM010055,STU0571,CRS009,3,quiz,25,21.0,2024-04-10,2024-04-10
ASM010056,STU0571,CRS009,3,assignment,50,39.0,2024-04-19,2024-04-20
ASM010057,STU0571,CRS009,3,project,100,90.0,2024-04-19,2024-04-24
ASM010058,STU0571,CRS009,4,quiz,25,22.8,2024-05-22,2024-05-23
ASM010059,STU0571,CRS009,4,assignment,50,28.3,2024-05-06,2024-05-06
ASM010060,STU0571,CRS009,5,quiz,25,19.0,2024-06-07,2024-06-05
ASM010061,STU0571,CRS009,5,assignment,50,26.1,2024-05-18,2024-05-18
ASM010062,STU0571,CRS009,6,quiz,25,16.7,2024-06-21,2024-06-21
ASM010063,STU0571,CRS009,6,assignment,50,37.7,2024-05-28,2024-05-27
ASM010064,STU0571,CRS009,6,project,100,60.7,2024-06-27,2024-06-27
ASM010065,STU0571,CRS009,7,quiz,25,13.8,2024-06-12,2024-06-12
ASM010066,STU0571,CRS009,7,assignment,50,21.7,2024-06-19,2024-06-20
ASM010067,STU0571,CRS009,8,quiz,25,18.6,2024-07-05,2024-07-05
ASM010068,STU0571,CRS009,8,assignment,50,34.1,2024-06-27,2024-06-27
ASM010069,STU0571,CRS009,9,quiz,25,16.0,2024-07-12,2024-07-11
ASM010070,STU0571,CRS009,9,assignment,50,49.0,2024-07-30,2024-07-30
ASM010071,STU0571,CRS009,9,project,100,43.3,2024-08-26,2024-08-25
ASM010072,STU0571,CRS009,10,quiz,25,11.2,2024-09-05,2024-09-05
ASM010073,STU0571,CRS009,10,assignment,50,26.3,2024-08-26,2024-08-28
ASM010074,STU0571,CRS009,11,quiz,25,16.8,2024-08-11,2024-08-13
ASM010075,STU0571,CRS009,11,assignment,50,44.5,2024-07-31,2024-07-30
ASM010076,STU0571,CRS009,12,quiz,25,12.9,2024-08-26,2024-08-24
ASM010077,STU0571,CRS009,12,assignment,50,33.2,2024-11-06,2024-11-06
ASM010078,STU0571,CRS009,12,project,100,92.8,2024-10-13,2024-10-13
ASM010079,STU0571,CRS009,12,exam,100,67.4,2024-08-26,2024-08-31
ASM010080,STU0572,CRS016,1,quiz,25,14.5,2024-08-19,2024-08-19
ASM010081,STU0572,CRS016,1,assignment,50,49.0,2024-08-20,2024-08-27
ASM010082,STU0572,CRS016,2,quiz,25,18.4,2024-09-13,2024-09-16
ASM010083,STU0572,CRS016,2,assignment,50,46.2,2024-09-11,2024-09-11
ASM010084,STU0572,CRS016,3,quiz,25,18.3,2024-09-27,2024-09-26
ASM010085,STU0572,CRS016,3,assignment,50,26.7,2024-09-27,2024-09-30
ASM010086,STU0572,CRS016,3,project,100,74.3,2024-09-24,2024-09-26
ASM010087,STU0572,CRS016,4,quiz,25,16.2,2024-10-23,2024-10-23
ASM010088,STU0572,CRS016,4,assignment,50,37.7,2024-09-29,2024-09-30
ASM010089,STU0572,CRS016,5,quiz,25,21.0,2024-11-17,2024-11-18
ASM010090,STU0572,CRS016,5,assignment,50,48.8,2024-11-17,2024-11-17
ASM010091,STU0572,CRS016,6,quiz,25,14.9,2024-11-14,2024-11-14
ASM010092,STU0572,CRS016,6,assignment,50,33.2,2024-12-08,2024-12-13
ASM010093,STU0572,CRS016,6,project,100,84.2,2024-11-26,2024-11-27
ASM010094,STU0572,CRS016,6,exam,100,80.1,2024-11-14,2024-11-13
ASM010095,STU0573,CRS003,1,quiz,25,22.2,2023-03-21,2023-03-20
ASM010096,STU0573,CRS003,1,assignment,50,33.6,2023-03-16,2023-03-17
ASM010097,STU0573,CRS003,2,quiz,25,19.7,2023-04-05,2023-04-06
ASM010098,STU0573,CRS003,2,assignment,50,40.9,2023-04-11,2023-04-12
ASM010099,STU0573,CRS003,3,quiz,25,19.0,2023-05-04,2023-05-09
ASM010100,STU0573,CRS003,3,assignment,50,27.6,2023-04-28,2023-04-28
ASM010101,STU0573,CRS003,3,project,100,50.4,2023-04-16,2023-04-16
ASM010102,STU0573,CRS003,4,quiz,25,15.0,2023-05-25,2023-05-26
ASM010103,STU0573,CRS003,4,assignment,50,36.7,2023-05-09,2023-05-08
ASM010104,STU0573,CRS003,5,quiz,25,10.2,2023-05-26,2023-05-25
ASM010105,STU0573,CRS003,5,assignment,50,22.9,2023-05-31,2023-06-02
ASM010106,STU0573,CRS003,5,exam,100,90.2,2023-06-10,2023-06-13
ASM010107,STU0574,CRS012,1,quiz,25,16.8,2023-09-25,2023-09-30
ASM010108,STU0574,CRS012,1,assignment,50,24.5,2023-09-27,2023-09-28
ASM010109,STU0574,CRS012,2,quiz,25,15.1,2023-10-15,2023-10-13
ASM010110,STU0574,CRS012,2,assignment,50,38.1,2023-10-07,2023-10-09
ASM010111,STU0574,CRS012,3,quiz,25,14.4,2023-11-03,2023-11-01
ASM010112,STU0574,CRS012,3,assignment,50,5.0,2023-11-06,2023-11-06
ASM010113,STU0574,CRS012,3,project,100,72.0,2023-11-06,2023-11-06
ASM010114,STU0574,CRS012,4,quiz,25,12.4,2023-11-26,2023-11-26
ASM010115,STU0574,CRS012,4,assignment,50,35.4,2023-11-26,2023-11-23
ASM010116,STU0574,CRS012,5,quiz,25,10.0,2023-12-01,2023-12-02
ASM010117,STU0574,CRS012,5,assignment,50,39.2,2023-12-21,2023-12-22
ASM010118,STU0574,CRS012,6,quiz,25,21.0,2024-01-05,2024-01-06
ASM010119,STU0574,CRS012,6,assignment,50,42.4,2023-12-24,2023-12-25
ASM010120,STU0574,CRS012,6,project,100,77.2,2023-12-12,2023-12-19
ASM010121,STU0574,CRS012,7,quiz,25,15.8,2023-12-28,2023-12-28
ASM010122,STU0574,CRS012,7,assignment,50,24.4,2024-02-01,2024-02-06
ASM010123,STU0574,CRS012,8,quiz,25,18.3,2024-02-06,2024-02-08
ASM010124,STU0574,CRS012,8,assignment,50,44.7,2024-01-21,2024-01-21
ASM010125,STU0574,CRS012,8,exam,100,74.1,2024-02-14,2024-02-11
ASM010126,STU0575,CRS018,1,quiz,25,17.3,2024-02-29,2024-02-29
ASM010127,STU0575,CRS018,1,assignment,50,34.1,2024-02-23,2024-02-22
ASM010128,STU0575,CRS018,2,quiz,25,15.1,2024-03-10,2024-03-09
ASM010129,STU0575,CRS018,2,assignment,50,28.3,2024-03-22,2024-03-21
ASM010130,STU0575,CRS018,3,quiz,25,14.9,2024-03-22,2024-03-23
ASM010131,STU0575,CRS018,3,assignment,50,32.9,2024-03-31,2024-03-31
ASM010132,STU0575,CRS018,3,project,100,49.5,2024-03-31,2024-04-01
ASM010133,STU0575,CRS018,4,quiz,25,14.9,2024-04-13,2024-04-14
ASM010134,STU0575,CRS018,4,assignment,50,35.3,2024-04-21,2024-04-21
ASM010135,STU0575,CRS018,5,quiz,25,24.3,2024-04-29,2024-04-29
ASM010136,STU0575,CRS018,5,assignment,50,35.1,2024-05-14,2024-05-13
ASM010137,STU0575,CRS018,6,quiz,25,6.0,2024-05-03,2024-05-08
ASM010138,STU0575,CRS018,6,assignment,50,36.7,2024-05-27,2024-05-29
ASM010139,STU0575,CRS018,6,project,100,60.9,2024-06-08,2024-06-08
ASM010140,STU0575,CRS018,7,quiz,25,15.2,2024-07-05,2024-07-05
ASM010141,STU0575,CRS018,7,assignment,50,24.4,2024-06-14,2024-06-14
ASM010142,STU0575,CRS018,8,quiz,25,18.1,2024-07-02,2024-07-03
ASM010143,STU0575,CRS018,8,assignment,50,32.1,2024-06-24,2024-06-24
ASM010144,STU0575,CRS018,8,exam,100,63.4,2024-07-02,2024-07-01
ASM010145,STU0576,CRS007,1,quiz,25,21.6,2024-09-04,2024-09-04
ASM010146,STU0576,CRS007,1,assignment,50,22.3,2024-08-29,2024-08-29
ASM010147,STU0576,CRS007,2,quiz,25,13.0,2024-09-22,2024-09-22
ASM010148,STU0576,CRS007,2,assignment,50,43.5,2024-09-16,2024-09-16
ASM010149,STU0576,CRS007,3,quiz,25,8.2,2024-10-02,2024-10-02
ASM010150,STU0576,CRS007,3,assignment,50,25.5,2024-10-05,2024-10-07
ASM010151,STU0576,CRS007,3,project,100,64.0,2024-10-02,2024-10-02
ASM010152,STU0576,CRS007,4,quiz,25,13.6,2024-10-22,2024-10-23
ASM010153,STU0576,CRS007,4,assignment,50,47.5,2024-10-26,2024-10-27
ASM010154,STU0576,CRS007,5,quiz,25,9.4,2024-11-03,2024-11-03
ASM010155,STU0576,CRS007,5,assignment,50,31.8,2024-10-24,2024-10-25
ASM010156,STU0576,CRS007,6,quiz,25,19.0,2024-11-25,2024-11-24
ASM010157,STU0576,CRS007,6,assignment,50,41.7,2024-12-01,2024-12-04
ASM010158,STU0576,CRS007,6,project,100,62.4,2024-11-13,2024-11-10
ASM010159,STU0576,CRS007,7,quiz,25,14.1,2024-11-28,2024-12-03
ASM010160,STU0576,CRS007,7,assignment,50,46.4,2025-01-02,2024-12-31
ASM010161,STU0576,CRS007,7,exam,100,77.4,2024-11-21,2024-11-28
ASM010162,STU0577,CRS010,1,quiz,25,13.0,2023-02-25,2023-02-27
ASM010163,STU0577,CRS010,1,assignment,50,28.4,2023-02-26,2023-03-03
ASM010164,STU0577,CRS010,2,quiz,25,14.4,2023-03-13,2023-03-14
ASM010165,STU0577,CRS010,2,assignment,50,32.8,2023-03-13,2023-03-16
ASM010166,STU0577,CRS010,3,quiz,25,9.5,2023-04-03,2023-04-01
ASM010167,STU0577,CRS010,3,assignment,50,25.3,2023-04-06,2023-04-07
ASM010168,STU0577,CRS010,3,project,100,93.9,2023-03-28,2023-03-29
ASM010169,STU0577,CRS010,4,quiz,25,11.1,2023-04-18,2023-04-15
ASM010170,STU0577,CRS010,4,assignment,50,28.3,2023-04-14,2023-04-17
ASM010171,STU0577,CRS010,5,quiz,25,20.5,2023-05-01,2023-05-01
ASM010172,STU0577,CRS010,5,assignment,50,40.7,2023-05-01,2023-04-30
ASM010173,STU0577,CRS010,6,quiz,25,18.4,2023-06-05,2023-06-05
ASM010174,STU0577,CRS010,6,assignment,50,20.3,2023-05-18,2023-05-18
ASM010175,STU0577,CRS010,6,project,100,70.6,2023-06-11,2023-06-12
ASM010176,STU0577,CRS010,7,quiz,25,10.0,2023-05-14,2023-05-12
ASM010177,STU0577,CRS010,7,assignment,50,33.6,2023-05-28,2023-05-27
ASM010178,STU0577,CRS010,8,quiz,25,14.5,2023-06-21,2023-06-19
ASM010179,STU0577,CRS010,8,assignment,50,37.7,2023-07-07,2023-07-06
ASM010180,STU0577,CRS010,9,quiz,25,16.3,2023-06-20,2023-06-20
ASM010181,STU0577,CRS010,9,assignment,50,38.1,2023-07-08,2023-07-06
ASM010182,STU0577,CRS010,9,project,100,96.0,2023-08-04,2023-08-05
ASM010183,STU0577,CRS010,10,quiz,25,16.1,2023-07-25,2023-07-26
ASM010184,STU0577,CRS010,10,assignment,50,33.4,2023-07-15,2023-07-13
ASM010185,STU0577,CRS010,10,exam,100,65.8,2023-09-03,2023-08-31
ASM010186,STU0578,CRS005,1,quiz,25,21.9,2023-09-09,2023-09-09
ASM010187,STU0578,CRS005,1,assignment,50,35.9,2023-09-03,2023-09-05
ASM010188,STU0578,CRS005,2,quiz,25,20.0,2023-09-17,2023-09-20
ASM010189,STU0578,CRS005,2,assignment,50,34.0,2023-09-23,2023-09-21
ASM010190,STU0578,CRS005,3,quiz,25,11.1,2023-10-16,2023-10-16
ASM010191,STU0578,CRS005,3,assignment,50,36.7,2023-10-01,2023-09-28
ASM010192,STU0578,CRS005,3,project,100,65.3,2023-10-04,2023-10-11
ASM010193,STU0578,CRS005,4,quiz,25,21.4,2023-11-08,2023-11-11
ASM010194,STU0578,CRS005,4,assignment,50,16.9,2023-10-23,2023-10-28
ASM010195,STU0578,CRS005,5,quiz,25,16.1,2023-11-18,2023-11-18
ASM010196,STU0578,CRS005,5,assignment,50,38.8,2023-12-03,2023-12-01
ASM010197,STU0578,CRS005,6,quiz,25,15.5,2023-11-18,2023-11-18
ASM010198,STU0578,CRS005,6,assignment,50,25.0,2023-11-18,2023-11-16
ASM010199,STU0578,CRS005,6,project,100,57.7,2023-11-12,2023-11-15
ASM010200,STU0578,CRS005,7,quiz,25,11.7,2023-12-10,2023-12-10
ASM010201,STU0578,CRS005,7,assignment,50,34.2,2023-12-10,2023-12-15
ASM010202,STU0578,CRS005,8,quiz,25,15.0,2024-01-03,2024-01-04
ASM010203,STU0578,CRS005,8,assignment,50,18.6,2023-12-10,2023-12-13
ASM010204,STU0578,CRS005,8,exam,100,56.9,2024-01-11,2024-01-12
ASM010205,STU0579,CRS011,1,quiz,25,16.9,2024-03-27,2024-03-26
ASM010206,STU0579,CRS011,1,assignment,50,36.7,2024-03-26,2024-03-23
ASM010207,STU0579,CRS011,2,quiz,25,14.4,2024-04-15,2024-04-14
ASM010208,STU0579,CRS011,2,assignment,50,21.8,2024-04-13,2024-04-14
ASM010209,STU0579,CRS011,3,quiz,25,13.7,2024-05-08,2024-05-07
ASM010210,STU0579,CRS011,3,assignment,50,34.1,2024-04-29,2024-04-30
ASM010211,STU0579,CRS011,3,project,100,72.4,2024-04-23,2024-04-26
ASM010212,STU0579,CRS011,4,quiz,25,17.4,2024-05-31,2024-05-31
ASM010213,STU0579,CRS011,4,assignment,50,43.8,2024-05-27,2024-05-28
ASM010214,STU0579,CRS011,5,quiz,25,24.5,2024-06-05,2024-06-04
ASM010215,STU0579,CRS011,5,assignment,50,47.3,2024-06-20,2024-06-20
ASM010216,STU0579,CRS011,6,quiz,25,17.5,2024-06-10,2024-06-10
ASM010217,STU0579,CRS011,6,assignment,50,13.9,2024-06-10,2024-06-08
ASM010218,STU0579,CRS011,6,project,100,81.7,2024-07-10,2024-07-11
ASM010219,STU0579,CRS011,7,quiz,25,18.6,2024-06-18,2024-06-17
ASM010220,STU0579,CRS011,7,assignment,50,35.8,2024-07-30,2024-08-02
ASM010221,STU0579,CRS011,8,quiz,25,16.3,2024-07-18,2024-07-18
ASM010222,STU0579,CRS011,8,assignment,50,34.1,2024-07-18,2024-07-15
ASM010223,STU0579,CRS011,9,quiz,25,12.2,2024-08-21,2024-08-19
ASM010224,STU0579,CRS011,9,assignment,50,13.4,2024-08-30,2024-08-29
ASM010225,STU0579,CRS011,9,project,100,57.1,2024-07-16,2024-07-15
ASM010226,STU0579,CRS011,10,quiz,25,12.5,2024-08-29,2024-08-27
ASM010227,STU0579,CRS011,10,assignment,50,40.2,2024-09-08,2024-09-10
ASM010228,STU0579,CRS011,10,exam,100,71.1,2024-10-08,2024-10-08
ASM010229,STU0580,CRS002,1,quiz,25,16.0,2024-08-05,2024-08-02
ASM010230,STU0580,CRS002,1,assignment,50,40.4,2024-08-04,2024-08-04
ASM010231,STU0580,CRS002,2,quiz,25,16.8,2024-08-28,2024-08-28
ASM010232,STU0580,CRS002,2,assignment,50,43.0,2024-08-22,2024-08-22
ASM010233,STU0580,CRS002,3,quiz,25,22.8,2024-09-18,2024-09-15
ASM010234,STU0580,CRS002,3,assignment,50,33.1,2024-09-06,2024-09-13
ASM010235,STU0580,CRS002,3,project,100,46.8,2024-09-18,2024-09-18
ASM010236,STU0580,CRS002,4,quiz,25,9.1,2024-10-01,2024-10-06
ASM010237,STU0580,CRS002,4,assignment,50,32.3,2024-09-23,2024-09-23
ASM010238,STU0580,CRS002,5,quiz,25,15.7,2024-10-30,2024-11-04
ASM010239,STU0580,CRS002,5,assignment,50,16.4,2024-10-30,2024-10-29
ASM010240,STU0580,CRS002,6,quiz,25,6.4,2024-10-27,2024-11-01
ASM010241,STU0580,CRS002,6,assignment,50,28.4,2024-10-21,2024-10-21
ASM010242,STU0580,CRS002,6,project,100,61.4,2024-10-27,2024-10-25
ASM010243,STU0580,CRS002,6,exam,100,65.1,2024-11-08,2024-11-06
ASM010244,STU0581,CRS015,1,quiz,25,14.6,2023-02-02,2023-02-01
ASM010245,STU0581,CRS015,1,assignment,50,39.0,2023-02-05,2023-02-08
ASM010246,STU0581,CRS015,2,quiz,25,11.7,2023-02-15,2023-02-18
ASM010247,STU0581,CRS015,2,assignment,50,33.6,2023-02-13,2023-02-13
ASM010248,STU0581,CRS015,3,quiz,25,17.4,2023-03-14,2023-03-12
ASM010249,STU0581,CRS015,3,assignment,50,41.2,2023-03-20,2023-03-21
ASM010250,STU0581,CRS015,3,project,100,34.2,2023-03-20,2023-03-22
ASM010251,STU0581,CRS015,4,quiz,25,14.5,2023-03-17,2023-03-17
ASM010252,STU0581,CRS015,4,assignment,50,26.3,2023-04-02,2023-04-07
ASM010253,STU0581,CRS015,5,quiz,25,21.1,2023-05-01,2023-05-01
ASM010254,STU0581,CRS015,5,assignment,50,26.5,2023-04-11,2023-04-12
ASM010255,STU0581,CRS015,6,quiz,25,23.9,2023-04-16,2023-04-15
ASM010256,STU0581,CRS015,6,assignment,50,28.1,2023-04-10,2023-04-10
ASM010257,STU0581,CRS015,6,project,100,56.9,2023-04-10,2023-04-10
ASM010258,STU0581,CRS015,7,quiz,25,22.8,2023-05-15,2023-05-15
ASM010259,STU0581,CRS015,7,assignment,50,36.0,2023-05-01,2023-05-01
ASM010260,STU0581,CRS015,8,quiz,25,15.2,2023-06-09,2023-06-11
ASM010261,STU0581,CRS015,8,assignment,50,18.6,2023-06-17,2023-06-18
ASM010262,STU0581,CRS015,9,quiz,25,16.3,2023-07-24,2023-07-24
ASM010263,STU0581,CRS015,9,assignment,50,28.8,2023-05-31,2023-05-31
ASM010264,STU0581,CRS015,9,project,100,77.1,2023-07-15,2023-07-16
ASM010265,STU0581,CRS015,10,quiz,25,9.0,2023-06-15,2023-06-15
ASM010266,STU0581,CRS015,10,assignment,50,25.9,2023-08-14,2023-08-14
ASM010267,STU0581,CRS015,10,exam,100,94.3,2023-07-25,2023-07-23
ASM010268,STU0582,CRS006,1,quiz,25,10.9,2023-09-02,2023-09-04
ASM010269,STU0582,CRS006,1,assignment,50,36.0,2023-08-26,2023-08-24
ASM010270,STU0582,CRS006,2,quiz,25,18.7,2023-09-09,2023-09-08
ASM010271,STU0582,CRS006,2,assignment,50,28.9,2023-09-19,2023-09-26
ASM010272,STU0582,CRS006,3,quiz,25,21.3,2023-09-29,2023-09-29
ASM010273,STU0582,CRS006,3,assignment,50,34.4,2023-09-29,2023-09-29
ASM010274,STU0582,CRS006,3,project,100,74.5,2023-10-08,2023-10-09
ASM010275,STU0582,CRS006,4,quiz,25,10.6,2023-10-15,2023-10-15
ASM010276,STU0582,CRS006,4,assignment,50,30.8,2023-10-19,2023-10-19
ASM010277,STU0582,CRS006,5,quiz,25,13.6,2023-11-25,2023-11-24
ASM010278,STU0582,CRS006,5,assignment,50,33.9,2023-11-05,2023-11-04
ASM010279,STU0582,CRS006,6,quiz,25,21.2,2023-12-04,2023-12-05
ASM010280,STU0582,CRS006,6,assignment,50,24.6,2023-11-16,2023-11-17
ASM010281,STU0582,CRS006,6,project,100,70.4,2023-11-28,2023-11-25
ASM010282,STU0582,CRS006,7,quiz,25,13.2,2023-12-30,2023-12-31
ASM010283,STU0582,CRS006,7,assignment,50,34.9,2023-12-09,2023-12-10
ASM010284,STU0582,CRS006,8,quiz,25,12.6,2024-01-19,2024-01-18
ASM010285,STU0582,CRS006,8,assignment,50,29.5,2024-01-03,2024-01-02
ASM010286,STU0582,CRS006,9,quiz,25,13.2,2024-01-12,2024-01-12
ASM010287,STU0582,CRS006,9,assignment,50,24.4,2024-02-08,2024-02-10
ASM010288,STU0582,CRS006,9,project,100,88.2,2023-12-25,2023-12-25
ASM010289,STU0582,CRS006,10,quiz,25,9.7,2024-02-28,2024-02-29
ASM010290,STU0582,CRS006,10,assignment,50,41.4,2024-01-19,2024-01-19
ASM010291,STU0582,CRS006,10,exam,100,87.7,2024-02-18,2024-02-25
ASM010292,STU0583,CRS014,1,quiz,25,9.9,2024-02-14,2024-02-17
ASM010293,STU0583,CRS014,1,assignment,50,36.5,2024-02-16,2024-02-17
ASM010294,STU0583,CRS014,2,quiz,25,17.0,2024-03-07,2024-03-06
ASM010295,STU0583,CRS014,2,assignment,50,42.8,2024-03-03,2024-03-05
ASM010296,STU0583,CRS014,3,quiz,25,20.9,2024-03-15,2024-03-13
ASM010297,STU0583,CRS014,3,assignment,50,32.0,2024-03-27,2024-03-28
ASM010298,STU0583,CRS014,3,project,100,92.5,2024-03-24,2024-03-23
ASM010299,STU0583,CRS014,4,quiz,25,20.6,2024-04-16,2024-04-15
ASM010300,STU0583,CRS014,4,assignment,50,48.5,2024-04-16,2024-04-15
ASM010301,STU0583,CRS014,5,quiz,25,12.7,2024-04-21,2024-04-20
ASM010302,STU0583,CRS014,5,assignment,50,34.4,2024-04-26,2024-04-26
ASM010303,STU0583,CRS014,6,quiz,25,24.3,2024-04-26,2024-04-27
ASM010304,STU0583,CRS014,6,assignment,50,18.1,2024-05-08,2024-05-07
ASM010305,STU0583,CRS014,6,project,100,72.3,2024-05-14,2024-05-19
ASM010306,STU0583,CRS014,6,exam,100,69.3,2024-05-20,2024-05-19
ASM010307,STU0584,CRS005,1,quiz,25,11.6,2024-09-27,2024-09-26
ASM010308,STU0584,CRS005,1,assignment,50,28.3,2024-09-27,2024-09-26
ASM010309,STU0584,CRS005,2,quiz,25,12.5,2024-10-09,2024-10-10
ASM010310,STU0584,CRS005,2,assignment,50,31.0,2024-10-15,2024-10-15
ASM010311,STU0584,CRS005,3,quiz,25,21.9,2024-10-24,2024-10-27
ASM010312,STU0584,CRS005,3,assignment,50,38.2,2024-10-24,2024-10-31
ASM010313,STU0584,CRS005,3,project,100,40.3,2024-11-08,2024-11-07
ASM010314,STU0584,CRS005,4,quiz,25,16.6,2024-11-20,2024-11-21
ASM010315,STU0584,CRS005,4,assignment,50,23.8,2024-11-20,2024-11-19
ASM010316,STU0584,CRS005,5,quiz,25,13.2,2024-12-23,2024-12-22
ASM010317,STU0584,CRS005,5,assignment,50,26.7,2024-12-23,2024-12-24
ASM010318,STU0584,CRS005,6,quiz,25,22.1,2025-01-13,2025-01-13
ASM010319,STU0584,CRS005,6,assignment,50,34.4,2024-12-08,2024-12-08
ASM010320,STU0584,CRS005,6,project,100,59.9,2025-01-01,2025-01-03
ASM010321,STU0584,CRS005,7,quiz,25,17.9,2025-01-13,2025-01-13
ASM010322,STU0584,CRS005,7,assignment,50,31.3,2025-01-06,2025-01-09
ASM010323,STU0584,CRS005,7,exam,100,60.0,2025-01-05,2025-01-04
ASM010324,STU0585,CRS006,1,quiz,25,13.2,2023-03-30,2023-04-06
ASM010325,STU0585,CRS006,1,assignment,50,30.6,2023-03-27,2023-03-26
ASM010326,STU0585,CRS006,2,quiz,25,2.5,2023-04-08,2023-04-09
ASM010327,STU0585,CRS006,2,assignment,50,26.2,2023-04-10,2023-04-08
ASM010328,STU0585,CRS006,3,quiz,25,18.4,2023-05-01,2023-05-02
ASM010329,STU0585,CRS006,3,assignment,50,27.2,2023-05-10,2023-05-15
ASM010330,STU0585,CRS006,3,project,100,92.8,2023-04-25,2023-04-30
ASM010331,STU0585,CRS006,4,quiz,25,9.7,2023-05-30,2023-05-27
ASM010332,STU0585,CRS006,4,assignment,50,39.6,2023-05-30,2023-05-28
ASM010333,STU0585,CRS006,5,quiz,25,20.4,2023-05-20,2023-05-20
ASM010334,STU0585,CRS006,5,assignment,50,23.0,2023-06-04,2023-06-05
ASM010335,STU0585,CRS006,6,quiz,25,18.1,2023-06-27,2023-06-28
ASM010336,STU0585,CRS006,6,assignment,50,29.0,2023-06-09,2023-06-09
ASM010337,STU0585,CRS006,6,project,100,63.5,2023-07-15,2023-07-15
ASM010338,STU0585,CRS006,7,quiz,25,15.1,2023-07-22,2023-07-19
ASM010339,STU0585,CRS006,7,assignment,50,32.1,2023-06-24,2023-06-26
ASM010340,STU0585,CRS006,8,quiz,25,18.1,2023-07-01,2023-06-29
ASM010341,STU0585,CRS006,8,assignment,50,49.0,2023-07-17,2023-07-17
ASM010342,STU0585,CRS006,9,quiz,25,24.5,2023-07-24,2023-07-24
ASM010343,STU0585,CRS006,9,assignment,50,32.9,2023-07-15,2023-07-20
ASM010344,STU0585,CRS006,9,project,100,53.4,2023-09-16,2023-09-15
ASM010345,STU0585,CRS006,10,quiz,25,21.5,2023-09-27,2023-09-29
ASM010346,STU0585,CRS006,10,assignment,50,30.0,2023-08-28,2023-08-29
ASM010347,STU0585,CRS006,10,exam,100,81.7,2023-08-08,2023-08-13
ASM010348,STU0586,CRS012,1,quiz,25,17.9,2023-08-15,2023-08-14
ASM010349,STU0586,CRS012,1,assignment,50,42.3,2023-08-18,2023-08-16
ASM010350,STU0586,CRS012,2,quiz,25,17.4,2023-09-09,2023-09-11
ASM010351,STU0586,CRS012,2,assignment,50,32.3,2023-09-11,2023-09-11
ASM010352,STU0586,CRS012,3,quiz,25,17.4,2023-09-11,2023-09-12
ASM010353,STU0586,CRS012,3,assignment,50,35.1,2023-09-23,2023-09-21
ASM010354,STU0586,CRS012,3,project,100,56.7,2023-09-29,2023-09-26
ASM010355,STU0586,CRS012,4,quiz,25,12.9,2023-10-23,2023-10-22
ASM010356,STU0586,CRS012,4,assignment,50,33.0,2023-10-19,2023-10-17
ASM010357,STU0586,CRS012,5,quiz,25,19.6,2023-11-03,2023-11-03
ASM010358,STU0586,CRS012,5,assignment,50,44.8,2023-11-03,2023-11-04
ASM010359,STU0586,CRS012,6,quiz,25,14.0,2023-11-16,2023-11-16
ASM010360,STU0586,CRS012,6,assignment,50,41.6,2023-11-28,2023-11-27
ASM010361,STU0586,CRS012,6,project,100,56.5,2023-12-04,2023-12-05
ASM010362,STU0586,CRS012,7,quiz,25,14.5,2023-11-27,2023-11-24
ASM010363,STU0586,CRS012,7,assignment,50,20.7,2023-12-11,2023-12-11
ASM010364,STU0586,CRS012,8,quiz,25,13.3,2023-12-14,2023-12-14
ASM010365,STU0586,CRS012,8,assignment,50,27.7,2024-01-07,2024-01-04
ASM010366,STU0586,CRS012,8,exam,100,88.4,2023-11-20,2023-11-20
ASM010367,STU0587,CRS006,1,quiz,25,15.5,2024-02-04,2024-02-05
ASM010368,STU0587,CRS006,1,assignment,50,21.4,2024-02-06,2024-02-03
ASM010369,STU0587,CRS006,2,quiz,25,16.4,2024-02-23,2024-02-25
ASM010370,STU0587,CRS006,2,assignment,50,35.5,2024-02-21,2024-02-21
ASM010371,STU0587,CRS006,3,quiz,25,20.2,2024-03-18,2024-03-19
ASM010372,STU0587,CRS006,3,assignment,50,24.7,2024-03-18,2024-03-19
ASM010373,STU0587,CRS006,3,project,100,89.8,2024-03-18,2024-03-18
ASM010374,STU0587,CRS006,4,quiz,25,16.8,2024-03-26,2024-03-26
ASM010375,STU0587,CRS006,4,assignment,50,17.2,2024-04-11,2024-04-16
ASM010376,STU0587,CRS006,5,quiz,25,22.4,2024-04-22,2024-04-24
ASM010377,STU0587,CRS006,5,assignment,50,38.8,2024-04-07,2024-04-05
ASM010378,STU0587,CRS006,6,quiz,25,18.2,2024-05-17,2024-05-16
ASM010379,STU0587,CRS006,6,assignment,50,36.4,2024-04-23,2024-04-23
ASM010380,STU0587,CRS006,6,project,100,52.5,2024-04-17,2024-04-17
ASM010381,STU0587,CRS006,7,quiz,25,14.1,2024-05-09,2024-05-12
ASM010382,STU0587,CRS006,7,assignment,50,38.7,2024-05-30,2024-06-06
ASM010383,STU0587,CRS006,8,quiz,25,13.4,2024-06-02,2024-06-02
ASM010384,STU0587,CRS006,8,assignment,50,38.3,2024-06-10,2024-06-11
ASM010385,STU0587,CRS006,9,quiz,25,17.2,2024-07-25,2024-07-27
ASM010386,STU0587,CRS006,9,assignment,50,10.9,2024-07-07,2024-07-04
ASM010387,STU0587,CRS006,9,project,100,41.4,2024-07-25,2024-07-26
ASM010388,STU0587,CRS006,10,quiz,25,19.6,2024-07-26,2024-07-28
ASM010389,STU0587,CRS006,10,assignment,50,35.5,2024-07-26,2024-07-26
ASM010390,STU0587,CRS006,10,exam,100,98.0,2024-07-16,2024-07-16
ASM010391,STU0588,CRS010,1,quiz,25,16.2,2024-09-18,2024-09-19
ASM010392,STU0588,CRS010,1,assignment,50,24.4,2024-09-15,2024-09-14
ASM010393,STU0588,CRS010,2,quiz,25,16.0,2024-10-07,2024-10-12
ASM010394,STU0588,CRS010,2,assignment,50,15.6,2024-10-09,2024-10-09
ASM010395,STU0588,CRS010,3,quiz,25,12.3,2024-10-11,2024-10-09
ASM010396,STU0588,CRS010,3,assignment,50,32.9,2024-10-17,2024-10-20
ASM010397,STU0588,CRS010,3,project,100,57.6,2024-11-01,2024-11-01
ASM010398,STU0588,CRS010,4,quiz,25,14.2,2024-11-10,2024-11-10
ASM010399,STU0588,CRS010,4,assignment,50,40.8,2024-11-18,2024-11-18
ASM010400,STU0588,CRS010,5,quiz,25,23.0,2024-12-08,2024-12-08
ASM010401,STU0588,CRS010,5,assignment,50,38.2,2024-11-08,2024-11-06
ASM010402,STU0588,CRS010,6,quiz,25,10.2,2024-12-22,2024-12-21
ASM010403,STU0588,CRS010,6,assignment,50,18.4,2025-01-03,2024-12-31
ASM010404,STU0588,CRS010,6,project,100,53.8,2024-12-22,2024-12-22
ASM010405,STU0588,CRS010,7,quiz,25,15.3,2024-12-13,2024-12-18
ASM010406,STU0588,CRS010,7,assignment,50,41.6,2025-01-10,2025-01-10
ASM010407,STU0588,CRS010,7,exam,100,59.4,2025-01-10,2025-01-09
ASM010408,STU0589,CRS008,1,quiz,25,12.4,2023-02-28,2023-03-01
ASM010409,STU0589,CRS008,1,assignment,50,32.6,2023-03-04,2023-03-04
ASM010410,STU0589,CRS008,2,quiz,25,18.9,2023-03-19,2023-03-19
ASM010411,STU0589,CRS008,2,assignment,50,27.5,2023-03-19,2023-03-17
ASM010412,STU0589,CRS008,3,quiz,25,17.3,2023-04-06,2023-04-04
ASM010413,STU0589,CRS008,3,assignment,50,27.1,2023-04-09,2023-04-07
ASM010414,STU0589,CRS008,3,project,100,73.1,2023-04-06,2023-04-09
ASM010415,STU0589,CRS008,4,quiz,25,11.8,2023-04-12,2023-04-10
ASM010416,STU0589,CRS008,4,assignment,50,26.1,2023-04-20,2023-04-20
ASM010417,STU0589,CRS008,5,quiz,25,24.5,2023-05-02,2023-05-03
ASM010418,STU0589,CRS008,5,assignment,50,15.0,2023-05-07,2023-05-08
ASM010419,STU0589,CRS008,6,quiz,25,14.8,2023-05-06,2023-05-05
ASM010420,STU0589,CRS008,6,assignment,50,20.5,2023-06-17,2023-06-15
ASM010421,STU0589,CRS008,6,project,100,66.6,2023-06-11,2023-06-08
ASM010422,STU0589,CRS008,6,exam,100,98.0,2023-05-24,2023-05-22
ASM010423,STU0590,CRS004,1,quiz,25,21.8,2023-08-03,2023-08-02
ASM010424,STU0590,CRS004,1,assignment,50,39.3,2023-08-01,2023-08-01
ASM010425,STU0590,CRS004,2,quiz,25,16.6,2023-08-24,2023-08-22
ASM010426,STU0590,CRS004,2,assignment,50,34.0,2023-08-18,2023-08-16
ASM010427,STU0590,CRS004,3,quiz,25,9.2,2023-09-16,2023-09-21
ASM010428,STU0590,CRS004,3,assignment,50,28.8,2023-08-29,2023-08-26
ASM010429,STU0590,CRS004,3,project,100,15.9,2023-09-04,2023-09-09
ASM010430,STU0590,CRS004,4,quiz,25,17.4,2023-10-03,2023-10-03
ASM010431,STU0590,CRS004,4,assignment,50,15.6,2023-10-07,2023-10-09
ASM010432,STU0590,CRS004,5,quiz,25,18.7,2023-10-18,2023-10-20
ASM010433,STU0590,CRS004,5,assignment,50,27.8,2023-10-28,2023-10-28
ASM010434,STU0590,CRS004,6,quiz,25,19.2,2023-10-07,2023-10-06
ASM010435,STU0590,CRS004,6,assignment,50,37.3,2023-10-13,2023-10-14
ASM010436,STU0590,CRS004,6,project,100,38.9,2023-10-25,2023-10-25
ASM010437,STU0590,CRS004,6,exam,100,81.8,2023-10-13,2023-10-11
ASM010438,STU0591,CRS003,1,quiz,25,17.6,2024-02-09,2024-02-09
ASM010439,STU0591,CRS003,1,assignment,50,37.4,2024-02-11,2024-02-10
ASM010440,STU0591,CRS003,2,quiz,25,11.2,2024-02-24,2024-02-23
ASM010441,STU0591,CRS003,2,assignment,50,36.0,2024-02-26,2024-02-25
ASM010442,STU0591,CRS003,3,quiz,25,15.6,2024-03-20,2024-03-21
ASM010443,STU0591,CRS003,3,assignment,50,28.1,2024-03-08,2024-03-08
ASM010444,STU0591,CRS003,3,project,100,52.1,2024-03-05,2024-03-05
ASM010445,STU0591,CRS003,4,quiz,25,18.7,2024-03-27,2024-03-27
ASM010446,STU0591,CRS003,4,assignment,50,33.0,2024-04-12,2024-04-09
ASM010447,STU0591,CRS003,5,quiz,25,21.3,2024-05-07,2024-05-06
ASM010448,STU0591,CRS003,5,assignment,50,40.4,2024-04-07,2024-04-08
ASM010449,STU0591,CRS003,5,exam,100,45.7,2024-04-22,2024-04-22
ASM010450,STU0592,CRS017,1,quiz,25,16.0,2024-09-11,2024-09-16
ASM010451,STU0592,CRS017,1,assignment,50,26.3,2024-09-16,2024-09-23
ASM010452,STU0592,CRS017,2,quiz,25,15.0,2024-10-02,2024-10-03
ASM010453,STU0592,CRS017,2,assignment,50,38.5,2024-10-08,2024-10-09
ASM010454,STU0592,CRS017,3,quiz,25,11.2,2024-10-17,2024-10-15
ASM010455,STU0592,CRS017,3,assignment,50,17.2,2024-10-20,2024-10-18
ASM010456,STU0592,CRS017,3,project,100,51.3,2024-10-14,2024-10-14
ASM010457,STU0592,CRS017,4,quiz,25,15.8,2024-10-22,2024-10-21
ASM010458,STU0592,CRS017,4,assignment,50,17.0,2024-11-11,2024-11-11
ASM010459,STU0592,CRS017,5,quiz,25,16.6,2024-11-20,2024-11-20
ASM010460,STU0592,CRS017,5,assignment,50,27.2,2024-11-15,2024-11-15
ASM010461,STU0592,CRS017,6,quiz,25,21.8,2024-11-25,2024-11-25
ASM010462,STU0592,CRS017,6,assignment,50,23.4,2024-12-13,2024-12-15
ASM010463,STU0592,CRS017,6,project,100,43.4,2024-12-19,2024-12-26
ASM010464,STU0592,CRS017,6,exam,100,84.3,2024-11-25,2024-11-26
ASM010465,STU0593,CRS001,1,quiz,25,18.9,2023-03-18,2023-03-18
ASM010466,STU0593,CRS001,1,assignment,50,20.5,2023-03-18,2023-03-25
ASM010467,STU0593,CRS001,2,quiz,25,14.8,2023-04-09,2023-04-08
ASM010468,STU0593,CRS001,2,assignment,50,38.5,2023-03-28,2023-03-25
ASM010469,STU0593,CRS001,3,quiz,25,20.7,2023-04-14,2023-04-21
ASM010470,STU0593,CRS001,3,assignment,50,48.5,2023-04-29,2023-04-29
ASM010471,STU0593,CRS001,3,project,100,62.5,2023-04-26,2023-04-26
ASM010472,STU0593,CRS001,4,quiz,25,16.3,2023-04-29,2023-04-29
ASM010473,STU0593,CRS001,4,assignment,50,25.8,2023-05-23,2023-05-25
ASM010474,STU0593,CRS001,5,quiz,25,13.8,2023-05-09,2023-05-07
ASM010475,STU0593,CRS001,5,assignment,50,46.4,2023-05-29,2023-05-29
ASM010476,STU0593,CRS001,6,quiz,25,13.4,2023-06-10,2023-06-10
ASM010477,STU0593,CRS001,6,assignment,50,49.0,2023-06-04,2023-06-06
ASM010478,STU0593,CRS001,6,project,100,53.7,2023-06-04,2023-06-09
ASM010479,STU0593,CRS001,7,quiz,25,13.8,2023-06-06,2023-06-04
ASM010480,STU0593,CRS001,7,assignment,50,20.1,2023-07-25,2023-07-25
ASM010481,STU0593,CRS001,8,quiz,25,12.7,2023-06-20,2023-06-22
ASM010482,STU0593,CRS001,8,assignment,50,32.7,2023-08-07,2023-08-04
ASM010483,STU0593,CRS001,8,exam,100,86.7,2023-07-14,2023-07-12
ASM010484,STU0594,CRS004,1,quiz,25,20.1,2023-09-22,2023-09-23
ASM010485,STU0594,CRS004,1,assignment,50,32.3,2023-09-24,2023-09-26
ASM010486,STU0594,CRS004,2,quiz,25,11.8,2023-10-14,2023-10-14
ASM010487,STU0594,CRS004,2,assignment,50,25.1,2023-10-16,2023-10-18
ASM010488,STU0594,CRS004,3,quiz,25,16.5,2023-10-26,2023-10-27
ASM010489,STU0594,CRS004,3,assignment,50,33.5,2023-10-29,2023-11-01
ASM010490,STU0594,CRS004,3,project,100,34.9,2023-11-10,2023-11-11
ASM010491,STU0594,CRS004,4,quiz,25,22.8,2023-11-23,2023-11-28
ASM010492,STU0594,CRS004,4,assignment,50,29.1,2023-11-27,2023-12-02
ASM010493,STU0594,CRS004,5,quiz,25,12.1,2023-12-17,2023-12-17
ASM010494,STU0594,CRS004,5,assignment,50,32.1,2023-12-22,2023-12-20
ASM010495,STU0594,CRS004,6,quiz,25,12.2,2023-12-31,2023-12-31
ASM010496,STU0594,CRS004,6,assignment,50,37.2,2024-01-06,2024-01-06
ASM010497,STU0594,CRS004,6,project,100,47.8,2023-12-25,2024-01-01
ASM010498,STU0594,CRS004,6,exam,100,57.5,2023-12-19,2023-12-19
ASM010499,STU0595,CRS005,1,quiz,25,11.2,2024-03-05,2024-03-06
ASM010500,STU0595,CRS005,1,assignment,50,48.1,2024-03-04,2024-03-02
ASM010501,STU0595,CRS005,2,quiz,25,18.9,2024-03-25,2024-03-23
ASM010502,STU0595,CRS005,2,assignment,50,29.0,2024-03-23,2024-03-23
ASM010503,STU0595,CRS005,3,quiz,25,16.0,2024-04-05,2024-04-04
ASM010504,STU0595,CRS005,3,assignment,50,41.2,2024-03-30,2024-03-30
ASM010505,STU0595,CRS005,3,project,100,45.1,2024-04-11,2024-04-11
ASM010506,STU0595,CRS005,4,quiz,25,19.7,2024-04-14,2024-04-19
ASM010507,STU0595,CRS005,4,assignment,50,18.4,2024-05-04,2024-05-09
ASM010508,STU0595,CRS005,5,quiz,25,18.5,2024-05-14,2024-05-14
ASM010509,STU0595,CRS005,5,assignment,50,22.1,2024-05-24,2024-05-24
ASM010510,STU0595,CRS005,6,quiz,25,14.4,2024-06-13,2024-06-14
ASM010511,STU0595,CRS005,6,assignment,50,35.3,2024-05-14,2024-05-14
ASM010512,STU0595,CRS005,6,project,100,62.3,2024-05-20,2024-05-20
ASM010513,STU0595,CRS005,7,quiz,25,17.9,2024-05-22,2024-05-21
ASM010514,STU0595,CRS005,7,assignment,50,43.7,2024-06-05,2024-06-04
ASM010515,STU0595,CRS005,8,quiz,25,15.7,2024-07-15,2024-07-17
ASM010516,STU0595,CRS005,8,assignment,50,23.1,2024-06-21,2024-06-20
ASM010517,STU0595,CRS005,8,exam,100,60.3,2024-06-13,2024-06-11
ASM010518,STU0596,CRS013,1,quiz,25,22.1,2024-08-03,2024-08-01
ASM010519,STU0596,CRS013,1,assignment,50,42.1,2024-08-09,2024-08-08
ASM010520,STU0596,CRS013,2,quiz,25,20.1,2024-08-29,2024-08-28
ASM010521,STU0596,CRS013,2,assignment,50,27.1,2024-08-17,2024-08-19
ASM010522,STU0596,CRS013,3,quiz,25,19.4,2024-09-18,2024-09-15
ASM010523,STU0596,CRS013,3,assignment,50,38.3,2024-09-06,2024-09-05
ASM010524,STU0596,CRS013,3,project,100,65.9,2024-09-18,2024-09-18
ASM010525,STU0596,CRS013,4,quiz,25,11.9,2024-10-04,2024-10-04
ASM010526,STU0596,CRS013,4,assignment,50,41.4,2024-09-30,2024-09-29
ASM010527,STU0596,CRS013,5,quiz,25,20.0,2024-10-18,2024-10-20
ASM010528,STU0596,CRS013,5,assignment,50,32.6,2024-09-28,2024-09-30
ASM010529,STU0596,CRS013,6,quiz,25,16.1,2024-10-12,2024-10-11
ASM010530,STU0596,CRS013,6,assignment,50,22.4,2024-10-12,2024-10-11
ASM010531,STU0596,CRS013,6,project,100,37.0,2024-10-24,2024-10-24
ASM010532,STU0596,CRS013,7,quiz,25,15.2,2024-11-23,2024-11-26
ASM010533,STU0596,CRS013,7,assignment,50,33.8,2024-12-07,2024-12-06
ASM010534,STU0596,CRS013,8,quiz,25,14.0,2024-12-03,2024-12-05
ASM010535,STU0596,CRS013,8,assignment,50,19.6,2024-12-27,2024-12-25
ASM010536,STU0596,CRS013,8,exam,100,55.4,2024-11-25,2024-11-22
ASM010537,STU0597,CRS004,1,quiz,25,9.6,2023-02-07,2023-02-09
ASM010538,STU0597,CRS004,1,assignment,50,29.1,2023-02-10,2023-02-13
ASM010539,STU0597,CRS004,2,quiz,25,24.5,2023-02-28,2023-02-28
ASM010540,STU0597,CRS004,2,assignment,50,30.3,2023-02-20,2023-02-20
ASM010541,STU0597,CRS004,3,quiz,25,24.5,2023-03-13,2023-03-18
ASM010542,STU0597,CRS004,3,assignment,50,28.8,2023-03-07,2023-03-05
ASM010543,STU0597,CRS004,3,project,100,83.2,2023-03-10,2023-03-10
ASM010544,STU0597,CRS004,4,quiz,25,18.7,2023-03-18,2023-03-20
ASM010545,STU0597,CRS004,4,assignment,50,24.5,2023-03-30,2023-03-31
ASM010546,STU0597,CRS004,5,quiz,25,18.3,2023-05-01,2023-05-02
ASM010547,STU0597,CRS004,5,assignment,50,19.5,2023-04-21,2023-04-21
ASM010548,STU0597,CRS004,6,quiz,25,16.0,2023-04-27,2023-04-27
ASM010549,STU0597,CRS004,6,assignment,50,32.3,2023-05-15,2023-05-15
ASM010550,STU0597,CRS004,6,project,100,67.5,2023-05-03,2023-05-10
ASM010551,STU0597,CRS004,6,exam,100,59.5,2023-05-27,2023-05-28
ASM010552,STU0598,CRS010,1,quiz,25,9.7,2023-08-10,2023-08-17
ASM010553,STU0598,CRS010,1,assignment,50,26.2,2023-08-06,2023-08-08
ASM010554,STU0598,CRS010,2,quiz,25,16.4,2023-08-26,2023-08-27
ASM010555,STU0598,CRS010,2,assignment,50,36.3,2023-08-22,2023-08-23
ASM010556,STU0598,CRS010,3,quiz,25,19.1,2023-09-18,2023-09-16
ASM010557,STU0598,CRS010,3,assignment,50,27.7,2023-09-24,2023-10-01
ASM010558,STU0598,CRS010,3,project,100,82.3,2023-09-06,2023-09-06
ASM010559,STU0598,CRS010,4,quiz,25,19.0,2023-10-07,2023-10-04
ASM010560,STU0598,CRS010,4,assignment,50,17.7,2023-09-29,2023-09-27
ASM010561,STU0598,CRS010,5,quiz,25,11.6,2023-10-31,2023-10-31
ASM010562,STU0598,CRS010,5,assignment,50,29.1,2023-10-06,2023-10-04
ASM010563,STU0598,CRS010,6,quiz,25,14.4,2023-11-20,2023-11-20
ASM010564,STU0598,CRS010,6,assignment,50,49.0,2023-11-08,2023-11-10
ASM010565,STU0598,CRS010,6,project,100,80.5,2023-10-21,2023-10-21
ASM010566,STU0598,CRS010,7,quiz,25,22.3,2023-11-19,2023-11-19
ASM010567,STU0598,CRS010,7,assignment,50,35.4,2023-11-12,2023-11-17
ASM010568,STU0598,CRS010,8,quiz,25,15.3,2023-11-20,2023-11-19
ASM010569,STU0598,CRS010,8,assignment,50,22.4,2024-01-07,2024-01-07
ASM010570,STU0598,CRS010,9,quiz,25,19.3,2023-12-23,2023-12-23
ASM010571,STU0598,CRS010,9,assignment,50,26.9,2023-12-05,2023-12-05
ASM010572,STU0598,CRS010,9,project,100,79.9,2024-01-10,2024-01-08
ASM010573,STU0598,CRS010,10,quiz,25,13.9,2023-12-30,2024-01-06
ASM010574,STU0598,CRS010,10,assignment,50,16.9,2024-02-08,2024-02-06
ASM010575,STU0598,CRS010,10,exam,100,59.0,2024-01-29,2024-01-30
ASM010576,STU0599,CRS005,1,quiz,25,10.7,2024-03-10,2024-03-13
ASM010577,STU0599,CRS005,1,assignment,50,26.0,2024-03-12,2024-03-12
ASM010578,STU0599,CRS005,2,quiz,25,14.9,2024-04-01,2024-03-31
ASM010579,STU0599,CRS005,2,assignment,50,28.1,2024-04-01,2024-04-02
ASM010580,STU0599,CRS005,3,quiz,25,20.9,2024-04-25,2024-04-28
ASM010581,STU0599,CRS005,3,assignment,50,33.4,2024-04-10,2024-04-11
ASM010582,STU0599,CRS005,3,project,100,87.4,2024-04-25,2024-04-25
ASM010583,STU0599,CRS005,4,quiz,25,15.5,2024-05-11,2024-05-08
ASM010584,STU0599,CRS005,4,assignment,50,14.0,2024-04-21,2024-04-22
ASM010585,STU0599,CRS005,5,quiz,25,10.3,2024-05-10,2024-05-11
ASM010586,STU0599,CRS005,5,assignment,50,24.5,2024-06-09,2024-06-09
ASM010587,STU0599,CRS005,6,quiz,25,10.2,2024-05-31,2024-06-05
ASM010588,STU0599,CRS005,6,assignment,50,27.4,2024-06-18,2024-06-25
ASM010589,STU0599,CRS005,6,project,100,73.9,2024-06-06,2024-06-06
ASM010590,STU0599,CRS005,7,quiz,25,16.5,2024-06-30,2024-06-28
ASM010591,STU0599,CRS005,7,assignment,50,23.9,2024-07-21,2024-07-18
ASM010592,STU0599,CRS005,8,quiz,25,20.1,2024-07-26,2024-07-27
ASM010593,STU0599,CRS005,8,assignment,50,21.6,2024-08-03,2024-07-31
ASM010594,STU0599,CRS005,8,exam,100,60.7,2024-08-11,2024-08-09
ASM010595,STU0600,CRS003,1,quiz,25,18.3,2024-09-02,2024-08-30
ASM010596,STU0600,CRS003,1,assignment,50,27.5,2024-09-03,2024-09-03
ASM010597,STU0600,CRS003,2,quiz,25,20.4,2024-09-16,2024-09-21
ASM010598,STU0600,CRS003,2,assignment,50,45.2,2024-09-26,2024-09-26
ASM010599,STU0600,CRS003,3,quiz,25,16.8,2024-10-19,2024-10-19
ASM010600,STU0600,CRS003,3,assignment,50,37.8,2024-09-28,2024-09-27
ASM010601,STU0600,CRS003,3,project,100,68.2,2024-10-19,2024-10-18
ASM010602,STU0600,CRS003,4,quiz,25,11.0,2024-11-05,2024-11-05
ASM010603,STU0600,CRS003,4,assignment,50,25.0,2024-11-09,2024-11-06
ASM010604,STU0600,CRS003,5,quiz,25,11.7,2024-10-26,2024-10-26
ASM010605,STU0600,CRS003,5,assignment,50,28.4,2024-11-20,2024-11-20
ASM010606,STU0600,CRS003,5,exam,100,98.0,2024-11-10,2024-11-10
ASM010607,STU0601,CRS020,1,quiz,25,14.4,2023-03-18,2023-03-18
ASM010608,STU0601,CRS020,1,assignment,50,40.7,2023-03-18,2023-03-17
ASM010609,STU0601,CRS020,2,quiz,25,16.2,2023-03-31,2023-03-29
ASM010610,STU0601,CRS020,2,assignment,50,44.6,2023-04-04,2023-04-03
ASM010611,STU0601,CRS020,3,quiz,25,13.3,2023-04-26,2023-04-29
ASM010612,STU0601,CRS020,3,assignment,50,23.8,2023-04-17,2023-04-18
ASM010613,STU0601,CRS020,3,project,100,43.9,2023-04-08,2023-04-10
ASM010614,STU0601,CRS020,4,quiz,25,15.7,2023-04-26,2023-04-24
ASM010615,STU0601,CRS020,4,assignment,50,37.3,2023-04-30,2023-04-30
ASM010616,STU0601,CRS020,4,exam,100,63.8,2023-04-30,2023-04-30
ASM010617,STU0602,CRS012,1,quiz,25,15.5,2023-09-19,2023-09-17
ASM010618,STU0602,CRS012,1,assignment,50,42.9,2023-09-13,2023-09-14
ASM010619,STU0602,CRS012,2,quiz,25,13.2,2023-10-07,2023-10-07
ASM010620,STU0602,CRS012,2,assignment,50,48.9,2023-10-05,2023-10-05
ASM010621,STU0602,CRS012,3,quiz,25,9.1,2023-10-26,2023-10-27
ASM010622,STU0602,CRS012,3,assignment,50,35.5,2023-10-11,2023-10-08
ASM010623,STU0602,CRS012,3,project,100,82.6,2023-10-11,2023-10-18
ASM010624,STU0602,CRS012,4,quiz,25,14.0,2023-11-14,2023-11-13
ASM010625,STU0602,CRS012,4,assignment,50,29.3,2023-11-22,2023-11-27
ASM010626,STU0602,CRS012,5,quiz,25,10.1,2023-12-13,2023-12-12
ASM010627,STU0602,CRS012,5,assignment,50,33.8,2023-12-08,2023-12-10
ASM010628,STU0602,CRS012,6,quiz,25,22.1,2023-11-22,2023-11-22
ASM010629,STU0602,CRS012,6,assignment,50,41.2,2023-12-16,2023-12-14
ASM010630,STU0602,CRS012,6,project,100,78.8,2023-12-28,2023-12-28
ASM010631,STU0602,CRS012,7,quiz,25,16.5,2023-12-27,2023-12-25
ASM010632,STU0602,CRS012,7,assignment,50,33.9,2024-01-03,2024-01-01
ASM010633,STU0602,CRS012,8,quiz,25,15.2,2024-01-21,2024-01-22
ASM010634,STU0602,CRS012,8,assignment,50,24.3,2023-12-28,2023-12-26
ASM010635,STU0602,CRS012,8,exam,100,55.8,2023-12-20,2023-12-19
ASM010636,STU0603,CRS005,1,quiz,25,19.3,2024-03-27,2024-03-27
ASM010637,STU0603,CRS005,1,assignment,50,29.1,2024-03-29,2024-03-30
ASM010638,STU0603,CRS005,2,quiz,25,24.5,2024-04-20,2024-04-20
ASM010639,STU0603,CRS005,2,assignment,50,34.6,2024-04-10,2024-04-11
ASM010640,STU0603,CRS005,3,quiz,25,23.9,2024-05-03,2024-05-03
ASM010641,STU0603,CRS005,3,assignment,50,41.4,2024-05-15,2024-05-16
ASM010642,STU0603,CRS005,3,project,100,63.6,2024-05-12,2024-05-09
ASM010643,STU0603,CRS005,4,quiz,25,19.2,2024-06-01,2024-06-03
ASM010644,STU0603,CRS005,4,assignment,50,23.3,2024-05-28,2024-05-31
ASM010645,STU0603,CRS005,5,quiz,25,17.9,2024-05-27,2024-05-30
ASM010646,STU0603,CRS005,5,assignment,50,15.8,2024-05-22,2024-05-23
ASM010647,STU0603,CRS005,6,quiz,25,12.6,2024-07-17,2024-07-17
ASM010648,STU0603,CRS005,6,assignment,50,30.9,2024-06-23,2024-06-20
ASM010649,STU0603,CRS005,6,project,100,56.1,2024-06-11,2024-06-11
ASM010650,STU0603,CRS005,7,quiz,25,17.7,2024-07-10,2024-07-11
ASM010651,STU0603,CRS005,7,assignment,50,38.9,2024-08-07,2024-08-08
ASM010652,STU0603,CRS005,8,quiz,25,23.1,2024-07-27,2024-07-27
ASM010653,STU0603,CRS005,8,assignment,50,28.0,2024-07-03,2024-07-03
ASM010654,STU0603,CRS005,8,exam,100,77.6,2024-07-11,2024-07-11
ASM010655,STU0604,CRS015,1,quiz,25,17.2,2024-09-23,2024-09-22
ASM010656,STU0604,CRS015,1,assignment,50,28.7,2024-09-29,2024-09-29
ASM010657,STU0604,CRS015,2,quiz,25,18.4,2024-10-06,2024-10-06
ASM010658,STU0604,CRS015,2,assignment,50,24.4,2024-10-20,2024-10-20
ASM010659,STU0604,CRS015,3,quiz,25,17.9,2024-10-26,2024-11-02
ASM010660,STU0604,CRS015,3,assignment,50,16.4,2024-10-26,2024-10-28
ASM010661,STU0604,CRS015,3,project,100,91.5,2024-10-29,2024-10-27
ASM010662,STU0604,CRS015,4,quiz,25,24.5,2024-12-01,2024-12-01
ASM010663,STU0604,CRS015,4,assignment,50,24.6,2024-12-01,2024-11-30
ASM010664,STU0604,CRS015,5,quiz,25,21.2,2024-11-27,2024-11-26
ASM010665,STU0604,CRS015,5,assignment,50,42.1,2024-11-17,2024-11-16
ASM010666,STU0604,CRS015,5,exam,100,66.6,2024-12-22,2024-12-20
ASM010667,STU0605,CRS004,1,quiz,25,10.8,2023-02-08,2023-02-07
ASM010668,STU0605,CRS004,1,assignment,50,24.9,2023-02-08,2023-02-08
ASM010669,STU0605,CRS004,2,quiz,25,13.4,2023-03-02,2023-03-04
ASM010670,STU0605,CRS004,2,assignment,50,33.8,2023-03-04,2023-03-03
ASM010671,STU0605,CRS004,3,quiz,25,16.0,2023-03-24,2023-03-24
ASM010672,STU0605,CRS004,3,assignment,50,41.0,2023-03-18,2023-03-18
ASM010673,STU0605,CRS004,3,project,100,73.6,2023-03-27,2023-03-27
ASM010674,STU0605,CRS004,4,quiz,25,20.6,2023-04-05,2023-04-12
ASM010675,STU0605,CRS004,4,assignment,50,42.8,2023-04-05,2023-04-06
ASM010676,STU0605,CRS004,5,quiz,25,14.5,2023-04-13,2023-04-20
ASM010677,STU0605,CRS004,5,assignment,50,17.3,2023-04-28,2023-04-26
ASM010678,STU0605,CRS004,6,quiz,25,20.5,2023-04-17,2023-04-18
ASM010679,STU0605,CRS004,6,assignment,50,32.8,2023-05-17,2023-05-22
ASM010680,STU0605,CRS004,6,project,100,56.6,2023-04-23,2023-04-23
ASM010681,STU0605,CRS004,6,exam,100,65.0,2023-05-23,2023-05-23
ASM010682,STU0606,CRS013,1,quiz,25,19.5,2023-08-25,2023-08-23
ASM010683,STU0606,CRS013,1,assignment,50,31.6,2023-08-27,2023-08-27
ASM010684,STU0606,CRS013,2,quiz,25,11.0,2023-09-03,2023-09-04
ASM010685,STU0606,CRS013,2,assignment,50,32.6,2023-09-03,2023-09-04
ASM010686,STU0606,CRS013,3,quiz,25,7.5,2023-09-17,2023-09-24
ASM010687,STU0606,CRS013,3,assignment,50,33.3,2023-09-26,2023-09-26
ASM010688,STU0606,CRS013,3,project,100,71.5,2023-09-26,2023-09-25
ASM010689,STU0606,CRS013,4,quiz,25,18.5,2023-10-21,2023-10-22
ASM010690,STU0606,CRS013,4,assignment,50,41.8,2023-10-25,2023-10-23
ASM010691,STU0606,CRS013,5,quiz,25,19.8,2023-11-04,2023-11-05
ASM010692,STU0606,CRS013,5,assignment,50,27.4,2023-10-30,2023-11-02
ASM010693,STU0606,CRS013,6,quiz,25,9.6,2023-11-10,2023-11-09
ASM010694,STU0606,CRS013,6,assignment,50,19.4,2023-11-10,2023-11-09
ASM010695,STU0606,CRS013,6,project,100,56.7,2023-11-28,2023-11-28
ASM010696,STU0606,CRS013,7,quiz,25,19.6,2023-12-17,2023-12-18
ASM010697,STU0606,CRS013,7,assignment,50,31.4,2023-11-26,2023-11-26
ASM010698,STU0606,CRS013,8,quiz,25,16.1,2023-12-20,2023-12-22
ASM010699,STU0606,CRS013,8,assignment,50,31.1,2023-12-28,2024-01-04
ASM010700,STU0606,CRS013,8,exam,100,25.8,2024-01-21,2024-01-19
ASM010701,STU0607,CRS005,1,quiz,25,16.2,2024-02-14,2024-02-15
ASM010702,STU0607,CRS005,1,assignment,50,23.6,2024-02-15,2024-02-16
ASM010703,STU0607,CRS005,2,quiz,25,9.1,2024-03-10,2024-03-10
ASM010704,STU0607,CRS005,2,assignment,50,35.9,2024-03-12,2024-03-12
ASM010705,STU0607,CRS005,3,quiz,25,22.6,2024-03-18,2024-03-25
ASM010706,STU0607,CRS005,3,assignment,50,32.3,2024-03-12,2024-03-11
ASM010707,STU0607,CRS005,3,project,100,60.8,2024-03-27,2024-03-28
ASM010708,STU0607,CRS005,4,quiz,25,21.9,2024-04-23,2024-04-25
ASM010709,STU0607,CRS005,4,assignment,50,49.0,2024-04-03,2024-04-03
ASM010710,STU0607,CRS005,5,quiz,25,24.1,2024-04-24,2024-04-29
ASM010711,STU0607,CRS005,5,assignment,50,25.9,2024-04-19,2024-04-18
ASM010712,STU0607,CRS005,6,quiz,25,14.7,2024-05-05,2024-05-10
ASM010713,STU0607,CRS005,6,assignment,50,32.5,2024-05-11,2024-05-09
ASM010714,STU0607,CRS005,6,project,100,64.2,2024-05-29,2024-05-28
ASM010715,STU0607,CRS005,7,quiz,25,16.2,2024-05-28,2024-05-29
ASM010716,STU0607,CRS005,7,assignment,50,47.1,2024-06-11,2024-06-10
ASM010717,STU0607,CRS005,8,quiz,25,19.7,2024-06-30,2024-06-29
ASM010718,STU0607,CRS005,8,assignment,50,22.2,2024-06-30,2024-06-30
ASM010719,STU0607,CRS005,8,exam,100,65.6,2024-06-14,2024-06-12
ASM010720,STU0608,CRS003,1,quiz,25,14.8,2024-08-16,2024-08-16
ASM010721,STU0608,CRS003,1,assignment,50,36.9,2024-08-16,2024-08-13
ASM010722,STU0608,CRS003,2,quiz,25,14.8,2024-08-31,2024-08-31
ASM010723,STU0608,CRS003,2,assignment,50,28.5,2024-09-02,2024-09-02
ASM010724,STU0608,CRS003,3,quiz,25,22.1,2024-09-22,2024-09-29
ASM010725,STU0608,CRS003,3,assignment,50,46.2,2024-09-28,2024-09-28
ASM010726,STU0608,CRS003,3,project,100,84.9,2024-09-28,2024-09-29
ASM010727,STU0608,CRS003,4,quiz,25,17.7,2024-09-28,2024-09-27
ASM010728,STU0608,CRS003,4,assignment,50,16.8,2024-09-24,2024-09-24
ASM010729,STU0608,CRS003,5,quiz,25,11.6,2024-10-18,2024-10-21
ASM010730,STU0608,CRS003,5,assignment,50,38.6,2024-11-07,2024-11-06
ASM010731,STU0608,CRS003,5,exam,100,44.3,2024-10-23,2024-10-22
ASM010732,STU0609,CRS020,1,quiz,25,20.7,2023-03-18,2023-03-17
ASM010733,STU0609,CRS020,1,assignment,50,27.1,2023-03-18,2023-03-21
ASM010734,STU0609,CRS020,2,quiz,25,15.5,2023-04-07,2023-04-07
ASM010735,STU0609,CRS020,2,assignment,50,37.8,2023-04-05,2023-04-05
ASM010736,STU0609,CRS020,3,quiz,25,17.7,2023-04-13,2023-04-16
ASM010737,STU0609,CRS020,3,assignment,50,36.7,2023-04-25,2023-04-25
ASM010738,STU0609,CRS020,3,project,100,71.4,2023-05-01,2023-05-08
ASM010739,STU0609,CRS020,4,quiz,25,24.5,2023-05-05,2023-05-05
ASM010740,STU0609,CRS020,4,assignment,50,34.4,2023-05-21,2023-05-21
ASM010741,STU0609,CRS020,4,exam,100,76.6,2023-04-27,2023-04-27
ASM010742,STU0610,CRS001,1,quiz,25,8.9,2023-09-28,2023-09-27
ASM010743,STU0610,CRS001,1,assignment,50,5.0,2023-09-22,2023-09-23
ASM010744,STU0610,CRS001,2,quiz,25,23.0,2023-10-13,2023-10-16
ASM010745,STU0610,CRS001,2,assignment,50,29.7,2023-10-11,2023-10-14
ASM010746,STU0610,CRS001,3,quiz,25,13.3,2023-10-22,2023-10-20
ASM010747,STU0610,CRS001,3,assignment,50,33.3,2023-10-22,2023-10-22
ASM010748,STU0610,CRS001,3,project,100,82.4,2023-10-25,2023-11-01
ASM010749,STU0610,CRS001,4,quiz,25,13.7,2023-11-10,2023-11-10
ASM010750,STU0610,CRS001,4,assignment,50,38.5,2023-11-06,2023-11-05
ASM010751,STU0610,CRS001,5,quiz,25,13.2,2023-11-16,2023-11-16
ASM010752,STU0610,CRS001,5,assignment,50,43.4,2023-12-16,2023-12-15
ASM010753,STU0610,CRS001,6,quiz,25,19.6,2023-12-30,2023-12-28
ASM010754,STU0610,CRS001,6,assignment,50,21.6,2023-12-24,2023-12-24
ASM010755,STU0610,CRS001,6,project,100,61.3,2023-12-06,2023-12-03
ASM010756,STU0610,CRS001,7,quiz,25,8.5,2023-12-14,2023-12-15
ASM010757,STU0610,CRS001,7,assignment,50,31.7,2023-12-14,2023-12-13
ASM010758,STU0610,CRS001,8,quiz,25,16.6,2024-02-14,2024-02-14
ASM010759,STU0610,CRS001,8,assignment,50,26.3,2024-01-05,2024-01-05
ASM010760,STU0610,CRS001,8,exam,100,54.4,2024-01-05,2024-01-10
ASM010761,STU0611,CRS010,1,quiz,25,18.8,2024-02-17,2024-02-20
ASM010762,STU0611,CRS010,1,assignment,50,38.3,2024-02-12,2024-02-19
ASM010763,STU0611,CRS010,2,quiz,25,10.6,2024-03-08,2024-03-08
ASM010764,STU0611,CRS010,2,assignment,50,33.1,2024-03-06,2024-03-13
ASM010765,STU0611,CRS010,3,quiz,25,17.3,2024-03-19,2024-03-21
ASM010766,STU0611,CRS010,3,assignment,50,35.4,2024-03-25,2024-03-23
ASM010767,STU0611,CRS010,3,project,100,59.3,2024-03-16,2024-03-21
ASM010768,STU0611,CRS010,4,quiz,25,24.5,2024-04-05,2024-04-05
ASM010769,STU0611,CRS010,4,assignment,50,36.1,2024-04-09,2024-04-11
ASM010770,STU0611,CRS010,5,quiz,25,16.4,2024-04-12,2024-04-13
ASM010771,STU0611,CRS010,5,assignment,50,33.0,2024-04-07,2024-04-08
ASM010772,STU0611,CRS010,6,quiz,25,10.0,2024-05-21,2024-05-18
ASM010773,STU0611,CRS010,6,assignment,50,40.7,2024-05-09,2024-05-10
ASM010774,STU0611,CRS010,6,project,100,67.7,2024-04-21,2024-04-23
ASM010775,STU0611,CRS010,7,quiz,25,16.2,2024-06-16,2024-06-16
ASM010776,STU0611,CRS010,7,assignment,50,40.7,2024-05-26,2024-05-27
ASM010777,STU0611,CRS010,8,quiz,25,20.6,2024-05-27,2024-05-27
ASM010778,STU0611,CRS010,8,assignment,50,37.3,2024-06-28,2024-06-28
ASM010779,STU0611,CRS010,9,quiz,25,24.1,2024-06-11,2024-06-10
ASM010780,STU0611,CRS010,9,assignment,50,23.7,2024-06-20,2024-06-19
ASM010781,STU0611,CRS010,9,project,100,69.9,2024-06-20,2024-06-19
ASM010782,STU0611,CRS010,10,quiz,25,13.7,2024-06-26,2024-06-26
ASM010783,STU0611,CRS010,10,assignment,50,5.0,2024-07-06,2024-07-03
ASM010784,STU0611,CRS010,10,exam,100,29.1,2024-08-05,2024-08-03
ASM010785,STU0612,CRS017,1,quiz,25,14.1,2024-08-17,2024-08-20
ASM010786,STU0612,CRS017,1,assignment,50,31.2,2024-08-12,2024-08-12
ASM010787,STU0612,CRS017,2,quiz,25,24.5,2024-09-05,2024-09-04
ASM010788,STU0612,CRS017,2,assignment,50,28.7,2024-08-24,2024-08-24
ASM010789,STU0612,CRS017,3,quiz,25,21.2,2024-09-16,2024-09-23
ASM010790,STU0612,CRS017,3,assignment,50,43.8,2024-09-10,2024-09-09
ASM010791,STU0612,CRS017,3,project,100,65.9,2024-09-19,2024-09-18
ASM010792,STU0612,CRS017,4,quiz,25,24.5,2024-09-29,2024-09-29
ASM010793,STU0612,CRS017,4,assignment,50,19.2,2024-09-29,2024-09-29
ASM010794,STU0612,CRS017,5,quiz,25,11.4,2024-10-20,2024-10-20
ASM010795,STU0612,CRS017,5,assignment,50,33.6,2024-10-25,2024-10-24
ASM010796,STU0612,CRS017,6,quiz,25,5.8,2024-11-06,2024-11-06
ASM010797,STU0612,CRS017,6,assignment,50,35.4,2024-11-24,2024-11-24
ASM010798,STU0612,CRS017,6,project,100,88.1,2024-11-12,2024-11-11
ASM010799,STU0612,CRS017,6,exam,100,77.8,2024-11-18,2024-11-19
ASM010800,STU0613,CRS010,1,quiz,25,16.6,2023-03-11,2023-03-11
ASM010801,STU0613,CRS010,1,assignment,50,30.3,2023-03-15,2023-03-17
ASM010802,STU0613,CRS010,2,quiz,25,20.8,2023-03-31,2023-04-02
ASM010803,STU0613,CRS010,2,assignment,50,35.6,2023-03-25,2023-03-25
ASM010804,STU0613,CRS010,3,quiz,25,12.5,2023-04-08,2023-04-10
ASM010805,STU0613,CRS010,3,assignment,50,22.0,2023-04-20,2023-04-25
ASM010806,STU0613,CRS010,3,project,100,63.5,2023-04-11,2023-04-11
ASM010807,STU0613,CRS010,4,quiz,25,18.0,2023-04-22,2023-04-24
ASM010808,STU0613,CRS010,4,assignment,50,35.6,2023-05-04,2023-05-04
ASM010809,STU0613,CRS010,5,quiz,25,12.4,2023-05-16,2023-05-14
ASM010810,STU0613,CRS010,5,assignment,50,25.7,2023-05-26,2023-05-25
ASM010811,STU0613,CRS010,6,quiz,25,14.4,2023-06-07,2023-06-07
ASM010812,STU0613,CRS010,6,assignment,50,23.0,2023-07-01,2023-07-06
ASM010813,STU0613,CRS010,6,project,100,60.8,2023-05-20,2023-05-17
ASM010814,STU0613,CRS010,7,quiz,25,12.2,2023-07-01,2023-07-06
ASM010815,STU0613,CRS010,7,assignment,50,46.3,2023-07-15,2023-07-15
ASM010816,STU0613,CRS010,8,quiz,25,13.2,2023-08-12,2023-08-11
ASM010817,STU0613,CRS010,8,assignment,50,14.5,2023-07-19,2023-07-19
ASM010818,STU0613,CRS010,9,quiz,25,22.4,2023-09-02,2023-08-31
ASM010819,STU0613,CRS010,9,assignment,50,39.5,2023-08-24,2023-08-24
ASM010820,STU0613,CRS010,9,project,100,70.3,2023-09-02,2023-09-01
ASM010821,STU0613,CRS010,10,quiz,25,16.4,2023-08-04,2023-08-01
ASM010822,STU0613,CRS010,10,assignment,50,32.8,2023-09-13,2023-09-13
ASM010823,STU0613,CRS010,10,exam,100,84.6,2023-08-14,2023-08-14
ASM010824,STU0614,CRS008,1,quiz,25,23.3,2023-08-31,2023-09-02
ASM010825,STU0614,CRS008,1,assignment,50,33.9,2023-09-02,2023-08-30
ASM010826,STU0614,CRS008,2,quiz,25,19.6,2023-09-22,2023-09-20
ASM010827,STU0614,CRS008,2,assignment,50,21.5,2023-09-12,2023-09-10
ASM010828,STU0614,CRS008,3,quiz,25,11.8,2023-10-17,2023-10-24
ASM010829,STU0614,CRS008,3,assignment,50,40.7,2023-10-11,2023-10-09
ASM010830,STU0614,CRS008,3,project,100,55.8,2023-10-08,2023-10-13
ASM010831,STU0614,CRS008,4,quiz,25,16.0,2023-10-10,2023-10-09
ASM010832,STU0614,CRS008,4,assignment,50,23.0,2023-11-03,2023-11-03
ASM010833,STU0614,CRS008,5,quiz,25,21.3,2023-10-29,2023-10-29
ASM010834,STU0614,CRS008,5,assignment,50,46.3,2023-10-29,2023-10-28
ASM010835,STU0614,CRS008,6,quiz,25,18.2,2023-11-25,2023-11-25
ASM010836,STU0614,CRS008,6,assignment,50,29.1,2023-11-25,2023-11-27
ASM010837,STU0614,CRS008,6,project,100,94.4,2023-11-25,2023-11-22
ASM010838,STU0614,CRS008,6,exam,100,56.7,2023-12-07,2023-12-06
ASM010839,STU0615,CRS008,1,quiz,25,13.5,2024-03-05,2024-03-03
ASM010840,STU0615,CRS008,1,assignment,50,15.9,2024-02-29,2024-02-29
ASM010841,STU0615,CRS008,2,quiz,25,11.6,2024-03-24,2024-03-23
ASM010842,STU0615,CRS008,2,assignment,50,25.7,2024-03-28,2024-03-31
ASM010843,STU0615,CRS008,3,quiz,25,18.1,2024-04-09,2024-04-10
ASM010844,STU0615,CRS008,3,assignment,50,33.2,2024-04-18,2024-04-20
ASM010845,STU0615,CRS008,3,project,100,51.2,2024-04-09,2024-04-09
ASM010846,STU0615,CRS008,4,quiz,25,22.6,2024-04-23,2024-04-24
ASM010847,STU0615,CRS008,4,assignment,50,47.3,2024-05-09,2024-05-12
ASM010848,STU0615,CRS008,5,quiz,25,18.0,2024-04-25,2024-04-25
ASM010849,STU0615,CRS008,5,assignment,50,39.6,2024-05-25,2024-05-25
ASM010850,STU0615,CRS008,6,quiz,25,17.9,2024-06-14,2024-06-21
ASM010851,STU0615,CRS008,6,assignment,50,38.7,2024-06-08,2024-06-08
ASM010852,STU0615,CRS008,6,project,100,60.6,2024-06-14,2024-06-12
ASM010853,STU0615,CRS008,6,exam,100,67.0,2024-05-09,2024-05-10
ASM010854,STU0616,CRS003,1,quiz,25,12.9,2024-09-05,2024-09-05
ASM010855,STU0616,CRS003,1,assignment,50,39.4,2024-09-06,2024-09-06
ASM010856,STU0616,CRS003,2,quiz,25,11.4,2024-09-14,2024-09-14
ASM010857,STU0616,CRS003,2,assignment,50,42.9,2024-09-14,2024-09-13
ASM010858,STU0616,CRS003,3,quiz,25,20.5,2024-10-13,2024-10-13
ASM010859,STU0616,CRS003,3,assignment,50,49.0,2024-10-10,2024-10-13
ASM010860,STU0616,CRS003,3,project,100,72.0,2024-10-04,2024-10-06
ASM010861,STU0616,CRS003,4,quiz,25,18.4,2024-11-09,2024-11-10
ASM010862,STU0616,CRS003,4,assignment,50,19.7,2024-11-05,2024-11-12
ASM010863,STU0616,CRS003,5,quiz,25,13.4,2024-10-31,2024-10-31
ASM010864,STU0616,CRS003,5,assignment,50,32.3,2024-11-25,2024-11-24
ASM010865,STU0616,CRS003,5,exam,100,61.9,2024-10-31,2024-10-29
ASM010866,STU0617,CRS011,1,quiz,25,24.5,2023-02-13,2023-02-20
ASM010867,STU0617,CRS011,1,assignment,50,49.0,2023-02-12,2023-02-12
ASM010868,STU0617,CRS011,2,quiz,25,10.7,2023-03-04,2023-03-04
ASM010869,STU0617,CRS011,2,assignment,50,29.3,2023-03-06,2023-03-07
ASM010870,STU0617,CRS011,3,quiz,25,15.7,2023-03-12,2023-03-14
ASM010871,STU0617,CRS011,3,assignment,50,21.0,2023-03-09,2023-03-08
ASM010872,STU0617,CRS011,3,project,100,66.4,2023-03-21,2023-03-26
ASM010873,STU0617,CRS011,4,quiz,25,22.0,2023-03-28,2023-03-27
ASM010874,STU0617,CRS011,4,assignment,50,29.2,2023-04-13,2023-04-10
ASM010875,STU0617,CRS011,5,quiz,25,14.0,2023-04-23,2023-04-21
ASM010876,STU0617,CRS011,5,assignment,50,19.7,2023-04-28,2023-05-01
ASM010877,STU0617,CRS011,6,quiz,25,17.3,2023-05-05,2023-05-05
ASM010878,STU0617,CRS011,6,assignment,50,46.4,2023-05-11,2023-05-10
ASM010879,STU0617,CRS011,6,project,100,48.0,2023-05-23,2023-05-22
ASM010880,STU0617,CRS011,7,quiz,25,15.5,2023-06-12,2023-06-19
ASM010881,STU0617,CRS011,7,assignment,50,43.2,2023-05-01,2023-05-01
ASM010882,STU0617,CRS011,8,quiz,25,21.5,2023-06-16,2023-06-15
ASM010883,STU0617,CRS011,8,assignment,50,32.2,2023-05-23,2023-05-22
ASM010884,STU0617,CRS011,9,quiz,25,16.7,2023-07-04,2023-07-01
ASM010885,STU0617,CRS011,9,assignment,50,38.9,2023-07-31,2023-07-31
ASM010886,STU0617,CRS011,9,project,100,68.7,2023-06-07,2023-06-05
ASM010887,STU0617,CRS011,10,quiz,25,17.0,2023-08-11,2023-08-11
ASM010888,STU0617,CRS011,10,assignment,50,22.9,2023-08-21,2023-08-20
ASM010889,STU0617,CRS011,10,exam,100,80.5,2023-08-11,2023-08-11
ASM010890,STU0618,CRS019,1,quiz,25,22.5,2023-08-29,2023-08-30
ASM010891,STU0618,CRS019,1,assignment,50,45.7,2023-08-28,2023-08-27
ASM010892,STU0618,CRS019,2,quiz,25,12.8,2023-09-15,2023-09-22
ASM010893,STU0618,CRS019,2,assignment,50,32.2,2023-09-21,2023-09-21
ASM010894,STU0618,CRS019,3,quiz,25,13.7,2023-10-06,2023-10-04
ASM010895,STU0618,CRS019,3,assignment,50,36.0,2023-10-12,2023-10-13
ASM010896,STU0618,CRS019,3,project,100,48.0,2023-10-06,2023-10-13
ASM010897,STU0618,CRS019,4,quiz,25,9.8,2023-11-02,2023-11-03
ASM010898,STU0618,CRS019,4,assignment,50,46.9,2023-11-02,2023-11-04
ASM010899,STU0618,CRS019,5,quiz,25,14.6,2023-11-03,2023-11-10
ASM010900,STU0618,CRS019,5,assignment,50,32.8,2023-10-19,2023-10-21
ASM010901,STU0618,CRS019,6,quiz,25,10.3,2023-12-02,2023-12-01
ASM010902,STU0618,CRS019,6,assignment,50,25.3,2023-12-02,2023-12-03
ASM010903,STU0618,CRS019,6,project,100,57.6,2023-11-02,2023-11-04
ASM010904,STU0618,CRS019,6,exam,100,45.3,2023-11-08,2023-11-08
ASM010905,STU0619,CRS006,1,quiz,25,22.6,2024-03-20,2024-03-21
ASM010906,STU0619,CRS006,1,assignment,50,32.7,2024-03-24,2024-03-23
ASM010907,STU0619,CRS006,2,quiz,25,15.7,2024-04-06,2024-04-07
ASM010908,STU0619,CRS006,2,assignment,50,49.0,2024-04-04,2024-04-04
ASM010909,STU0619,CRS006,3,quiz,25,23.3,2024-04-14,2024-04-11
ASM010910,STU0619,CRS006,3,assignment,50,45.8,2024-05-02,2024-05-03
ASM010911,STU0619,CRS006,3,project,100,83.7,2024-05-05,2024-05-05
ASM010912,STU0619,CRS006,4,quiz,25,22.5,2024-04-28,2024-04-28
ASM010913,STU0619,CRS006,4,assignment,50,20.0,2024-05-06,2024-05-09
ASM010914,STU0619,CRS006,5,quiz,25,13.0,2024-06-16,2024-06-14
ASM010915,STU0619,CRS006,5,assignment,50,33.7,2024-06-11,2024-06-10
ASM010916,STU0619,CRS006,6,quiz,25,16.1,2024-06-19,2024-06-18
ASM010917,STU0619,CRS006,6,assignment,50,28.8,2024-07-07,2024-07-06
ASM010918,STU0619,CRS006,6,project,100,25.5,2024-06-19,2024-06-18
ASM010919,STU0619,CRS006,7,quiz,25,15.3,2024-06-16,2024-06-16
ASM010920,STU0619,CRS006,7,assignment,50,22.7,2024-06-23,2024-06-28
ASM010921,STU0619,CRS006,8,quiz,25,13.9,2024-07-09,2024-07-11
ASM010922,STU0619,CRS006,8,assignment,50,34.4,2024-08-02,2024-08-02
ASM010923,STU0619,CRS006,9,quiz,25,19.5,2024-07-16,2024-07-16
ASM010924,STU0619,CRS006,9,assignment,50,31.8,2024-07-16,2024-07-16
ASM010925,STU0619,CRS006,9,project,100,62.1,2024-08-12,2024-08-19
ASM010926,STU0619,CRS006,10,quiz,25,21.4,2024-09-09,2024-09-09
ASM010927,STU0619,CRS006,10,assignment,50,13.9,2024-08-30,2024-08-30
ASM010928,STU0619,CRS006,10,exam,100,72.7,2024-08-10,2024-08-17
ASM010929,STU0620,CRS003,1,quiz,25,15.4,2024-07-30,2024-07-31
ASM010930,STU0620,CRS003,1,assignment,50,33.2,2024-07-31,2024-07-31
ASM010931,STU0620,CRS003,2,quiz,25,18.0,2024-08-23,2024-08-20
ASM010932,STU0620,CRS003,2,assignment,50,24.2,2024-08-15,2024-08-14
ASM010933,STU0620,CRS003,3,quiz,25,19.7,2024-08-27,2024-08-28
ASM010934,STU0620,CRS003,3,assignment,50,25.1,2024-08-30,2024-09-02
ASM010935,STU0620,CRS003,3,project,100,49.4,2024-09-02,2024-09-04
ASM010936,STU0620,CRS003,4,quiz,25,8.9,2024-10-04,2024-10-04
ASM010937,STU0620,CRS003,4,assignment,50,26.7,2024-10-04,2024-10-04
ASM010938,STU0620,CRS003,5,quiz,25,22.1,2024-10-19,2024-10-18
ASM010939,STU0620,CRS003,5,assignment,50,23.4,2024-10-04,2024-10-03
ASM010940,STU0620,CRS003,5,exam,100,46.3,2024-10-24,2024-10-31
ASM010941,STU0621,CRS001,1,quiz,25,16.7,2023-02-18,2023-02-17
ASM010942,STU0621,CRS001,1,assignment,50,37.9,2023-02-20,2023-02-25
ASM010943,STU0621,CRS001,2,quiz,25,22.0,2023-03-14,2023-03-14
ASM010944,STU0621,CRS001,2,assignment,50,33.4,2023-03-02,2023-03-01
ASM010945,STU0621,CRS001,3,quiz,25,13.5,2023-03-14,2023-03-21
ASM010946,STU0621,CRS001,3,assignment,50,34.2,2023-03-23,2023-03-23
ASM010947,STU0621,CRS001,3,project,100,66.8,2023-04-04,2023-04-07
ASM010948,STU0621,CRS001,4,quiz,25,6.3,2023-04-21,2023-04-20
ASM010949,STU0621,CRS001,4,assignment,50,35.4,2023-04-17,2023-04-19
ASM010950,STU0621,CRS001,5,quiz,25,17.9,2023-04-16,2023-04-13
ASM010951,STU0621,CRS001,5,assignment,50,27.6,2023-04-11,2023-04-18
ASM010952,STU0621,CRS001,6,quiz,25,19.8,2023-06-06,2023-06-03
ASM010953,STU0621,CRS001,6,assignment,50,24.4,2023-05-07,2023-05-08
ASM010954,STU0621,CRS001,6,project,100,81.5,2023-06-06,2023-06-09
ASM010955,STU0621,CRS001,7,quiz,25,18.3,2023-06-06,2023-06-05
ASM010956,STU0621,CRS001,7,assignment,50,36.7,2023-06-20,2023-06-21
ASM010957,STU0621,CRS001,8,quiz,25,8.7,2023-07-02,2023-07-02
ASM010958,STU0621,CRS001,8,assignment,50,22.0,2023-06-16,2023-06-16
ASM010959,STU0621,CRS001,8,exam,100,55.3,2023-05-23,2023-05-20
ASM010960,STU0622,CRS002,1,quiz,25,13.0,2023-10-02,2023-09-30
ASM010961,STU0622,CRS002,1,assignment,50,33.4,2023-09-28,2023-09-28
ASM010962,STU0622,CRS002,2,quiz,25,10.3,2023-10-25,2023-10-26
ASM010963,STU0622,CRS002,2,assignment,50,23.7,2023-10-21,2023-10-19
ASM010964,STU0622,CRS002,3,quiz,25,13.7,2023-11-06,2023-11-06
ASM010965,STU0622,CRS002,3,assignment,50,42.3,2023-11-03,2023-11-01
ASM010966,STU0622,CRS002,3,project,100,62.4,2023-11-03,2023-11-02
ASM010967,STU0622,CRS002,4,quiz,25,13.0,2023-11-24,2023-11-26
ASM010968,STU0622,CRS002,4,assignment,50,43.7,2023-11-12,2023-11-13
ASM010969,STU0622,CRS002,5,quiz,25,17.9,2023-12-27,2023-12-27
ASM010970,STU0622,CRS002,5,assignment,50,37.5,2023-12-12,2023-12-12
ASM010971,STU0622,CRS002,6,quiz,25,15.5,2023-12-12,2023-12-12
ASM010972,STU0622,CRS002,6,assignment,50,29.2,2023-12-18,2023-12-23
ASM010973,STU0622,CRS002,6,project,100,65.4,2024-01-11,2024-01-13
ASM010974,STU0622,CRS002,6,exam,100,97.9,2023-12-18,2023-12-20
ASM010975,STU0623,CRS010,1,quiz,25,16.4,2024-03-13,2024-03-18
ASM010976,STU0623,CRS010,1,assignment,50,30.0,2024-03-10,2024-03-17
ASM010977,STU0623,CRS010,2,quiz,25,14.1,2024-03-23,2024-03-21
ASM010978,STU0623,CRS010,2,assignment,50,31.7,2024-04-06,2024-04-04
ASM010979,STU0623,CRS010,3,quiz,25,19.5,2024-04-18,2024-04-15
ASM010980,STU0623,CRS010,3,assignment,50,22.2,2024-04-18,2024-04-17
ASM010981,STU0623,CRS010,3,project,100,68.2,2024-04-18,2024-04-18
ASM010982,STU0623,CRS010,4,quiz,25,7.3,2024-04-24,2024-04-26
ASM010983,STU0623,CRS010,4,assignment,50,12.0,2024-05-14,2024-05-14
ASM010984,STU0623,CRS010,5,quiz,25,17.1,2024-05-19,2024-05-16
ASM010985,STU0623,CRS010,5,assignment,50,43.3,2024-05-04,2024-05-04
ASM010986,STU0623,CRS010,6,quiz,25,16.9,2024-05-18,2024-05-18
ASM010987,STU0623,CRS010,6,assignment,50,31.8,2024-05-18,2024-05-18
ASM010988,STU0623,CRS010,6,project,100,76.7,2024-06-11,2024-06-12
ASM010989,STU0623,CRS010,7,quiz,25,24.5,2024-06-01,2024-06-01
ASM010990,STU0623,CRS010,7,assignment,50,36.1,2024-06-08,2024-06-09
ASM010991,STU0623,CRS010,8,quiz,25,23.3,2024-06-15,2024-06-15
ASM010992,STU0623,CRS010,8,assignment,50,30.8,2024-07-25,2024-08-01
ASM010993,STU0623,CRS010,9,quiz,25,15.2,2024-08-22,2024-08-24
ASM010994,STU0623,CRS010,9,assignment,50,31.1,2024-07-17,2024-07-24
ASM010995,STU0623,CRS010,9,project,100,87.9,2024-07-26,2024-08-02
ASM010996,STU0623,CRS010,10,quiz,25,20.3,2024-08-22,2024-08-22
ASM010997,STU0623,CRS010,10,assignment,50,49.0,2024-08-02,2024-08-09
ASM010998,STU0623,CRS010,10,exam,100,83.1,2024-08-22,2024-08-27
ASM010999,STU0624,CRS014,1,quiz,25,16.7,2024-09-01,2024-09-03
ASM011000,STU0624,CRS014,1,assignment,50,27.5,2024-08-26,2024-08-24
ASM011001,STU0624,CRS014,2,quiz,25,19.2,2024-09-18,2024-09-18
ASM011002,STU0624,CRS014,2,assignment,50,25.7,2024-09-12,2024-09-10
ASM011003,STU0624,CRS014,3,quiz,25,19.8,2024-10-04,2024-10-05
ASM011004,STU0624,CRS014,3,assignment,50,18.4,2024-10-04,2024-10-04
ASM011005,STU0624,CRS014,3,project,100,75.2,2024-10-07,2024-10-07
ASM011006,STU0624,CRS014,4,quiz,25,12.6,2024-10-14,2024-10-11
ASM011007,STU0624,CRS014,4,assignment,50,40.7,2024-10-18,2024-10-16
ASM011008,STU0624,CRS014,5,quiz,25,10.1,2024-11-14,2024-11-14
ASM011009,STU0624,CRS014,5,assignment,50,36.2,2024-11-14,2024-11-14
ASM011010,STU0624,CRS014,6,quiz,25,14.9,2024-12-09,2024-12-09
ASM011011,STU0624,CRS014,6,assignment,50,43.6,2024-12-15,2024-12-18
ASM011012,STU0624,CRS014,6,project,100,52.6,2024-11-21,2024-11-18
ASM011013,STU0624,CRS014,6,exam,100,51.5,2024-12-03,2024-12-05
ASM011014,STU0625,CRS003,1,quiz,25,24.5,2023-03-16,2023-03-15
ASM011015,STU0625,CRS003,1,assignment,50,25.9,2023-03-11,2023-03-11
ASM011016,STU0625,CRS003,2,quiz,25,20.7,2023-03-28,2023-03-31
ASM011017,STU0625,CRS003,2,assignment,50,44.2,2023-04-03,2023-04-02
ASM011018,STU0625,CRS003,3,quiz,25,11.3,2023-04-16,2023-04-13
ASM011019,STU0625,CRS003,3,assignment,50,49.0,2023-04-13,2023-04-20
ASM011020,STU0625,CRS003,3,project,100,33.9,2023-04-28,2023-04-28
ASM011021,STU0625,CRS003,4,quiz,25,8.1,2023-04-25,2023-04-30
ASM011022,STU0625,CRS003,4,assignment,50,42.4,2023-05-11,2023-05-13
ASM011023,STU0625,CRS003,5,quiz,25,14.3,2023-05-30,2023-05-30
ASM011024,STU0625,CRS003,5,assignment,50,40.7,2023-05-05,2023-05-06
ASM011025,STU0625,CRS003,5,exam,100,47.3,2023-05-20,2023-05-20
ASM011026,STU0626,CRS020,1,quiz,25,24.5,2023-08-10,2023-08-10
ASM011027,STU0626,CRS020,1,assignment,50,27.9,2023-08-11,2023-08-13
ASM011028,STU0626,CRS020,2,quiz,25,11.7,2023-08-31,2023-08-31
ASM011029,STU0626,CRS020,2,assignment,50,44.8,2023-08-23,2023-08-23
ASM011030,STU0626,CRS020,3,quiz,25,16.8,2023-09-19,2023-09-19
ASM011031,STU0626,CRS020,3,assignment,50,26.3,2023-09-13,2023-09-12
ASM011032,STU0626,CRS020,3,project,100,44.1,2023-09-10,2023-09-17
ASM011033,STU0626,CRS020,4,quiz,25,19.2,2023-10-12,2023-10-13
ASM011034,STU0626,CRS020,4,assignment,50,39.6,2023-09-30,2023-09-28
ASM011035,STU0626,CRS020,4,exam,100,66.7,2023-09-26,2023-09-26
ASM011036,STU0627,CRS010,1,quiz,25,19.7,2024-02-06,2024-02-07
ASM011037,STU0627,CRS010,1,assignment,50,25.8,2024-02-08,2024-02-15
ASM011038,STU0627,CRS010,2,quiz,25,12.4,2024-02-17,2024-02-16
ASM011039,STU0627,CRS010,2,assignment,50,49.0,2024-02-21,2024-02-24
ASM011040,STU0627,CRS010,3,quiz,25,17.2,2024-03-23,2024-03-21
ASM011041,STU0627,CRS010,3,assignment,50,24.6,2024-03-02,2024-03-02
ASM011042,STU0627,CRS010,3,project,100,58.3,2024-03-02,2024-02-29
ASM011043,STU0627,CRS010,4,quiz,25,13.1,2024-04-09,2024-04-10
ASM011044,STU0627,CRS010,4,assignment,50,29.4,2024-03-28,2024-03-30
ASM011045,STU0627,CRS010,5,quiz,25,24.5,2024-04-14,2024-04-13
ASM011046,STU0627,CRS010,5,assignment,50,31.8,2024-04-19,2024-04-20
ASM011047,STU0627,CRS010,6,quiz,25,18.5,2024-04-19,2024-04-16
ASM011048,STU0627,CRS010,6,assignment,50,49.0,2024-04-19,2024-04-21
ASM011049,STU0627,CRS010,6,project,100,64.5,2024-05-19,2024-05-21
ASM011050,STU0627,CRS010,7,quiz,25,4.5,2024-04-27,2024-04-30
ASM011051,STU0627,CRS010,7,assignment,50,39.2,2024-06-08,2024-06-09
ASM011052,STU0627,CRS010,8,quiz,25,15.4,2024-07-06,2024-07-07
ASM011053,STU0627,CRS010,8,assignment,50,31.5,2024-05-27,2024-05-29
ASM011054,STU0627,CRS010,9,quiz,25,14.3,2024-05-25,2024-05-24
ASM011055,STU0627,CRS010,9,assignment,50,32.7,2024-06-21,2024-06-21
ASM011056,STU0627,CRS010,9,project,100,85.2,2024-06-12,2024-06-12
ASM011057,STU0627,CRS010,10,quiz,25,9.5,2024-06-18,2024-06-19
ASM011058,STU0627,CRS010,10,assignment,50,37.1,2024-07-28,2024-07-29
ASM011059,STU0627,CRS010,10,exam,100,64.7,2024-07-08,2024-07-11
ASM011060,STU0628,CRS007,1,quiz,25,12.6,2024-10-01,2024-10-01
ASM011061,STU0628,CRS007,1,assignment,50,37.3,2024-10-02,2024-10-07
ASM011062,STU0628,CRS007,2,quiz,25,18.8,2024-10-23,2024-10-26
ASM011063,STU0628,CRS007,2,assignment,50,33.7,2024-10-27,2024-10-27
ASM011064,STU0628,CRS007,3,quiz,25,11.3,2024-11-08,2024-11-08
ASM011065,STU0628,CRS007,3,assignment,50,45.7,2024-11-11,2024-11-08
ASM011066,STU0628,CRS007,3,project,100,64.2,2024-11-11,2024-11-10
ASM011067,STU0628,CRS007,4,quiz,25,15.5,2024-11-14,2024-11-19
ASM011068,STU0628,CRS007,4,assignment,50,40.1,2024-11-10,2024-11-09
ASM011069,STU0628,CRS007,4,exam,100,69.2,2024-12-04,2024-12-03
ASM011070,STU0629,CRS011,1,quiz,25,24.5,2023-03-02,2023-03-02
ASM011071,STU0629,CRS011,1,assignment,50,35.7,2023-02-27,2023-02-26
ASM011072,STU0629,CRS011,2,quiz,25,8.8,2023-03-17,2023-03-17
ASM011073,STU0629,CRS011,2,assignment,50,20.4,2023-03-15,2023-03-15
ASM011074,STU0629,CRS011,3,quiz,25,16.1,2023-04-13,2023-04-15
ASM011075,STU0629,CRS011,3,assignment,50,12.8,2023-03-23,2023-03-26
ASM011076,STU0629,CRS011,3,project,100,44.5,2023-04-01,2023-04-02
ASM011077,STU0629,CRS011,4,quiz,25,16.6,2023-04-14,2023-04-14
ASM011078,STU0629,CRS011,4,assignment,50,45.4,2023-04-06,2023-04-05
ASM011079,STU0629,CRS011,5,quiz,25,20.3,2023-05-15,2023-05-15
ASM011080,STU0629,CRS011,5,assignment,50,37.1,2023-05-25,2023-05-25
ASM011081,STU0629,CRS011,6,quiz,25,22.7,2023-05-28,2023-05-28
ASM011082,STU0629,CRS011,6,assignment,50,31.5,2023-05-10,2023-05-10
ASM011083,STU0629,CRS011,6,project,100,30.3,2023-06-09,2023-06-08
ASM011084,STU0629,CRS011,7,quiz,25,21.4,2023-06-08,2023-06-11
ASM011085,STU0629,CRS011,7,assignment,50,29.3,2023-06-22,2023-06-23
ASM011086,STU0629,CRS011,8,quiz,25,22.5,2023-06-17,2023-06-18
ASM011087,STU0629,CRS011,8,assignment,50,18.6,2023-06-09,2023-06-07
ASM011088,STU0629,CRS011,9,quiz,25,13.5,2023-07-03,2023-07-02
ASM011089,STU0629,CRS011,9,assignment,50,44.3,2023-07-30,2023-08-06
ASM011090,STU0629,CRS011,9,project,100,73.0,2023-08-17,2023-08-16
ASM011091,STU0629,CRS011,10,quiz,25,20.6,2023-09-07,2023-09-07
ASM011092,STU0629,CRS011,10,assignment,50,42.8,2023-08-28,2023-08-31
ASM011093,STU0629,CRS011,10,exam,100,98.0,2023-08-18,2023-08-17
ASM011094,STU0630,CRS003,1,quiz,25,13.6,2023-08-24,2023-08-25
ASM011095,STU0630,CRS003,1,assignment,50,20.5,2023-08-18,2023-08-19
ASM011096,STU0630,CRS003,2,quiz,25,14.1,2023-09-04,2023-09-01
ASM011097,STU0630,CRS003,2,assignment,50,47.1,2023-09-02,2023-08-30
ASM011098,STU0630,CRS003,3,quiz,25,17.6,2023-09-20,2023-09-20
ASM011099,STU0630,CRS003,3,assignment,50,25.1,2023-10-02,2023-10-03
ASM011100,STU0630,CRS003,3,project,100,54.7,2023-09-29,2023-09-27
ASM011101,STU0630,CRS003,4,quiz,25,14.4,2023-10-26,2023-10-26
ASM011102,STU0630,CRS003,4,assignment,50,38.3,2023-09-28,2023-09-28
ASM011103,STU0630,CRS003,5,quiz,25,10.9,2023-11-11,2023-11-11
ASM011104,STU0630,CRS003,5,assignment,50,20.8,2023-10-12,2023-10-13
ASM011105,STU0630,CRS003,5,exam,100,60.9,2023-10-12,2023-10-09
ASM011106,STU0631,CRS008,1,quiz,25,24.5,2024-02-08,2024-02-13
ASM011107,STU0631,CRS008,1,assignment,50,40.6,2024-02-05,2024-02-04
ASM011108,STU0631,CRS008,2,quiz,25,24.2,2024-02-23,2024-02-26
ASM011109,STU0631,CRS008,2,assignment,50,31.1,2024-02-27,2024-02-27
ASM011110,STU0631,CRS008,3,quiz,25,14.0,2024-03-12,2024-03-14
ASM011111,STU0631,CRS008,3,assignment,50,40.4,2024-03-09,2024-03-12
ASM011112,STU0631,CRS008,3,project,100,59.9,2024-03-21,2024-03-19
ASM011113,STU0631,CRS008,4,quiz,25,14.9,2024-04-11,2024-04-10
ASM011114,STU0631,CRS008,4,assignment,50,37.4,2024-03-26,2024-03-29
ASM011115,STU0631,CRS008,5,quiz,25,20.0,2024-04-17,2024-04-16
ASM011116,STU0631,CRS008,5,assignment,50,29.7,2024-04-27,2024-04-27
ASM011117,STU0631,CRS008,6,quiz,25,13.1,2024-05-23,2024-05-24
ASM011118,STU0631,CRS008,6,assignment,50,32.6,2024-04-23,2024-04-23
ASM011119,STU0631,CRS008,6,project,100,59.4,2024-05-11,2024-05-11
ASM011120,STU0631,CRS008,6,exam,100,65.6,2024-04-17,2024-04-14
ASM011121,STU0632,CRS014,1,quiz,25,16.0,2024-08-12,2024-08-12
ASM011122,STU0632,CRS014,1,assignment,50,42.6,2024-08-12,2024-08-10
ASM011123,STU0632,CRS014,2,quiz,25,24.0,2024-08-23,2024-08-26
ASM011124,STU0632,CRS014,2,assignment,50,35.5,2024-08-21,2024-08-26
ASM011125,STU0632,CRS014,3,quiz,25,15.8,2024-09-02,2024-09-02
ASM011126,STU0632,CRS014,3,assignment,50,41.5,2024-09-20,2024-09-21
ASM011127,STU0632,CRS014,3,project,100,63.5,2024-09-23,2024-09-25
ASM011128,STU0632,CRS014,4,quiz,25,18.8,2024-09-20,2024-09-20
ASM011129,STU0632,CRS014,4,assignment,50,33.6,2024-09-24,2024-09-23
ASM011130,STU0632,CRS014,5,quiz,25,20.7,2024-10-15,2024-10-17
ASM011131,STU0632,CRS014,5,assignment,50,29.0,2024-09-30,2024-09-29
ASM011132,STU0632,CRS014,6,quiz,25,18.7,2024-11-13,2024-11-14
ASM011133,STU0632,CRS014,6,assignment,50,18.7,2024-11-13,2024-11-13
ASM011134,STU0632,CRS014,6,project,100,74.9,2024-11-19,2024-11-19
ASM011135,STU0632,CRS014,6,exam,100,42.2,2024-11-13,2024-11-14
ASM011136,STU0633,CRS020,1,quiz,25,17.2,2023-02-02,2023-02-03
ASM011137,STU0633,CRS020,1,assignment,50,27.6,2023-02-08,2023-02-07
ASM011138,STU0633,CRS020,2,quiz,25,10.2,2023-02-23,2023-02-25
ASM011139,STU0633,CRS020,2,assignment,50,30.3,2023-02-27,2023-02-26
ASM011140,STU0633,CRS020,3,quiz,25,8.9,2023-03-04,2023-03-03
ASM011141,STU0633,CRS020,3,assignment,50,22.6,2023-03-19,2023-03-17
ASM011142,STU0633,CRS020,3,project,100,48.7,2023-03-10,2023-03-11
ASM011143,STU0633,CRS020,4,quiz,25,13.7,2023-03-27,2023-03-25
ASM011144,STU0633,CRS020,4,assignment,50,30.0,2023-04-12,2023-04-12
ASM011145,STU0633,CRS020,4,exam,100,38.3,2023-03-31,2023-03-30
ASM011146,STU0634,CRS006,1,quiz,25,12.6,2023-08-10,2023-08-08
ASM011147,STU0634,CRS006,1,assignment,50,38.8,2023-08-10,2023-08-10
ASM011148,STU0634,CRS006,2,quiz,25,16.1,2023-08-19,2023-08-17
ASM011149,STU0634,CRS006,2,assignment,50,45.1,2023-08-31,2023-08-30
ASM011150,STU0634,CRS006,3,quiz,25,24.4,2023-09-02,2023-09-02
ASM011151,STU0634,CRS006,3,assignment,50,42.6,2023-09-05,2023-09-05
ASM011152,STU0634,CRS006,3,project,100,72.5,2023-09-02,2023-09-05
ASM011153,STU0634,CRS006,4,quiz,25,16.0,2023-09-20,2023-09-18
ASM011154,STU0634,CRS006,4,assignment,50,24.0,2023-09-28,2023-10-01
ASM011155,STU0634,CRS006,5,quiz,25,22.6,2023-11-04,2023-11-05
ASM011156,STU0634,CRS006,5,assignment,50,32.0,2023-10-30,2023-10-30
ASM011157,STU0634,CRS006,6,quiz,25,14.4,2023-10-26,2023-10-26
ASM011158,STU0634,CRS006,6,assignment,50,28.6,2023-11-13,2023-11-13
ASM011159,STU0634,CRS006,6,project,100,58.7,2023-11-19,2023-11-19
ASM011160,STU0634,CRS006,7,quiz,25,16.6,2023-12-02,2023-12-01
ASM011161,STU0634,CRS006,7,assignment,50,46.3,2023-10-28,2023-10-28
ASM011162,STU0634,CRS006,8,quiz,25,15.6,2023-12-29,2023-12-30
ASM011163,STU0634,CRS006,8,assignment,50,30.9,2023-11-19,2023-11-19
ASM011164,STU0634,CRS006,9,quiz,25,13.5,2024-01-27,2024-01-24
ASM011165,STU0634,CRS006,9,assignment,50,35.4,2023-12-13,2023-12-13
ASM011166,STU0634,CRS006,9,project,100,92.2,2023-12-04,2023-12-03
ASM011167,STU0634,CRS006,10,quiz,25,11.7,2023-12-29,2023-12-29
ASM011168,STU0634,CRS006,10,assignment,50,28.1,2024-01-18,2024-01-18
ASM011169,STU0634,CRS006,10,exam,100,44.3,2023-12-29,2023-12-27
ASM011170,STU0635,CRS005,1,quiz,25,18.5,2024-03-17,2024-03-15
ASM011171,STU0635,CRS005,1,assignment,50,27.3,2024-03-20,2024-03-20
ASM011172,STU0635,CRS005,2,quiz,25,9.3,2024-03-29,2024-03-29
ASM011173,STU0635,CRS005,2,assignment,50,30.5,2024-03-31,2024-04-01
ASM011174,STU0635,CRS005,3,quiz,25,15.0,2024-04-25,2024-04-27
ASM011175,STU0635,CRS005,3,assignment,50,22.7,2024-04-13,2024-04-13
ASM011176,STU0635,CRS005,3,project,100,31.0,2024-04-25,2024-04-25
ASM011177,STU0635,CRS005,4,quiz,25,14.7,2024-05-02,2024-05-01
ASM011178,STU0635,CRS005,4,assignment,50,24.5,2024-05-02,2024-05-03
ASM011179,STU0635,CRS005,5,quiz,25,11.8,2024-06-02,2024-06-02
ASM011180,STU0635,CRS005,5,assignment,50,16.7,2024-06-07,2024-06-06
ASM011181,STU0635,CRS005,6,quiz,25,7.6,2024-06-03,2024-06-05
ASM011182,STU0635,CRS005,6,assignment,50,27.2,2024-06-03,2024-06-04
ASM011183,STU0635,CRS005,6,project,100,58.8,2024-06-09,2024-06-11
ASM011184,STU0635,CRS005,7,quiz,25,18.2,2024-07-24,2024-07-24
ASM011185,STU0635,CRS005,7,assignment,50,31.6,2024-07-24,2024-07-22
ASM011186,STU0635,CRS005,8,quiz,25,13.3,2024-08-06,2024-08-06
ASM011187,STU0635,CRS005,8,assignment,50,23.5,2024-07-05,2024-07-05
ASM011188,STU0635,CRS005,8,exam,100,34.9,2024-08-14,2024-08-13
ASM011189,STU0636,CRS016,1,quiz,25,14.1,2024-10-01,2024-10-02
ASM011190,STU0636,CRS016,1,assignment,50,41.4,2024-09-29,2024-10-02
ASM011191,STU0636,CRS016,2,quiz,25,24.5,2024-10-17,2024-10-15
ASM011192,STU0636,CRS016,2,assignment,50,33.9,2024-10-21,2024-10-22
ASM011193,STU0636,CRS016,3,quiz,25,21.6,2024-10-25,2024-10-25
ASM011194,STU0636,CRS016,3,assignment,50,35.9,2024-11-09,2024-11-09
ASM011195,STU0636,CRS016,3,project,100,93.0,2024-11-06,2024-11-08
ASM011196,STU0636,CRS016,4,quiz,25,13.6,2024-11-28,2024-11-28
ASM011197,STU0636,CRS016,4,assignment,50,33.0,2024-11-08,2024-11-08
ASM011198,STU0636,CRS016,5,quiz,25,16.3,2024-12-22,2024-12-22
ASM011199,STU0636,CRS016,5,assignment,50,31.8,2024-12-27,2024-12-29
ASM011200,STU0636,CRS016,5,exam,100,86.1,2024-11-27,2024-11-27
ASM011201,STU0637,CRS017,1,quiz,25,17.0,2023-03-27,2023-03-27
ASM011202,STU0637,CRS017,1,assignment,50,21.3,2023-03-26,2023-03-26
ASM011203,STU0637,CRS017,2,quiz,25,14.1,2023-04-15,2023-04-17
ASM011204,STU0637,CRS017,2,assignment,50,47.1,2023-04-09,2023-04-14
ASM011205,STU0637,CRS017,3,quiz,25,12.8,2023-04-26,2023-04-26
ASM011206,STU0637,CRS017,3,assignment,50,35.0,2023-05-05,2023-05-12
ASM011207,STU0637,CRS017,3,project,100,33.4,2023-04-26,2023-05-03
ASM011208,STU0637,CRS017,4,quiz,25,12.1,2023-05-09,2023-05-11
ASM011209,STU0637,CRS017,4,assignment,50,34.6,2023-05-25,2023-05-30
ASM011210,STU0637,CRS017,5,quiz,25,18.2,2023-05-20,2023-05-20
ASM011211,STU0637,CRS017,5,assignment,50,29.7,2023-05-25,2023-05-24
ASM011212,STU0637,CRS017,6,quiz,25,21.8,2023-07-10,2023-07-09
ASM011213,STU0637,CRS017,6,assignment,50,36.8,2023-06-28,2023-06-26
ASM011214,STU0637,CRS017,6,project,100,63.0,2023-06-22,2023-06-19
ASM011215,STU0637,CRS017,6,exam,100,77.7,2023-05-29,2023-05-28
ASM011216,STU0638,CRS006,1,quiz,25,19.7,2023-08-28,2023-08-31
ASM011217,STU0638,CRS006,1,assignment,50,40.0,2023-08-27,2023-08-26
ASM011218,STU0638,CRS006,2,quiz,25,18.2,2023-09-18,2023-09-18
ASM011219,STU0638,CRS006,2,assignment,50,19.0,2023-09-16,2023-09-16
ASM011220,STU0638,CRS006,3,quiz,25,13.0,2023-10-03,2023-10-03
ASM011221,STU0638,CRS006,3,assignment,50,25.2,2023-09-21,2023-09-21
ASM011222,STU0638,CRS006,3,project,100,98.0,2023-09-27,2023-09-27
ASM011223,STU0638,CRS006,4,quiz,25,11.1,2023-10-22,2023-10-21
ASM011224,STU0638,CRS006,4,assignment,50,36.5,2023-10-22,2023-10-22
ASM011225,STU0638,CRS006,5,quiz,25,10.6,2023-11-05,2023-11-05
ASM011226,STU0638,CRS006,5,assignment,50,24.8,2023-11-10,2023-11-10
ASM011227,STU0638,CRS006,6,quiz,25,12.5,2023-11-17,2023-11-15
ASM011228,STU0638,CRS006,6,assignment,50,24.3,2023-11-23,2023-11-22
ASM011229,STU0638,CRS006,6,project,100,33.1,2023-12-05,2023-12-03
ASM011230,STU0638,CRS006,7,quiz,25,19.7,2023-12-18,2023-12-17
ASM011231,STU0638,CRS006,7,assignment,50,25.3,2024-01-01,2023-12-31
ASM011232,STU0638,CRS006,8,quiz,25,16.8,2024-01-22,2024-01-23
ASM011233,STU0638,CRS006,8,assignment,50,21.7,2023-12-05,2023-12-03
ASM011234,STU0638,CRS006,9,quiz,25,16.0,2024-02-12,2024-02-12
ASM011235,STU0638,CRS006,9,assignment,50,35.7,2023-12-20,2023-12-22
ASM011236,STU0638,CRS006,9,project,100,61.3,2024-02-12,2024-02-12
ASM011237,STU0638,CRS006,10,quiz,25,12.0,2024-03-04,2024-03-04
ASM011238,STU0638,CRS006,10,assignment,50,17.2,2024-01-24,2024-01-22
ASM011239,STU0638,CRS006,10,exam,100,95.3,2024-01-14,2024-01-16
ASM011240,STU0639,CRS009,1,quiz,25,18.2,2024-03-15,2024-03-15
ASM011241,STU0639,CRS009,1,assignment,50,29.9,2024-03-15,2024-03-15
ASM011242,STU0639,CRS009,2,quiz,25,18.0,2024-04-04,2024-04-04
ASM011243,STU0639,CRS009,2,assignment,50,27.4,2024-04-08,2024-04-07
ASM011244,STU0639,CRS009,3,quiz,25,21.5,2024-04-21,2024-04-20
ASM011245,STU0639,CRS009,3,assignment,50,41.8,2024-04-18,2024-04-17
ASM011246,STU0639,CRS009,3,project,100,83.7,2024-05-03,2024-05-01
ASM011247,STU0639,CRS009,4,quiz,25,17.3,2024-05-04,2024-05-03
ASM011248,STU0639,CRS009,4,assignment,50,49.0,2024-04-26,2024-04-28
ASM011249,STU0639,CRS009,5,quiz,25,19.0,2024-06-09,2024-06-09
ASM011250,STU0639,CRS009,5,assignment,50,49.0,2024-05-25,2024-05-28
ASM011251,STU0639,CRS009,6,quiz,25,6.0,2024-06-23,2024-06-24
ASM011252,STU0639,CRS009,6,assignment,50,36.1,2024-05-24,2024-05-24
ASM011253,STU0639,CRS009,6,project,100,63.9,2024-06-05,2024-06-05
ASM011254,STU0639,CRS009,7,quiz,25,14.0,2024-07-19,2024-07-24
ASM011255,STU0639,CRS009,7,assignment,50,33.2,2024-07-26,2024-07-26
ASM011256,STU0639,CRS009,8,quiz,25,12.3,2024-08-16,2024-08-16
ASM011257,STU0639,CRS009,8,assignment,50,38.4,2024-07-07,2024-07-09
ASM011258,STU0639,CRS009,9,quiz,25,3.6,2024-09-06,2024-09-09
ASM011259,STU0639,CRS009,9,assignment,50,23.9,2024-08-28,2024-08-27
ASM011260,STU0639,CRS009,9,project,100,54.4,2024-08-01,2024-08-01
ASM011261,STU0639,CRS009,10,quiz,25,18.9,2024-08-18,2024-08-21
ASM011262,STU0639,CRS009,10,assignment,50,24.8,2024-09-27,2024-09-28
ASM011263,STU0639,CRS009,11,quiz,25,14.4,2024-10-18,2024-10-18
ASM011264,STU0639,CRS009,11,assignment,50,39.7,2024-08-02,2024-08-04
ASM011265,STU0639,CRS009,12,quiz,25,12.3,2024-08-16,2024-08-17
ASM011266,STU0639,CRS009,12,assignment,50,49.0,2024-08-16,2024-08-16
ASM011267,STU0639,CRS009,12,project,100,78.6,2024-09-09,2024-09-10
ASM011268,STU0639,CRS009,12,exam,100,85.6,2024-08-16,2024-08-17
ASM011269,STU0640,CRS001,1,quiz,25,10.9,2024-08-19,2024-08-24
ASM011270,STU0640,CRS001,1,assignment,50,23.3,2024-08-21,2024-08-21
ASM011271,STU0640,CRS001,2,quiz,25,18.3,2024-09-06,2024-09-06
ASM011272,STU0640,CRS001,2,assignment,50,38.7,2024-09-08,2024-09-05
ASM011273,STU0640,CRS001,3,quiz,25,15.9,2024-09-28,2024-09-29
ASM011274,STU0640,CRS001,3,assignment,50,23.1,2024-09-19,2024-09-17
ASM011275,STU0640,CRS001,3,project,100,35.2,2024-10-07,2024-10-07
ASM011276,STU0640,CRS001,4,quiz,25,11.9,2024-10-28,2024-10-27
ASM011277,STU0640,CRS001,4,assignment,50,30.0,2024-10-20,2024-10-20
ASM011278,STU0640,CRS001,5,quiz,25,10.4,2024-11-18,2024-11-19
ASM011279,STU0640,CRS001,5,assignment,50,28.8,2024-11-03,2024-10-31
ASM011280,STU0640,CRS001,6,quiz,25,19.7,2024-11-15,2024-11-16
ASM011281,STU0640,CRS001,6,assignment,50,32.1,2024-10-28,2024-10-28
ASM011282,STU0640,CRS001,6,project,100,48.7,2024-12-09,2024-12-07
ASM011283,STU0640,CRS001,7,quiz,25,17.4,2024-12-02,2024-12-05
ASM011284,STU0640,CRS001,7,assignment,50,31.7,2024-12-30,2024-12-31
ASM011285,STU0640,CRS001,7,exam,100,75.3,2024-11-11,2024-11-11
ASM011286,STU0641,CRS017,1,quiz,25,7.8,2023-02-08,2023-02-09
ASM011287,STU0641,CRS017,1,assignment,50,34.6,2023-02-09,2023-02-08
ASM011288,STU0641,CRS017,2,quiz,25,10.8,2023-02-26,2023-02-26
ASM011289,STU0641,CRS017,2,assignment,50,35.8,2023-02-22,2023-02-22
ASM011290,STU0641,CRS017,3,quiz,25,8.0,2023-03-08,2023-03-08
ASM011291,STU0641,CRS017,3,assignment,50,17.5,2023-03-17,2023-03-16
ASM011292,STU0641,CRS017,3,project,100,51.1,2023-03-08,2023-03-06
ASM011293,STU0641,CRS017,4,quiz,25,16.6,2023-03-24,2023-03-24
ASM011294,STU0641,CRS017,4,assignment,50,36.6,2023-03-28,2023-03-25
ASM011295,STU0641,CRS017,5,quiz,25,8.5,2023-04-29,2023-04-30
ASM011296,STU0641,CRS017,5,assignment,50,25.7,2023-04-24,2023-04-24
ASM011297,STU0641,CRS017,6,quiz,25,15.6,2023-04-13,2023-04-13
ASM011298,STU0641,CRS017,6,assignment,50,49.0,2023-05-01,2023-05-08
ASM011299,STU0641,CRS017,6,project,100,68.4,2023-05-19,2023-05-21
ASM011300,STU0641,CRS017,6,exam,100,23.8,2023-05-19,2023-05-19
ASM011301,STU0642,CRS019,1,quiz,25,10.3,2023-09-10,2023-09-10
ASM011302,STU0642,CRS019,1,assignment,50,38.5,2023-09-07,2023-09-12
ASM011303,STU0642,CRS019,2,quiz,25,20.4,2023-10-05,2023-10-05
ASM011304,STU0642,CRS019,2,assignment,50,32.3,2023-10-01,2023-10-01
ASM011305,STU0642,CRS019,3,quiz,25,16.3,2023-10-14,2023-10-15
ASM011306,STU0642,CRS019,3,assignment,50,24.5,2023-10-08,2023-10-10
ASM011307,STU0642,CRS019,3,project,100,66.2,2023-10-20,2023-10-25
ASM011308,STU0642,CRS019,4,quiz,25,9.6,2023-11-16,2023-11-16
ASM011309,STU0642,CRS019,4,assignment,50,35.0,2023-10-27,2023-10-27
ASM011310,STU0642,CRS019,5,quiz,25,16.3,2023-11-27,2023-11-28
ASM011311,STU0642,CRS019,5,assignment,50,24.8,2023-11-07,2023-11-04
ASM011312,STU0642,CRS019,6,quiz,25,15.3,2023-12-16,2023-12-16
ASM011313,STU0642,CRS019,6,assignment,50,25.1,2023-11-28,2023-11-27
ASM011314,STU0642,CRS019,6,project,100,66.5,2023-12-16,2023-12-18
ASM011315,STU0642,CRS019,6,exam,100,79.7,2023-11-28,2023-11-25
ASM011316,STU0643,CRS015,1,quiz,25,16.7,2024-03-02,2024-02-28
ASM011317,STU0643,CRS015,1,assignment,50,41.9,2024-03-05,2024-03-03
ASM011318,STU0643,CRS015,2,quiz,25,18.1,2024-03-23,2024-03-23
ASM011319,STU0643,CRS015,2,assignment,50,45.9,2024-03-17,2024-03-17
ASM011320,STU0643,CRS015,3,quiz,25,16.8,2024-04-16,2024-04-18
ASM011321,STU0643,CRS015,3,assignment,50,24.1,2024-04-01,2024-03-30
ASM011322,STU0643,CRS015,3,project,100,45.9,2024-04-16,2024-04-14
ASM011323,STU0643,CRS015,4,quiz,25,15.2,2024-04-28,2024-04-25
ASM011324,STU0643,CRS015,4,assignment,50,45.6,2024-05-02,2024-04-29
ASM011325,STU0643,CRS015,5,quiz,25,14.1,2024-04-26,2024-04-29
ASM011326,STU0643,CRS015,5,assignment,50,43.1,2024-04-26,2024-05-01
ASM011327,STU0643,CRS015,6,quiz,25,11.7,2024-05-22,2024-05-20
ASM011328,STU0643,CRS015,6,assignment,50,33.8,2024-05-10,2024-05-15
ASM011329,STU0643,CRS015,6,project,100,71.2,2024-06-15,2024-06-15
ASM011330,STU0643,CRS015,7,quiz,25,10.2,2024-06-28,2024-06-28
ASM011331,STU0643,CRS015,7,assignment,50,40.3,2024-06-28,2024-06-29
ASM011332,STU0643,CRS015,8,quiz,25,11.0,2024-06-07,2024-06-12
ASM011333,STU0643,CRS015,8,assignment,50,23.4,2024-07-01,2024-07-03
ASM011334,STU0643,CRS015,9,quiz,25,19.8,2024-08-14,2024-08-13
ASM011335,STU0643,CRS015,9,assignment,50,29.8,2024-07-09,2024-07-12
ASM011336,STU0643,CRS015,9,project,100,80.0,2024-06-30,2024-06-30
ASM011337,STU0643,CRS015,10,quiz,25,23.3,2024-08-04,2024-08-03
ASM011338,STU0643,CRS015,10,assignment,50,38.5,2024-08-14,2024-08-17
ASM011339,STU0643,CRS015,10,exam,100,43.0,2024-07-25,2024-07-24
ASM011340,STU0644,CRS016,1,quiz,25,9.0,2024-09-27,2024-09-27
ASM011341,STU0644,CRS016,1,assignment,50,35.0,2024-09-24,2024-09-25
ASM011342,STU0644,CRS016,2,quiz,25,16.5,2024-10-05,2024-10-04
ASM011343,STU0644,CRS016,2,assignment,50,43.3,2024-10-11,2024-10-11
ASM011344,STU0644,CRS016,3,quiz,25,14.4,2024-10-31,2024-11-01
ASM011345,STU0644,CRS016,3,assignment,50,36.5,2024-11-06,2024-11-06
ASM011346,STU0644,CRS016,3,project,100,78.5,2024-10-31,2024-10-28
ASM011347,STU0644,CRS016,4,quiz,25,10.9,2024-11-26,2024-11-24
ASM011348,STU0644,CRS016,4,assignment,50,36.9,2024-11-30,2024-11-29
ASM011349,STU0644,CRS016,5,quiz,25,21.3,2024-12-21,2024-12-23
ASM011350,STU0644,CRS016,5,assignment,50,29.4,2024-11-21,2024-11-24
ASM011351,STU0644,CRS016,6,quiz,25,18.0,2025-01-05,2025-01-12
ASM011352,STU0644,CRS016,6,assignment,50,30.3,2024-11-30,2024-11-29
ASM011353,STU0644,CRS016,6,project,100,73.8,2024-12-24,2024-12-24
ASM011354,STU0644,CRS016,6,exam,100,72.2,2024-12-06,2024-12-06
ASM011355,STU0645,CRS012,1,quiz,25,11.5,2023-02-09,2023-02-09
ASM011356,STU0645,CRS012,1,assignment,50,49.0,2023-02-14,2023-02-21
ASM011357,STU0645,CRS012,2,quiz,25,23.1,2023-03-04,2023-03-04
ASM011358,STU0645,CRS012,2,assignment,50,44.2,2023-02-28,2023-02-28
ASM011359,STU0645,CRS012,3,quiz,25,12.1,2023-03-14,2023-03-14
ASM011360,STU0645,CRS012,3,assignment,50,27.0,2023-03-14,2023-03-16
ASM011361,STU0645,CRS012,3,project,100,87.4,2023-03-14,2023-03-16
ASM011362,STU0645,CRS012,4,quiz,25,14.2,2023-04-19,2023-04-21
ASM011363,STU0645,CRS012,4,assignment,50,25.0,2023-04-07,2023-04-07
ASM011364,STU0645,CRS012,5,quiz,25,20.6,2023-05-10,2023-05-08
ASM011365,STU0645,CRS012,5,assignment,50,39.4,2023-04-20,2023-04-21
ASM011366,STU0645,CRS012,6,quiz,25,18.4,2023-05-31,2023-05-29
ASM011367,STU0645,CRS012,6,assignment,50,31.0,2023-05-25,2023-05-22
ASM011368,STU0645,CRS012,6,project,100,82.4,2023-04-25,2023-04-24
ASM011369,STU0645,CRS012,7,quiz,25,19.5,2023-05-31,2023-05-31
ASM011370,STU0645,CRS012,7,assignment,50,27.6,2023-05-31,2023-05-30
ASM011371,STU0645,CRS012,8,quiz,25,12.9,2023-05-25,2023-05-25
ASM011372,STU0645,CRS012,8,assignment,50,35.6,2023-06-26,2023-06-27
ASM011373,STU0645,CRS012,8,exam,100,72.6,2023-06-02,2023-06-02
ASM011374,STU0646,CRS004,1,quiz,25,9.1,2023-09-28,2023-09-29
ASM011375,STU0646,CRS004,1,assignment,50,23.3,2023-09-29,2023-09-28
ASM011376,STU0646,CRS004,2,quiz,25,9.0,2023-10-10,2023-10-12
ASM011377,STU0646,CRS004,2,assignment,50,32.2,2023-10-22,2023-10-22
ASM011378,STU0646,CRS004,3,quiz,25,21.6,2023-11-09,2023-11-07
ASM011379,STU0646,CRS004,3,assignment,50,36.0,2023-10-31,2023-11-02
ASM011380,STU0646,CRS004,3,project,100,46.8,2023-11-09,2023-11-14
ASM011381,STU0646,CRS004,4,quiz,25,18.6,2023-11-13,2023-11-13
ASM011382,STU0646,CRS004,4,assignment,50,41.6,2023-11-29,2023-11-26
ASM011383,STU0646,CRS004,5,quiz,25,14.5,2023-12-24,2023-12-23
ASM011384,STU0646,CRS004,5,assignment,50,25.6,2023-12-09,2023-12-11
ASM011385,STU0646,CRS004,6,quiz,25,19.6,2023-12-27,2023-12-24
ASM011386,STU0646,CRS004,6,assignment,50,44.6,2023-12-21,2023-12-21
ASM011387,STU0646,CRS004,6,project,100,54.3,2023-12-27,2023-12-26
ASM011388,STU0646,CRS004,6,exam,100,79.2,2023-12-21,2023-12-19
ASM011389,STU0647,CRS004,1,quiz,25,17.7,2024-02-18,2024-02-19
ASM011390,STU0647,CRS004,1,assignment,50,27.1,2024-02-16,2024-02-21
ASM011391,STU0647,CRS004,2,quiz,25,19.5,2024-03-07,2024-03-07
ASM011392,STU0647,CRS004,2,assignment,50,22.6,2024-03-07,2024-03-06
ASM011393,STU0647,CRS004,3,quiz,25,10.9,2024-03-17,2024-03-20
ASM011394,STU0647,CRS004,3,assignment,50,21.3,2024-04-01,2024-04-01
ASM011395,STU0647,CRS004,3,project,100,40.2,2024-03-26,2024-03-26
ASM011396,STU0647,CRS004,4,quiz,25,14.6,2024-04-10,2024-04-11
ASM011397,STU0647,CRS004,4,assignment,50,23.1,2024-04-02,2024-04-03
ASM011398,STU0647,CRS004,5,quiz,25,18.2,2024-04-18,2024-04-18
ASM011399,STU0647,CRS004,5,assignment,50,30.5,2024-04-23,2024-04-23
ASM011400,STU0647,CRS004,6,quiz,25,13.6,2024-05-10,2024-05-10
ASM011401,STU0647,CRS004,6,assignment,50,32.6,2024-04-28,2024-04-29
ASM011402,STU0647,CRS004,6,project,100,83.4,2024-05-04,2024-05-04
ASM011403,STU0647,CRS004,6,exam,100,48.4,2024-05-10,2024-05-09
ASM011404,STU0648,CRS001,1,quiz,25,18.9,2024-08-06,2024-08-06
ASM011405,STU0648,CRS001,1,assignment,50,27.0,2024-08-06,2024-08-09
ASM011406,STU0648,CRS001,2,quiz,25,20.8,2024-08-16,2024-08-16
ASM011407,STU0648,CRS001,2,assignment,50,23.0,2024-08-22,2024-08-24
ASM011408,STU0648,CRS001,3,quiz,25,15.1,2024-09-18,2024-09-20
ASM011409,STU0648,CRS001,3,assignment,50,29.5,2024-09-03,2024-09-10
ASM011410,STU0648,CRS001,3,project,100,88.8,2024-09-06,2024-09-08
ASM011411,STU0648,CRS001,4,quiz,25,10.9,2024-09-23,2024-09-23
ASM011412,STU0648,CRS001,4,assignment,50,47.9,2024-09-19,2024-09-26
ASM011413,STU0648,CRS001,5,quiz,25,15.7,2024-10-25,2024-10-25
ASM011414,STU0648,CRS001,5,assignment,50,49.0,2024-09-25,2024-09-30
ASM011415,STU0648,CRS001,6,quiz,25,10.6,2024-11-08,2024-11-07
ASM011416,STU0648,CRS001,6,assignment,50,17.0,2024-10-27,2024-10-29
ASM011417,STU0648,CRS001,6,project,100,34.1,2024-10-09,2024-10-08
ASM011418,STU0648,CRS001,7,quiz,25,22.1,2024-11-13,2024-11-16
ASM011419,STU0648,CRS001,7,assignment,50,39.2,2024-12-11,2024-12-11
ASM011420,STU0648,CRS001,7,exam,100,66.2,2024-10-23,2024-10-28
ASM011421,STU0649,CRS002,1,quiz,25,19.4,2023-03-03,2023-03-02
ASM011422,STU0649,CRS002,1,assignment,50,37.2,2023-03-01,2023-03-01
ASM011423,STU0649,CRS002,2,quiz,25,14.7,2023-03-16,2023-03-16
ASM011424,STU0649,CRS002,2,assignment,50,48.8,2023-03-18,2023-03-17
ASM011425,STU0649,CRS002,3,quiz,25,22.4,2023-04-03,2023-04-03
ASM011426,STU0649,CRS002,3,assignment,50,19.1,2023-04-06,2023-04-06
ASM011427,STU0649,CRS002,3,project,100,80.1,2023-04-12,2023-04-19
ASM011428,STU0649,CRS002,4,quiz,25,18.1,2023-04-23,2023-04-23
ASM011429,STU0649,CRS002,4,assignment,50,32.9,2023-04-15,2023-04-15
ASM011430,STU0649,CRS002,5,quiz,25,24.4,2023-05-20,2023-05-20
ASM011431,STU0649,CRS002,5,assignment,50,25.7,2023-04-30,2023-04-27
ASM011432,STU0649,CRS002,6,quiz,25,19.5,2023-06-14,2023-06-16
ASM011433,STU0649,CRS002,6,assignment,50,28.0,2023-05-27,2023-05-28
ASM011434,STU0649,CRS002,6,project,100,76.9,2023-05-09,2023-05-16
ASM011435,STU0649,CRS002,6,exam,100,46.2,2023-06-14,2023-06-19
ASM011436,STU0650,CRS005,1,quiz,25,9.5,2023-08-13,2023-08-16
ASM011437,STU0650,CRS005,1,assignment,50,28.5,2023-08-16,2023-08-16
ASM011438,STU0650,CRS005,2,quiz,25,14.7,2023-09-02,2023-08-31
ASM011439,STU0650,CRS005,2,assignment,50,49.0,2023-08-27,2023-08-30
ASM011440,STU0650,CRS005,3,quiz,25,9.1,2023-09-09,2023-09-14
ASM011441,STU0650,CRS005,3,assignment,50,37.0,2023-09-15,2023-09-15
ASM011442,STU0650,CRS005,3,project,100,62.4,2023-09-06,2023-09-06
ASM011443,STU0650,CRS005,4,quiz,25,22.0,2023-09-20,2023-09-18
ASM011444,STU0650,CRS005,4,assignment,50,19.6,2023-10-18,2023-10-23
ASM011445,STU0650,CRS005,5,quiz,25,13.9,2023-10-04,2023-10-04
ASM011446,STU0650,CRS005,5,assignment,50,14.4,2023-10-09,2023-10-06
ASM011447,STU0650,CRS005,6,quiz,25,20.8,2023-11-29,2023-11-30
ASM011448,STU0650,CRS005,6,assignment,50,49.0,2023-11-23,2023-11-23
ASM011449,STU0650,CRS005,6,project,100,46.7,2023-11-17,2023-11-14
ASM011450,STU0650,CRS005,7,quiz,25,15.3,2023-11-08,2023-11-10
ASM011451,STU0650,CRS005,7,assignment,50,49.0,2023-11-15,2023-11-13
ASM011452,STU0650,CRS005,8,quiz,25,19.2,2024-01-10,2024-01-17
ASM011453,STU0650,CRS005,8,assignment,50,36.2,2023-11-15,2023-11-15
ASM011454,STU0650,CRS005,8,exam,100,63.8,2023-12-17,2023-12-19
ASM011455,STU0651,CRS014,1,quiz,25,24.5,2024-02-12,2024-02-11
ASM011456,STU0651,CRS014,1,assignment,50,33.7,2024-02-14,2024-02-11
ASM011457,STU0651,CRS014,2,quiz,25,17.9,2024-02-26,2024-02-26
ASM011458,STU0651,CRS014,2,assignment,50,19.6,2024-03-01,2024-03-01
ASM011459,STU0651,CRS014,3,quiz,25,7.5,2024-03-11,2024-03-11
ASM011460,STU0651,CRS014,3,assignment,50,13.2,2024-03-23,2024-03-23
ASM011461,STU0651,CRS014,3,project,100,44.2,2024-03-26,2024-03-29
ASM011462,STU0651,CRS014,4,quiz,25,18.0,2024-04-02,2024-03-31
ASM011463,STU0651,CRS014,4,assignment,50,14.0,2024-04-02,2024-04-02
ASM011464,STU0651,CRS014,5,quiz,25,14.3,2024-04-18,2024-04-17
ASM011465,STU0651,CRS014,5,assignment,50,20.5,2024-04-23,2024-04-22
ASM011466,STU0651,CRS014,6,quiz,25,13.2,2024-05-04,2024-05-11
ASM011467,STU0651,CRS014,6,assignment,50,41.7,2024-05-22,2024-05-21
ASM011468,STU0651,CRS014,6,project,100,80.6,2024-05-10,2024-05-10
ASM011469,STU0651,CRS014,6,exam,100,76.1,2024-05-16,2024-05-16
ASM011470,STU0652,CRS014,1,quiz,25,13.7,2024-09-26,2024-09-26
ASM011471,STU0652,CRS014,1,assignment,50,27.9,2024-10-01,2024-10-03
ASM011472,STU0652,CRS014,2,quiz,25,19.0,2024-10-09,2024-10-07
ASM011473,STU0652,CRS014,2,assignment,50,31.3,2024-10-13,2024-10-14
ASM011474,STU0652,CRS014,3,quiz,25,21.0,2024-11-10,2024-11-10
ASM011475,STU0652,CRS014,3,assignment,50,17.8,2024-11-01,2024-11-01
ASM011476,STU0652,CRS014,3,project,100,98.0,2024-11-07,2024-11-08
ASM011477,STU0652,CRS014,4,quiz,25,14.5,2024-11-22,2024-11-24
ASM011478,STU0652,CRS014,4,assignment,50,38.3,2024-12-04,2024-12-04
ASM011479,STU0652,CRS014,5,quiz,25,11.2,2024-11-20,2024-11-23
ASM011480,STU0652,CRS014,5,assignment,50,32.5,2024-11-20,2024-11-21
ASM011481,STU0652,CRS014,6,quiz,25,22.2,2024-12-04,2024-12-05
ASM011482,STU0652,CRS014,6,assignment,50,43.1,2024-12-10,2024-12-11
ASM011483,STU0652,CRS014,6,project,100,70.5,2024-12-10,2024-12-12
ASM011484,STU0652,CRS014,6,exam,100,10.0,2024-12-04,2024-12-03
ASM011485,STU0653,CRS009,1,quiz,25,17.8,2023-03-25,2023-03-24
ASM011486,STU0653,CRS009,1,assignment,50,24.3,2023-03-28,2023-03-28
ASM011487,STU0653,CRS009,2,quiz,25,20.0,2023-04-13,2023-04-10
ASM011488,STU0653,CRS009,2,assignment,50,34.8,2023-04-05,2023-04-03
ASM011489,STU0653,CRS009,3,quiz,25,19.7,2023-04-28,2023-05-05
ASM011490,STU0653,CRS009,3,assignment,50,28.6,2023-04-19,2023-04-21
ASM011491,STU0653,CRS009,3,project,100,87.1,2023-05-07,2023-05-06
ASM011492,STU0653,CRS009,4,quiz,25,24.5,2023-05-03,2023-05-04
ASM011493,STU0653,CRS009,4,assignment,50,27.0,2023-05-15,2023-05-13
ASM011494,STU0653,CRS009,5,quiz,25,18.6,2023-06-16,2023-06-16
ASM011495,STU0653,CRS009,5,assignment,50,27.1,2023-06-01,2023-05-31
ASM011496,STU0653,CRS009,6,quiz,25,18.8,2023-06-12,2023-06-11
ASM011497,STU0653,CRS009,6,assignment,50,40.9,2023-05-31,2023-05-29
ASM011498,STU0653,CRS009,6,project,100,75.1,2023-06-24,2023-06-24
ASM011499,STU0653,CRS009,7,quiz,25,16.7,2023-07-12,2023-07-09
ASM011500,STU0653,CRS009,7,assignment,50,20.3,2023-07-19,2023-07-16
ASM011501,STU0653,CRS009,8,quiz,25,16.1,2023-07-06,2023-07-06
ASM011502,STU0653,CRS009,8,assignment,50,31.6,2023-08-07,2023-08-07
ASM011503,STU0653,CRS009,9,quiz,25,16.7,2023-09-13,2023-09-15
ASM011504,STU0653,CRS009,9,assignment,50,40.9,2023-09-04,2023-09-11
ASM011505,STU0653,CRS009,9,project,100,92.6,2023-08-26,2023-08-26
ASM011506,STU0653,CRS009,10,quiz,25,20.4,2023-08-25,2023-08-25
ASM011507,STU0653,CRS009,10,assignment,50,31.3,2023-09-04,2023-09-02
ASM011508,STU0653,CRS009,11,quiz,25,15.4,2023-08-31,2023-09-02
ASM011509,STU0653,CRS009,11,assignment,50,39.9,2023-10-14,2023-10-14
ASM011510,STU0653,CRS009,12,quiz,25,18.9,2023-10-22,2023-10-23
ASM011511,STU0653,CRS009,12,assignment,50,12.0,2023-08-23,2023-08-22
ASM011512,STU0653,CRS009,12,project,100,42.1,2023-10-22,2023-10-25
ASM011513,STU0653,CRS009,12,exam,100,78.3,2023-11-15,2023-11-15
ASM011514,STU0654,CRS012,1,quiz,25,18.1,2023-08-05,2023-08-05
ASM011515,STU0654,CRS012,1,assignment,50,34.2,2023-08-06,2023-08-06
ASM011516,STU0654,CRS012,2,quiz,25,18.5,2023-09-02,2023-09-05
ASM011517,STU0654,CRS012,2,assignment,50,28.8,2023-09-02,2023-09-03
ASM011518,STU0654,CRS012,3,quiz,25,12.5,2023-09-20,2023-09-27
ASM011519,STU0654,CRS012,3,assignment,50,42.8,2023-09-17,2023-09-17
ASM011520,STU0654,CRS012,3,project,100,57.4,2023-09-05,2023-09-05
ASM011521,STU0654,CRS012,4,quiz,25,20.1,2023-09-28,2023-09-26
ASM011522,STU0654,CRS012,4,assignment,50,31.1,2023-09-20,2023-09-18
ASM011523,STU0654,CRS012,5,quiz,25,16.0,2023-10-20,2023-10-19
ASM011524,STU0654,CRS012,5,assignment,50,37.7,2023-10-20,2023-10-27
ASM011525,STU0654,CRS012,6,quiz,25,14.6,2023-11-07,2023-11-14
ASM011526,STU0654,CRS012,6,assignment,50,33.8,2023-11-01,2023-11-01
ASM011527,STU0654,CRS012,6,project,100,75.6,2023-11-25,2023-11-28
ASM011528,STU0654,CRS012,7,quiz,25,13.9,2023-10-28,2023-10-29
ASM011529,STU0654,CRS012,7,assignment,50,24.5,2023-12-09,2023-12-09
ASM011530,STU0654,CRS012,8,quiz,25,24.5,2023-11-11,2023-11-11
ASM011531,STU0654,CRS012,8,assignment,50,39.4,2024-01-06,2024-01-07
ASM011532,STU0654,CRS012,8,exam,100,65.4,2023-11-19,2023-11-20
ASM011533,STU0655,CRS002,1,quiz,25,8.2,2024-02-10,2024-02-15
ASM011534,STU0655,CRS002,1,assignment,50,43.7,2024-02-16,2024-02-13
ASM011535,STU0655,CRS002,2,quiz,25,17.8,2024-02-25,2024-02-24
ASM011536,STU0655,CRS002,2,assignment,50,29.4,2024-02-27,2024-02-27
ASM011537,STU0655,CRS002,3,quiz,25,13.5,2024-03-17,2024-03-20
ASM011538,STU0655,CRS002,3,assignment,50,23.1,2024-03-11,2024-03-11
ASM011539,STU0655,CRS002,3,project,100,84.8,2024-03-08,2024-03-13
ASM011540,STU0655,CRS002,4,quiz,25,15.1,2024-04-15,2024-04-15
ASM011541,STU0655,CRS002,4,assignment,50,44.0,2024-04-15,2024-04-14
ASM011542,STU0655,CRS002,5,quiz,25,17.4,2024-04-30,2024-04-29
ASM011543,STU0655,CRS002,5,assignment,50,30.1,2024-04-15,2024-04-17
ASM011544,STU0655,CRS002,6,quiz,25,9.3,2024-05-31,2024-05-31
ASM011545,STU0655,CRS002,6,assignment,50,40.9,2024-05-01,2024-05-04
ASM011546,STU0655,CRS002,6,project,100,73.6,2024-05-13,2024-05-12
ASM011547,STU0655,CRS002,6,exam,100,36.9,2024-05-01,2024-05-01
ASM011548,STU0656,CRS017,1,quiz,25,5.0,2024-09-30,2024-10-02
ASM011549,STU0656,CRS017,1,assignment,50,14.3,2024-10-03,2024-10-06
ASM011550,STU0656,CRS017,2,quiz,25,17.8,2024-10-25,2024-10-30
ASM011551,STU0656,CRS017,2,assignment,50,32.6,2024-10-17,2024-10-16
ASM011552,STU0656,CRS017,3,quiz,25,13.7,2024-11-05,2024-11-12
ASM011553,STU0656,CRS017,3,assignment,50,47.2,2024-10-27,2024-10-28
ASM011554,STU0656,CRS017,3,project,100,42.1,2024-11-02,2024-11-03
ASM011555,STU0656,CRS017,4,quiz,25,11.7,2024-11-14,2024-11-14
ASM011556,STU0656,CRS017,4,assignment,50,31.9,2024-11-22,2024-11-22
ASM011557,STU0656,CRS017,4,exam,100,57.6,2024-11-30,2024-11-28
ASM011558,STU0657,CRS003,1,quiz,25,10.3,2023-03-29,2023-03-28
ASM011559,STU0657,CRS003,1,assignment,50,43.0,2023-04-01,2023-04-01
ASM011560,STU0657,CRS003,2,quiz,25,23.2,2023-04-23,2023-04-22
ASM011561,STU0657,CRS003,2,assignment,50,33.0,2023-04-17,2023-04-17
ASM011562,STU0657,CRS003,3,quiz,25,13.0,2023-05-11,2023-05-13
ASM011563,STU0657,CRS003,3,assignment,50,28.7,2023-05-05,2023-05-05
ASM011564,STU0657,CRS003,3,project,100,82.5,2023-05-08,2023-05-09
ASM011565,STU0657,CRS003,4,quiz,25,15.1,2023-05-23,2023-05-21
ASM011566,STU0657,CRS003,4,assignment,50,26.7,2023-05-11,2023-05-16
ASM011567,STU0657,CRS003,5,quiz,25,15.9,2023-06-10,2023-06-11
ASM011568,STU0657,CRS003,5,assignment,50,16.6,2023-05-26,2023-05-28
ASM011569,STU0657,CRS003,5,exam,100,31.4,2023-05-21,2023-05-26
ASM011570,STU0658,CRS010,1,quiz,25,13.9,2023-09-16,2023-09-17
ASM011571,STU0658,CRS010,1,assignment,50,29.3,2023-09-22,2023-09-22
ASM011572,STU0658,CRS010,2,quiz,25,12.6,2023-10-12,2023-10-10
ASM011573,STU0658,CRS010,2,assignment,50,30.4,2023-10-06,2023-10-13
ASM011574,STU0658,CRS010,3,quiz,25,23.1,2023-10-29,2023-10-30
ASM011575,STU0658,CRS010,3,assignment,50,15.4,2023-10-26,2023-10-27
ASM011576,STU0658,CRS010,3,project,100,67.5,2023-10-23,2023-10-22
ASM011577,STU0658,CRS010,4,quiz,25,12.5,2023-11-09,2023-11-09
ASM011578,STU0658,CRS010,4,assignment,50,21.7,2023-11-25,2023-11-24
ASM011579,STU0658,CRS010,5,quiz,25,13.5,2023-12-16,2023-12-13
ASM011580,STU0658,CRS010,5,assignment,50,23.4,2023-12-06,2023-12-05
ASM011581,STU0658,CRS010,6,quiz,25,23.5,2023-12-25,2023-12-27
ASM011582,STU0658,CRS010,6,assignment,50,40.1,2024-01-06,2024-01-08
ASM011583,STU0658,CRS010,6,project,100,96.9,2023-12-25,2023-12-22
ASM011584,STU0658,CRS010,7,quiz,25,15.4,2023-12-30,2023-12-30
ASM011585,STU0658,CRS010,7,assignment,50,38.5,2023-12-16,2023-12-21
ASM011586,STU0658,CRS010,8,quiz,25,18.9,2024-02-09,2024-02-09
ASM011587,STU0658,CRS010,8,assignment,50,44.9,2024-02-17,2024-02-16
ASM011588,STU0658,CRS010,9,quiz,25,17.0,2024-01-24,2024-01-24
ASM011589,STU0658,CRS010,9,assignment,50,27.9,2024-02-20,2024-02-21
ASM011590,STU0658,CRS010,9,project,100,50.9,2024-02-20,2024-02-20
ASM011591,STU0658,CRS010,10,quiz,25,11.4,2024-02-09,2024-02-09
ASM011592,STU0658,CRS010,10,assignment,50,30.6,2024-02-09,2024-02-09
ASM011593,STU0658,CRS010,10,exam,100,75.2,2024-01-20,2024-01-20
ASM011594,STU0659,CRS003,1,quiz,25,24.5,2024-03-06,2024-03-05
ASM011595,STU0659,CRS003,1,assignment,50,42.5,2024-03-10,2024-03-15
ASM011596,STU0659,CRS003,2,quiz,25,19.7,2024-03-26,2024-03-23
ASM011597,STU0659,CRS003,2,assignment,50,19.6,2024-03-30,2024-03-29
ASM011598,STU0659,CRS003,3,quiz,25,16.7,2024-04-01,2024-04-01
ASM011599,STU0659,CRS003,3,assignment,50,33.7,2024-04-01,2024-04-01
ASM011600,STU0659,CRS003,3,project,100,57.6,2024-04-04,2024-04-03
ASM011601,STU0659,CRS003,4,quiz,25,10.9,2024-04-19,2024-04-19
ASM011602,STU0659,CRS003,4,assignment,50,26.4,2024-04-23,2024-04-25
ASM011603,STU0659,CRS003,5,quiz,25,19.0,2024-05-09,2024-05-08
ASM011604,STU0659,CRS003,5,assignment,50,30.9,2024-05-29,2024-05-29
ASM011605,STU0659,CRS003,5,exam,100,77.8,2024-05-09,2024-05-09
ASM011606,STU0660,CRS012,1,quiz,25,9.9,2024-08-13,2024-08-13
ASM011607,STU0660,CRS012,1,assignment,50,36.1,2024-08-15,2024-08-20
ASM011608,STU0660,CRS012,2,quiz,25,14.8,2024-08-28,2024-08-29
ASM011609,STU0660,CRS012,2,assignment,50,32.1,2024-08-26,2024-09-02
ASM011610,STU0660,CRS012,3,quiz,25,19.2,2024-09-13,2024-09-13
ASM011611,STU0660,CRS012,3,assignment,50,36.4,2024-09-28,2024-09-27
ASM011612,STU0660,CRS012,3,project,100,89.9,2024-09-16,2024-09-17
ASM011613,STU0660,CRS012,4,quiz,25,17.7,2024-10-07,2024-10-06
ASM011614,STU0660,CRS012,4,assignment,50,19.3,2024-10-07,2024-10-08
ASM011615,STU0660,CRS012,5,quiz,25,18.2,2024-10-05,2024-10-06
ASM011616,STU0660,CRS012,5,assignment,50,41.4,2024-10-20,2024-10-23
ASM011617,STU0660,CRS012,6,quiz,25,13.3,2024-11-12,2024-11-10
ASM011618,STU0660,CRS012,6,assignment,50,24.5,2024-11-12,2024-11-10
ASM011619,STU0660,CRS012,6,project,100,33.5,2024-10-19,2024-10-26
ASM011620,STU0660,CRS012,7,quiz,25,3.4,2024-11-16,2024-11-17
ASM011621,STU0660,CRS012,7,assignment,50,41.3,2024-12-07,2024-12-06
ASM011622,STU0660,CRS012,8,quiz,25,11.6,2024-11-16,2024-11-19
ASM011623,STU0660,CRS012,8,assignment,50,40.4,2024-12-26,2024-12-26
ASM011624,STU0660,CRS012,8,exam,100,42.7,2025-01-11,2025-01-11
ASM011625,STU0661,CRS010,1,quiz,25,14.9,2023-03-20,2023-03-20
ASM011626,STU0661,CRS010,1,assignment,50,27.5,2023-03-20,2023-03-20
ASM011627,STU0661,CRS010,2,quiz,25,17.5,2023-04-10,2023-04-10
ASM011628,STU0661,CRS010,2,assignment,50,46.7,2023-04-02,2023-04-02
ASM011629,STU0661,CRS010,3,quiz,25,18.2,2023-04-17,2023-04-15
ASM011630,STU0661,CRS010,3,assignment,50,37.9,2023-04-17,2023-04-15
ASM011631,STU0661,CRS010,3,project,100,67.3,2023-04-17,2023-04-16
ASM011632,STU0661,CRS010,4,quiz,25,18.3,2023-05-26,2023-05-26
ASM011633,STU0661,CRS010,4,assignment,50,30.0,2023-05-18,2023-05-23
ASM011634,STU0661,CRS010,5,quiz,25,13.7,2023-06-01,2023-06-01
ASM011635,STU0661,CRS010,5,assignment,50,40.6,2023-06-01,2023-06-08
ASM011636,STU0661,CRS010,6,quiz,25,9.1,2023-06-01,2023-05-31
ASM011637,STU0661,CRS010,6,assignment,50,37.0,2023-06-07,2023-06-09
ASM011638,STU0661,CRS010,6,project,100,74.2,2023-06-07,2023-06-12
ASM011639,STU0661,CRS010,7,quiz,25,12.3,2023-07-28,2023-07-30
ASM011640,STU0661,CRS010,7,assignment,50,31.3,2023-07-28,2023-07-26
ASM011641,STU0661,CRS010,8,quiz,25,17.3,2023-07-25,2023-07-24
ASM011642,STU0661,CRS010,8,assignment,50,28.8,2023-08-18,2023-08-15
ASM011643,STU0661,CRS010,9,quiz,25,11.2,2023-08-21,2023-08-21
ASM011644,STU0661,CRS010,9,assignment,50,36.5,2023-09-08,2023-09-09
ASM011645,STU0661,CRS010,9,project,100,83.9,2023-07-16,2023-07-15
ASM011646,STU0661,CRS010,10,quiz,25,15.9,2023-08-10,2023-08-08
ASM011647,STU0661,CRS010,10,assignment,50,20.4,2023-07-21,2023-07-21
ASM011648,STU0661,CRS010,10,exam,100,43.0,2023-08-20,2023-08-20
ASM011649,STU0662,CRS015,1,quiz,25,17.4,2023-08-26,2023-08-24
ASM011650,STU0662,CRS015,1,assignment,50,49.0,2023-08-25,2023-08-24
ASM011651,STU0662,CRS015,2,quiz,25,18.3,2023-09-10,2023-09-10
ASM011652,STU0662,CRS015,2,assignment,50,44.6,2023-09-18,2023-09-21
ASM011653,STU0662,CRS015,3,quiz,25,22.8,2023-09-27,2023-09-27
ASM011654,STU0662,CRS015,3,assignment,50,41.5,2023-10-09,2023-10-07
ASM011655,STU0662,CRS015,3,project,100,52.8,2023-09-30,2023-09-30
ASM011656,STU0662,CRS015,4,quiz,25,18.6,2023-10-22,2023-10-22
ASM011657,STU0662,CRS015,4,assignment,50,6.7,2023-10-02,2023-10-02
ASM011658,STU0662,CRS015,5,quiz,25,17.2,2023-10-16,2023-10-16
ASM011659,STU0662,CRS015,5,assignment,50,23.1,2023-10-31,2023-11-05
ASM011660,STU0662,CRS015,6,quiz,25,24.5,2023-11-11,2023-11-14
ASM011661,STU0662,CRS015,6,assignment,50,36.2,2023-11-23,2023-11-23
ASM011662,STU0662,CRS015,6,project,100,70.5,2023-10-30,2023-10-31
ASM011663,STU0662,CRS015,7,quiz,25,16.1,2023-11-27,2023-11-27
ASM011664,STU0662,CRS015,7,assignment,50,21.6,2023-12-18,2023-12-16
ASM011665,STU0662,CRS015,8,quiz,25,11.1,2023-12-13,2023-12-14
ASM011666,STU0662,CRS015,8,assignment,50,30.2,2023-12-13,2023-12-20
ASM011667,STU0662,CRS015,9,quiz,25,16.6,2024-02-12,2024-02-13
ASM011668,STU0662,CRS015,9,assignment,50,35.9,2024-01-25,2024-01-25
ASM011669,STU0662,CRS015,9,project,100,89.4,2024-01-16,2024-01-14
ASM011670,STU0662,CRS015,10,quiz,25,10.8,2024-01-24,2024-01-23
ASM011671,STU0662,CRS015,10,assignment,50,41.7,2023-12-25,2023-12-25
ASM011672,STU0662,CRS015,10,exam,100,66.9,2024-03-04,2024-03-02
ASM011673,STU0663,CRS007,1,quiz,25,17.9,2024-03-21,2024-03-20
ASM011674,STU0663,CRS007,1,assignment,50,30.3,2024-03-16,2024-03-17
ASM011675,STU0663,CRS007,2,quiz,25,22.2,2024-03-31,2024-04-07
ASM011676,STU0663,CRS007,2,assignment,50,31.7,2024-04-08,2024-04-09
ASM011677,STU0663,CRS007,3,quiz,25,9.0,2024-04-12,2024-04-12
ASM011678,STU0663,CRS007,3,assignment,50,33.4,2024-04-21,2024-04-20
ASM011679,STU0663,CRS007,3,project,100,57.8,2024-04-12,2024-04-11
ASM011680,STU0663,CRS007,4,quiz,25,16.3,2024-05-24,2024-05-21
ASM011681,STU0663,CRS007,4,assignment,50,28.3,2024-05-08,2024-05-08
ASM011682,STU0663,CRS007,5,quiz,25,14.0,2024-06-09,2024-06-07
ASM011683,STU0663,CRS007,5,assignment,50,38.4,2024-05-20,2024-05-23
ASM011684,STU0663,CRS007,6,quiz,25,14.0,2024-06-23,2024-06-23
ASM011685,STU0663,CRS007,6,assignment,50,35.6,2024-05-24,2024-05-24
ASM011686,STU0663,CRS007,6,project,100,48.2,2024-06-17,2024-06-17
ASM011687,STU0663,CRS007,7,quiz,25,13.0,2024-07-05,2024-07-03
ASM011688,STU0663,CRS007,7,assignment,50,35.5,2024-07-26,2024-07-25
ASM011689,STU0663,CRS007,8,quiz,25,17.6,2024-07-31,2024-08-03
ASM011690,STU0663,CRS007,8,assignment,50,31.0,2024-08-08,2024-08-13
ASM011691,STU0663,CRS007,8,exam,100,52.2,2024-07-07,2024-07-07
ASM011692,STU0664,CRS008,1,quiz,25,13.7,2024-08-10,2024-08-10
ASM011693,STU0664,CRS008,1,assignment,50,34.0,2024-08-14,2024-08-15
ASM011694,STU0664,CRS008,2,quiz,25,16.9,2024-09-04,2024-09-11
ASM011695,STU0664,CRS008,2,assignment,50,16.2,2024-08-21,2024-08-22
ASM011696,STU0664,CRS008,3,quiz,25,17.5,2024-09-04,2024-09-06
ASM011697,STU0664,CRS008,3,assignment,50,32.1,2024-09-19,2024-09-20
ASM011698,STU0664,CRS008,3,project,100,62.4,2024-09-07,2024-09-07
ASM011699,STU0664,CRS008,4,quiz,25,19.5,2024-10-12,2024-10-12
ASM011700,STU0664,CRS008,4,assignment,50,12.6,2024-10-04,2024-10-03
ASM011701,STU0664,CRS008,5,quiz,25,11.5,2024-11-01,2024-11-01
ASM011702,STU0664,CRS008,5,assignment,50,5.0,2024-10-07,2024-10-09
ASM011703,STU0664,CRS008,6,quiz,25,17.4,2024-11-27,2024-11-26
ASM011704,STU0664,CRS008,6,assignment,50,32.4,2024-11-15,2024-11-14
ASM011705,STU0664,CRS008,6,project,100,98.0,2024-11-15,2024-11-20
ASM011706,STU0664,CRS008,6,exam,100,58.3,2024-11-15,2024-11-15
ASM011707,STU0665,CRS014,1,quiz,25,16.6,2023-02-03,2023-01-31
ASM011708,STU0665,CRS014,1,assignment,50,29.7,2023-02-05,2023-02-06
ASM011709,STU0665,CRS014,2,quiz,25,13.5,2023-02-23,2023-02-24
ASM011710,STU0665,CRS014,2,assignment,50,28.7,2023-02-13,2023-02-11
ASM011711,STU0665,CRS014,3,quiz,25,24.3,2023-03-11,2023-03-14
ASM011712,STU0665,CRS014,3,assignment,50,41.2,2023-03-14,2023-03-15
ASM011713,STU0665,CRS014,3,project,100,41.8,2023-02-27,2023-02-27
ASM011714,STU0665,CRS014,4,quiz,25,17.0,2023-03-29,2023-03-31
ASM011715,STU0665,CRS014,4,assignment,50,25.6,2023-03-29,2023-04-05
ASM011716,STU0665,CRS014,5,quiz,25,20.5,2023-03-27,2023-04-03
ASM011717,STU0665,CRS014,5,assignment,50,32.0,2023-03-27,2023-03-24
ASM011718,STU0665,CRS014,6,quiz,25,17.2,2023-05-16,2023-05-15
ASM011719,STU0665,CRS014,6,assignment,50,21.8,2023-05-10,2023-05-09
ASM011720,STU0665,CRS014,6,project,100,70.2,2023-04-28,2023-04-27
ASM011721,STU0665,CRS014,6,exam,100,62.7,2023-05-22,2023-05-22
ASM011722,STU0666,CRS012,1,quiz,25,16.9,2023-09-09,2023-09-12
ASM011723,STU0666,CRS012,1,assignment,50,28.7,2023-09-13,2023-09-13
ASM011724,STU0666,CRS012,2,quiz,25,20.6,2023-09-23,2023-09-30
ASM011725,STU0666,CRS012,2,assignment,50,20.7,2023-09-21,2023-09-22
ASM011726,STU0666,CRS012,3,quiz,25,11.8,2023-10-08,2023-10-15
ASM011727,STU0666,CRS012,3,assignment,50,45.0,2023-10-08,2023-10-07
ASM011728,STU0666,CRS012,3,project,100,45.0,2023-10-23,2023-10-23
ASM011729,STU0666,CRS012,4,quiz,25,14.3,2023-11-08,2023-11-06
ASM011730,STU0666,CRS012,4,assignment,50,24.8,2023-11-08,2023-11-09
ASM011731,STU0666,CRS012,5,quiz,25,15.8,2023-11-22,2023-11-21
ASM011732,STU0666,CRS012,5,assignment,50,34.1,2023-11-07,2023-11-09
ASM011733,STU0666,CRS012,6,quiz,25,13.0,2023-12-10,2023-12-08
ASM011734,STU0666,CRS012,6,assignment,50,35.5,2023-12-28,2023-12-31
ASM011735,STU0666,CRS012,6,project,100,79.2,2023-12-22,2023-12-25
ASM011736,STU0666,CRS012,7,quiz,25,8.5,2023-12-07,2023-12-08
ASM011737,STU0666,CRS012,7,assignment,50,36.3,2023-12-21,2023-12-23
ASM011738,STU0666,CRS012,8,quiz,25,19.1,2024-02-08,2024-02-08
ASM011739,STU0666,CRS012,8,assignment,50,29.4,2023-12-14,2023-12-13
ASM011740,STU0666,CRS012,8,exam,100,81.4,2024-01-31,2024-01-31
ASM011741,STU0667,CRS001,1,quiz,25,13.2,2024-04-02,2024-04-01
ASM011742,STU0667,CRS001,1,assignment,50,28.4,2024-03-31,2024-03-30
ASM011743,STU0667,CRS001,2,quiz,25,14.6,2024-04-20,2024-04-18
ASM011744,STU0667,CRS001,2,assignment,50,26.9,2024-04-14,2024-04-17
ASM011745,STU0667,CRS001,3,quiz,25,13.8,2024-05-05,2024-05-08
ASM011746,STU0667,CRS001,3,assignment,50,27.2,2024-05-08,2024-05-10
ASM011747,STU0667,CRS001,3,project,100,37.4,2024-05-02,2024-05-04
ASM011748,STU0667,CRS001,4,quiz,25,18.1,2024-05-14,2024-05-15
ASM011749,STU0667,CRS001,4,assignment,50,29.1,2024-05-26,2024-05-31
ASM011750,STU0667,CRS001,5,quiz,25,21.5,2024-06-13,2024-06-10
ASM011751,STU0667,CRS001,5,assignment,50,29.5,2024-05-24,2024-05-24
ASM011752,STU0667,CRS001,6,quiz,25,20.1,2024-07-01,2024-07-04
ASM011753,STU0667,CRS001,6,assignment,50,34.0,2024-06-25,2024-06-28
ASM011754,STU0667,CRS001,6,project,100,55.0,2024-07-01,2024-07-01
ASM011755,STU0667,CRS001,7,quiz,25,13.1,2024-08-09,2024-08-09
ASM011756,STU0667,CRS001,7,assignment,50,24.4,2024-07-12,2024-07-12
ASM011757,STU0667,CRS001,8,quiz,25,16.1,2024-08-30,2024-08-30
ASM011758,STU0667,CRS001,8,assignment,50,44.2,2024-07-29,2024-07-29
ASM011759,STU0667,CRS001,8,exam,100,63.5,2024-07-05,2024-07-05
ASM011760,STU0668,CRS013,1,quiz,25,18.8,2024-09-22,2024-09-22
ASM011761,STU0668,CRS013,1,assignment,50,40.3,2024-09-28,2024-09-26
ASM011762,STU0668,CRS013,2,quiz,25,20.3,2024-10-19,2024-10-19
ASM011763,STU0668,CRS013,2,assignment,50,19.9,2024-10-17,2024-10-19
ASM011764,STU0668,CRS013,3,quiz,25,19.1,2024-11-06,2024-11-08
ASM011765,STU0668,CRS013,3,assignment,50,17.2,2024-10-22,2024-10-22
ASM011766,STU0668,CRS013,3,project,100,42.3,2024-10-25,2024-10-25
ASM011767,STU0668,CRS013,4,quiz,25,10.5,2024-11-18,2024-11-16
ASM011768,STU0668,CRS013,4,assignment,50,26.5,2024-11-14,2024-11-12
ASM011769,STU0668,CRS013,5,quiz,25,5.9,2024-12-16,2024-12-19
ASM011770,STU0668,CRS013,5,assignment,50,33.0,2024-11-16,2024-11-16
ASM011771,STU0668,CRS013,6,quiz,25,18.7,2024-12-30,2024-12-30
ASM011772,STU0668,CRS013,6,assignment,50,26.3,2024-12-06,2024-12-03
ASM011773,STU0668,CRS013,6,project,100,35.9,2024-12-30,2025-01-01
ASM011774,STU0668,CRS013,7,quiz,25,19.3,2025-01-07,2025-01-04
ASM011775,STU0668,CRS013,7,assignment,50,34.7,2025-01-11,2025-01-14
ASM011776,STU0668,CRS013,7,exam,100,45.0,2025-01-01,2025-01-08
ASM011777,STU0669,CRS010,1,quiz,25,19.2,2023-02-08,2023-02-05
ASM011778,STU0669,CRS010,1,assignment,50,16.1,2023-02-11,2023-02-16
ASM011779,STU0669,CRS010,2,quiz,25,8.9,2023-02-18,2023-02-16
ASM011780,STU0669,CRS010,2,assignment,50,49.0,2023-02-18,2023-02-19
ASM011781,STU0669,CRS010,3,quiz,25,15.0,2023-03-19,2023-03-19
ASM011782,STU0669,CRS010,3,assignment,50,44.7,2023-03-04,2023-03-05
ASM011783,STU0669,CRS010,3,project,100,57.3,2023-03-19,2023-03-19
ASM011784,STU0669,CRS010,4,quiz,25,20.1,2023-03-30,2023-03-30
ASM011785,STU0669,CRS010,4,assignment,50,24.4,2023-04-03,2023-04-08
ASM011786,STU0669,CRS010,5,quiz,25,15.0,2023-04-26,2023-04-27
ASM011787,STU0669,CRS010,5,assignment,50,40.0,2023-05-06,2023-05-06
ASM011788,STU0669,CRS010,6,quiz,25,9.7,2023-05-21,2023-05-20
ASM011789,STU0669,CRS010,6,assignment,50,33.2,2023-05-15,2023-05-16
ASM011790,STU0669,CRS010,6,project,100,64.7,2023-05-15,2023-05-12
ASM011791,STU0669,CRS010,7,quiz,25,17.5,2023-06-03,2023-06-10
ASM011792,STU0669,CRS010,7,assignment,50,19.1,2023-05-13,2023-05-13
ASM011793,STU0669,CRS010,8,quiz,25,11.3,2023-07-08,2023-07-06
ASM011794,STU0669,CRS010,8,assignment,50,22.7,2023-05-29,2023-05-29
ASM011795,STU0669,CRS010,9,quiz,25,20.1,2023-07-11,2023-07-12
ASM011796,STU0669,CRS010,9,assignment,50,25.3,2023-07-02,2023-07-04
ASM011797,STU0669,CRS010,9,project,100,53.4,2023-06-14,2023-06-15
ASM011798,STU0669,CRS010,10,quiz,25,12.5,2023-08-09,2023-08-06
ASM011799,STU0669,CRS010,10,assignment,50,36.7,2023-08-09,2023-08-14
ASM011800,STU0669,CRS010,10,exam,100,44.2,2023-06-30,2023-07-02
ASM011801,STU0670,CRS008,1,quiz,25,14.3,2023-08-30,2023-08-31
ASM011802,STU0670,CRS008,1,assignment,50,43.0,2023-08-28,2023-08-27
ASM011803,STU0670,CRS008,2,quiz,25,22.2,2023-09-17,2023-09-14
ASM011804,STU0670,CRS008,2,assignment,50,29.5,2023-09-19,2023-09-21
ASM011805,STU0670,CRS008,3,quiz,25,7.2,2023-10-09,2023-10-09
ASM011806,STU0670,CRS008,3,assignment,50,35.0,2023-10-12,2023-10-13
ASM011807,STU0670,CRS008,3,project,100,46.2,2023-10-03,2023-10-01
ASM011808,STU0670,CRS008,4,quiz,25,16.5,2023-10-21,2023-10-21
ASM011809,STU0670,CRS008,4,assignment,50,15.8,2023-10-09,2023-10-09
ASM011810,STU0670,CRS008,5,quiz,25,23.2,2023-11-18,2023-11-18
ASM011811,STU0670,CRS008,5,assignment,50,26.2,2023-10-19,2023-10-22
ASM011812,STU0670,CRS008,6,quiz,25,8.8,2023-12-02,2023-12-03
ASM011813,STU0670,CRS008,6,assignment,50,29.8,2023-12-02,2023-11-29
ASM011814,STU0670,CRS008,6,project,100,69.6,2023-12-08,2023-12-09
ASM011815,STU0670,CRS008,6,exam,100,52.7,2023-11-02,2023-11-02
ASM011816,STU0671,CRS005,1,quiz,25,16.1,2024-03-21,2024-03-22
ASM011817,STU0671,CRS005,1,assignment,50,37.5,2024-03-14,2024-03-14
ASM011818,STU0671,CRS005,2,quiz,25,23.4,2024-04-05,2024-04-07
ASM011819,STU0671,CRS005,2,assignment,50,42.2,2024-03-28,2024-03-26
ASM011820,STU0671,CRS005,3,quiz,25,14.6,2024-04-20,2024-04-19
ASM011821,STU0671,CRS005,3,assignment,50,29.3,2024-04-29,2024-04-29
ASM011822,STU0671,CRS005,3,project,100,35.4,2024-04-23,2024-04-24
ASM011823,STU0671,CRS005,4,quiz,25,20.0,2024-04-29,2024-04-29
ASM011824,STU0671,CRS005,4,assignment,50,37.2,2024-05-15,2024-05-20
ASM011825,STU0671,CRS005,5,quiz,25,14.2,2024-05-14,2024-05-12
ASM011826,STU0671,CRS005,5,assignment,50,21.5,2024-05-29,2024-05-29
ASM011827,STU0671,CRS005,6,quiz,25,18.2,2024-06-16,2024-06-13
ASM011828,STU0671,CRS005,6,assignment,50,34.3,2024-06-04,2024-06-04
ASM011829,STU0671,CRS005,6,project,100,85.7,2024-05-29,2024-05-28
ASM011830,STU0671,CRS005,7,quiz,25,13.2,2024-06-13,2024-06-20
ASM011831,STU0671,CRS005,7,assignment,50,35.0,2024-06-20,2024-06-17
ASM011832,STU0671,CRS005,8,quiz,25,19.3,2024-06-20,2024-06-27
ASM011833,STU0671,CRS005,8,assignment,50,27.0,2024-08-07,2024-08-14
ASM011834,STU0671,CRS005,8,exam,100,41.5,2024-07-22,2024-07-21
ASM011835,STU0672,CRS002,1,quiz,25,13.4,2024-09-29,2024-10-01
ASM011836,STU0672,CRS002,1,assignment,50,30.3,2024-10-02,2024-10-02
ASM011837,STU0672,CRS002,2,quiz,25,12.5,2024-10-17,2024-10-20
ASM011838,STU0672,CRS002,2,assignment,50,31.1,2024-10-15,2024-10-15
ASM011839,STU0672,CRS002,3,quiz,25,11.8,2024-11-13,2024-11-12
ASM011840,STU0672,CRS002,3,assignment,50,23.4,2024-11-07,2024-11-05
ASM011841,STU0672,CRS002,3,project,100,76.2,2024-11-01,2024-10-29
ASM011842,STU0672,CRS002,4,quiz,25,15.9,2024-12-04,2024-12-04
ASM011843,STU0672,CRS002,4,assignment,50,41.2,2024-11-14,2024-11-15
ASM011844,STU0672,CRS002,5,quiz,25,18.6,2024-12-05,2024-12-07
ASM011845,STU0672,CRS002,5,assignment,50,49.0,2024-12-20,2024-12-19
ASM011846,STU0672,CRS002,5,exam,100,75.0,2024-12-15,2024-12-14
ASM011847,STU0673,CRS017,1,quiz,25,13.4,2023-03-02,2023-03-02
ASM011848,STU0673,CRS017,1,assignment,50,28.0,2023-02-28,2023-03-01
ASM011849,STU0673,CRS017,2,quiz,25,23.2,2023-03-16,2023-03-17
ASM011850,STU0673,CRS017,2,assignment,50,49.0,2023-03-24,2023-03-26
ASM011851,STU0673,CRS017,3,quiz,25,16.6,2023-04-14,2023-04-14
ASM011852,STU0673,CRS017,3,assignment,50,43.2,2023-04-05,2023-04-08
ASM011853,STU0673,CRS017,3,project,100,93.9,2023-03-27,2023-03-29
ASM011854,STU0673,CRS017,4,quiz,25,6.9,2023-05-05,2023-05-04
ASM011855,STU0673,CRS017,4,assignment,50,21.3,2023-05-05,2023-05-05
ASM011856,STU0673,CRS017,5,quiz,25,16.3,2023-04-26,2023-04-24
ASM011857,STU0673,CRS017,5,assignment,50,27.5,2023-04-21,2023-04-21
ASM011858,STU0673,CRS017,6,quiz,25,7.7,2023-05-17,2023-05-17
ASM011859,STU0673,CRS017,6,assignment,50,36.2,2023-06-10,2023-06-10
ASM011860,STU0673,CRS017,6,project,100,52.4,2023-06-04,2023-06-04
ASM011861,STU0673,CRS017,6,exam,100,68.3,2023-05-11,2023-05-12
ASM011862,STU0674,CRS012,1,quiz,25,16.5,2023-08-27,2023-08-26
ASM011863,STU0674,CRS012,1,assignment,50,35.2,2023-08-27,2023-08-27
ASM011864,STU0674,CRS012,2,quiz,25,17.3,2023-09-18,2023-09-17
ASM011865,STU0674,CRS012,2,assignment,50,38.2,2023-09-16,2023-09-16
ASM011866,STU0674,CRS012,3,quiz,25,16.0,2023-10-09,2023-10-09
ASM011867,STU0674,CRS012,3,assignment,50,19.7,2023-09-27,2023-09-26
ASM011868,STU0674,CRS012,3,project,100,84.7,2023-10-09,2023-10-06
ASM011869,STU0674,CRS012,4,quiz,25,21.7,2023-10-20,2023-10-20
ASM011870,STU0674,CRS012,4,assignment,50,24.9,2023-10-08,2023-10-11
ASM011871,STU0674,CRS012,5,quiz,25,12.9,2023-11-16,2023-11-16
ASM011872,STU0674,CRS012,5,assignment,50,39.6,2023-11-06,2023-11-13
ASM011873,STU0674,CRS012,6,quiz,25,9.4,2023-11-11,2023-11-13
ASM011874,STU0674,CRS012,6,assignment,50,34.5,2023-11-11,2023-11-18
ASM011875,STU0674,CRS012,6,project,100,79.3,2023-12-17,2023-12-16
ASM011876,STU0674,CRS012,7,quiz,25,24.5,2024-01-07,2024-01-07
ASM011877,STU0674,CRS012,7,assignment,50,33.6,2023-11-19,2023-11-21
ASM011878,STU0674,CRS012,8,quiz,25,16.2,2023-12-11,2023-12-12
ASM011879,STU0674,CRS012,8,assignment,50,36.4,2024-01-28,2024-01-27
ASM011880,STU0674,CRS012,8,exam,100,98.0,2024-01-28,2024-01-30
ASM011881,STU0675,CRS019,1,quiz,25,16.6,2024-02-04,2024-02-02
ASM011882,STU0675,CRS019,1,assignment,50,31.9,2024-02-08,2024-02-08
ASM011883,STU0675,CRS019,2,quiz,25,22.1,2024-03-01,2024-02-29
ASM011884,STU0675,CRS019,2,assignment,50,10.3,2024-02-22,2024-02-27
ASM011885,STU0675,CRS019,3,quiz,25,14.7,2024-03-09,2024-03-14
ASM011886,STU0675,CRS019,3,assignment,50,26.2,2024-03-03,2024-03-03
ASM011887,STU0675,CRS019,3,project,100,47.3,2024-03-12,2024-03-12
ASM011888,STU0675,CRS019,4,quiz,25,23.8,2024-04-10,2024-04-15
ASM011889,STU0675,CRS019,4,assignment,50,22.1,2024-03-17,2024-03-16
ASM011890,STU0675,CRS019,5,quiz,25,9.1,2024-04-20,2024-04-19
ASM011891,STU0675,CRS019,5,assignment,50,34.3,2024-03-31,2024-04-02
ASM011892,STU0675,CRS019,6,quiz,25,14.6,2024-04-14,2024-04-21
ASM011893,STU0675,CRS019,6,assignment,50,30.5,2024-04-14,2024-04-21
ASM011894,STU0675,CRS019,6,project,100,71.3,2024-05-14,2024-05-15
ASM011895,STU0675,CRS019,6,exam,100,50.6,2024-04-20,2024-04-21
ASM011896,STU0676,CRS013,1,quiz,25,14.5,2024-08-08,2024-08-06
ASM011897,STU0676,CRS013,1,assignment,50,27.8,2024-08-04,2024-08-04
ASM011898,STU0676,CRS013,2,quiz,25,14.5,2024-08-24,2024-08-26
ASM011899,STU0676,CRS013,2,assignment,50,25.2,2024-08-30,2024-09-06
ASM011900,STU0676,CRS013,3,quiz,25,13.3,2024-09-14,2024-09-13
ASM011901,STU0676,CRS013,3,assignment,50,29.1,2024-09-14,2024-09-14
ASM011902,STU0676,CRS013,3,project,100,80.3,2024-09-11,2024-09-10
ASM011903,STU0676,CRS013,4,quiz,25,16.1,2024-09-29,2024-09-29
ASM011904,STU0676,CRS013,4,assignment,50,35.6,2024-09-29,2024-09-30
ASM011905,STU0676,CRS013,5,quiz,25,17.7,2024-10-27,2024-10-29
ASM011906,STU0676,CRS013,5,assignment,50,17.6,2024-10-22,2024-10-25
ASM011907,STU0676,CRS013,6,quiz,25,20.5,2024-10-17,2024-10-18
ASM011908,STU0676,CRS013,6,assignment,50,45.6,2024-10-17,2024-10-19
ASM011909,STU0676,CRS013,6,project,100,68.8,2024-11-04,2024-11-04
ASM011910,STU0676,CRS013,7,quiz,25,14.5,2024-10-25,2024-10-25
ASM011911,STU0676,CRS013,7,assignment,50,20.3,2024-10-25,2024-10-30
ASM011912,STU0676,CRS013,8,quiz,25,13.5,2024-12-18,2024-12-18
ASM011913,STU0676,CRS013,8,assignment,50,37.5,2025-01-03,2024-12-31
ASM011914,STU0676,CRS013,8,exam,100,83.4,2024-12-26,2024-12-29
ASM011915,STU0677,CRS002,1,quiz,25,15.7,2023-03-02,2023-03-05
ASM011916,STU0677,CRS002,1,assignment,50,47.1,2023-02-26,2023-03-03
ASM011917,STU0677,CRS002,2,quiz,25,9.0,2023-03-19,2023-03-20
ASM011918,STU0677,CRS002,2,assignment,50,18.1,2023-03-15,2023-03-16
ASM011919,STU0677,CRS002,3,quiz,25,21.8,2023-04-15,2023-04-17
ASM011920,STU0677,CRS002,3,assignment,50,33.8,2023-04-09,2023-04-11
ASM011921,STU0677,CRS002,3,project,100,78.8,2023-03-28,2023-03-28
ASM011922,STU0677,CRS002,4,quiz,25,19.6,2023-05-02,2023-05-09
ASM011923,STU0677,CRS002,4,assignment,50,32.3,2023-04-16,2023-04-16
ASM011924,STU0677,CRS002,5,quiz,25,22.5,2023-05-27,2023-05-24
ASM011925,STU0677,CRS002,5,assignment,50,22.7,2023-05-02,2023-05-01
ASM011926,STU0677,CRS002,6,quiz,25,19.3,2023-05-12,2023-05-11
ASM011927,STU0677,CRS002,6,assignment,50,24.2,2023-05-06,2023-05-06
ASM011928,STU0677,CRS002,6,project,100,80.1,2023-06-17,2023-06-18
ASM011929,STU0677,CRS002,6,exam,100,77.5,2023-05-06,2023-05-06
ASM011930,STU0678,CRS008,1,quiz,25,17.9,2023-08-22,2023-08-22
ASM011931,STU0678,CRS008,1,assignment,50,43.5,2023-08-23,2023-08-22
ASM011932,STU0678,CRS008,2,quiz,25,13.7,2023-09-13,2023-09-13
ASM011933,STU0678,CRS008,2,assignment,50,30.7,2023-09-01,2023-09-02
ASM011934,STU0678,CRS008,3,quiz,25,18.4,2023-10-04,2023-10-06
ASM011935,STU0678,CRS008,3,assignment,50,35.3,2023-09-28,2023-09-25
ASM011936,STU0678,CRS008,3,project,100,46.7,2023-09-16,2023-09-17
ASM011937,STU0678,CRS008,4,quiz,25,23.1,2023-10-25,2023-10-25
ASM011938,STU0678,CRS008,4,assignment,50,29.1,2023-09-27,2023-09-24
ASM011939,STU0678,CRS008,5,quiz,25,13.6,2023-11-15,2023-11-20
ASM011940,STU0678,CRS008,5,assignment,50,30.6,2023-10-31,2023-11-07
ASM011941,STU0678,CRS008,6,quiz,25,21.3,2023-11-24,2023-11-24
ASM011942,STU0678,CRS008,6,assignment,50,40.1,2023-12-06,2023-12-06
ASM011943,STU0678,CRS008,6,project,100,37.6,2023-10-25,2023-10-25
ASM011944,STU0678,CRS008,6,exam,100,67.1,2023-11-06,2023-11-08
ASM011945,STU0679,CRS011,1,quiz,25,16.9,2024-03-30,2024-03-30
ASM011946,STU0679,CRS011,1,assignment,50,44.4,2024-03-29,2024-03-28
ASM011947,STU0679,CRS011,2,quiz,25,14.1,2024-04-11,2024-04-18
ASM011948,STU0679,CRS011,2,assignment,50,29.7,2024-04-21,2024-04-20
ASM011949,STU0679,CRS011,3,quiz,25,12.2,2024-05-01,2024-05-02
ASM011950,STU0679,CRS011,3,assignment,50,24.8,2024-05-04,2024-05-04
ASM011951,STU0679,CRS011,3,project,100,59.8,2024-05-16,2024-05-21
ASM011952,STU0679,CRS011,4,quiz,25,23.0,2024-05-13,2024-05-12
ASM011953,STU0679,CRS011,4,assignment,50,26.4,2024-05-09,2024-05-09
ASM011954,STU0679,CRS011,5,quiz,25,14.5,2024-06-12,2024-06-13
ASM011955,STU0679,CRS011,5,assignment,50,48.0,2024-06-22,2024-06-22
ASM011956,STU0679,CRS011,6,quiz,25,5.2,2024-06-06,2024-06-04
ASM011957,STU0679,CRS011,6,assignment,50,28.6,2024-06-18,2024-06-18
ASM011958,STU0679,CRS011,6,project,100,70.3,2024-06-24,2024-06-24
ASM011959,STU0679,CRS011,7,quiz,25,13.8,2024-06-20,2024-06-23
ASM011960,STU0679,CRS011,7,assignment,50,31.2,2024-08-08,2024-08-10
ASM011961,STU0679,CRS011,8,quiz,25,21.6,2024-07-04,2024-07-06
ASM011962,STU0679,CRS011,8,assignment,50,17.6,2024-07-20,2024-07-21
ASM011963,STU0679,CRS011,9,quiz,25,13.1,2024-09-10,2024-09-11
ASM011964,STU0679,CRS011,9,assignment,50,34.2,2024-09-01,2024-09-06
ASM011965,STU0679,CRS011,9,project,100,53.7,2024-09-01,2024-09-04
ASM011966,STU0679,CRS011,10,quiz,25,13.5,2024-09-30,2024-09-30
ASM011967,STU0679,CRS011,10,assignment,50,24.0,2024-09-30,2024-10-02
ASM011968,STU0679,CRS011,10,exam,100,72.3,2024-09-30,2024-10-03
ASM011969,STU0680,CRS011,1,quiz,25,9.0,2024-08-23,2024-08-23
ASM011970,STU0680,CRS011,1,assignment,50,43.6,2024-08-21,2024-08-21
ASM011971,STU0680,CRS011,2,quiz,25,8.2,2024-09-01,2024-08-30
ASM011972,STU0680,CRS011,2,assignment,50,49.0,2024-09-13,2024-09-13
ASM011973,STU0680,CRS011,3,quiz,25,18.5,2024-09-24,2024-09-29
ASM011974,STU0680,CRS011,3,assignment,50,20.9,2024-09-21,2024-09-21
ASM011975,STU0680,CRS011,3,project,100,84.6,2024-09-27,2024-09-27
ASM011976,STU0680,CRS011,4,quiz,25,2.7,2024-09-29,2024-09-29
ASM011977,STU0680,CRS011,4,assignment,50,17.5,2024-10-15,2024-10-12
ASM011978,STU0680,CRS011,5,quiz,25,19.3,2024-11-17,2024-11-19
ASM011979,STU0680,CRS011,5,assignment,50,37.1,2024-11-17,2024-11-22
ASM011980,STU0680,CRS011,6,quiz,25,11.2,2024-11-14,2024-11-15
ASM011981,STU0680,CRS011,6,assignment,50,33.2,2024-11-20,2024-11-23
ASM011982,STU0680,CRS011,6,project,100,13.9,2024-10-27,2024-10-27
ASM011983,STU0680,CRS011,7,quiz,25,2.5,2024-12-15,2024-12-15
ASM011984,STU0680,CRS011,7,assignment,50,29.8,2024-12-01,2024-12-04
ASM011985,STU0680,CRS011,7,exam,100,65.6,2024-12-01,2024-12-08
ASM011986,STU0681,CRS008,1,quiz,25,12.6,2023-02-02,2023-02-01
ASM011987,STU0681,CRS008,1,assignment,50,32.4,2023-02-07,2023-02-09
ASM011988,STU0681,CRS008,2,quiz,25,16.0,2023-03-02,2023-03-05
ASM011989,STU0681,CRS008,2,assignment,50,41.3,2023-02-28,2023-02-27
ASM011990,STU0681,CRS008,3,quiz,25,11.1,2023-03-23,2023-03-23
ASM011991,STU0681,CRS008,3,assignment,50,20.4,2023-03-02,2023-03-01
ASM011992,STU0681,CRS008,3,project,100,70.0,2023-03-02,2023-03-03
ASM011993,STU0681,CRS008,4,quiz,25,16.9,2023-04-05,2023-04-06
ASM011994,STU0681,CRS008,4,assignment,50,29.7,2023-04-13,2023-04-10
ASM011995,STU0681,CRS008,5,quiz,25,13.9,2023-05-04,2023-05-05
ASM011996,STU0681,CRS008,5,assignment,50,30.0,2023-05-04,2023-05-04
ASM011997,STU0681,CRS008,6,quiz,25,18.8,2023-05-13,2023-05-11
ASM011998,STU0681,CRS008,6,assignment,50,45.2,2023-04-13,2023-04-13
ASM011999,STU0681,CRS008,6,project,100,83.5,2023-04-13,2023-04-16
ASM012000,STU0681,CRS008,6,exam,100,82.0,2023-05-13,2023-05-18
ASM012001,STU0682,CRS019,1,quiz,25,17.7,2023-08-09,2023-08-08
ASM012002,STU0682,CRS019,1,assignment,50,43.4,2023-08-04,2023-08-04
ASM012003,STU0682,CRS019,2,quiz,25,18.9,2023-08-22,2023-08-22
ASM012004,STU0682,CRS019,2,assignment,50,33.3,2023-08-22,2023-08-22
ASM012005,STU0682,CRS019,3,quiz,25,14.5,2023-09-01,2023-09-01
ASM012006,STU0682,CRS019,3,assignment,50,37.8,2023-09-01,2023-09-01
ASM012007,STU0682,CRS019,3,project,100,54.9,2023-09-07,2023-09-14
ASM012008,STU0682,CRS019,4,quiz,25,19.3,2023-10-05,2023-10-08
ASM012009,STU0682,CRS019,4,assignment,50,38.1,2023-09-19,2023-09-18
ASM012010,STU0682,CRS019,5,quiz,25,20.5,2023-10-04,2023-10-06
ASM012011,STU0682,CRS019,5,assignment,50,40.7,2023-11-03,2023-11-04
ASM012012,STU0682,CRS019,6,quiz,25,15.7,2023-11-12,2023-11-10
ASM012013,STU0682,CRS019,6,assignment,50,30.0,2023-10-19,2023-10-22
ASM012014,STU0682,CRS019,6,project,100,59.2,2023-10-13,2023-10-13
ASM012015,STU0682,CRS019,6,exam,100,68.1,2023-10-19,2023-10-21
ASM012016,STU0683,CRS006,1,quiz,25,16.8,2024-02-26,2024-02-26
ASM012017,STU0683,CRS006,1,assignment,50,31.7,2024-02-26,2024-03-04
ASM012018,STU0683,CRS006,2,quiz,25,11.9,2024-03-21,2024-03-21
ASM012019,STU0683,CRS006,2,assignment,50,33.9,2024-03-17,2024-03-16
ASM012020,STU0683,CRS006,3,quiz,25,11.2,2024-03-31,2024-04-02
ASM012021,STU0683,CRS006,3,assignment,50,41.8,2024-04-12,2024-04-12
ASM012022,STU0683,CRS006,3,project,100,50.2,2024-04-15,2024-04-14
ASM012023,STU0683,CRS006,4,quiz,25,17.9,2024-05-06,2024-05-08
ASM012024,STU0683,CRS006,4,assignment,50,43.6,2024-04-16,2024-04-17
ASM012025,STU0683,CRS006,5,quiz,25,12.8,2024-05-02,2024-05-05
ASM012026,STU0683,CRS006,5,assignment,50,27.2,2024-04-22,2024-04-22
ASM012027,STU0683,CRS006,6,quiz,25,18.0,2024-05-24,2024-05-24
ASM012028,STU0683,CRS006,6,assignment,50,33.5,2024-05-30,2024-06-01
ASM012029,STU0683,CRS006,6,project,100,74.7,2024-05-12,2024-05-11
ASM012030,STU0683,CRS006,7,quiz,25,24.5,2024-05-27,2024-05-25
ASM012031,STU0683,CRS006,7,assignment,50,37.1,2024-06-24,2024-06-24
ASM012032,STU0683,CRS006,8,quiz,25,10.9,2024-07-21,2024-07-21
ASM012033,STU0683,CRS006,8,assignment,50,26.9,2024-07-05,2024-07-08
ASM012034,STU0683,CRS006,9,quiz,25,17.5,2024-08-10,2024-08-10
ASM012035,STU0683,CRS006,9,assignment,50,27.4,2024-07-14,2024-07-12
ASM012036,STU0683,CRS006,9,project,100,92.7,2024-08-01,2024-08-02
ASM012037,STU0683,CRS006,10,quiz,25,9.6,2024-08-10,2024-08-10
ASM012038,STU0683,CRS006,10,assignment,50,39.8,2024-08-20,2024-08-17
ASM012039,STU0683,CRS006,10,exam,100,80.3,2024-08-20,2024-08-27
ASM012040,STU0684,CRS014,1,quiz,25,14.0,2024-08-08,2024-08-10
ASM012041,STU0684,CRS014,1,assignment,50,23.7,2024-08-06,2024-08-06
ASM012042,STU0684,CRS014,2,quiz,25,12.3,2024-08-31,2024-09-02
ASM012043,STU0684,CRS014,2,assignment,50,32.8,2024-08-25,2024-09-01
ASM012044,STU0684,CRS014,3,quiz,25,13.9,2024-09-02,2024-09-01
ASM012045,STU0684,CRS014,3,assignment,50,34.4,2024-09-11,2024-09-10
ASM012046,STU0684,CRS014,3,project,100,86.4,2024-09-11,2024-09-09
ASM012047,STU0684,CRS014,4,quiz,25,16.9,2024-10-10,2024-10-07
ASM012048,STU0684,CRS014,4,assignment,50,34.2,2024-09-24,2024-09-24
ASM012049,STU0684,CRS014,5,quiz,25,16.8,2024-10-20,2024-10-17
ASM012050,STU0684,CRS014,5,assignment,50,25.9,2024-10-30,2024-11-04
ASM012051,STU0684,CRS014,6,quiz,25,8.2,2024-11-19,2024-11-19
ASM012052,STU0684,CRS014,6,assignment,50,35.9,2024-10-26,2024-10-26
ASM012053,STU0684,CRS014,6,project,100,43.8,2024-10-26,2024-10-26
ASM012054,STU0684,CRS014,6,exam,100,68.1,2024-11-19,2024-11-26
ASM012055,STU0685,CRS007,1,quiz,25,19.2,2023-03-01,2023-03-01
ASM012056,STU0685,CRS007,1,assignment,50,33.6,2023-03-05,2023-03-04
ASM012057,STU0685,CRS007,2,quiz,25,18.1,2023-03-12,2023-03-14
ASM012058,STU0685,CRS007,2,assignment,50,8.2,2023-03-16,2023-03-15
ASM012059,STU0685,CRS007,3,quiz,25,22.3,2023-03-26,2023-03-26
ASM012060,STU0685,CRS007,3,assignment,50,34.8,2023-04-01,2023-03-31
ASM012061,STU0685,CRS007,3,project,100,58.5,2023-04-16,2023-04-14
ASM012062,STU0685,CRS007,4,quiz,25,12.3,2023-05-03,2023-05-01
ASM012063,STU0685,CRS007,4,assignment,50,22.7,2023-04-09,2023-04-09
ASM012064,STU0685,CRS007,5,quiz,25,8.5,2023-05-23,2023-05-25
ASM012065,STU0685,CRS007,5,assignment,50,45.0,2023-05-23,2023-05-23
ASM012066,STU0685,CRS007,6,quiz,25,13.5,2023-05-13,2023-05-16
ASM012067,STU0685,CRS007,6,assignment,50,19.0,2023-06-12,2023-06-09
ASM012068,STU0685,CRS007,6,project,100,90.9,2023-06-12,2023-06-15
ASM012069,STU0685,CRS007,7,quiz,25,19.5,2023-05-28,2023-05-31
ASM012070,STU0685,CRS007,7,assignment,50,42.6,2023-06-18,2023-06-19
ASM012071,STU0685,CRS007,8,quiz,25,12.8,2023-06-20,2023-06-20
ASM012072,STU0685,CRS007,8,assignment,50,30.6,2023-07-14,2023-07-14
ASM012073,STU0685,CRS007,8,exam,100,69.4,2023-06-04,2023-06-04
ASM012074,STU0686,CRS009,1,quiz,25,9.6,2023-09-23,2023-09-22
ASM012075,STU0686,CRS009,1,assignment,50,20.4,2023-09-25,2023-09-23
ASM012076,STU0686,CRS009,2,quiz,25,11.2,2023-10-19,2023-10-16
ASM012077,STU0686,CRS009,2,assignment,50,38.2,2023-10-07,2023-10-04
ASM012078,STU0686,CRS009,3,quiz,25,17.4,2023-10-19,2023-10-20
ASM012079,STU0686,CRS009,3,assignment,50,31.5,2023-11-03,2023-11-06
ASM012080,STU0686,CRS009,3,project,100,98.0,2023-11-09,2023-11-09
ASM012081,STU0686,CRS009,4,quiz,25,17.3,2023-11-02,2023-11-07
ASM012082,STU0686,CRS009,4,assignment,50,25.7,2023-11-14,2023-11-13
ASM012083,STU0686,CRS009,5,quiz,25,14.4,2023-12-16,2023-12-21
ASM012084,STU0686,CRS009,5,assignment,50,40.5,2023-12-21,2023-12-26
ASM012085,STU0686,CRS009,6,quiz,25,17.5,2023-12-12,2023-12-12
ASM012086,STU0686,CRS009,6,assignment,50,38.2,2023-11-30,2023-11-30
ASM012087,STU0686,CRS009,6,project,100,59.7,2024-01-05,2024-01-06
ASM012088,STU0686,CRS009,7,quiz,25,17.0,2024-02-01,2024-02-02
ASM012089,STU0686,CRS009,7,assignment,50,43.0,2024-01-11,2024-01-10
ASM012090,STU0686,CRS009,8,quiz,25,17.1,2023-12-28,2023-12-30
ASM012091,STU0686,CRS009,8,assignment,50,43.9,2024-01-21,2024-01-21
ASM012092,STU0686,CRS009,9,quiz,25,24.5,2024-02-25,2024-02-26
ASM012093,STU0686,CRS009,9,assignment,50,42.8,2024-02-07,2024-02-07
ASM012094,STU0686,CRS009,9,project,100,86.0,2024-03-14,2024-03-11
ASM012095,STU0686,CRS009,10,quiz,25,21.2,2024-02-04,2024-02-04
ASM012096,STU0686,CRS009,10,assignment,50,29.6,2024-02-04,2024-02-03
ASM012097,STU0686,CRS009,11,quiz,25,23.6,2024-04-25,2024-04-24
ASM012098,STU0686,CRS009,11,assignment,50,40.3,2024-02-19,2024-02-21
ASM012099,STU0686,CRS009,12,quiz,25,19.6,2024-04-22,2024-04-22
ASM012100,STU0686,CRS009,12,assignment,50,40.3,2024-04-10,2024-04-17
ASM012101,STU0686,CRS009,12,project,100,75.7,2024-04-10,2024-04-09
ASM012102,STU0686,CRS009,12,exam,100,46.8,2024-03-17,2024-03-17
ASM012103,STU0687,CRS006,1,quiz,25,19.6,2024-03-20,2024-03-20
ASM012104,STU0687,CRS006,1,assignment,50,24.8,2024-03-26,2024-03-24
ASM012105,STU0687,CRS006,2,quiz,25,20.5,2024-04-11,2024-04-13
ASM012106,STU0687,CRS006,2,assignment,50,27.9,2024-04-11,2024-04-12
ASM012107,STU0687,CRS006,3,quiz,25,18.5,2024-05-05,2024-05-04
ASM012108,STU0687,CRS006,3,assignment,50,32.9,2024-05-08,2024-05-08
ASM012109,STU0687,CRS006,3,project,100,80.7,2024-05-05,2024-05-12
ASM012110,STU0687,CRS006,4,quiz,25,20.9,2024-05-29,2024-05-29
ASM012111,STU0687,CRS006,4,assignment,50,29.9,2024-05-21,2024-05-23
ASM012112,STU0687,CRS006,5,quiz,25,18.2,2024-06-09,2024-06-10
ASM012113,STU0687,CRS006,5,assignment,50,24.5,2024-06-04,2024-06-02
ASM012114,STU0687,CRS006,6,quiz,25,23.1,2024-07-04,2024-07-04
ASM012115,STU0687,CRS006,6,assignment,50,41.9,2024-06-10,2024-06-10
ASM012116,STU0687,CRS006,6,project,100,71.8,2024-06-10,2024-06-17
ASM012117,STU0687,CRS006,7,quiz,25,15.6,2024-07-24,2024-07-24
ASM012118,STU0687,CRS006,7,assignment,50,42.0,2024-06-12,2024-06-10
ASM012119,STU0687,CRS006,8,quiz,25,11.4,2024-07-28,2024-07-26
ASM012120,STU0687,CRS006,8,assignment,50,31.5,2024-07-20,2024-07-20
ASM012121,STU0687,CRS006,9,quiz,25,10.2,2024-08-06,2024-08-13
ASM012122,STU0687,CRS006,9,assignment,50,21.7,2024-09-02,2024-08-31
ASM012123,STU0687,CRS006,9,project,100,64.5,2024-08-24,2024-08-25
ASM012124,STU0687,CRS006,10,quiz,25,22.8,2024-09-22,2024-09-21
ASM012125,STU0687,CRS006,10,assignment,50,35.7,2024-09-22,2024-09-25
ASM012126,STU0687,CRS006,10,exam,100,64.3,2024-09-12,2024-09-12
ASM012127,STU0688,CRS020,1,quiz,25,10.8,2024-08-07,2024-08-06
ASM012128,STU0688,CRS020,1,assignment,50,28.6,2024-08-04,2024-08-03
ASM012129,STU0688,CRS020,2,quiz,25,19.2,2024-08-16,2024-08-17
ASM012130,STU0688,CRS020,2,assignment,50,22.2,2024-08-26,2024-08-24
ASM012131,STU0688,CRS020,3,quiz,25,20.8,2024-09-06,2024-09-07
ASM012132,STU0688,CRS020,3,assignment,50,32.7,2024-08-28,2024-08-29
ASM012133,STU0688,CRS020,3,project,100,52.4,2024-09-03,2024-09-05
ASM012134,STU0688,CRS020,4,quiz,25,18.2,2024-10-05,2024-10-06
ASM012135,STU0688,CRS020,4,assignment,50,25.8,2024-09-11,2024-09-11
ASM012136,STU0688,CRS020,4,exam,100,70.9,2024-09-11,2024-09-11
ASM012137,STU0689,CRS011,1,quiz,25,12.3,2023-02-08,2023-02-05
ASM012138,STU0689,CRS011,1,assignment,50,27.0,2023-02-12,2023-02-14
ASM012139,STU0689,CRS011,2,quiz,25,24.5,2023-03-03,2023-03-03
ASM012140,STU0689,CRS011,2,assignment,50,25.1,2023-02-27,2023-02-24
ASM012141,STU0689,CRS011,3,quiz,25,12.7,2023-03-10,2023-03-10
ASM012142,STU0689,CRS011,3,assignment,50,31.7,2023-03-25,2023-03-23
ASM012143,STU0689,CRS011,3,project,100,81.9,2023-03-28,2023-03-29
ASM012144,STU0689,CRS011,4,quiz,25,11.3,2023-03-29,2023-03-31
ASM012145,STU0689,CRS011,4,assignment,50,25.9,2023-03-21,2023-03-26
ASM012146,STU0689,CRS011,5,quiz,25,23.9,2023-04-14,2023-04-14
ASM012147,STU0689,CRS011,5,assignment,50,33.9,2023-05-09,2023-05-10
ASM012148,STU0689,CRS011,6,quiz,25,14.9,2023-05-06,2023-05-05
ASM012149,STU0689,CRS011,6,assignment,50,21.6,2023-05-24,2023-05-31
ASM012150,STU0689,CRS011,6,project,100,87.2,2023-05-24,2023-05-24
ASM012151,STU0689,CRS011,7,quiz,25,10.3,2023-05-09,2023-05-06
ASM012152,STU0689,CRS011,7,assignment,50,36.6,2023-06-13,2023-06-15
ASM012153,STU0689,CRS011,8,quiz,25,17.0,2023-05-24,2023-05-27
ASM012154,STU0689,CRS011,8,assignment,50,28.8,2023-06-17,2023-06-14
ASM012155,STU0689,CRS011,9,quiz,25,20.6,2023-06-17,2023-06-17
ASM012156,STU0689,CRS011,9,assignment,50,29.7,2023-06-17,2023-06-15
ASM012157,STU0689,CRS011,9,project,100,76.6,2023-08-01,2023-08-08
ASM012158,STU0689,CRS011,10,quiz,25,14.4,2023-07-23,2023-07-25
ASM012159,STU0689,CRS011,10,assignment,50,28.3,2023-07-23,2023-07-25
ASM012160,STU0689,CRS011,10,exam,100,70.1,2023-08-12,2023-08-13
ASM012161,STU0690,CRS008,1,quiz,25,15.0,2023-10-03,2023-10-01
ASM012162,STU0690,CRS008,1,assignment,50,37.8,2023-10-05,2023-10-08
ASM012163,STU0690,CRS008,2,quiz,25,17.0,2023-10-20,2023-10-18
ASM012164,STU0690,CRS008,2,assignment,50,32.5,2023-10-22,2023-10-23
ASM012165,STU0690,CRS008,3,quiz,25,21.4,2023-11-10,2023-11-09
ASM012166,STU0690,CRS008,3,assignment,50,16.0,2023-11-16,2023-11-16
ASM012167,STU0690,CRS008,3,project,100,37.8,2023-11-16,2023-11-21
ASM012168,STU0690,CRS008,4,quiz,25,13.4,2023-11-09,2023-11-08
ASM012169,STU0690,CRS008,4,assignment,50,36.5,2023-11-13,2023-11-14
ASM012170,STU0690,CRS008,5,quiz,25,14.4,2023-12-03,2023-12-05
ASM012171,STU0690,CRS008,5,assignment,50,49.0,2023-11-23,2023-11-25
ASM012172,STU0690,CRS008,6,quiz,25,22.2,2023-12-31,2024-01-01
ASM012173,STU0690,CRS008,6,assignment,50,33.1,2023-12-07,2023-12-12
ASM012174,STU0690,CRS008,6,project,100,98.0,2023-12-19,2023-12-20
ASM012175,STU0690,CRS008,6,exam,100,60.3,2024-01-18,2024-01-18
ASM012176,STU0691,CRS017,1,quiz,25,22.6,2024-02-05,2024-02-04
ASM012177,STU0691,CRS017,1,assignment,50,27.6,2024-02-03,2024-02-03
ASM012178,STU0691,CRS017,2,quiz,25,22.6,2024-02-27,2024-03-03
ASM012179,STU0691,CRS017,2,assignment,50,30.4,2024-02-29,2024-03-01
ASM012180,STU0691,CRS017,3,quiz,25,7.1,2024-02-29,2024-02-28
ASM012181,STU0691,CRS017,3,assignment,50,41.3,2024-03-21,2024-03-26
ASM012182,STU0691,CRS017,3,project,100,83.6,2024-03-18,2024-03-19
ASM012183,STU0691,CRS017,4,quiz,25,21.2,2024-04-11,2024-04-10
ASM012184,STU0691,CRS017,4,assignment,50,21.6,2024-03-26,2024-03-27
ASM012185,STU0691,CRS017,5,quiz,25,17.5,2024-04-17,2024-04-15
ASM012186,STU0691,CRS017,5,assignment,50,23.6,2024-04-02,2024-03-30
ASM012187,STU0691,CRS017,6,quiz,25,15.5,2024-05-23,2024-05-23
ASM012188,STU0691,CRS017,6,assignment,50,37.9,2024-04-23,2024-04-23
ASM012189,STU0691,CRS017,6,project,100,58.7,2024-04-29,2024-04-27
ASM012190,STU0691,CRS017,6,exam,100,57.8,2024-04-23,2024-04-23
ASM012191,STU0692,CRS009,1,quiz,25,12.7,2024-09-25,2024-09-25
ASM012192,STU0692,CRS009,1,assignment,50,42.5,2024-09-19,2024-09-26
ASM012193,STU0692,CRS009,2,quiz,25,16.0,2024-10-07,2024-10-06
ASM012194,STU0692,CRS009,2,assignment,50,32.2,2024-10-13,2024-10-13
ASM012195,STU0692,CRS009,3,quiz,25,19.5,2024-10-20,2024-10-20
ASM012196,STU0692,CRS009,3,assignment,50,23.5,2024-10-29,2024-10-28
ASM012197,STU0692,CRS009,3,project,100,59.7,2024-11-01,2024-11-04
ASM012198,STU0692,CRS009,4,quiz,25,18.1,2024-11-08,2024-11-15
ASM012199,STU0692,CRS009,4,assignment,50,38.8,2024-11-12,2024-11-11
ASM012200,STU0692,CRS009,5,quiz,25,14.5,2024-12-19,2024-12-20
ASM012201,STU0692,CRS009,5,assignment,50,30.5,2024-11-14,2024-11-14
ASM012202,STU0693,CRS013,1,quiz,25,14.8,2023-03-27,2023-03-27
ASM012203,STU0693,CRS013,1,assignment,50,42.7,2023-03-28,2023-03-27
ASM012204,STU0693,CRS013,2,quiz,25,14.0,2023-04-15,2023-04-18
ASM012205,STU0693,CRS013,2,assignment,50,36.0,2023-04-07,2023-04-08
ASM012206,STU0693,CRS013,3,quiz,25,22.9,2023-04-24,2023-04-23
ASM012207,STU0693,CRS013,3,assignment,50,35.3,2023-04-27,2023-04-25
ASM012208,STU0693,CRS013,3,project,100,69.1,2023-05-09,2023-05-09
ASM012209,STU0693,CRS013,4,quiz,25,15.3,2023-05-13,2023-05-11
ASM012210,STU0693,CRS013,4,assignment,50,29.4,2023-05-21,2023-05-20
ASM012211,STU0693,CRS013,5,quiz,25,13.1,2023-06-23,2023-06-30
ASM012212,STU0693,CRS013,5,assignment,50,32.3,2023-06-23,2023-06-24
ASM012213,STU0693,CRS013,6,quiz,25,24.5,2023-07-14,2023-07-12
ASM012214,STU0693,CRS013,6,assignment,50,38.8,2023-07-14,2023-07-11
ASM012215,STU0693,CRS013,6,project,100,60.4,2023-07-02,2023-07-07
ASM012216,STU0693,CRS013,7,quiz,25,9.9,2023-06-30,2023-06-30
ASM012217,STU0693,CRS013,7,assignment,50,15.3,2023-07-07,2023-07-06
ASM012218,STU0693,CRS013,8,quiz,25,22.1,2023-07-24,2023-07-22
ASM012219,STU0693,CRS013,8,assignment,50,47.9,2023-08-09,2023-08-09
ASM012220,STU0693,CRS013,8,exam,100,65.6,2023-06-30,2023-06-29
ASM012221,STU0694,CRS018,1,quiz,25,2.5,2023-08-20,2023-08-17
ASM012222,STU0694,CRS018,1,assignment,50,29.7,2023-08-16,2023-08-16
ASM012223,STU0694,CRS018,2,quiz,25,12.9,2023-09-10,2023-09-10
ASM012224,STU0694,CRS018,2,assignment,50,44.8,2023-09-02,2023-09-03
ASM012225,STU0694,CRS018,3,quiz,25,18.2,2023-09-28,2023-09-30
ASM012226,STU0694,CRS018,3,assignment,50,43.4,2023-09-13,2023-09-15
ASM012227,STU0694,CRS018,3,project,100,61.0,2023-09-22,2023-09-22
ASM012228,STU0694,CRS018,4,quiz,25,24.5,2023-10-06,2023-10-13
ASM012229,STU0694,CRS018,4,assignment,50,30.2,2023-10-14,2023-10-14
ASM012230,STU0694,CRS018,5,quiz,25,10.5,2023-10-18,2023-10-18
ASM012231,STU0694,CRS018,5,assignment,50,41.8,2023-10-18,2023-10-19
ASM012232,STU0694,CRS018,6,quiz,25,16.8,2023-11-21,2023-11-19
ASM012233,STU0694,CRS018,6,assignment,50,41.3,2023-11-21,2023-11-20
ASM012234,STU0694,CRS018,6,project,100,56.5,2023-12-03,2023-12-10
ASM012235,STU0694,CRS018,7,quiz,25,16.0,2023-12-10,2023-12-11
ASM012236,STU0694,CRS018,7,assignment,50,26.6,2023-11-26,2023-11-24
ASM012237,STU0694,CRS018,8,quiz,25,16.5,2024-01-14,2024-01-14
ASM012238,STU0694,CRS018,8,assignment,50,29.1,2023-12-13,2023-12-14
ASM012239,STU0694,CRS018,8,exam,100,60.2,2024-01-14,2024-01-14
ASM012240,STU0695,CRS004,1,quiz,25,17.3,2024-03-26,2024-03-27
ASM012241,STU0695,CRS004,1,assignment,50,29.1,2024-03-27,2024-03-27
ASM012242,STU0695,CRS004,2,quiz,25,14.4,2024-04-03,2024-04-05
ASM012243,STU0695,CRS004,2,assignment,50,24.9,2024-04-03,2024-04-02
ASM012244,STU0695,CRS004,3,quiz,25,15.6,2024-05-02,2024-05-05
ASM012245,STU0695,CRS004,3,assignment,50,37.1,2024-05-08,2024-05-06
ASM012246,STU0695,CRS004,3,project,100,65.3,2024-04-23,2024-04-28
ASM012247,STU0695,CRS004,4,quiz,25,10.9,2024-05-13,2024-05-13
ASM012248,STU0695,CRS004,4,assignment,50,17.5,2024-05-25,2024-05-24
ASM012249,STU0695,CRS004,5,quiz,25,17.4,2024-05-15,2024-05-15
ASM012250,STU0695,CRS004,5,assignment,50,42.8,2024-06-14,2024-06-21
ASM012251,STU0695,CRS004,6,quiz,25,10.3,2024-06-16,2024-06-15
ASM012252,STU0695,CRS004,6,assignment,50,28.1,2024-06-10,2024-06-11
ASM012253,STU0695,CRS004,6,project,100,74.7,2024-07-10,2024-07-09
ASM012254,STU0695,CRS004,6,exam,100,50.2,2024-06-10,2024-06-09
ASM012255,STU0696,CRS001,1,quiz,25,22.6,2024-08-08,2024-08-08
ASM012256,STU0696,CRS001,1,assignment,50,40.4,2024-08-06,2024-08-05
ASM012257,STU0696,CRS001,2,quiz,25,17.7,2024-08-23,2024-08-25
ASM012258,STU0696,CRS001,2,assignment,50,42.6,2024-08-15,2024-08-15
ASM012259,STU0696,CRS001,3,quiz,25,15.8,2024-09-19,2024-09-20
ASM012260,STU0696,CRS001,3,assignment,50,24.8,2024-09-10,2024-09-09
ASM012261,STU0696,CRS001,3,project,100,72.4,2024-09-10,2024-09-12
ASM012262,STU0696,CRS001,4,quiz,25,10.5,2024-10-06,2024-10-07
ASM012263,STU0696,CRS001,4,assignment,50,11.0,2024-10-02,2024-10-09
ASM012264,STU0696,CRS001,5,quiz,25,10.8,2024-10-26,2024-10-25
ASM012265,STU0696,CRS001,5,assignment,50,31.5,2024-10-16,2024-10-17
ASM012266,STU0696,CRS001,6,quiz,25,16.1,2024-10-22,2024-10-24
ASM012267,STU0696,CRS001,6,assignment,50,40.0,2024-11-21,2024-11-26
ASM012268,STU0696,CRS001,6,project,100,72.6,2024-10-28,2024-10-29
ASM012269,STU0696,CRS001,7,quiz,25,21.1,2024-12-05,2024-12-05
ASM012270,STU0696,CRS001,7,assignment,50,32.8,2024-11-28,2024-11-29
ASM012271,STU0696,CRS001,7,exam,100,59.5,2024-11-07,2024-11-07
ASM012272,STU0697,CRS007,1,quiz,25,14.5,2023-03-22,2023-03-27
ASM012273,STU0697,CRS007,1,assignment,50,28.1,2023-03-23,2023-03-24
ASM012274,STU0697,CRS007,2,quiz,25,17.2,2023-04-05,2023-04-05
ASM012275,STU0697,CRS007,2,assignment,50,36.6,2023-04-07,2023-04-06
ASM012276,STU0697,CRS007,3,quiz,25,12.4,2023-05-07,2023-05-14
ASM012277,STU0697,CRS007,3,assignment,50,37.5,2023-04-22,2023-04-23
ASM012278,STU0697,CRS007,3,project,100,37.7,2023-05-07,2023-05-09
ASM012279,STU0697,CRS007,4,quiz,25,19.6,2023-05-07,2023-05-08
ASM012280,STU0697,CRS007,4,assignment,50,34.9,2023-05-19,2023-05-26
ASM012281,STU0697,CRS007,5,quiz,25,18.8,2023-05-22,2023-05-19
ASM012282,STU0697,CRS007,5,assignment,50,44.5,2023-06-11,2023-06-11
ASM012283,STU0697,CRS007,6,quiz,25,10.6,2023-06-24,2023-06-24
ASM012284,STU0697,CRS007,6,assignment,50,38.8,2023-07-06,2023-07-06
ASM012285,STU0697,CRS007,6,project,100,61.3,2023-07-12,2023-07-15
ASM012286,STU0697,CRS007,7,quiz,25,10.3,2023-08-02,2023-08-02
ASM012287,STU0697,CRS007,7,assignment,50,33.1,2023-07-12,2023-07-10
ASM012288,STU0697,CRS007,8,quiz,25,16.4,2023-08-07,2023-08-08
ASM012289,STU0697,CRS007,8,assignment,50,47.3,2023-07-14,2023-07-13
ASM012290,STU0697,CRS007,8,exam,100,75.6,2023-08-15,2023-08-17
ASM012291,STU0698,CRS003,1,quiz,25,14.4,2023-09-06,2023-09-04
ASM012292,STU0698,CRS003,1,assignment,50,20.3,2023-09-10,2023-09-12
ASM012293,STU0698,CRS003,2,quiz,25,11.8,2023-09-30,2023-10-07
ASM012294,STU0698,CRS003,2,assignment,50,47.6,2023-10-02,2023-10-01
ASM012295,STU0698,CRS003,3,quiz,25,17.7,2023-10-02,2023-10-02
ASM012296,STU0698,CRS003,3,assignment,50,14.4,2023-10-08,2023-10-08
ASM012297,STU0698,CRS003,3,project,100,63.3,2023-10-02,2023-10-09
ASM012298,STU0698,CRS003,4,quiz,25,14.6,2023-11-09,2023-11-07
ASM012299,STU0698,CRS003,4,assignment,50,20.9,2023-10-28,2023-10-26
ASM012300,STU0698,CRS003,5,quiz,25,13.3,2023-11-04,2023-11-04
ASM012301,STU0698,CRS003,5,assignment,50,34.3,2023-10-30,2023-10-30
ASM012302,STU0698,CRS003,5,exam,100,60.5,2023-11-29,2023-11-27
ASM012303,STU0699,CRS003,1,quiz,25,19.1,2024-01-30,2024-01-29
ASM012304,STU0699,CRS003,1,assignment,50,24.3,2024-02-04,2024-02-04
ASM012305,STU0699,CRS003,2,quiz,25,7.9,2024-02-21,2024-02-19
ASM012306,STU0699,CRS003,2,assignment,50,36.8,2024-02-27,2024-02-27
ASM012307,STU0699,CRS003,3,quiz,25,20.9,2024-03-16,2024-03-17
ASM012308,STU0699,CRS003,3,assignment,50,39.7,2024-03-10,2024-03-10
ASM012309,STU0699,CRS003,3,project,100,45.6,2024-02-27,2024-02-27
ASM012310,STU0699,CRS003,4,quiz,25,11.6,2024-04-09,2024-04-08
ASM012311,STU0699,CRS003,4,assignment,50,35.8,2024-04-05,2024-04-07
ASM012312,STU0699,CRS003,5,quiz,25,14.3,2024-04-10,2024-04-07
ASM012313,STU0699,CRS003,5,assignment,50,28.7,2024-04-30,2024-04-30
ASM012314,STU0699,CRS003,5,exam,100,83.8,2024-04-05,2024-04-04
ASM012315,STU0700,CRS015,1,quiz,25,6.7,2024-09-21,2024-09-21
ASM012316,STU0700,CRS015,1,assignment,50,14.3,2024-09-24,2024-09-24
ASM012317,STU0700,CRS015,2,quiz,25,13.0,2024-10-14,2024-10-21
ASM012318,STU0700,CRS015,2,assignment,50,34.8,2024-10-06,2024-10-11
ASM012319,STU0700,CRS015,3,quiz,25,16.5,2024-10-25,2024-10-22
ASM012320,STU0700,CRS015,3,assignment,50,30.1,2024-11-06,2024-11-04
ASM012321,STU0700,CRS015,3,project,100,74.5,2024-10-31,2024-10-30
ASM012322,STU0700,CRS015,4,quiz,25,10.7,2024-11-19,2024-11-16
ASM012323,STU0700,CRS015,4,assignment,50,34.5,2024-11-11,2024-11-14
ASM012324,STU0700,CRS015,5,quiz,25,13.3,2024-12-18,2024-12-21
ASM012325,STU0700,CRS015,5,assignment,50,27.9,2024-11-18,2024-11-16
ASM012326,STU0700,CRS015,5,exam,100,82.3,2024-11-18,2024-11-17
ASM012327,STU0701,CRS011,1,quiz,25,17.8,2023-02-07,2023-02-12
ASM012328,STU0701,CRS011,1,assignment,50,39.3,2023-02-11,2023-02-11
ASM012329,STU0701,CRS011,2,quiz,25,11.8,2023-02-21,2023-02-22
ASM012330,STU0701,CRS011,2,assignment,50,35.4,2023-03-01,2023-02-27
ASM012331,STU0701,CRS011,3,quiz,25,20.3,2023-03-17,2023-03-18
ASM012332,STU0701,CRS011,3,assignment,50,46.8,2023-03-14,2023-03-15
ASM012333,STU0701,CRS011,3,project,100,53.9,2023-03-20,2023-03-25
ASM012334,STU0701,CRS011,4,quiz,25,18.0,2023-03-23,2023-03-25
ASM012335,STU0701,CRS011,4,assignment,50,34.1,2023-03-23,2023-03-26
ASM012336,STU0701,CRS011,5,quiz,25,14.8,2023-04-07,2023-04-07
ASM012337,STU0701,CRS011,5,assignment,50,23.8,2023-04-07,2023-04-08
ASM012338,STU0701,CRS011,6,quiz,25,20.3,2023-04-16,2023-04-13
ASM012339,STU0701,CRS011,6,assignment,50,27.6,2023-05-28,2023-05-28
ASM012340,STU0701,CRS011,6,project,100,92.6,2023-05-10,2023-05-10
ASM012341,STU0701,CRS011,7,quiz,25,13.9,2023-04-30,2023-05-02
ASM012342,STU0701,CRS011,7,assignment,50,22.2,2023-06-04,2023-06-02
ASM012343,STU0701,CRS011,8,quiz,25,20.6,2023-06-07,2023-06-08
ASM012344,STU0701,CRS011,8,assignment,50,26.7,2023-05-22,2023-05-29
ASM012345,STU0701,CRS011,9,quiz,25,14.4,2023-06-06,2023-06-07
ASM012346,STU0701,CRS011,9,assignment,50,23.7,2023-05-28,2023-05-25
ASM012347,STU0701,CRS011,9,project,100,82.9,2023-07-21,2023-07-28
ASM012348,STU0701,CRS011,10,quiz,25,17.7,2023-06-21,2023-06-24
ASM012349,STU0701,CRS011,10,assignment,50,49.0,2023-07-21,2023-07-21
ASM012350,STU0701,CRS011,10,exam,100,83.6,2023-08-10,2023-08-13
ASM012351,STU0702,CRS002,1,quiz,25,11.3,2023-08-14,2023-08-12
ASM012352,STU0702,CRS002,1,assignment,50,34.0,2023-08-10,2023-08-12
ASM012353,STU0702,CRS002,2,quiz,25,24.5,2023-08-30,2023-08-29
ASM012354,STU0702,CRS002,2,assignment,50,32.7,2023-09-05,2023-09-03
ASM012355,STU0702,CRS002,3,quiz,25,3.9,2023-09-05,2023-09-05
ASM012356,STU0702,CRS002,3,assignment,50,29.5,2023-09-11,2023-09-10
ASM012357,STU0702,CRS002,3,project,100,52.6,2023-09-05,2023-09-04
ASM012358,STU0702,CRS002,4,quiz,25,12.1,2023-10-09,2023-10-10
ASM012359,STU0702,CRS002,4,assignment,50,39.0,2023-09-27,2023-09-26
ASM012360,STU0702,CRS002,5,quiz,25,16.4,2023-10-18,2023-10-16
ASM012361,STU0702,CRS002,5,assignment,50,23.3,2023-10-08,2023-10-09
ASM012362,STU0702,CRS002,6,quiz,25,15.7,2023-11-28,2023-11-28
ASM012363,STU0702,CRS002,6,assignment,50,37.0,2023-11-22,2023-11-21
ASM012364,STU0702,CRS002,6,project,100,77.7,2023-11-10,2023-11-11
ASM012365,STU0702,CRS002,6,exam,100,59.9,2023-11-28,2023-11-28
ASM012366,STU0703,CRS013,1,quiz,25,14.6,2024-03-04,2024-03-04
ASM012367,STU0703,CRS013,1,assignment,50,37.7,2024-03-05,2024-03-08
ASM012368,STU0703,CRS013,2,quiz,25,15.1,2024-03-24,2024-03-22
ASM012369,STU0703,CRS013,2,assignment,50,44.2,2024-03-14,2024-03-12
ASM012370,STU0703,CRS013,3,quiz,25,23.0,2024-04-15,2024-04-14
ASM012371,STU0703,CRS013,3,assignment,50,45.6,2024-04-09,2024-04-14
ASM012372,STU0703,CRS013,3,project,100,20.7,2024-04-18,2024-04-23
ASM012373,STU0703,CRS013,4,quiz,25,10.8,2024-05-09,2024-05-10
ASM012374,STU0703,CRS013,4,assignment,50,34.3,2024-04-27,2024-04-30
ASM012375,STU0703,CRS013,5,quiz,25,19.2,2024-05-05,2024-05-05
ASM012376,STU0703,CRS013,5,assignment,50,43.5,2024-05-20,2024-05-21
ASM012377,STU0703,CRS013,6,quiz,25,15.3,2024-06-02,2024-06-01
ASM012378,STU0703,CRS013,6,assignment,50,43.5,2024-05-21,2024-05-19
ASM012379,STU0703,CRS013,6,project,100,51.2,2024-05-09,2024-05-07
ASM012380,STU0703,CRS013,7,quiz,25,24.4,2024-07-11,2024-07-11
ASM012381,STU0703,CRS013,7,assignment,50,28.4,2024-06-20,2024-06-22
ASM012382,STU0703,CRS013,8,quiz,25,12.4,2024-06-14,2024-06-13
ASM012383,STU0703,CRS013,8,assignment,50,34.8,2024-07-16,2024-07-23
ASM012384,STU0703,CRS013,8,exam,100,52.2,2024-06-30,2024-06-30
ASM012385,STU0704,CRS014,1,quiz,25,17.4,2024-08-09,2024-08-09
ASM012386,STU0704,CRS014,1,assignment,50,42.8,2024-08-10,2024-08-10
ASM012387,STU0704,CRS014,2,quiz,25,23.7,2024-08-27,2024-08-29
ASM012388,STU0704,CRS014,2,assignment,50,49.0,2024-08-29,2024-08-27
ASM012389,STU0704,CRS014,3,quiz,25,20.8,2024-09-15,2024-09-14
ASM012390,STU0704,CRS014,3,assignment,50,44.1,2024-09-21,2024-09-23
ASM012391,STU0704,CRS014,3,project,100,77.0,2024-09-27,2024-09-29
ASM012392,STU0704,CRS014,4,quiz,25,13.6,2024-10-14,2024-10-13
ASM012393,STU0704,CRS014,4,assignment,50,39.1,2024-09-20,2024-09-20
ASM012394,STU0704,CRS014,5,quiz,25,13.4,2024-10-04,2024-10-04
ASM012395,STU0704,CRS014,5,assignment,50,28.8,2024-10-24,2024-10-27
ASM012396,STU0704,CRS014,6,quiz,25,19.8,2024-10-18,2024-10-25
ASM012397,STU0704,CRS014,6,assignment,50,41.6,2024-11-11,2024-11-13
ASM012398,STU0704,CRS014,6,project,100,98.0,2024-10-18,2024-10-18
ASM012399,STU0704,CRS014,6,exam,100,76.3,2024-10-30,2024-10-30
ASM012400,STU0705,CRS006,1,quiz,25,23.0,2023-02-22,2023-02-23
ASM012401,STU0705,CRS006,1,assignment,50,32.5,2023-02-18,2023-02-21
ASM012402,STU0705,CRS006,2,quiz,25,15.3,2023-03-13,2023-03-16
ASM012403,STU0705,CRS006,2,assignment,50,25.6,2023-03-05,2023-03-06
ASM012404,STU0705,CRS006,3,quiz,25,20.3,2023-04-05,2023-04-06
ASM012405,STU0705,CRS006,3,assignment,50,40.3,2023-04-02,2023-03-30
ASM012406,STU0705,CRS006,3,project,100,71.2,2023-03-21,2023-03-23
ASM012407,STU0705,CRS006,4,quiz,25,16.6,2023-04-06,2023-04-06
ASM012408,STU0705,CRS006,4,assignment,50,11.3,2023-04-02,2023-04-09
ASM012409,STU0705,CRS006,5,quiz,25,18.1,2023-05-17,2023-05-17
ASM012410,STU0705,CRS006,5,assignment,50,33.0,2023-04-27,2023-04-30
ASM012411,STU0705,CRS006,6,quiz,25,19.4,2023-06-07,2023-06-08
ASM012412,STU0705,CRS006,6,assignment,50,32.0,2023-05-20,2023-05-22
ASM012413,STU0705,CRS006,6,project,100,26.6,2023-05-20,2023-05-25
ASM012414,STU0705,CRS006,7,quiz,25,19.8,2023-06-21,2023-06-24
ASM012415,STU0705,CRS006,7,assignment,50,25.9,2023-06-21,2023-06-20
ASM012416,STU0705,CRS006,8,quiz,25,16.5,2023-07-19,2023-07-26
ASM012417,STU0705,CRS006,8,assignment,50,48.6,2023-07-19,2023-07-16
ASM012418,STU0705,CRS006,9,quiz,25,17.8,2023-07-22,2023-07-21
ASM012419,STU0705,CRS006,9,assignment,50,19.7,2023-06-25,2023-06-25
ASM012420,STU0705,CRS006,9,project,100,50.3,2023-06-16,2023-06-18
ASM012421,STU0705,CRS006,10,quiz,25,18.4,2023-07-11,2023-07-12
ASM012422,STU0705,CRS006,10,assignment,50,6.9,2023-08-20,2023-08-22
ASM012423,STU0705,CRS006,10,exam,100,64.5,2023-08-10,2023-08-10
ASM012424,STU0706,CRS005,1,quiz,25,7.6,2023-08-07,2023-08-09
ASM012425,STU0706,CRS005,1,assignment,50,31.4,2023-08-06,2023-08-05
ASM012426,STU0706,CRS005,2,quiz,25,18.4,2023-08-24,2023-08-29
ASM012427,STU0706,CRS005,2,assignment,50,38.9,2023-08-18,2023-08-23
ASM012428,STU0706,CRS005,3,quiz,25,20.9,2023-09-06,2023-09-08
ASM012429,STU0706,CRS005,3,assignment,50,25.3,2023-09-15,2023-09-17
ASM012430,STU0706,CRS005,3,project,100,36.1,2023-09-03,2023-09-03
ASM012431,STU0706,CRS005,4,quiz,25,11.4,2023-10-05,2023-10-03
ASM012432,STU0706,CRS005,4,assignment,50,31.4,2023-10-05,2023-10-02
ASM012433,STU0706,CRS005,5,quiz,25,17.1,2023-10-25,2023-10-25
ASM012434,STU0706,CRS005,5,assignment,50,26.7,2023-10-15,2023-10-15
ASM012435,STU0706,CRS005,6,quiz,25,13.2,2023-10-09,2023-10-16
ASM012436,STU0706,CRS005,6,assignment,50,23.2,2023-10-21,2023-10-22
ASM012437,STU0706,CRS005,6,project,100,86.4,2023-10-15,2023-10-15
ASM012438,STU0706,CRS005,7,quiz,25,15.4,2023-12-04,2023-12-01
ASM012439,STU0706,CRS005,7,assignment,50,25.1,2023-11-06,2023-11-06
ASM012440,STU0706,CRS005,8,quiz,25,20.0,2023-11-14,2023-11-16
ASM012441,STU0706,CRS005,8,assignment,50,33.0,2023-11-30,2023-11-30
ASM012442,STU0706,CRS005,8,exam,100,67.7,2023-12-24,2023-12-24
ASM012443,STU0707,CRS020,1,quiz,25,15.8,2024-02-19,2024-02-24
ASM012444,STU0707,CRS020,1,assignment,50,34.7,2024-02-19,2024-02-20
ASM012445,STU0707,CRS020,2,quiz,25,13.9,2024-02-29,2024-02-27
ASM012446,STU0707,CRS020,2,assignment,50,42.8,2024-02-27,2024-02-28
ASM012447,STU0707,CRS020,3,quiz,25,14.3,2024-03-30,2024-04-01
ASM012448,STU0707,CRS020,3,assignment,50,31.9,2024-03-12,2024-03-12
ASM012449,STU0707,CRS020,3,project,100,85.8,2024-03-24,2024-03-24
ASM012450,STU0707,CRS020,4,quiz,25,24.5,2024-04-19,2024-04-16
ASM012451,STU0707,CRS020,4,assignment,50,24.4,2024-04-19,2024-04-19
ASM012452,STU0707,CRS020,4,exam,100,64.2,2024-04-11,2024-04-10
ASM012453,STU0708,CRS016,1,quiz,25,17.4,2024-08-28,2024-08-27
ASM012454,STU0708,CRS016,1,assignment,50,28.3,2024-08-25,2024-08-27
ASM012455,STU0708,CRS016,2,quiz,25,18.0,2024-09-11,2024-09-11
ASM012456,STU0708,CRS016,2,assignment,50,18.8,2024-09-21,2024-09-24
ASM012457,STU0708,CRS016,3,quiz,25,16.9,2024-09-30,2024-10-03
ASM012458,STU0708,CRS016,3,assignment,50,26.2,2024-09-24,2024-09-25
ASM012459,STU0708,CRS016,3,project,100,32.7,2024-09-24,2024-09-25
ASM012460,STU0708,CRS016,4,quiz,25,16.0,2024-10-17,2024-10-17
ASM012461,STU0708,CRS016,4,assignment,50,44.0,2024-10-21,2024-10-22
ASM012462,STU0708,CRS016,5,quiz,25,18.0,2024-11-23,2024-11-23
ASM012463,STU0708,CRS016,5,assignment,50,33.9,2024-11-23,2024-11-23
ASM012464,STU0708,CRS016,6,quiz,25,10.9,2024-11-26,2024-11-25
ASM012465,STU0708,CRS016,6,assignment,50,35.7,2024-11-08,2024-11-08
ASM012466,STU0708,CRS016,6,project,100,63.4,2024-12-14,2024-12-13
ASM012467,STU0708,CRS016,6,exam,100,58.7,2024-11-14,2024-11-14
ASM012468,STU0709,CRS002,1,quiz,25,9.5,2023-02-06,2023-02-04
ASM012469,STU0709,CRS002,1,assignment,50,23.9,2023-02-05,2023-02-12
ASM012470,STU0709,CRS002,2,quiz,25,21.7,2023-02-25,2023-02-25
ASM012471,STU0709,CRS002,2,assignment,50,30.8,2023-02-23,2023-02-21
ASM012472,STU0709,CRS002,3,quiz,25,14.3,2023-03-06,2023-03-06
ASM012473,STU0709,CRS002,3,assignment,50,32.6,2023-03-06,2023-03-06
ASM012474,STU0709,CRS002,3,project,100,49.5,2023-03-12,2023-03-15
ASM012475,STU0709,CRS002,4,quiz,25,10.6,2023-04-14,2023-04-17
ASM012476,STU0709,CRS002,4,assignment,50,30.7,2023-03-21,2023-03-21
ASM012477,STU0709,CRS002,5,quiz,25,18.0,2023-04-10,2023-04-07
ASM012478,STU0709,CRS002,5,assignment,50,49.0,2023-04-05,2023-04-05
ASM012479,STU0709,CRS002,6,quiz,25,18.5,2023-04-26,2023-04-29
ASM012480,STU0709,CRS002,6,assignment,50,40.4,2023-04-20,2023-04-17
ASM012481,STU0709,CRS002,6,project,100,68.2,2023-05-14,2023-05-13
ASM012482,STU0709,CRS002,6,exam,100,63.6,2023-04-20,2023-04-20
ASM012483,STU0710,CRS005,1,quiz,25,20.4,2023-08-26,2023-08-28
ASM012484,STU0710,CRS005,1,assignment,50,36.1,2023-08-26,2023-08-25
ASM012485,STU0710,CRS005,2,quiz,25,10.4,2023-09-07,2023-09-05
ASM012486,STU0710,CRS005,2,assignment,50,13.4,2023-09-11,2023-09-08
ASM012487,STU0710,CRS005,3,quiz,25,15.6,2023-09-24,2023-09-26
ASM012488,STU0710,CRS005,3,assignment,50,35.8,2023-10-03,2023-10-03
ASM012489,STU0710,CRS005,3,project,100,55.7,2023-10-09,2023-10-07
ASM012490,STU0710,CRS005,4,quiz,25,8.3,2023-10-05,2023-10-10
ASM012491,STU0710,CRS005,4,assignment,50,30.1,2023-11-02,2023-10-31
ASM012492,STU0710,CRS005,5,quiz,25,16.3,2023-11-08,2023-11-08
ASM012493,STU0710,CRS005,5,assignment,50,35.8,2023-10-19,2023-10-19
ASM012494,STU0710,CRS005,6,quiz,25,13.7,2023-12-02,2023-12-01
ASM012495,STU0710,CRS005,6,assignment,50,39.5,2023-11-20,2023-11-20
ASM012496,STU0710,CRS005,6,project,100,76.8,2023-11-14,2023-11-14
ASM012497,STU0710,CRS005,7,quiz,25,24.5,2023-12-21,2023-12-28
ASM012498,STU0710,CRS005,7,assignment,50,36.3,2023-12-14,2023-12-14
ASM012499,STU0710,CRS005,8,quiz,25,24.5,2023-12-08,2023-12-08
ASM012500,STU0710,CRS005,8,assignment,50,36.7,2023-12-08,2023-12-10
ASM012501,STU0710,CRS005,8,exam,100,66.7,2024-01-09,2024-01-07
ASM012502,STU0711,CRS017,1,quiz,25,18.5,2024-02-19,2024-02-19
ASM012503,STU0711,CRS017,1,assignment,50,48.1,2024-02-13,2024-02-16
ASM012504,STU0711,CRS017,2,quiz,25,12.8,2024-03-02,2024-03-01
ASM012505,STU0711,CRS017,2,assignment,50,46.9,2024-02-27,2024-02-27
ASM012506,STU0711,CRS017,3,quiz,25,21.0,2024-03-27,2024-03-27
ASM012507,STU0711,CRS017,3,assignment,50,33.3,2024-03-30,2024-03-30
ASM012508,STU0711,CRS017,3,project,100,88.1,2024-03-21,2024-03-23
ASM012509,STU0711,CRS017,4,quiz,25,5.2,2024-04-07,2024-04-08
ASM012510,STU0711,CRS017,4,assignment,50,30.1,2024-04-23,2024-04-22
ASM012511,STU0711,CRS017,5,quiz,25,8.5,2024-04-24,2024-04-25
ASM012512,STU0711,CRS017,5,assignment,50,22.9,2024-04-09,2024-04-10
ASM012513,STU0711,CRS017,6,quiz,25,14.9,2024-04-23,2024-04-25
ASM012514,STU0711,CRS017,6,assignment,50,41.1,2024-05-29,2024-05-29
ASM012515,STU0711,CRS017,6,project,100,57.0,2024-04-23,2024-04-21
ASM012516,STU0711,CRS017,6,exam,100,85.3,2024-04-29,2024-04-28
ASM012517,STU0712,CRS018,1,quiz,25,16.7,2024-09-22,2024-09-19
ASM012518,STU0712,CRS018,1,assignment,50,31.0,2024-09-21,2024-09-23
ASM012519,STU0712,CRS018,2,quiz,25,11.7,2024-10-11,2024-10-14
ASM012520,STU0712,CRS018,2,assignment,50,43.5,2024-10-09,2024-10-09
ASM012521,STU0712,CRS018,3,quiz,25,21.2,2024-10-27,2024-10-28
ASM012522,STU0712,CRS018,3,assignment,50,36.3,2024-10-15,2024-10-13
ASM012523,STU0712,CRS018,3,project,100,53.2,2024-10-21,2024-10-18
ASM012524,STU0712,CRS018,4,quiz,25,19.2,2024-10-29,2024-10-29
ASM012525,STU0712,CRS018,4,assignment,50,40.4,2024-10-29,2024-10-31
ASM012526,STU0712,CRS018,5,quiz,25,19.6,2024-12-07,2024-12-04
ASM012527,STU0712,CRS018,5,assignment,50,44.3,2024-12-07,2024-12-05
ASM012528,STU0712,CRS018,5,exam,100,62.5,2024-11-22,2024-11-22
ASM012529,STU0713,CRS012,1,quiz,25,15.7,2023-03-07,2023-03-07
ASM012530,STU0713,CRS012,1,assignment,50,34.0,2023-03-06,2023-03-04
ASM012531,STU0713,CRS012,2,quiz,25,12.7,2023-03-26,2023-03-27
ASM012532,STU0713,CRS012,2,assignment,50,21.0,2023-03-22,2023-03-29
ASM012533,STU0713,CRS012,3,quiz,25,9.0,2023-04-15,2023-04-15
ASM012534,STU0713,CRS012,3,assignment,50,29.0,2023-04-18,2023-04-20
ASM012535,STU0713,CRS012,3,project,100,75.6,2023-04-03,2023-03-31
ASM012536,STU0713,CRS012,4,quiz,25,14.0,2023-05-09,2023-05-07
ASM012537,STU0713,CRS012,4,assignment,50,22.5,2023-04-11,2023-04-13
ASM012538,STU0713,CRS012,5,quiz,25,20.8,2023-05-10,2023-05-09
ASM012539,STU0713,CRS012,5,assignment,50,38.8,2023-05-25,2023-05-27
ASM012540,STU0713,CRS012,6,quiz,25,18.2,2023-05-21,2023-05-22
ASM012541,STU0713,CRS012,6,assignment,50,49.0,2023-06-20,2023-06-18
ASM012542,STU0713,CRS012,6,project,100,41.7,2023-06-02,2023-06-02
ASM012543,STU0713,CRS012,7,quiz,25,13.4,2023-05-30,2023-06-02
ASM012544,STU0713,CRS012,7,assignment,50,39.0,2023-05-23,2023-05-30
ASM012545,STU0713,CRS012,8,quiz,25,9.6,2023-06-06,2023-06-03
ASM012546,STU0713,CRS012,8,assignment,50,18.6,2023-07-24,2023-07-25
ASM012547,STU0713,CRS012,8,exam,100,70.2,2023-07-16,2023-07-16
ASM012548,STU0714,CRS016,1,quiz,25,19.9,2023-08-24,2023-08-22
ASM012549,STU0714,CRS016,1,assignment,50,27.5,2023-08-27,2023-08-28
ASM012550,STU0714,CRS016,2,quiz,25,14.6,2023-09-05,2023-09-02
ASM012551,STU0714,CRS016,2,assignment,50,39.0,2023-09-03,2023-09-03
ASM012552,STU0714,CRS016,3,quiz,25,15.0,2023-09-17,2023-09-18
ASM012553,STU0714,CRS016,3,assignment,50,25.6,2023-09-20,2023-09-19
ASM012554,STU0714,CRS016,3,project,100,71.4,2023-09-17,2023-09-16
ASM012555,STU0714,CRS016,4,quiz,25,14.2,2023-10-13,2023-10-13
ASM012556,STU0714,CRS016,4,assignment,50,34.1,2023-10-01,2023-10-03
ASM012557,STU0714,CRS016,5,quiz,25,13.6,2023-10-15,2023-10-14
ASM012558,STU0714,CRS016,5,assignment,50,38.7,2023-10-30,2023-10-31
ASM012559,STU0714,CRS016,6,quiz,25,16.0,2023-11-04,2023-11-03
ASM012560,STU0714,CRS016,6,assignment,50,22.7,2023-11-10,2023-11-17
ASM012561,STU0714,CRS016,6,project,100,41.6,2023-10-29,2023-11-03
ASM012562,STU0714,CRS016,6,exam,100,98.0,2023-12-10,2023-12-10
ASM012563,STU0715,CRS011,1,quiz,25,16.5,2024-02-22,2024-02-20
ASM012564,STU0715,CRS011,1,assignment,50,49.0,2024-02-22,2024-02-22
ASM012565,STU0715,CRS011,2,quiz,25,11.6,2024-03-15,2024-03-15
ASM012566,STU0715,CRS011,2,assignment,50,29.3,2024-03-13,2024-03-12
ASM012567,STU0715,CRS011,3,quiz,25,17.1,2024-04-08,2024-04-09
ASM012568,STU0715,CRS011,3,assignment,50,31.3,2024-03-27,2024-03-29
ASM012569,STU0715,CRS011,3,project,100,84.0,2024-04-08,2024-04-09
ASM012570,STU0715,CRS011,4,quiz,25,15.5,2024-04-08,2024-04-06
ASM012571,STU0715,CRS011,4,assignment,50,39.4,2024-04-04,2024-04-06
ASM012572,STU0715,CRS011,5,quiz,25,14.9,2024-05-08,2024-05-09
ASM012573,STU0715,CRS011,5,assignment,50,16.4,2024-05-23,2024-05-23
ASM012574,STU0715,CRS011,6,quiz,25,18.1,2024-06-07,2024-06-06
ASM012575,STU0715,CRS011,6,assignment,50,35.2,2024-05-02,2024-05-02
ASM012576,STU0715,CRS011,6,project,100,62.1,2024-05-08,2024-05-09
ASM012577,STU0715,CRS011,7,quiz,25,24.5,2024-06-13,2024-06-12
ASM012578,STU0715,CRS011,7,assignment,50,30.2,2024-05-30,2024-05-30
ASM012579,STU0715,CRS011,8,quiz,25,13.8,2024-05-30,2024-06-02
ASM012580,STU0715,CRS011,8,assignment,50,29.9,2024-07-17,2024-07-15
ASM012581,STU0715,CRS011,9,quiz,25,11.0,2024-07-01,2024-07-01
ASM012582,STU0715,CRS011,9,assignment,50,21.4,2024-06-22,2024-06-21
ASM012583,STU0715,CRS011,9,project,100,63.6,2024-07-01,2024-07-01
ASM012584,STU0715,CRS011,10,quiz,25,16.8,2024-07-17,2024-07-22
ASM012585,STU0715,CRS011,10,assignment,50,22.2,2024-08-26,2024-08-26
ASM012586,STU0715,CRS011,10,exam,100,56.2,2024-07-07,2024-07-10
ASM012587,STU0716,CRS001,1,quiz,25,19.7,2024-08-18,2024-08-20
ASM012588,STU0716,CRS001,1,assignment,50,48.8,2024-08-18,2024-08-21
ASM012589,STU0716,CRS001,2,quiz,25,21.4,2024-09-11,2024-09-10
ASM012590,STU0716,CRS001,2,assignment,50,30.6,2024-09-01,2024-09-02
ASM012591,STU0716,CRS001,3,quiz,25,17.6,2024-09-24,2024-09-26
ASM012592,STU0716,CRS001,3,assignment,50,49.0,2024-09-27,2024-09-24
ASM012593,STU0716,CRS001,3,project,100,47.2,2024-10-03,2024-10-04
ASM012594,STU0716,CRS001,4,quiz,25,17.3,2024-10-07,2024-10-08
ASM012595,STU0716,CRS001,4,assignment,50,23.6,2024-10-03,2024-10-03
ASM012596,STU0716,CRS001,5,quiz,25,10.4,2024-11-07,2024-11-04
ASM012597,STU0716,CRS001,5,assignment,50,30.4,2024-11-17,2024-11-20
ASM012598,STU0716,CRS001,6,quiz,25,15.7,2024-11-26,2024-12-03
ASM012599,STU0716,CRS001,6,assignment,50,33.0,2024-11-20,2024-11-27
ASM012600,STU0716,CRS001,6,project,100,48.4,2024-11-20,2024-11-17
ASM012601,STU0716,CRS001,7,quiz,25,18.5,2024-12-22,2024-12-22
ASM012602,STU0716,CRS001,7,assignment,50,32.2,2024-12-08,2024-12-07
ASM012603,STU0716,CRS001,8,quiz,25,18.0,2025-01-02,2025-01-02
ASM012604,STU0716,CRS001,8,assignment,50,45.0,2024-12-18,2024-12-16
ASM012605,STU0716,CRS001,8,exam,100,50.3,2025-01-03,2025-01-04
ASM012606,STU0717,CRS001,1,quiz,25,20.0,2023-04-01,2023-04-01
ASM012607,STU0717,CRS001,1,assignment,50,27.3,2023-04-03,2023-04-04
ASM012608,STU0717,CRS001,2,quiz,25,15.2,2023-04-22,2023-04-21
ASM012609,STU0717,CRS001,2,assignment,50,49.0,2023-04-24,2023-04-23
ASM012610,STU0717,CRS001,3,quiz,25,13.8,2023-05-15,2023-05-17
ASM012611,STU0717,CRS001,3,assignment,50,30.1,2023-05-03,2023-05-04
ASM012612,STU0717,CRS001,3,project,100,59.5,2023-04-24,2023-04-24
ASM012613,STU0717,CRS001,4,quiz,25,11.3,2023-06-01,2023-06-03
ASM012614,STU0717,CRS001,4,assignment,50,10.1,2023-05-24,2023-05-22
ASM012615,STU0717,CRS001,5,quiz,25,21.1,2023-06-06,2023-06-06
ASM012616,STU0717,CRS001,5,assignment,50,33.8,2023-06-06,2023-06-05
ASM012617,STU0717,CRS001,6,quiz,25,15.6,2023-07-17,2023-07-17
ASM012618,STU0717,CRS001,6,assignment,50,28.9,2023-07-11,2023-07-08
ASM012619,STU0717,CRS001,6,project,100,48.4,2023-07-05,2023-07-07
ASM012620,STU0717,CRS001,7,quiz,25,12.0,2023-08-07,2023-08-09
ASM012621,STU0717,CRS001,7,assignment,50,35.1,2023-07-03,2023-07-04
ASM012622,STU0717,CRS001,8,quiz,25,19.3,2023-07-27,2023-07-27
ASM012623,STU0717,CRS001,8,assignment,50,29.2,2023-07-27,2023-07-27
ASM012624,STU0717,CRS001,8,exam,100,63.6,2023-07-11,2023-07-11
ASM012625,STU0718,CRS016,1,quiz,25,19.9,2023-09-04,2023-09-03
ASM012626,STU0718,CRS016,1,assignment,50,36.3,2023-09-07,2023-09-08
ASM012627,STU0718,CRS016,2,quiz,25,17.7,2023-09-26,2023-09-27
ASM012628,STU0718,CRS016,2,assignment,50,36.1,2023-09-16,2023-09-17
ASM012629,STU0718,CRS016,3,quiz,25,18.7,2023-10-10,2023-10-10
ASM012630,STU0718,CRS016,3,assignment,50,30.0,2023-10-19,2023-10-18
ASM012631,STU0718,CRS016,3,project,100,87.6,2023-10-19,2023-10-19
ASM012632,STU0718,CRS016,4,quiz,25,11.3,2023-11-01,2023-11-01
ASM012633,STU0718,CRS016,4,assignment,50,28.8,2023-10-28,2023-10-30
ASM012634,STU0718,CRS016,5,quiz,25,20.0,2023-11-25,2023-11-28
ASM012635,STU0718,CRS016,5,assignment,50,35.8,2023-11-30,2023-12-05
ASM012636,STU0718,CRS016,6,quiz,25,16.1,2023-11-15,2023-11-17
ASM012637,STU0718,CRS016,6,assignment,50,27.1,2023-12-09,2023-12-09
ASM012638,STU0718,CRS016,6,project,100,72.4,2023-11-09,2023-11-06
ASM012639,STU0718,CRS016,6,exam,100,68.2,2023-12-03,2023-12-02
ASM012640,STU0719,CRS019,1,quiz,25,18.4,2024-02-17,2024-02-17
ASM012641,STU0719,CRS019,1,assignment,50,33.5,2024-02-13,2024-02-13
ASM012642,STU0719,CRS019,2,quiz,25,15.9,2024-02-26,2024-02-29
ASM012643,STU0719,CRS019,2,assignment,50,20.0,2024-03-05,2024-03-08
ASM012644,STU0719,CRS019,3,quiz,25,15.9,2024-03-17,2024-03-16
ASM012645,STU0719,CRS019,3,assignment,50,36.9,2024-03-29,2024-03-31
ASM012646,STU0719,CRS019,3,project,100,85.2,2024-03-17,2024-03-17
ASM012647,STU0719,CRS019,4,quiz,25,15.8,2024-04-22,2024-04-21
ASM012648,STU0719,CRS019,4,assignment,50,30.3,2024-04-22,2024-04-21
ASM012649,STU0719,CRS019,5,quiz,25,21.4,2024-05-08,2024-05-10
ASM012650,STU0719,CRS019,5,assignment,50,38.0,2024-04-13,2024-04-13
ASM012651,STU0719,CRS019,6,quiz,25,18.0,2024-05-10,2024-05-10
ASM012652,STU0719,CRS019,6,assignment,50,36.3,2024-05-10,2024-05-10
ASM012653,STU0719,CRS019,6,project,100,78.0,2024-04-22,2024-04-22
ASM012654,STU0719,CRS019,6,exam,100,65.6,2024-05-10,2024-05-09
ASM012655,STU0720,CRS008,1,quiz,25,12.0,2024-09-10,2024-09-11
ASM012656,STU0720,CRS008,1,assignment,50,38.5,2024-09-13,2024-09-13
ASM012657,STU0720,CRS008,2,quiz,25,14.6,2024-10-07,2024-10-06
ASM012658,STU0720,CRS008,2,assignment,50,23.9,2024-09-25,2024-09-24
ASM012659,STU0720,CRS008,3,quiz,25,13.9,2024-10-16,2024-10-21
ASM012660,STU0720,CRS008,3,assignment,50,33.2,2024-10-13,2024-10-14
ASM012661,STU0720,CRS008,3,project,100,39.8,2024-10-10,2024-10-10
ASM012662,STU0720,CRS008,4,quiz,25,23.5,2024-10-29,2024-10-29
ASM012663,STU0720,CRS008,4,assignment,50,35.2,2024-11-02,2024-10-30
ASM012664,STU0720,CRS008,5,quiz,25,18.9,2024-12-09,2024-12-07
ASM012665,STU0720,CRS008,5,assignment,50,32.8,2024-11-04,2024-11-05
ASM012666,STU0720,CRS008,5,exam,100,80.5,2024-12-09,2024-12-11
ASM012667,STU0721,CRS018,1,quiz,25,19.2,2023-03-29,2023-03-29
ASM012668,STU0721,CRS018,1,assignment,50,41.2,2023-03-22,2023-03-22
ASM012669,STU0721,CRS018,2,quiz,25,14.1,2023-04-17,2023-04-22
ASM012670,STU0721,CRS018,2,assignment,50,22.3,2023-04-07,2023-04-04
ASM012671,STU0721,CRS018,3,quiz,25,20.6,2023-04-19,2023-04-18
ASM012672,STU0721,CRS018,3,assignment,50,37.9,2023-04-22,2023-04-21
ASM012673,STU0721,CRS018,3,project,100,48.7,2023-04-28,2023-04-28
ASM012674,STU0721,CRS018,4,quiz,25,11.7,2023-05-23,2023-05-28
ASM012675,STU0721,CRS018,4,assignment,50,48.1,2023-05-15,2023-05-20
ASM012676,STU0721,CRS018,5,quiz,25,16.0,2023-05-27,2023-06-03
ASM012677,STU0721,CRS018,5,assignment,50,25.9,2023-05-27,2023-05-29
ASM012678,STU0721,CRS018,6,quiz,25,11.9,2023-06-24,2023-06-24
ASM012679,STU0721,CRS018,6,assignment,50,25.6,2023-06-30,2023-06-29
ASM012680,STU0721,CRS018,6,project,100,95.8,2023-07-06,2023-07-06
ASM012681,STU0721,CRS018,7,quiz,25,19.0,2023-06-28,2023-06-27
ASM012682,STU0721,CRS018,7,assignment,50,31.3,2023-08-02,2023-08-01
ASM012683,STU0721,CRS018,8,quiz,25,8.6,2023-07-30,2023-08-01
ASM012684,STU0721,CRS018,8,assignment,50,41.6,2023-07-06,2023-07-06
ASM012685,STU0721,CRS018,8,exam,100,91.3,2023-07-14,2023-07-13
ASM012686,STU0722,CRS008,1,quiz,25,18.5,2023-09-10,2023-09-10
ASM012687,STU0722,CRS008,1,assignment,50,30.6,2023-09-04,2023-09-05
ASM012688,STU0722,CRS008,2,quiz,25,21.4,2023-09-19,2023-09-18
ASM012689,STU0722,CRS008,2,assignment,50,5.2,2023-09-19,2023-09-21
ASM012690,STU0722,CRS008,3,quiz,25,10.7,2023-10-13,2023-10-12
ASM012691,STU0722,CRS008,3,assignment,50,36.5,2023-10-04,2023-10-11
ASM012692,STU0722,CRS008,3,project,100,58.1,2023-10-10,2023-10-12
ASM012693,STU0722,CRS008,4,quiz,25,11.2,2023-10-23,2023-10-22
ASM012694,STU0722,CRS008,4,assignment,50,36.0,2023-11-08,2023-11-07
ASM012695,STU0722,CRS008,5,quiz,25,20.9,2023-12-03,2023-12-03
ASM012696,STU0722,CRS008,5,assignment,50,31.0,2023-11-03,2023-11-03
ASM012697,STU0722,CRS008,6,quiz,25,19.6,2023-11-30,2023-12-02
ASM012698,STU0722,CRS008,6,assignment,50,39.7,2023-12-18,2023-12-15
ASM012699,STU0722,CRS008,6,project,100,78.9,2023-12-18,2023-12-25
ASM012700,STU0722,CRS008,6,exam,100,98.0,2023-12-12,2023-12-13
ASM012701,STU0723,CRS006,1,quiz,25,10.9,2024-02-12,2024-02-12
ASM012702,STU0723,CRS006,1,assignment,50,27.5,2024-02-15,2024-02-15
ASM012703,STU0723,CRS006,2,quiz,25,14.3,2024-03-08,2024-03-07
ASM012704,STU0723,CRS006,2,assignment,50,21.1,2024-03-02,2024-03-03
ASM012705,STU0723,CRS006,3,quiz,25,14.5,2024-03-26,2024-03-26
ASM012706,STU0723,CRS006,3,assignment,50,19.5,2024-03-29,2024-03-30
ASM012707,STU0723,CRS006,3,project,100,95.7,2024-03-23,2024-03-23
ASM012708,STU0723,CRS006,4,quiz,25,20.8,2024-04-07,2024-04-07
ASM012709,STU0723,CRS006,4,assignment,50,22.0,2024-04-11,2024-04-11
ASM012710,STU0723,CRS006,5,quiz,25,16.9,2024-04-30,2024-04-30
ASM012711,STU0723,CRS006,5,assignment,50,23.2,2024-04-25,2024-05-02
ASM012712,STU0723,CRS006,6,quiz,25,16.1,2024-05-07,2024-05-07
ASM012713,STU0723,CRS006,6,assignment,50,27.5,2024-05-13,2024-05-13
ASM012714,STU0723,CRS006,6,project,100,60.7,2024-05-25,2024-05-22
ASM012715,STU0723,CRS006,7,quiz,25,15.0,2024-05-17,2024-05-16
ASM012716,STU0723,CRS006,7,assignment,50,37.6,2024-06-14,2024-06-14
ASM012717,STU0723,CRS006,8,quiz,25,24.4,2024-05-17,2024-05-16
ASM012718,STU0723,CRS006,8,assignment,50,31.1,2024-06-02,2024-06-03
ASM012719,STU0723,CRS006,9,quiz,25,16.7,2024-06-09,2024-06-14
ASM012720,STU0723,CRS006,9,assignment,50,18.1,2024-06-27,2024-06-27
ASM012721,STU0723,CRS006,9,project,100,72.9,2024-07-24,2024-07-23
ASM012722,STU0723,CRS006,10,quiz,25,19.4,2024-07-14,2024-07-16
ASM012723,STU0723,CRS006,10,assignment,50,28.6,2024-06-14,2024-06-14
ASM012724,STU0723,CRS006,10,exam,100,65.4,2024-07-04,2024-07-04
ASM012725,STU0724,CRS011,1,quiz,25,13.5,2024-09-18,2024-09-18
ASM012726,STU0724,CRS011,1,assignment,50,38.1,2024-09-19,2024-09-16
ASM012727,STU0724,CRS011,2,quiz,25,23.0,2024-10-14,2024-10-16
ASM012728,STU0724,CRS011,2,assignment,50,42.5,2024-10-16,2024-10-21
ASM012729,STU0724,CRS011,3,quiz,25,20.6,2024-10-16,2024-10-19
ASM012730,STU0724,CRS011,3,assignment,50,20.3,2024-10-25,2024-10-26
ASM012731,STU0724,CRS011,3,project,100,67.4,2024-10-25,2024-10-26
ASM012732,STU0724,CRS011,4,quiz,25,22.5,2024-10-30,2024-10-29
ASM012733,STU0724,CRS011,4,assignment,50,27.7,2024-11-27,2024-11-29
ASM012734,STU0724,CRS011,5,quiz,25,14.8,2024-11-13,2024-11-11
ASM012735,STU0724,CRS011,5,assignment,50,27.3,2024-12-13,2024-12-13
ASM012736,STU0724,CRS011,6,quiz,25,19.2,2024-12-21,2024-12-21
ASM012737,STU0724,CRS011,6,assignment,50,9.8,2024-12-15,2024-12-16
ASM012738,STU0724,CRS011,6,project,100,48.6,2025-01-08,2025-01-09
ASM012739,STU0724,CRS011,7,quiz,25,9.1,2024-12-11,2024-12-13
ASM012740,STU0724,CRS011,7,assignment,50,43.7,2025-01-15,2025-01-15
ASM012741,STU0724,CRS011,7,exam,100,33.2,2025-01-11,2025-01-11
ASM012742,STU0725,CRS012,1,quiz,25,8.3,2023-04-01,2023-03-30
ASM012743,STU0725,CRS012,1,assignment,50,41.9,2023-04-03,2023-03-31
ASM012744,STU0725,CRS012,2,quiz,25,17.1,2023-04-23,2023-04-25
ASM012745,STU0725,CRS012,2,assignment,50,38.5,2023-04-23,2023-04-26
ASM012746,STU0725,CRS012,3,quiz,25,7.8,2023-05-10,2023-05-09
ASM012747,STU0725,CRS012,3,assignment,50,19.0,2023-04-28,2023-04-28
ASM012748,STU0725,CRS012,3,project,100,83.1,2023-05-01,2023-04-30
ASM012749,STU0725,CRS012,4,quiz,25,10.4,2023-05-29,2023-05-29
ASM012750,STU0725,CRS012,4,assignment,50,35.3,2023-05-13,2023-05-12
ASM012751,STU0725,CRS012,5,quiz,25,22.8,2023-06-07,2023-06-09
ASM012752,STU0725,CRS012,5,assignment,50,22.4,2023-06-27,2023-06-27
ASM012753,STU0725,CRS012,6,quiz,25,13.3,2023-07-06,2023-07-08
ASM012754,STU0725,CRS012,6,assignment,50,39.4,2023-06-06,2023-06-06
ASM012755,STU0725,CRS012,6,project,100,83.7,2023-06-24,2023-06-23
ASM012756,STU0725,CRS012,7,quiz,25,16.2,2023-07-25,2023-07-24
ASM012757,STU0725,CRS012,7,assignment,50,27.3,2023-07-04,2023-07-06
ASM012758,STU0725,CRS012,8,quiz,25,22.8,2023-08-21,2023-08-21
ASM012759,STU0725,CRS012,8,assignment,50,17.5,2023-08-21,2023-08-22
ASM012760,STU0725,CRS012,8,exam,100,55.9,2023-07-12,2023-07-12
ASM012761,STU0726,CRS012,1,quiz,25,18.3,2023-10-02,2023-10-02
ASM012762,STU0726,CRS012,1,assignment,50,33.5,2023-09-27,2023-09-26
ASM012763,STU0726,CRS012,2,quiz,25,12.8,2023-10-17,2023-10-22
ASM012764,STU0726,CRS012,2,assignment,50,31.3,2023-10-13,2023-10-11
ASM012765,STU0726,CRS012,3,quiz,25,13.2,2023-11-12,2023-11-10
ASM012766,STU0726,CRS012,3,assignment,50,29.9,2023-11-15,2023-11-16
ASM012767,STU0726,CRS012,3,project,100,63.8,2023-10-31,2023-10-30
ASM012768,STU0726,CRS012,4,quiz,25,10.1,2023-11-08,2023-11-09
ASM012769,STU0726,CRS012,4,assignment,50,35.7,2023-11-24,2023-11-23
ASM012770,STU0726,CRS012,5,quiz,25,15.7,2023-12-02,2023-11-30
ASM012771,STU0726,CRS012,5,assignment,50,37.2,2023-12-07,2023-12-06
ASM012772,STU0726,CRS012,6,quiz,25,13.0,2024-01-17,2024-01-18
ASM012773,STU0726,CRS012,6,assignment,50,24.4,2023-12-06,2023-12-11
ASM012774,STU0726,CRS012,6,project,100,67.5,2024-01-11,2024-01-13
ASM012775,STU0726,CRS012,7,quiz,25,16.3,2024-02-07,2024-02-05
ASM012776,STU0726,CRS012,7,assignment,50,41.3,2024-01-10,2024-01-15
ASM012777,STU0726,CRS012,8,quiz,25,13.3,2024-02-12,2024-02-12
ASM012778,STU0726,CRS012,8,assignment,50,31.5,2024-01-11,2024-01-12
ASM012779,STU0726,CRS012,8,exam,100,68.4,2024-02-12,2024-02-10
ASM012780,STU0727,CRS005,1,quiz,25,12.7,2024-03-08,2024-03-08
ASM012781,STU0727,CRS005,1,assignment,50,24.9,2024-03-12,2024-03-12
ASM012782,STU0727,CRS005,2,quiz,25,19.8,2024-03-29,2024-03-31
ASM012783,STU0727,CRS005,2,assignment,50,31.6,2024-03-25,2024-03-26
ASM012784,STU0727,CRS005,3,quiz,25,13.9,2024-04-20,2024-04-20
ASM012785,STU0727,CRS005,3,assignment,50,25.6,2024-04-23,2024-04-21
ASM012786,STU0727,CRS005,3,project,100,72.4,2024-04-23,2024-04-23
ASM012787,STU0727,CRS005,4,quiz,25,22.3,2024-04-20,2024-04-22
ASM012788,STU0727,CRS005,4,assignment,50,34.8,2024-05-06,2024-05-05
ASM012789,STU0727,CRS005,5,quiz,25,10.1,2024-04-30,2024-05-05
ASM012790,STU0727,CRS005,5,assignment,50,29.5,2024-05-20,2024-05-25
ASM012791,STU0727,CRS005,6,quiz,25,16.0,2024-06-01,2024-06-01
ASM012792,STU0727,CRS005,6,assignment,50,27.6,2024-06-25,2024-06-25
ASM012793,STU0727,CRS005,6,project,100,66.6,2024-06-07,2024-06-14
ASM012794,STU0727,CRS005,7,quiz,25,20.7,2024-07-16,2024-07-15
ASM012795,STU0727,CRS005,7,assignment,50,23.1,2024-07-09,2024-07-11
ASM012796,STU0727,CRS005,8,quiz,25,12.6,2024-06-11,2024-06-11
ASM012797,STU0727,CRS005,8,assignment,50,34.8,2024-08-06,2024-08-06
ASM012798,STU0727,CRS005,8,exam,100,98.0,2024-07-13,2024-07-11
ASM012799,STU0728,CRS016,1,quiz,25,23.3,2024-09-04,2024-09-04
ASM012800,STU0728,CRS016,1,assignment,50,35.9,2024-09-05,2024-09-06
ASM012801,STU0728,CRS016,2,quiz,25,16.0,2024-09-23,2024-09-25
ASM012802,STU0728,CRS016,2,assignment,50,39.8,2024-09-29,2024-09-27
ASM012803,STU0728,CRS016,3,quiz,25,15.2,2024-10-05,2024-10-05
ASM012804,STU0728,CRS016,3,assignment,50,46.8,2024-10-20,2024-10-20
ASM012805,STU0728,CRS016,3,project,100,54.9,2024-10-02,2024-09-30
ASM012806,STU0728,CRS016,4,quiz,25,20.6,2024-10-21,2024-10-21
ASM012807,STU0728,CRS016,4,assignment,50,8.2,2024-10-29,2024-11-03
ASM012808,STU0728,CRS016,5,quiz,25,19.7,2024-11-11,2024-11-12
ASM012809,STU0728,CRS016,5,assignment,50,42.3,2024-11-16,2024-11-16
ASM012810,STU0728,CRS016,6,quiz,25,16.5,2024-11-22,2024-11-29
ASM012811,STU0728,CRS016,6,assignment,50,13.6,2024-11-10,2024-11-09
ASM012812,STU0728,CRS016,6,project,100,87.7,2024-11-16,2024-11-17
ASM012813,STU0728,CRS016,6,exam,100,51.5,2024-11-10,2024-11-10
ASM012814,STU0729,CRS016,1,quiz,25,11.8,2023-02-07,2023-02-07
ASM012815,STU0729,CRS016,1,assignment,50,41.8,2023-02-07,2023-02-07
ASM012816,STU0729,CRS016,2,quiz,25,19.9,2023-02-20,2023-02-22
ASM012817,STU0729,CRS016,2,assignment,50,15.3,2023-02-18,2023-02-25
ASM012818,STU0729,CRS016,3,quiz,25,23.0,2023-03-21,2023-03-22
ASM012819,STU0729,CRS016,3,assignment,50,38.6,2023-03-12,2023-03-14
ASM012820,STU0729,CRS016,3,project,100,34.3,2023-03-03,2023-03-05
ASM012821,STU0729,CRS016,4,quiz,25,20.4,2023-04-11,2023-04-13
ASM012822,STU0729,CRS016,4,assignment,50,36.2,2023-04-07,2023-04-07
ASM012823,STU0729,CRS016,5,quiz,25,19.0,2023-05-02,2023-05-03
ASM012824,STU0729,CRS016,5,assignment,50,25.0,2023-04-27,2023-05-02
ASM012825,STU0729,CRS016,6,quiz,25,10.0,2023-04-29,2023-05-01
ASM012826,STU0729,CRS016,6,assignment,50,42.5,2023-04-17,2023-04-16
ASM012827,STU0729,CRS016,6,project,100,67.9,2023-04-29,2023-04-27
ASM012828,STU0729,CRS016,6,exam,100,56.0,2023-05-17,2023-05-17
ASM012829,STU0730,CRS008,1,quiz,25,10.6,2023-09-09,2023-09-09
ASM012830,STU0730,CRS008,1,assignment,50,45.0,2023-09-12,2023-09-12
ASM012831,STU0730,CRS008,2,quiz,25,12.9,2023-09-29,2023-09-28
ASM012832,STU0730,CRS008,2,assignment,50,49.0,2023-09-25,2023-09-27
ASM012833,STU0730,CRS008,3,quiz,25,20.7,2023-10-18,2023-10-17
ASM012834,STU0730,CRS008,3,assignment,50,42.2,2023-10-21,2023-10-20
ASM012835,STU0730,CRS008,3,project,100,54.0,2023-10-03,2023-10-05
ASM012836,STU0730,CRS008,4,quiz,25,7.7,2023-10-29,2023-11-01
ASM012837,STU0730,CRS008,4,assignment,50,46.3,2023-10-25,2023-10-25
ASM012838,STU0730,CRS008,5,quiz,25,12.3,2023-11-10,2023-11-12
ASM012839,STU0730,CRS008,5,assignment,50,31.0,2023-11-25,2023-11-24
ASM012840,STU0730,CRS008,6,quiz,25,16.9,2023-12-14,2023-12-14
ASM012841,STU0730,CRS008,6,assignment,50,30.5,2023-12-20,2023-12-21
ASM012842,STU0730,CRS008,6,project,100,62.1,2023-11-20,2023-11-21
ASM012843,STU0730,CRS008,6,exam,100,68.5,2023-12-02,2023-12-01
ASM012844,STU0731,CRS017,1,quiz,25,12.4,2024-03-03,2024-02-29
ASM012845,STU0731,CRS017,1,assignment,50,38.1,2024-03-03,2024-03-06
ASM012846,STU0731,CRS017,2,quiz,25,19.0,2024-03-27,2024-03-27
ASM012847,STU0731,CRS017,2,assignment,50,38.3,2024-03-21,2024-03-22
ASM012848,STU0731,CRS017,3,quiz,25,20.0,2024-04-14,2024-04-21
ASM012849,STU0731,CRS017,3,assignment,50,37.0,2024-03-30,2024-03-31
ASM012850,STU0731,CRS017,3,project,100,82.5,2024-04-05,2024-04-07
ASM012851,STU0731,CRS017,4,quiz,25,11.2,2024-04-22,2024-04-21
ASM012852,STU0731,CRS017,4,assignment,50,49.0,2024-04-26,2024-05-01
ASM012853,STU0731,CRS017,5,quiz,25,15.4,2024-04-24,2024-04-22
ASM012854,STU0731,CRS017,5,assignment,50,48.5,2024-05-29,2024-05-29
ASM012855,STU0731,CRS017,6,quiz,25,21.1,2024-06-13,2024-06-11
ASM012856,STU0731,CRS017,6,assignment,50,22.0,2024-05-20,2024-05-23
ASM012857,STU0731,CRS017,6,project,100,59.3,2024-06-07,2024-06-05
ASM012858,STU0731,CRS017,6,exam,100,68.4,2024-05-26,2024-05-24
ASM012859,STU0732,CRS020,1,quiz,25,10.9,2024-08-14,2024-08-12
ASM012860,STU0732,CRS020,1,assignment,50,17.5,2024-08-17,2024-08-20
ASM012861,STU0732,CRS020,2,quiz,25,14.6,2024-08-28,2024-08-29
ASM012862,STU0732,CRS020,2,assignment,50,36.1,2024-09-01,2024-09-02
ASM012863,STU0732,CRS020,3,quiz,25,19.6,2024-09-25,2024-09-25
ASM012864,STU0732,CRS020,3,assignment,50,27.2,2024-09-25,2024-09-26
ASM012865,STU0732,CRS020,3,project,100,68.9,2024-09-13,2024-09-15
ASM012866,STU0732,CRS020,4,quiz,25,13.2,2024-10-07,2024-10-08
ASM012867,STU0732,CRS020,4,assignment,50,35.7,2024-10-15,2024-10-15
ASM012868,STU0732,CRS020,4,exam,100,77.4,2024-09-21,2024-09-19
ASM012869,STU0733,CRS006,1,quiz,25,10.2,2023-03-30,2023-03-31
ASM012870,STU0733,CRS006,1,assignment,50,31.7,2023-04-01,2023-04-02
ASM012871,STU0733,CRS006,2,quiz,25,11.8,2023-04-21,2023-04-28
ASM012872,STU0733,CRS006,2,assignment,50,46.5,2023-04-19,2023-04-21
ASM012873,STU0733,CRS006,3,quiz,25,20.9,2023-05-10,2023-05-11
ASM012874,STU0733,CRS006,3,assignment,50,30.4,2023-05-13,2023-05-15
ASM012875,STU0733,CRS006,3,project,100,72.6,2023-04-25,2023-04-25
ASM012876,STU0733,CRS006,4,quiz,25,16.1,2023-05-21,2023-05-23
ASM012877,STU0733,CRS006,4,assignment,50,24.7,2023-05-25,2023-06-01
ASM012878,STU0733,CRS006,5,quiz,25,17.4,2023-05-28,2023-05-27
ASM012879,STU0733,CRS006,5,assignment,50,25.5,2023-06-12,2023-06-14
ASM012880,STU0733,CRS006,6,quiz,25,17.1,2023-06-12,2023-06-12
ASM012881,STU0733,CRS006,6,assignment,50,29.0,2023-07-06,2023-07-03
ASM012882,STU0733,CRS006,6,project,100,43.8,2023-06-18,2023-06-19
ASM012883,STU0733,CRS006,7,quiz,25,14.4,2023-06-20,2023-06-22
ASM012884,STU0733,CRS006,7,assignment,50,25.6,2023-07-18,2023-07-18
ASM012885,STU0733,CRS006,8,quiz,25,22.1,2023-08-13,2023-08-11
ASM012886,STU0733,CRS006,8,assignment,50,37.0,2023-08-21,2023-08-19
ASM012887,STU0733,CRS006,9,quiz,25,10.1,2023-09-01,2023-09-03
ASM012888,STU0733,CRS006,9,assignment,50,36.1,2023-08-05,2023-08-05
ASM012889,STU0733,CRS006,9,project,100,59.2,2023-07-18,2023-07-17
ASM012890,STU0733,CRS006,10,quiz,25,19.5,2023-09-10,2023-09-09
ASM012891,STU0733,CRS006,10,assignment,50,34.9,2023-09-10,2023-09-09
ASM012892,STU0733,CRS006,10,exam,100,56.9,2023-08-01,2023-08-02
ASM012893,STU0734,CRS001,1,quiz,25,24.5,2023-08-11,2023-08-12
ASM012894,STU0734,CRS001,1,assignment,50,42.7,2023-08-10,2023-08-08
ASM012895,STU0734,CRS001,2,quiz,25,21.1,2023-08-31,2023-09-05
ASM012896,STU0734,CRS001,2,assignment,50,35.5,2023-09-04,2023-09-03
ASM012897,STU0734,CRS001,3,quiz,25,8.6,2023-09-19,2023-09-20
ASM012898,STU0734,CRS001,3,assignment,50,23.9,2023-09-13,2023-09-15
ASM012899,STU0734,CRS001,3,project,100,64.7,2023-09-13,2023-09-18
ASM012900,STU0734,CRS001,4,quiz,25,13.6,2023-10-12,2023-10-10
ASM012901,STU0734,CRS001,4,assignment,50,33.5,2023-10-08,2023-10-09
ASM012902,STU0734,CRS001,5,quiz,25,12.0,2023-10-27,2023-11-01
ASM012903,STU0734,CRS001,5,assignment,50,38.3,2023-11-01,2023-11-03
ASM012904,STU0734,CRS001,6,quiz,25,13.8,2023-11-27,2023-11-27
ASM012905,STU0734,CRS001,6,assignment,50,19.6,2023-11-15,2023-11-16
ASM012906,STU0734,CRS001,6,project,100,74.7,2023-11-03,2023-11-03
ASM012907,STU0734,CRS001,7,quiz,25,22.9,2023-11-27,2023-11-26
ASM012908,STU0734,CRS001,7,assignment,50,35.0,2023-11-06,2023-11-13
ASM012909,STU0734,CRS001,8,quiz,25,11.0,2023-12-23,2023-12-25
ASM012910,STU0734,CRS001,8,assignment,50,29.3,2023-11-29,2023-12-01
ASM012911,STU0734,CRS001,8,exam,100,46.1,2023-11-13,2023-11-14
ASM012912,STU0735,CRS005,1,quiz,25,14.2,2024-03-21,2024-03-22
ASM012913,STU0735,CRS005,1,assignment,50,39.5,2024-03-21,2024-03-18
ASM012914,STU0735,CRS005,2,quiz,25,11.7,2024-04-13,2024-04-15
ASM012915,STU0735,CRS005,2,assignment,50,36.2,2024-04-09,2024-04-09
ASM012916,STU0735,CRS005,3,quiz,25,9.6,2024-04-15,2024-04-17
ASM012917,STU0735,CRS005,3,assignment,50,20.8,2024-04-27,2024-04-27
ASM012918,STU0735,CRS005,3,project,100,78.0,2024-05-03,2024-05-04
ASM012919,STU0735,CRS005,4,quiz,25,20.4,2024-04-29,2024-05-02
ASM012920,STU0735,CRS005,4,assignment,50,27.4,2024-05-27,2024-05-27
ASM012921,STU0735,CRS005,5,quiz,25,21.8,2024-06-17,2024-06-19
ASM012922,STU0735,CRS005,5,assignment,50,36.4,2024-05-13,2024-05-14
ASM012923,STU0735,CRS005,6,quiz,25,21.3,2024-05-27,2024-05-27
ASM012924,STU0735,CRS005,6,assignment,50,23.8,2024-06-08,2024-06-05
ASM012925,STU0735,CRS005,6,project,100,60.2,2024-07-02,2024-07-04
ASM012926,STU0735,CRS005,7,quiz,25,15.5,2024-07-29,2024-08-05
ASM012927,STU0735,CRS005,7,assignment,50,21.2,2024-07-01,2024-07-01
ASM012928,STU0735,CRS005,8,quiz,25,10.0,2024-07-26,2024-07-26
ASM012929,STU0735,CRS005,8,assignment,50,35.0,2024-08-19,2024-08-18
ASM012930,STU0735,CRS005,8,exam,100,73.9,2024-07-26,2024-07-28
ASM012931,STU0736,CRS017,1,quiz,25,9.9,2024-09-26,2024-09-23
ASM012932,STU0736,CRS017,1,assignment,50,34.3,2024-09-29,2024-09-27
ASM012933,STU0736,CRS017,2,quiz,25,19.4,2024-10-06,2024-10-04
ASM012934,STU0736,CRS017,2,assignment,50,46.2,2024-10-18,2024-10-18
ASM012935,STU0736,CRS017,3,quiz,25,18.0,2024-10-26,2024-10-27
ASM012936,STU0736,CRS017,3,assignment,50,31.9,2024-11-07,2024-11-08
ASM012937,STU0736,CRS017,3,project,100,70.9,2024-11-01,2024-11-06
ASM012938,STU0736,CRS017,4,quiz,25,15.1,2024-11-27,2024-11-27
ASM012939,STU0736,CRS017,4,assignment,50,34.5,2024-11-27,2024-11-26
ASM012940,STU0736,CRS017,5,quiz,25,16.7,2024-12-02,2024-12-02
ASM012941,STU0736,CRS017,5,assignment,50,14.5,2024-12-22,2024-12-22
ASM012942,STU0736,CRS017,6,quiz,25,24.5,2024-12-01,2024-12-01
ASM012943,STU0736,CRS017,6,assignment,50,44.9,2024-12-07,2024-12-14
ASM012944,STU0736,CRS017,6,project,100,47.2,2024-12-19,2024-12-16
ASM012945,STU0736,CRS017,6,exam,100,45.7,2024-12-01,2024-11-29
ASM012946,STU0737,CRS012,1,quiz,25,20.4,2023-03-18,2023-03-17
ASM012947,STU0737,CRS012,1,assignment,50,30.0,2023-03-20,2023-03-19
ASM012948,STU0737,CRS012,2,quiz,25,15.7,2023-04-12,2023-04-11
ASM012949,STU0737,CRS012,2,assignment,50,30.8,2023-04-10,2023-04-13
ASM012950,STU0737,CRS012,3,quiz,25,12.8,2023-04-12,2023-04-12
ASM012951,STU0737,CRS012,3,assignment,50,43.1,2023-04-12,2023-04-14
ASM012952,STU0737,CRS012,3,project,100,93.5,2023-04-21,2023-04-19
ASM012953,STU0737,CRS012,4,quiz,25,24.5,2023-05-24,2023-05-22
ASM012954,STU0737,CRS012,4,assignment,50,49.0,2023-05-20,2023-05-22
ASM012955,STU0737,CRS012,5,quiz,25,15.0,2023-05-30,2023-06-06
ASM012956,STU0737,CRS012,5,assignment,50,32.9,2023-05-10,2023-05-12
ASM012957,STU0737,CRS012,6,quiz,25,19.5,2023-05-24,2023-05-24
ASM012958,STU0737,CRS012,6,assignment,50,30.8,2023-07-05,2023-07-05
ASM012959,STU0737,CRS012,6,project,100,71.5,2023-06-05,2023-06-03
ASM012960,STU0737,CRS012,7,quiz,25,17.8,2023-06-07,2023-06-07
ASM012961,STU0737,CRS012,7,assignment,50,31.9,2023-06-07,2023-06-07
ASM012962,STU0737,CRS012,8,quiz,25,22.5,2023-06-21,2023-06-22
ASM012963,STU0737,CRS012,8,assignment,50,31.0,2023-06-29,2023-06-29
ASM012964,STU0737,CRS012,8,exam,100,34.4,2023-07-23,2023-07-23
ASM012965,STU0738,CRS019,1,quiz,25,12.1,2023-08-10,2023-08-11
ASM012966,STU0738,CRS019,1,assignment,50,30.4,2023-08-09,2023-08-09
ASM012967,STU0738,CRS019,2,quiz,25,17.3,2023-08-18,2023-08-21
ASM012968,STU0738,CRS019,2,assignment,50,26.5,2023-09-01,2023-09-04
ASM012969,STU0738,CRS019,3,quiz,25,16.3,2023-09-16,2023-09-17
ASM012970,STU0738,CRS019,3,assignment,50,12.2,2023-09-22,2023-09-27
ASM012971,STU0738,CRS019,3,project,100,88.6,2023-09-04,2023-09-06
ASM012972,STU0738,CRS019,4,quiz,25,17.0,2023-09-27,2023-09-28
ASM012973,STU0738,CRS019,4,assignment,50,15.4,2023-10-13,2023-10-13
ASM012974,STU0738,CRS019,5,quiz,25,14.1,2023-10-24,2023-10-23
ASM012975,STU0738,CRS019,5,assignment,50,28.3,2023-09-29,2023-09-29
ASM012976,STU0738,CRS019,6,quiz,25,24.5,2023-10-31,2023-10-30
ASM012977,STU0738,CRS019,6,assignment,50,23.9,2023-10-31,2023-10-28
ASM012978,STU0738,CRS019,6,project,100,50.4,2023-10-13,2023-10-15
ASM012979,STU0738,CRS019,6,exam,100,90.3,2023-10-13,2023-10-10
ASM012980,STU0739,CRS011,1,quiz,25,24.5,2024-02-13,2024-02-13
ASM012981,STU0739,CRS011,1,assignment,50,36.7,2024-02-10,2024-02-10
ASM012982,STU0739,CRS011,2,quiz,25,23.0,2024-03-03,2024-03-05
ASM012983,STU0739,CRS011,2,assignment,50,33.7,2024-02-22,2024-02-27
ASM012984,STU0739,CRS011,3,quiz,25,18.6,2024-03-08,2024-03-06
ASM012985,STU0739,CRS011,3,assignment,50,30.5,2024-03-11,2024-03-13
ASM012986,STU0739,CRS011,3,project,100,60.6,2024-03-20,2024-03-20
ASM012987,STU0739,CRS011,4,quiz,25,24.5,2024-03-23,2024-03-23
ASM012988,STU0739,CRS011,4,assignment,50,25.8,2024-03-31,2024-04-01
ASM012989,STU0739,CRS011,5,quiz,25,22.8,2024-04-02,2024-04-02
ASM012990,STU0739,CRS011,5,assignment,50,23.8,2024-04-22,2024-04-22
ASM012991,STU0739,CRS011,6,quiz,25,13.7,2024-04-16,2024-04-16
ASM012992,STU0739,CRS011,6,assignment,50,19.2,2024-04-22,2024-04-20
ASM012993,STU0739,CRS011,6,project,100,55.9,2024-05-16,2024-05-16
ASM012994,STU0739,CRS011,7,quiz,25,22.9,2024-05-21,2024-05-19
ASM012995,STU0739,CRS011,7,assignment,50,36.2,2024-06-04,2024-06-05
ASM012996,STU0739,CRS011,8,quiz,25,6.2,2024-05-30,2024-05-28
ASM012997,STU0739,CRS011,8,assignment,50,29.3,2024-05-30,2024-05-30
ASM012998,STU0739,CRS011,9,quiz,25,11.1,2024-05-28,2024-05-28
ASM012999,STU0739,CRS011,9,assignment,50,43.3,2024-06-06,2024-06-13
ASM013000,STU0739,CRS011,9,project,100,35.6,2024-07-21,2024-07-26
ASM013001,STU0739,CRS011,10,quiz,25,19.1,2024-07-11,2024-07-16
ASM013002,STU0739,CRS011,10,assignment,50,38.4,2024-08-10,2024-08-10
ASM013003,STU0739,CRS011,10,exam,100,95.5,2024-08-20,2024-08-18
ASM013004,STU0740,CRS014,1,quiz,25,16.9,2024-09-23,2024-09-23
ASM013005,STU0740,CRS014,1,assignment,50,49.0,2024-09-23,2024-09-22
ASM013006,STU0740,CRS014,2,quiz,25,15.8,2024-10-03,2024-10-02
ASM013007,STU0740,CRS014,2,assignment,50,26.4,2024-10-07,2024-10-07
ASM013008,STU0740,CRS014,3,quiz,25,13.8,2024-10-30,2024-10-29
ASM013009,STU0740,CRS014,3,assignment,50,34.7,2024-11-05,2024-11-04
ASM013010,STU0740,CRS014,3,project,100,75.2,2024-11-05,2024-11-05
ASM013011,STU0740,CRS014,4,quiz,25,19.5,2024-11-22,2024-11-22
ASM013012,STU0740,CRS014,4,assignment,50,21.4,2024-11-26,2024-11-27
ASM013013,STU0740,CRS014,5,quiz,25,14.5,2024-11-27,2024-11-28
ASM013014,STU0740,CRS014,5,assignment,50,30.8,2024-12-12,2024-12-09
ASM013015,STU0740,CRS014,6,quiz,25,12.4,2024-12-08,2024-12-15
ASM013016,STU0740,CRS014,6,assignment,50,21.8,2024-11-26,2024-11-24
ASM013017,STU0740,CRS014,6,project,100,49.4,2024-11-26,2024-11-29
ASM013018,STU0740,CRS014,6,exam,100,85.7,2024-11-26,2024-11-27
ASM013019,STU0741,CRS011,1,quiz,25,18.3,2023-02-10,2023-02-10
ASM013020,STU0741,CRS011,1,assignment,50,32.4,2023-02-15,2023-02-16
ASM013021,STU0741,CRS011,2,quiz,25,19.9,2023-03-01,2023-02-27
ASM013022,STU0741,CRS011,2,assignment,50,35.2,2023-03-09,2023-03-08
ASM013023,STU0741,CRS011,3,quiz,25,21.6,2023-03-27,2023-03-25
ASM013024,STU0741,CRS011,3,assignment,50,39.5,2023-03-24,2023-03-25
ASM013025,STU0741,CRS011,3,project,100,70.4,2023-03-18,2023-03-17
ASM013026,STU0741,CRS011,4,quiz,25,8.6,2023-03-27,2023-03-27
ASM013027,STU0741,CRS011,4,assignment,50,17.9,2023-03-23,2023-03-23
ASM013028,STU0741,CRS011,5,quiz,25,14.0,2023-04-11,2023-04-11
ASM013029,STU0741,CRS011,5,assignment,50,24.1,2023-05-06,2023-05-06
ASM013030,STU0741,CRS011,6,quiz,25,9.5,2023-05-08,2023-05-05
ASM013031,STU0741,CRS011,6,assignment,50,42.0,2023-04-20,2023-04-20
ASM013032,STU0741,CRS011,6,project,100,76.0,2023-05-14,2023-05-19
ASM013033,STU0741,CRS011,7,quiz,25,17.2,2023-06-01,2023-06-03
ASM013034,STU0741,CRS011,7,assignment,50,39.0,2023-06-15,2023-06-15
ASM013035,STU0741,CRS011,8,quiz,25,11.0,2023-07-13,2023-07-13
ASM013036,STU0741,CRS011,8,assignment,50,21.5,2023-06-11,2023-06-10
ASM013037,STU0741,CRS011,9,quiz,25,15.6,2023-06-19,2023-06-18
ASM013038,STU0741,CRS011,9,assignment,50,28.7,2023-07-25,2023-07-25
ASM013039,STU0741,CRS011,9,project,100,36.0,2023-06-19,2023-06-17
ASM013040,STU0741,CRS011,10,quiz,25,14.5,2023-07-15,2023-07-12
ASM013041,STU0741,CRS011,10,assignment,50,28.6,2023-08-14,2023-08-13
ASM013042,STU0741,CRS011,10,exam,100,88.2,2023-07-15,2023-07-13
ASM013043,STU0742,CRS020,1,quiz,25,15.3,2023-09-20,2023-09-21
ASM013044,STU0742,CRS020,1,assignment,50,32.2,2023-09-19,2023-09-19
ASM013045,STU0742,CRS020,2,quiz,25,13.5,2023-10-11,2023-10-09
ASM013046,STU0742,CRS020,2,assignment,50,22.3,2023-10-01,2023-10-01
ASM013047,STU0742,CRS020,3,quiz,25,17.3,2023-10-30,2023-10-29
ASM013048,STU0742,CRS020,3,assignment,50,24.0,2023-11-05,2023-11-05
ASM013049,STU0742,CRS020,3,project,100,72.5,2023-10-24,2023-10-23
ASM013050,STU0742,CRS020,4,quiz,25,14.0,2023-11-02,2023-10-31
ASM013051,STU0742,CRS020,4,assignment,50,26.7,2023-11-26,2023-11-26
ASM013052,STU0742,CRS020,4,exam,100,73.1,2023-11-14,2023-11-16
ASM013053,STU0743,CRS019,1,quiz,25,16.1,2024-03-28,2024-04-04
ASM013054,STU0743,CRS019,1,assignment,50,25.5,2024-03-28,2024-03-28
ASM013055,STU0743,CRS019,2,quiz,25,19.4,2024-04-08,2024-04-10
ASM013056,STU0743,CRS019,2,assignment,50,39.1,2024-04-16,2024-04-16
ASM013057,STU0743,CRS019,3,quiz,25,20.8,2024-05-03,2024-05-08
ASM013058,STU0743,CRS019,3,assignment,50,40.5,2024-04-21,2024-04-21
ASM013059,STU0743,CRS019,3,project,100,65.4,2024-04-21,2024-04-21
ASM013060,STU0743,CRS019,4,quiz,25,23.1,2024-05-10,2024-05-11
ASM013061,STU0743,CRS019,4,assignment,50,31.1,2024-05-18,2024-05-18
ASM013062,STU0743,CRS019,5,quiz,25,15.4,2024-06-10,2024-06-07
ASM013063,STU0743,CRS019,5,assignment,50,37.7,2024-05-16,2024-05-16
ASM013064,STU0743,CRS019,6,quiz,25,13.9,2024-06-29,2024-06-30
ASM013065,STU0743,CRS019,6,assignment,50,22.8,2024-05-30,2024-05-30
ASM013066,STU0743,CRS019,6,project,100,75.8,2024-06-23,2024-06-21
ASM013067,STU0743,CRS019,6,exam,100,59.7,2024-06-17,2024-06-15
ASM013068,STU0744,CRS010,1,quiz,25,16.6,2024-09-16,2024-09-15
ASM013069,STU0744,CRS010,1,assignment,50,20.6,2024-09-17,2024-09-17
ASM013070,STU0744,CRS010,2,quiz,25,9.3,2024-10-01,2024-10-06
ASM013071,STU0744,CRS010,2,assignment,50,40.0,2024-10-07,2024-10-05
ASM013072,STU0744,CRS010,3,quiz,25,9.0,2024-10-14,2024-10-14
ASM013073,STU0744,CRS010,3,assignment,50,44.4,2024-10-11,2024-10-12
ASM013074,STU0744,CRS010,3,project,100,42.6,2024-10-23,2024-10-21
ASM013075,STU0744,CRS010,4,quiz,25,13.5,2024-11-18,2024-11-19
ASM013076,STU0744,CRS010,4,assignment,50,39.9,2024-11-10,2024-11-08
ASM013077,STU0744,CRS010,5,quiz,25,21.7,2024-11-13,2024-11-10
ASM013078,STU0744,CRS010,5,assignment,50,40.4,2024-12-13,2024-12-16
ASM013079,STU0744,CRS010,6,quiz,25,18.8,2024-11-28,2024-11-29
ASM013080,STU0744,CRS010,6,assignment,50,23.1,2024-12-10,2024-12-15
ASM013081,STU0744,CRS010,6,project,100,54.8,2024-12-22,2024-12-22
ASM013082,STU0744,CRS010,7,quiz,25,24.5,2024-12-06,2024-12-07
ASM013083,STU0744,CRS010,7,assignment,50,49.0,2024-12-20,2024-12-20
ASM013084,STU0744,CRS010,7,exam,100,81.7,2025-01-03,2025-01-01
ASM013085,STU0745,CRS005,1,quiz,25,12.2,2023-02-14,2023-02-14
ASM013086,STU0745,CRS005,1,assignment,50,32.4,2023-02-09,2023-02-11
ASM013087,STU0745,CRS005,2,quiz,25,15.2,2023-02-25,2023-02-26
ASM013088,STU0745,CRS005,2,assignment,50,42.7,2023-03-03,2023-02-28
ASM013089,STU0745,CRS005,3,quiz,25,24.2,2023-03-09,2023-03-10
ASM013090,STU0745,CRS005,3,assignment,50,35.4,2023-03-15,2023-03-14
ASM013091,STU0745,CRS005,3,project,100,64.4,2023-03-09,2023-03-12
ASM013092,STU0745,CRS005,4,quiz,25,18.3,2023-04-16,2023-04-16
ASM013093,STU0745,CRS005,4,assignment,50,30.2,2023-04-08,2023-04-05
ASM013094,STU0745,CRS005,5,quiz,25,13.1,2023-05-06,2023-05-05
ASM013095,STU0745,CRS005,5,assignment,50,25.2,2023-04-16,2023-04-18
ASM013096,STU0745,CRS005,6,quiz,25,11.8,2023-05-02,2023-05-02
ASM013097,STU0745,CRS005,6,assignment,50,38.2,2023-05-02,2023-05-01
ASM013098,STU0745,CRS005,6,project,100,54.1,2023-05-02,2023-05-09
ASM013099,STU0745,CRS005,7,quiz,25,12.2,2023-05-04,2023-05-11
ASM013100,STU0745,CRS005,7,assignment,50,29.6,2023-05-04,2023-05-05
ASM013101,STU0745,CRS005,8,quiz,25,16.9,2023-05-26,2023-05-29
ASM013102,STU0745,CRS005,8,assignment,50,21.8,2023-05-18,2023-05-19
ASM013103,STU0745,CRS005,8,exam,100,82.9,2023-05-18,2023-05-15
ASM013104,STU0746,CRS019,1,quiz,25,14.1,2023-08-25,2023-08-25
ASM013105,STU0746,CRS019,1,assignment,50,31.4,2023-08-29,2023-09-01
ASM013106,STU0746,CRS019,2,quiz,25,9.9,2023-09-10,2023-09-08
ASM013107,STU0746,CRS019,2,assignment,50,49.0,2023-09-12,2023-09-09
ASM013108,STU0746,CRS019,3,quiz,25,21.8,2023-09-23,2023-09-26
ASM013109,STU0746,CRS019,3,assignment,50,35.1,2023-10-08,2023-10-08
ASM013110,STU0746,CRS019,3,project,100,74.5,2023-10-11,2023-10-11
ASM013111,STU0746,CRS019,4,quiz,25,15.1,2023-10-28,2023-10-27
ASM013112,STU0746,CRS019,4,assignment,50,35.0,2023-10-08,2023-10-15
ASM013113,STU0746,CRS019,5,quiz,25,19.8,2023-10-18,2023-10-18
ASM013114,STU0746,CRS019,5,assignment,50,21.0,2023-10-28,2023-10-28
ASM013115,STU0746,CRS019,6,quiz,25,20.4,2023-11-13,2023-11-14
ASM013116,STU0746,CRS019,6,assignment,50,47.0,2023-11-25,2023-11-27
ASM013117,STU0746,CRS019,6,project,100,51.4,2023-11-13,2023-11-14
ASM013118,STU0746,CRS019,6,exam,100,73.8,2023-11-19,2023-11-19
ASM013119,STU0747,CRS006,1,quiz,25,11.8,2024-03-09,2024-03-10
ASM013120,STU0747,CRS006,1,assignment,50,39.8,2024-03-14,2024-03-15
ASM013121,STU0747,CRS006,2,quiz,25,15.1,2024-03-29,2024-03-30
ASM013122,STU0747,CRS006,2,assignment,50,35.6,2024-03-25,2024-03-27
ASM013123,STU0747,CRS006,3,quiz,25,10.7,2024-04-13,2024-04-18
ASM013124,STU0747,CRS006,3,assignment,50,46.0,2024-04-19,2024-04-19
ASM013125,STU0747,CRS006,3,project,100,56.7,2024-04-10,2024-04-13
ASM013126,STU0747,CRS006,4,quiz,25,13.4,2024-04-30,2024-05-01
ASM013127,STU0747,CRS006,4,assignment,50,43.1,2024-04-22,2024-04-25
ASM013128,STU0747,CRS006,5,quiz,25,19.2,2024-05-27,2024-05-27
ASM013129,STU0747,CRS006,5,assignment,50,45.2,2024-06-06,2024-06-06
ASM013130,STU0747,CRS006,6,quiz,25,17.0,2024-06-21,2024-06-19
ASM013131,STU0747,CRS006,6,assignment,50,45.1,2024-05-16,2024-05-23
ASM013132,STU0747,CRS006,6,project,100,39.9,2024-06-09,2024-06-07
ASM013133,STU0747,CRS006,7,quiz,25,14.4,2024-07-18,2024-07-18
ASM013134,STU0747,CRS006,7,assignment,50,28.7,2024-05-30,2024-05-29
ASM013135,STU0747,CRS006,8,quiz,25,22.3,2024-06-21,2024-06-20
ASM013136,STU0747,CRS006,8,assignment,50,16.1,2024-06-21,2024-06-23
ASM013137,STU0747,CRS006,9,quiz,25,18.2,2024-07-06,2024-07-06
ASM013138,STU0747,CRS006,9,assignment,50,38.7,2024-08-02,2024-08-02
ASM013139,STU0747,CRS006,9,project,100,63.4,2024-08-29,2024-08-28
ASM013140,STU0747,CRS006,10,quiz,25,24.5,2024-07-31,2024-07-31
ASM013141,STU0747,CRS006,10,assignment,50,30.7,2024-09-09,2024-09-09
ASM013142,STU0747,CRS006,10,exam,100,64.1,2024-09-19,2024-09-20
ASM013143,STU0748,CRS020,1,quiz,25,10.0,2024-08-12,2024-08-14
ASM013144,STU0748,CRS020,1,assignment,50,27.8,2024-08-17,2024-08-17
ASM013145,STU0748,CRS020,2,quiz,25,19.3,2024-08-26,2024-08-24
ASM013146,STU0748,CRS020,2,assignment,50,28.3,2024-09-01,2024-09-08
ASM013147,STU0748,CRS020,3,quiz,25,13.7,2024-09-24,2024-09-24
ASM013148,STU0748,CRS020,3,assignment,50,20.4,2024-09-15,2024-09-15
ASM013149,STU0748,CRS020,3,project,100,61.5,2024-09-24,2024-09-27
ASM013150,STU0748,CRS020,4,quiz,25,16.7,2024-10-09,2024-10-09
ASM013151,STU0748,CRS020,4,assignment,50,25.5,2024-09-23,2024-09-20
ASM013152,STU0748,CRS020,4,exam,100,87.2,2024-09-27,2024-09-25
ASM013153,STU0749,CRS004,1,quiz,25,20.3,2023-04-01,2023-04-01
ASM013154,STU0749,CRS004,1,assignment,50,44.0,2023-04-02,2023-04-03
ASM013155,STU0749,CRS004,2,quiz,25,16.1,2023-04-20,2023-04-22
ASM013156,STU0749,CRS004,2,assignment,50,31.7,2023-04-22,2023-04-20
ASM013157,STU0749,CRS004,3,quiz,25,10.6,2023-04-26,2023-04-26
ASM013158,STU0749,CRS004,3,assignment,50,16.7,2023-05-08,2023-05-09
ASM013159,STU0749,CRS004,3,project,100,95.3,2023-05-14,2023-05-12
ASM013160,STU0749,CRS004,4,quiz,25,13.2,2023-06-07,2023-06-08
ASM013161,STU0749,CRS004,4,assignment,50,22.4,2023-05-18,2023-05-20
ASM013162,STU0749,CRS004,5,quiz,25,15.2,2023-06-28,2023-06-28
ASM013163,STU0749,CRS004,5,assignment,50,24.6,2023-05-24,2023-05-29
ASM013164,STU0749,CRS004,6,quiz,25,15.5,2023-06-19,2023-06-20
ASM013165,STU0749,CRS004,6,assignment,50,45.6,2023-06-07,2023-06-12
ASM013166,STU0749,CRS004,6,project,100,82.6,2023-06-07,2023-06-04
ASM013167,STU0749,CRS004,6,exam,100,55.2,2023-07-13,2023-07-12
ASM013168,STU0750,CRS011,1,quiz,25,13.3,2023-09-15,2023-09-15
ASM013169,STU0750,CRS011,1,assignment,50,41.5,2023-09-18,2023-09-21
ASM013170,STU0750,CRS011,2,quiz,25,21.3,2023-10-02,2023-10-01
ASM013171,STU0750,CRS011,2,assignment,50,15.6,2023-10-08,2023-10-10
ASM013172,STU0750,CRS011,3,quiz,25,12.7,2023-11-02,2023-11-01
ASM013173,STU0750,CRS011,3,assignment,50,34.8,2023-10-30,2023-11-06
ASM013174,STU0750,CRS011,3,project,100,35.3,2023-11-02,2023-11-02
ASM013175,STU0750,CRS011,4,quiz,25,14.7,2023-11-23,2023-11-23
ASM013176,STU0750,CRS011,4,assignment,50,36.3,2023-11-19,2023-11-19
ASM013177,STU0750,CRS011,5,quiz,25,11.6,2023-12-09,2023-12-12
ASM013178,STU0750,CRS011,5,assignment,50,43.6,2023-12-09,2023-12-11
ASM013179,STU0750,CRS011,6,quiz,25,10.8,2023-12-17,2023-12-24
ASM013180,STU0750,CRS011,6,assignment,50,32.4,2023-12-29,2023-12-29
ASM013181,STU0750,CRS011,6,project,100,70.7,2024-01-04,2024-01-02
ASM013182,STU0750,CRS011,7,quiz,25,16.7,2024-01-11,2024-01-11
ASM013183,STU0750,CRS011,7,assignment,50,28.8,2024-01-18,2024-01-19
ASM013184,STU0750,CRS011,8,quiz,25,19.1,2024-01-22,2024-01-22
ASM013185,STU0750,CRS011,8,assignment,50,31.3,2024-01-30,2024-01-28
ASM013186,STU0750,CRS011,9,quiz,25,22.5,2024-02-09,2024-02-08
ASM013187,STU0750,CRS011,9,assignment,50,42.8,2024-01-04,2024-01-03
ASM013188,STU0750,CRS011,9,project,100,83.9,2024-02-18,2024-02-15
ASM013189,STU0750,CRS011,10,quiz,25,16.7,2024-03-18,2024-03-17
ASM013190,STU0750,CRS011,10,assignment,50,34.9,2024-03-08,2024-03-09
ASM013191,STU0750,CRS011,10,exam,100,43.1,2024-01-28,2024-01-28
ASM013192,STU0751,CRS012,1,quiz,25,12.7,2024-02-21,2024-02-21
ASM013193,STU0751,CRS012,1,assignment,50,24.3,2024-02-25,2024-02-28
ASM013194,STU0751,CRS012,2,quiz,25,21.0,2024-03-13,2024-03-13
ASM013195,STU0751,CRS012,2,assignment,50,28.3,2024-03-07,2024-03-06
ASM013196,STU0751,CRS012,3,quiz,25,15.9,2024-03-26,2024-03-25
ASM013197,STU0751,CRS012,3,assignment,50,23.2,2024-03-23,2024-03-22
ASM013198,STU0751,CRS012,3,project,100,48.4,2024-04-07,2024-04-08
ASM013199,STU0751,CRS012,4,quiz,25,20.8,2024-04-04,2024-04-04
ASM013200,STU0751,CRS012,4,assignment,50,21.6,2024-04-24,2024-04-24
ASM013201,STU0751,CRS012,5,quiz,25,18.1,2024-05-19,2024-05-18
ASM013202,STU0751,CRS012,5,assignment,50,24.5,2024-05-04,2024-05-04
ASM013203,STU0751,CRS012,6,quiz,25,10.2,2024-04-28,2024-05-01
ASM013204,STU0751,CRS012,6,assignment,50,31.0,2024-06-09,2024-06-07
ASM013205,STU0751,CRS012,6,project,100,38.4,2024-05-22,2024-05-21
ASM013206,STU0751,CRS012,7,quiz,25,20.1,2024-06-30,2024-06-29
ASM013207,STU0751,CRS012,7,assignment,50,29.0,2024-06-02,2024-06-09
ASM013208,STU0751,CRS012,8,quiz,25,21.1,2024-06-19,2024-06-20
ASM013209,STU0751,CRS012,8,assignment,50,29.8,2024-07-13,2024-07-11
ASM013210,STU0751,CRS012,8,exam,100,59.2,2024-07-21,2024-07-23
ASM013211,STU0752,CRS003,1,quiz,25,15.5,2024-09-25,2024-09-25
ASM013212,STU0752,CRS003,1,assignment,50,21.7,2024-09-19,2024-09-19
ASM013213,STU0752,CRS003,2,quiz,25,11.5,2024-10-09,2024-10-07
ASM013214,STU0752,CRS003,2,assignment,50,23.9,2024-10-07,2024-10-08
ASM013215,STU0752,CRS003,3,quiz,25,15.7,2024-11-07,2024-11-09
ASM013216,STU0752,CRS003,3,assignment,50,19.7,2024-10-17,2024-10-20
ASM013217,STU0752,CRS003,3,project,100,77.5,2024-10-26,2024-10-27
ASM013218,STU0752,CRS003,4,quiz,25,19.8,2024-11-20,2024-11-20
ASM013219,STU0752,CRS003,4,assignment,50,40.6,2024-11-28,2024-11-27
ASM013220,STU0752,CRS003,5,quiz,25,21.1,2024-12-04,2024-12-09
ASM013221,STU0752,CRS003,5,assignment,50,42.0,2024-12-09,2024-12-09
ASM013222,STU0752,CRS003,5,exam,100,61.2,2024-12-09,2024-12-09
ASM013223,STU0753,CRS011,1,quiz,25,14.6,2023-02-27,2023-02-28
ASM013224,STU0753,CRS011,1,assignment,50,34.5,2023-02-26,2023-02-26
ASM013225,STU0753,CRS011,2,quiz,25,18.2,2023-03-18,2023-03-18
ASM013226,STU0753,CRS011,2,assignment,50,47.7,2023-03-18,2023-03-18
ASM013227,STU0753,CRS011,3,quiz,25,15.6,2023-04-07,2023-04-05
ASM013228,STU0753,CRS011,3,assignment,50,17.2,2023-04-07,2023-04-07
ASM013229,STU0753,CRS011,3,project,100,75.3,2023-04-01,2023-03-31
ASM013230,STU0753,CRS011,4,quiz,25,9.8,2023-04-09,2023-04-16
ASM013231,STU0753,CRS011,4,assignment,50,28.0,2023-04-17,2023-04-16
ASM013232,STU0753,CRS011,5,quiz,25,21.1,2023-04-28,2023-04-30
ASM013233,STU0753,CRS011,5,assignment,50,17.4,2023-05-03,2023-05-05
ASM013234,STU0753,CRS011,6,quiz,25,17.9,2023-06-06,2023-06-04
ASM013235,STU0753,CRS011,6,assignment,50,23.3,2023-05-31,2023-05-31
ASM013236,STU0753,CRS011,6,project,100,63.3,2023-05-19,2023-05-19
ASM013237,STU0753,CRS011,7,quiz,25,19.1,2023-05-21,2023-05-20
ASM013238,STU0753,CRS011,7,assignment,50,36.6,2023-05-21,2023-05-19
ASM013239,STU0753,CRS011,8,quiz,25,10.5,2023-06-12,2023-06-09
ASM013240,STU0753,CRS011,8,assignment,50,43.2,2023-07-30,2023-07-30
ASM013241,STU0753,CRS011,9,quiz,25,18.0,2023-07-24,2023-07-23
ASM013242,STU0753,CRS011,9,assignment,50,45.6,2023-06-18,2023-06-17
ASM013243,STU0753,CRS011,9,project,100,72.5,2023-08-11,2023-08-18
ASM013244,STU0753,CRS011,10,quiz,25,23.2,2023-08-31,2023-08-30
ASM013245,STU0753,CRS011,10,assignment,50,23.0,2023-08-31,2023-09-01
ASM013246,STU0753,CRS011,10,exam,100,52.6,2023-09-10,2023-09-07
ASM013247,STU0754,CRS007,1,quiz,25,22.2,2023-08-15,2023-08-15
ASM013248,STU0754,CRS007,1,assignment,50,40.6,2023-08-14,2023-08-13
ASM013249,STU0754,CRS007,2,quiz,25,17.5,2023-09-02,2023-09-07
ASM013250,STU0754,CRS007,2,assignment,50,29.3,2023-08-31,2023-09-01
ASM013251,STU0754,CRS007,3,quiz,25,13.9,2023-09-28,2023-10-03
ASM013252,STU0754,CRS007,3,assignment,50,37.8,2023-09-22,2023-09-22
ASM013253,STU0754,CRS007,3,project,100,44.9,2023-09-16,2023-09-16
ASM013254,STU0754,CRS007,4,quiz,25,10.7,2023-10-06,2023-10-06
ASM013255,STU0754,CRS007,4,assignment,50,33.7,2023-10-22,2023-10-21
ASM013256,STU0754,CRS007,5,quiz,25,17.3,2023-11-02,2023-11-07
ASM013257,STU0754,CRS007,5,assignment,50,34.7,2023-11-02,2023-11-04
ASM013258,STU0754,CRS007,6,quiz,25,15.4,2023-11-27,2023-11-30
ASM013259,STU0754,CRS007,6,assignment,50,31.9,2023-10-28,2023-11-04
ASM013260,STU0754,CRS007,6,project,100,63.9,2023-11-21,2023-11-22
ASM013261,STU0754,CRS007,7,quiz,25,17.8,2023-11-19,2023-11-19
ASM013262,STU0754,CRS007,7,assignment,50,28.0,2023-12-03,2023-12-01
ASM013263,STU0754,CRS007,8,quiz,25,12.2,2024-01-14,2024-01-11
ASM013264,STU0754,CRS007,8,assignment,50,40.7,2023-12-13,2023-12-12
ASM013265,STU0754,CRS007,8,exam,100,47.5,2023-12-29,2024-01-05
ASM013266,STU0755,CRS012,1,quiz,25,19.4,2024-02-15,2024-02-15
ASM013267,STU0755,CRS012,1,assignment,50,41.7,2024-02-16,2024-02-16
ASM013268,STU0755,CRS012,2,quiz,25,12.1,2024-03-13,2024-03-12
ASM013269,STU0755,CRS012,2,assignment,50,49.0,2024-03-11,2024-03-11
ASM013270,STU0755,CRS012,3,quiz,25,18.7,2024-03-28,2024-03-28
ASM013271,STU0755,CRS012,3,assignment,50,43.1,2024-03-22,2024-03-24
ASM013272,STU0755,CRS012,3,project,100,32.0,2024-03-13,2024-03-13
ASM013273,STU0755,CRS012,4,quiz,25,11.7,2024-04-04,2024-04-04
ASM013274,STU0755,CRS012,4,assignment,50,40.1,2024-04-12,2024-04-09
ASM013275,STU0755,CRS012,5,quiz,25,17.1,2024-04-30,2024-04-30
ASM013276,STU0755,CRS012,5,assignment,50,31.4,2024-05-15,2024-05-17
ASM013277,STU0755,CRS012,6,quiz,25,14.3,2024-04-24,2024-04-24
ASM013278,STU0755,CRS012,6,assignment,50,24.4,2024-05-24,2024-05-24
ASM013279,STU0755,CRS012,6,project,100,46.4,2024-04-24,2024-04-25
ASM013280,STU0755,CRS012,7,quiz,25,24.5,2024-06-26,2024-06-29
ASM013281,STU0755,CRS012,7,assignment,50,35.3,2024-05-22,2024-05-21
ASM013282,STU0755,CRS012,8,quiz,25,18.7,2024-06-23,2024-06-22
ASM013283,STU0755,CRS012,8,assignment,50,28.2,2024-05-22,2024-05-22
ASM013284,STU0755,CRS012,8,exam,100,43.1,2024-05-22,2024-05-24
ASM013285,STU0756,CRS001,1,quiz,25,23.3,2024-08-08,2024-08-10
ASM013286,STU0756,CRS001,1,assignment,50,42.8,2024-08-07,2024-08-09
ASM013287,STU0756,CRS001,2,quiz,25,16.8,2024-08-25,2024-08-25
ASM013288,STU0756,CRS001,2,assignment,50,16.5,2024-08-17,2024-08-19
ASM013289,STU0756,CRS001,3,quiz,25,18.8,2024-09-04,2024-09-06
ASM013290,STU0756,CRS001,3,assignment,50,31.7,2024-09-16,2024-09-14
ASM013291,STU0756,CRS001,3,project,100,39.4,2024-09-04,2024-09-03
ASM013292,STU0756,CRS001,4,quiz,25,14.0,2024-09-16,2024-09-15
ASM013293,STU0756,CRS001,4,assignment,50,39.3,2024-09-20,2024-09-21
ASM013294,STU0756,CRS001,5,quiz,25,14.6,2024-10-06,2024-10-05
ASM013295,STU0756,CRS001,5,assignment,50,32.8,2024-10-06,2024-10-05
ASM013296,STU0756,CRS001,6,quiz,25,18.8,2024-10-22,2024-10-24
ASM013297,STU0756,CRS001,6,assignment,50,36.4,2024-10-10,2024-10-07
ASM013298,STU0756,CRS001,6,project,100,70.4,2024-10-22,2024-10-22
ASM013299,STU0756,CRS001,7,quiz,25,16.4,2024-11-07,2024-11-06
ASM013300,STU0756,CRS001,7,assignment,50,35.7,2024-12-12,2024-12-12
ASM013301,STU0756,CRS001,8,quiz,25,16.6,2024-12-01,2024-12-01
ASM013302,STU0756,CRS001,8,assignment,50,20.3,2024-12-25,2024-12-23
ASM013303,STU0756,CRS001,8,exam,100,70.9,2025-01-02,2025-01-09
ASM013304,STU0757,CRS014,1,quiz,25,19.6,2023-02-12,2023-02-12
ASM013305,STU0757,CRS014,1,assignment,50,28.2,2023-02-15,2023-02-17
ASM013306,STU0757,CRS014,2,quiz,25,24.5,2023-03-08,2023-03-08
ASM013307,STU0757,CRS014,2,assignment,50,39.0,2023-03-04,2023-03-03
ASM013308,STU0757,CRS014,3,quiz,25,17.8,2023-03-17,2023-03-14
ASM013309,STU0757,CRS014,3,assignment,50,38.9,2023-03-29,2023-03-26
ASM013310,STU0757,CRS014,3,project,100,69.5,2023-03-17,2023-03-17
ASM013311,STU0757,CRS014,4,quiz,25,17.1,2023-03-30,2023-03-30
ASM013312,STU0757,CRS014,4,assignment,50,36.7,2023-04-11,2023-04-11
ASM013313,STU0757,CRS014,5,quiz,25,5.8,2023-04-15,2023-04-15
ASM013314,STU0757,CRS014,5,assignment,50,33.8,2023-04-20,2023-04-20
ASM013315,STU0757,CRS014,6,quiz,25,18.8,2023-05-01,2023-04-30
ASM013316,STU0757,CRS014,6,assignment,50,20.1,2023-05-31,2023-06-01
ASM013317,STU0757,CRS014,6,project,100,63.3,2023-05-31,2023-05-30
ASM013318,STU0757,CRS014,6,exam,100,53.7,2023-05-13,2023-05-12
ASM013319,STU0758,CRS013,1,quiz,25,10.7,2023-08-22,2023-08-20
ASM013320,STU0758,CRS013,1,assignment,50,37.5,2023-08-22,2023-08-21
ASM013321,STU0758,CRS013,2,quiz,25,18.1,2023-09-07,2023-09-12
ASM013322,STU0758,CRS013,2,assignment,50,27.8,2023-09-05,2023-09-04
ASM013323,STU0758,CRS013,3,quiz,25,18.4,2023-10-02,2023-10-01
ASM013324,STU0758,CRS013,3,assignment,50,39.5,2023-09-17,2023-09-17
ASM013325,STU0758,CRS013,3,project,100,69.8,2023-10-08,2023-10-09
ASM013326,STU0758,CRS013,4,quiz,25,7.4,2023-10-17,2023-10-22
ASM013327,STU0758,CRS013,4,assignment,50,20.0,2023-10-01,2023-10-04
ASM013328,STU0758,CRS013,5,quiz,25,2.5,2023-11-04,2023-11-02
ASM013329,STU0758,CRS013,5,assignment,50,38.9,2023-11-04,2023-11-04
ASM013330,STU0758,CRS013,6,quiz,25,21.3,2023-11-10,2023-11-09
ASM013331,STU0758,CRS013,6,assignment,50,27.6,2023-11-28,2023-11-28
ASM013332,STU0758,CRS013,6,project,100,45.5,2023-11-16,2023-11-16
ASM013333,STU0758,CRS013,7,quiz,25,14.9,2023-12-03,2023-12-08
ASM013334,STU0758,CRS013,7,assignment,50,24.6,2023-12-10,2023-12-10
ASM013335,STU0758,CRS013,8,quiz,25,14.0,2023-12-12,2023-12-13
ASM013336,STU0758,CRS013,8,assignment,50,28.7,2024-01-21,2024-01-20
ASM013337,STU0758,CRS013,8,exam,100,79.5,2024-01-05,2024-01-10
ASM013338,STU0759,CRS004,1,quiz,25,11.8,2024-03-25,2024-03-24
ASM013339,STU0759,CRS004,1,assignment,50,40.5,2024-03-29,2024-03-29
ASM013340,STU0759,CRS004,2,quiz,25,14.8,2024-04-07,2024-04-08
ASM013341,STU0759,CRS004,2,assignment,50,33.4,2024-04-05,2024-04-05
ASM013342,STU0759,CRS004,3,quiz,25,10.3,2024-05-01,2024-05-01
ASM013343,STU0759,CRS004,3,assignment,50,26.4,2024-05-10,2024-05-10
ASM013344,STU0759,CRS004,3,project,100,82.7,2024-04-25,2024-04-25
ASM013345,STU0759,CRS004,4,quiz,25,19.1,2024-05-31,2024-05-29
ASM013346,STU0759,CRS004,4,assignment,50,45.2,2024-05-15,2024-05-12
ASM013347,STU0759,CRS004,5,quiz,25,8.0,2024-06-21,2024-06-18
ASM013348,STU0759,CRS004,5,assignment,50,41.4,2024-06-16,2024-06-17
ASM013349,STU0759,CRS004,6,quiz,25,14.2,2024-06-24,2024-06-24
ASM013350,STU0759,CRS004,6,assignment,50,45.5,2024-06-24,2024-06-24
ASM013351,STU0759,CRS004,6,project,100,54.6,2024-06-30,2024-06-29
ASM013352,STU0759,CRS004,6,exam,100,55.3,2024-06-18,2024-06-19
ASM013353,STU0760,CRS019,1,quiz,25,22.5,2024-09-14,2024-09-17
ASM013354,STU0760,CRS019,1,assignment,50,35.8,2024-09-14,2024-09-14
ASM013355,STU0760,CRS019,2,quiz,25,24.5,2024-09-26,2024-09-26
ASM013356,STU0760,CRS019,2,assignment,50,24.6,2024-09-22,2024-09-23
ASM013357,STU0760,CRS019,3,quiz,25,14.3,2024-10-21,2024-10-23
ASM013358,STU0760,CRS019,3,assignment,50,24.7,2024-10-18,2024-10-21
ASM013359,STU0760,CRS019,3,project,100,64.8,2024-10-09,2024-10-11
ASM013360,STU0760,CRS019,4,quiz,25,14.6,2024-11-09,2024-11-09
ASM013361,STU0760,CRS019,4,assignment,50,31.4,2024-11-13,2024-11-12
ASM013362,STU0760,CRS019,5,quiz,25,17.9,2024-12-03,2024-12-04
ASM013363,STU0760,CRS019,5,assignment,50,31.2,2024-12-08,2024-12-08
ASM013364,STU0760,CRS019,6,quiz,25,15.4,2024-12-11,2024-12-16
ASM013365,STU0760,CRS019,6,assignment,50,31.7,2024-12-17,2024-12-17
ASM013366,STU0760,CRS019,6,project,100,69.6,2024-12-05,2024-12-05
ASM013367,STU0760,CRS019,6,exam,100,57.5,2024-12-11,2024-12-10
ASM013368,STU0761,CRS006,1,quiz,25,23.7,2023-03-01,2023-03-08
ASM013369,STU0761,CRS006,1,assignment,50,25.0,2023-02-28,2023-02-25
ASM013370,STU0761,CRS006,2,quiz,25,24.2,2023-03-18,2023-03-16
ASM013371,STU0761,CRS006,2,assignment,50,30.7,2023-03-24,2023-03-25
ASM013372,STU0761,CRS006,3,quiz,25,19.3,2023-03-26,2023-03-27
ASM013373,STU0761,CRS006,3,assignment,50,21.9,2023-04-04,2023-04-04
ASM013374,STU0761,CRS006,3,project,100,96.2,2023-04-07,2023-04-06
ASM013375,STU0761,CRS006,4,quiz,25,22.4,2023-04-13,2023-04-10
ASM013376,STU0761,CRS006,4,assignment,50,37.9,2023-05-03,2023-05-03
ASM013377,STU0761,CRS006,5,quiz,25,19.6,2023-04-23,2023-04-24
ASM013378,STU0761,CRS006,5,assignment,50,27.2,2023-04-28,2023-04-29
ASM013379,STU0761,CRS006,6,quiz,25,11.4,2023-05-19,2023-05-18
ASM013380,STU0761,CRS006,6,assignment,50,43.6,2023-06-12,2023-06-11
ASM013381,STU0761,CRS006,6,project,100,58.9,2023-06-18,2023-06-17
ASM013382,STU0761,CRS006,7,quiz,25,15.8,2023-07-09,2023-07-10
ASM013383,STU0761,CRS006,7,assignment,50,37.3,2023-07-02,2023-07-01
ASM013384,STU0761,CRS006,8,quiz,25,20.2,2023-06-28,2023-06-25
ASM013385,STU0761,CRS006,8,assignment,50,34.8,2023-06-04,2023-06-04
ASM013386,STU0761,CRS006,9,quiz,25,16.9,2023-06-27,2023-06-28
ASM013387,STU0761,CRS006,9,assignment,50,49.0,2023-06-27,2023-06-25
ASM013388,STU0761,CRS006,9,project,100,64.9,2023-06-18,2023-06-18
ASM013389,STU0761,CRS006,10,quiz,25,22.1,2023-08-11,2023-08-16
ASM013390,STU0761,CRS006,10,assignment,50,41.5,2023-09-10,2023-09-10
ASM013391,STU0761,CRS006,10,exam,100,64.7,2023-07-02,2023-06-29
ASM013392,STU0762,CRS002,1,quiz,25,18.0,2023-08-16,2023-08-17
ASM013393,STU0762,CRS002,1,assignment,50,28.1,2023-08-16,2023-08-16
ASM013394,STU0762,CRS002,2,quiz,25,9.7,2023-09-07,2023-09-12
ASM013395,STU0762,CRS002,2,assignment,50,30.0,2023-09-03,2023-09-10
ASM013396,STU0762,CRS002,3,quiz,25,22.2,2023-09-13,2023-09-14
ASM013397,STU0762,CRS002,3,assignment,50,35.4,2023-10-01,2023-09-30
ASM013398,STU0762,CRS002,3,project,100,60.1,2023-09-16,2023-09-14
ASM013399,STU0762,CRS002,4,quiz,25,14.4,2023-09-27,2023-09-28
ASM013400,STU0762,CRS002,4,assignment,50,49.0,2023-10-01,2023-09-28
ASM013401,STU0762,CRS002,5,quiz,25,18.2,2023-11-05,2023-11-05
ASM013402,STU0762,CRS002,5,assignment,50,32.7,2023-11-15,2023-11-15
ASM013403,STU0762,CRS002,6,quiz,25,21.0,2023-10-25,2023-10-25
ASM013404,STU0762,CRS002,6,assignment,50,33.4,2023-11-24,2023-11-25
ASM013405,STU0762,CRS002,6,project,100,48.6,2023-11-18,2023-11-16
ASM013406,STU0762,CRS002,6,exam,100,62.7,2023-10-31,2023-10-31
ASM013407,STU0763,CRS009,1,quiz,25,21.5,2024-03-29,2024-03-29
ASM013408,STU0763,CRS009,1,assignment,50,42.4,2024-04-05,2024-04-05
ASM013409,STU0763,CRS009,2,quiz,25,17.2,2024-04-16,2024-04-14
ASM013410,STU0763,CRS009,2,assignment,50,21.5,2024-04-14,2024-04-12
ASM013411,STU0763,CRS009,3,quiz,25,22.5,2024-05-11,2024-05-09
ASM013412,STU0763,CRS009,3,assignment,50,39.3,2024-05-02,2024-05-05
ASM013413,STU0763,CRS009,3,project,100,63.9,2024-05-17,2024-05-19
ASM013414,STU0763,CRS009,4,quiz,25,23.8,2024-05-22,2024-05-21
ASM013415,STU0763,CRS009,4,assignment,50,26.8,2024-05-10,2024-05-10
ASM013416,STU0763,CRS009,5,quiz,25,12.5,2024-06-18,2024-06-15
ASM013417,STU0763,CRS009,5,assignment,50,36.5,2024-06-13,2024-06-20
ASM013418,STU0763,CRS009,6,quiz,25,14.2,2024-07-07,2024-07-07
ASM013419,STU0763,CRS009,6,assignment,50,38.4,2024-06-13,2024-06-15
ASM013420,STU0763,CRS009,6,project,100,67.7,2024-06-13,2024-06-12
ASM013421,STU0763,CRS009,7,quiz,25,15.8,2024-06-21,2024-06-21
ASM013422,STU0763,CRS009,7,assignment,50,34.6,2024-07-19,2024-07-19
ASM013423,STU0763,CRS009,8,quiz,25,21.6,2024-07-21,2024-07-21
ASM013424,STU0763,CRS009,8,assignment,50,33.9,2024-07-05,2024-07-06
ASM013425,STU0763,CRS009,9,quiz,25,21.6,2024-09-11,2024-09-12
ASM013426,STU0763,CRS009,9,assignment,50,43.6,2024-08-15,2024-08-17
ASM013427,STU0763,CRS009,9,project,100,45.9,2024-09-11,2024-09-08
ASM013428,STU0763,CRS009,10,quiz,25,7.3,2024-09-01,2024-09-03
ASM013429,STU0763,CRS009,10,assignment,50,30.5,2024-08-12,2024-08-17
ASM013430,STU0763,CRS009,11,quiz,25,12.8,2024-08-16,2024-08-13
ASM013431,STU0763,CRS009,11,assignment,50,30.1,2024-08-27,2024-08-26
ASM013432,STU0763,CRS009,12,quiz,25,10.1,2024-09-11,2024-09-18
ASM013433,STU0763,CRS009,12,assignment,50,39.8,2024-09-23,2024-09-24
ASM013434,STU0763,CRS009,12,project,100,43.7,2024-11-22,2024-11-25
ASM013435,STU0763,CRS009,12,exam,100,52.7,2024-10-17,2024-10-18
ASM013436,STU0764,CRS011,1,quiz,25,21.4,2024-08-12,2024-08-13
ASM013437,STU0764,CRS011,1,assignment,50,37.6,2024-08-13,2024-08-12
ASM013438,STU0764,CRS011,2,quiz,25,22.8,2024-08-22,2024-08-20
ASM013439,STU0764,CRS011,2,assignment,50,35.6,2024-09-03,2024-09-02
ASM013440,STU0764,CRS011,3,quiz,25,19.2,2024-09-23,2024-09-24
ASM013441,STU0764,CRS011,3,assignment,50,41.4,2024-09-23,2024-09-25
ASM013442,STU0764,CRS011,3,project,100,51.0,2024-09-08,2024-09-05
ASM013443,STU0764,CRS011,4,quiz,25,19.3,2024-09-23,2024-09-30
ASM013444,STU0764,CRS011,4,assignment,50,43.8,2024-09-27,2024-09-28
ASM013445,STU0764,CRS011,5,quiz,25,16.1,2024-11-07,2024-11-05
ASM013446,STU0764,CRS011,5,assignment,50,34.3,2024-11-02,2024-11-02
ASM013447,STU0764,CRS011,6,quiz,25,16.7,2024-11-28,2024-11-29
ASM013448,STU0764,CRS011,6,assignment,50,41.3,2024-11-28,2024-11-28
ASM013449,STU0764,CRS011,6,project,100,27.2,2024-10-17,2024-10-17
ASM013450,STU0764,CRS011,7,quiz,25,15.6,2024-11-28,2024-12-05
ASM013451,STU0764,CRS011,7,assignment,50,44.5,2024-11-21,2024-11-22
ASM013452,STU0764,CRS011,8,quiz,25,19.7,2024-12-08,2024-12-07
ASM013453,STU0764,CRS011,8,assignment,50,27.1,2024-11-22,2024-11-29
ASM013454,STU0764,CRS011,8,exam,100,68.2,2024-11-30,2024-12-01
ASM013455,STU0765,CRS003,1,quiz,25,18.4,2023-03-11,2023-03-11
ASM013456,STU0765,CRS003,1,assignment,50,24.7,2023-03-07,2023-03-04
ASM013457,STU0765,CRS003,2,quiz,25,21.5,2023-04-02,2023-04-04
ASM013458,STU0765,CRS003,2,assignment,50,26.5,2023-03-29,2023-03-30
ASM013459,STU0765,CRS003,3,quiz,25,18.8,2023-04-08,2023-04-08
ASM013460,STU0765,CRS003,3,assignment,50,24.9,2023-04-20,2023-04-27
ASM013461,STU0765,CRS003,3,project,100,98.0,2023-04-20,2023-04-22
ASM013462,STU0765,CRS003,4,quiz,25,15.0,2023-04-16,2023-04-16
ASM013463,STU0765,CRS003,4,assignment,50,22.0,2023-04-16,2023-04-17
ASM013464,STU0765,CRS003,5,quiz,25,11.0,2023-05-10,2023-05-11
ASM013465,STU0765,CRS003,5,assignment,50,17.4,2023-06-04,2023-06-04
ASM013466,STU0765,CRS003,5,exam,100,68.2,2023-04-30,2023-05-02
ASM013467,STU0766,CRS020,1,quiz,25,17.3,2023-09-12,2023-09-11
ASM013468,STU0766,CRS020,1,assignment,50,26.5,2023-09-11,2023-09-08
ASM013469,STU0766,CRS020,2,quiz,25,13.0,2023-10-02,2023-10-03
ASM013470,STU0766,CRS020,2,assignment,50,24.3,2023-09-20,2023-09-22
ASM013471,STU0766,CRS020,3,quiz,25,15.2,2023-10-19,2023-10-19
ASM013472,STU0766,CRS020,3,assignment,50,32.2,2023-10-04,2023-10-04
ASM013473,STU0766,CRS020,3,project,100,76.9,2023-10-04,2023-10-05
ASM013474,STU0766,CRS020,4,quiz,25,17.3,2023-11-11,2023-11-12
ASM013475,STU0766,CRS020,4,assignment,50,28.2,2023-10-26,2023-10-26
ASM013476,STU0766,CRS020,4,exam,100,42.5,2023-10-18,2023-10-18
ASM013477,STU0767,CRS001,1,quiz,25,19.7,2024-03-01,2024-03-04
ASM013478,STU0767,CRS001,1,assignment,50,29.1,2024-02-26,2024-02-26
ASM013479,STU0767,CRS001,2,quiz,25,18.2,2024-03-18,2024-03-20
ASM013480,STU0767,CRS001,2,assignment,50,26.7,2024-03-22,2024-03-20
ASM013481,STU0767,CRS001,3,quiz,25,14.3,2024-03-24,2024-03-24
ASM013482,STU0767,CRS001,3,assignment,50,21.0,2024-03-24,2024-03-24
ASM013483,STU0767,CRS001,3,project,100,66.7,2024-03-27,2024-03-27
ASM013484,STU0767,CRS001,4,quiz,25,10.9,2024-04-23,2024-04-24
ASM013485,STU0767,CRS001,4,assignment,50,20.3,2024-04-19,2024-04-19
ASM013486,STU0767,CRS001,5,quiz,25,15.4,2024-05-06,2024-05-04
ASM013487,STU0767,CRS001,5,assignment,50,29.4,2024-04-26,2024-04-26
ASM013488,STU0767,CRS001,6,quiz,25,24.5,2024-05-11,2024-05-18
ASM013489,STU0767,CRS001,6,assignment,50,31.5,2024-06-16,2024-06-16
ASM013490,STU0767,CRS001,6,project,100,68.4,2024-05-05,2024-05-04
ASM013491,STU0767,CRS001,7,quiz,25,21.3,2024-07-07,2024-07-07
ASM013492,STU0767,CRS001,7,assignment,50,21.8,2024-05-26,2024-05-26
ASM013493,STU0767,CRS001,8,quiz,25,24.5,2024-07-28,2024-07-28
ASM013494,STU0767,CRS001,8,assignment,50,25.9,2024-06-18,2024-06-19
ASM013495,STU0767,CRS001,8,exam,100,65.3,2024-06-02,2024-06-03
ASM013496,STU0768,CRS020,1,quiz,25,22.0,2024-09-23,2024-09-28
ASM013497,STU0768,CRS020,1,assignment,50,21.0,2024-09-23,2024-09-22
ASM013498,STU0768,CRS020,2,quiz,25,16.4,2024-10-21,2024-10-24
ASM013499,STU0768,CRS020,2,assignment,50,28.4,2024-10-19,2024-10-19
ASM013500,STU0768,CRS020,3,quiz,25,18.5,2024-11-05,2024-11-10
ASM013501,STU0768,CRS020,3,assignment,50,19.1,2024-11-05,2024-11-04
ASM013502,STU0768,CRS020,3,project,100,22.0,2024-11-11,2024-11-10
ASM013503,STU0768,CRS020,4,quiz,25,13.5,2024-11-12,2024-11-12
ASM013504,STU0768,CRS020,4,assignment,50,31.9,2024-12-02,2024-12-02
ASM013505,STU0768,CRS020,4,exam,100,30.6,2024-11-04,2024-11-03
ASM013506,STU0769,CRS002,1,quiz,25,14.1,2023-02-05,2023-02-02
ASM013507,STU0769,CRS002,1,assignment,50,37.7,2023-02-06,2023-02-08
ASM013508,STU0769,CRS002,2,quiz,25,16.3,2023-02-24,2023-02-23
ASM013509,STU0769,CRS002,2,assignment,50,22.5,2023-02-20,2023-02-22
ASM013510,STU0769,CRS002,3,quiz,25,19.7,2023-03-04,2023-03-04
ASM013511,STU0769,CRS002,3,assignment,50,16.3,2023-03-19,2023-03-19
ASM013512,STU0769,CRS002,3,project,100,60.9,2023-03-19,2023-03-17
ASM013513,STU0769,CRS002,4,quiz,25,11.4,2023-04-11,2023-04-11
ASM013514,STU0769,CRS002,4,assignment,50,28.5,2023-04-11,2023-04-10
ASM013515,STU0769,CRS002,5,quiz,25,19.3,2023-04-21,2023-04-24
ASM013516,STU0769,CRS002,5,assignment,50,34.4,2023-04-21,2023-04-22
ASM013517,STU0769,CRS002,6,quiz,25,10.3,2023-05-21,2023-05-22
ASM013518,STU0769,CRS002,6,assignment,50,37.7,2023-04-27,2023-04-28
ASM013519,STU0769,CRS002,6,project,100,72.1,2023-05-27,2023-05-28
ASM013520,STU0769,CRS002,6,exam,100,58.5,2023-04-21,2023-04-18
ASM013521,STU0770,CRS007,1,quiz,25,19.1,2023-08-28,2023-08-30
ASM013522,STU0770,CRS007,1,assignment,50,11.5,2023-08-26,2023-08-27
ASM013523,STU0770,CRS007,2,quiz,25,19.0,2023-09-07,2023-09-08
ASM013524,STU0770,CRS007,2,assignment,50,44.3,2023-09-19,2023-09-19
ASM013525,STU0770,CRS007,3,quiz,25,22.0,2023-10-06,2023-10-06
ASM013526,STU0770,CRS007,3,assignment,50,24.4,2023-10-06,2023-10-06
ASM013527,STU0770,CRS007,3,project,100,82.7,2023-10-09,2023-10-14
ASM013528,STU0770,CRS007,4,quiz,25,11.8,2023-10-17,2023-10-19
ASM013529,STU0770,CRS007,4,assignment,50,21.5,2023-11-02,2023-11-09
ASM013530,STU0770,CRS007,5,quiz,25,23.6,2023-10-24,2023-10-24
ASM013531,STU0770,CRS007,5,assignment,50,29.8,2023-10-29,2023-10-28
ASM013532,STU0770,CRS007,6,quiz,25,20.9,2023-11-08,2023-11-10
ASM013533,STU0770,CRS007,6,assignment,50,34.8,2023-11-26,2023-11-26
ASM013534,STU0770,CRS007,6,project,100,93.2,2023-11-20,2023-11-21
ASM013535,STU0770,CRS007,7,quiz,25,11.6,2024-01-04,2024-01-09
ASM013536,STU0770,CRS007,7,assignment,50,41.5,2023-11-16,2023-11-17
ASM013537,STU0770,CRS007,8,quiz,25,13.3,2023-11-30,2023-11-30
ASM013538,STU0770,CRS007,8,assignment,50,34.9,2024-01-25,2024-01-26
ASM013539,STU0770,CRS007,8,exam,100,69.7,2024-01-25,2024-01-25
ASM013540,STU0771,CRS018,1,quiz,25,21.6,2024-02-17,2024-02-18
ASM013541,STU0771,CRS018,1,assignment,50,37.8,2024-02-16,2024-02-17
ASM013542,STU0771,CRS018,2,quiz,25,16.5,2024-03-03,2024-03-04
ASM013543,STU0771,CRS018,2,assignment,50,35.2,2024-03-09,2024-03-08
ASM013544,STU0771,CRS018,3,quiz,25,20.6,2024-03-16,2024-03-16
ASM013545,STU0771,CRS018,3,assignment,50,36.6,2024-03-19,2024-03-17
ASM013546,STU0771,CRS018,3,project,100,45.7,2024-03-13,2024-03-15
ASM013547,STU0771,CRS018,4,quiz,25,24.5,2024-04-20,2024-04-17
ASM013548,STU0771,CRS018,4,assignment,50,35.2,2024-04-20,2024-04-23
ASM013549,STU0771,CRS018,5,quiz,25,18.3,2024-05-15,2024-05-15
ASM013550,STU0771,CRS018,5,assignment,50,39.1,2024-05-05,2024-05-07
ASM013551,STU0771,CRS018,6,quiz,25,16.4,2024-05-24,2024-05-24
ASM013552,STU0771,CRS018,6,assignment,50,26.2,2024-05-24,2024-05-23
ASM013553,STU0771,CRS018,6,project,100,60.3,2024-04-24,2024-04-25
ASM013554,STU0771,CRS018,7,quiz,25,19.8,2024-06-12,2024-06-09
ASM013555,STU0771,CRS018,7,assignment,50,26.9,2024-05-29,2024-06-01
ASM013556,STU0771,CRS018,8,quiz,25,15.3,2024-06-15,2024-06-16
ASM013557,STU0771,CRS018,8,assignment,50,44.7,2024-07-09,2024-07-16
ASM013558,STU0771,CRS018,8,exam,100,63.5,2024-05-22,2024-05-22
ASM013559,STU0772,CRS010,1,quiz,25,2.5,2024-08-17,2024-08-16
ASM013560,STU0772,CRS010,1,assignment,50,26.6,2024-08-15,2024-08-16
ASM013561,STU0772,CRS010,2,quiz,25,19.1,2024-09-08,2024-09-10
ASM013562,STU0772,CRS010,2,assignment,50,32.1,2024-09-02,2024-09-05
ASM013563,STU0772,CRS010,3,quiz,25,17.8,2024-09-25,2024-09-26
ASM013564,STU0772,CRS010,3,assignment,50,42.3,2024-10-01,2024-10-04
ASM013565,STU0772,CRS010,3,project,100,73.0,2024-09-13,2024-09-14
ASM013566,STU0772,CRS010,4,quiz,25,9.5,2024-10-22,2024-10-22
ASM013567,STU0772,CRS010,4,assignment,50,45.6,2024-09-24,2024-09-22
ASM013568,STU0772,CRS010,5,quiz,25,18.9,2024-10-23,2024-10-28
ASM013569,STU0772,CRS010,5,assignment,50,31.2,2024-10-23,2024-10-28
ASM013570,STU0772,CRS010,6,quiz,25,20.1,2024-11-03,2024-11-04
ASM013571,STU0772,CRS010,6,assignment,50,28.3,2024-11-03,2024-11-04
ASM013572,STU0772,CRS010,6,project,100,54.1,2024-11-15,2024-11-17
ASM013573,STU0772,CRS010,7,quiz,25,10.8,2024-11-26,2024-11-25
ASM013574,STU0772,CRS010,7,assignment,50,32.8,2024-12-03,2024-12-04
ASM013575,STU0772,CRS010,7,exam,100,53.3,2024-12-03,2024-12-01
ASM013576,STU0773,CRS013,1,quiz,25,20.3,2023-03-10,2023-03-09
ASM013577,STU0773,CRS013,1,assignment,50,35.1,2023-03-08,2023-03-05
ASM013578,STU0773,CRS013,2,quiz,25,20.3,2023-03-20,2023-03-21
ASM013579,STU0773,CRS013,2,assignment,50,23.7,2023-03-20,2023-03-20
ASM013580,STU0773,CRS013,3,quiz,25,18.4,2023-04-18,2023-04-18
ASM013581,STU0773,CRS013,3,assignment,50,38.0,2023-04-03,2023-04-05
ASM013582,STU0773,CRS013,3,project,100,92.9,2023-04-24,2023-04-26
ASM013583,STU0773,CRS013,4,quiz,25,13.7,2023-05-11,2023-05-12
ASM013584,STU0773,CRS013,4,assignment,50,25.2,2023-05-15,2023-05-14
ASM013585,STU0773,CRS013,5,quiz,25,17.7,2023-05-31,2023-05-29
ASM013586,STU0773,CRS013,5,assignment,50,38.7,2023-05-21,2023-05-19
ASM013587,STU0773,CRS013,6,quiz,25,20.3,2023-06-14,2023-06-16
ASM013588,STU0773,CRS013,6,assignment,50,37.8,2023-06-02,2023-05-31
ASM013589,STU0773,CRS013,6,project,100,58.4,2023-06-14,2023-06-14
ASM013590,STU0773,CRS013,7,quiz,25,10.0,2023-06-12,2023-06-19
ASM013591,STU0773,CRS013,7,assignment,50,22.7,2023-06-26,2023-06-27
ASM013592,STU0773,CRS013,8,quiz,25,19.1,2023-06-20,2023-06-20
ASM013593,STU0773,CRS013,8,assignment,50,26.3,2023-06-28,2023-06-29
ASM013594,STU0773,CRS013,8,exam,100,38.0,2023-08-07,2023-08-06
ASM013595,STU0774,CRS016,1,quiz,25,19.3,2023-08-13,2023-08-11
ASM013596,STU0774,CRS016,1,assignment,50,26.0,2023-08-08,2023-08-08
ASM013597,STU0774,CRS016,2,quiz,25,13.1,2023-08-29,2023-08-31
ASM013598,STU0774,CRS016,2,assignment,50,28.2,2023-08-21,2023-08-19
ASM013599,STU0774,CRS016,3,quiz,25,12.7,2023-09-10,2023-09-10
ASM013600,STU0774,CRS016,3,assignment,50,18.3,2023-09-19,2023-09-24
ASM013601,STU0774,CRS016,3,project,100,52.1,2023-09-22,2023-09-24
ASM013602,STU0774,CRS016,4,quiz,25,17.4,2023-10-16,2023-10-16
ASM013603,STU0774,CRS016,4,assignment,50,38.9,2023-10-12,2023-10-12
ASM013604,STU0774,CRS016,5,quiz,25,16.3,2023-11-06,2023-11-08
ASM013605,STU0774,CRS016,5,assignment,50,39.9,2023-10-22,2023-10-22
ASM013606,STU0774,CRS016,6,quiz,25,13.0,2023-10-16,2023-10-18
ASM013607,STU0774,CRS016,6,assignment,50,22.3,2023-10-28,2023-10-28
ASM013608,STU0774,CRS016,6,project,100,90.9,2023-11-21,2023-11-28
ASM013609,STU0774,CRS016,6,exam,100,79.9,2023-10-28,2023-10-28
ASM013610,STU0775,CRS001,1,quiz,25,14.0,2024-03-01,2024-03-01
ASM013611,STU0775,CRS001,1,assignment,50,32.3,2024-03-03,2024-03-03
ASM013612,STU0775,CRS001,2,quiz,25,23.0,2024-03-18,2024-03-15
ASM013613,STU0775,CRS001,2,assignment,50,47.3,2024-03-18,2024-03-18
ASM013614,STU0775,CRS001,3,quiz,25,14.8,2024-04-02,2024-04-03
ASM013615,STU0775,CRS001,3,assignment,50,28.2,2024-04-08,2024-04-09
ASM013616,STU0775,CRS001,3,project,100,81.0,2024-04-05,2024-04-06
ASM013617,STU0775,CRS001,4,quiz,25,21.9,2024-04-15,2024-04-14
ASM013618,STU0775,CRS001,4,assignment,50,36.1,2024-05-05,2024-05-02
ASM013619,STU0775,CRS001,5,quiz,25,11.7,2024-05-11,2024-05-14
ASM013620,STU0775,CRS001,5,assignment,50,32.8,2024-05-06,2024-05-07
ASM013621,STU0775,CRS001,6,quiz,25,10.2,2024-05-05,2024-05-03
ASM013622,STU0775,CRS001,6,assignment,50,27.5,2024-06-10,2024-06-12
ASM013623,STU0775,CRS001,6,project,100,97.8,2024-05-17,2024-05-19
ASM013624,STU0775,CRS001,7,quiz,25,19.6,2024-06-23,2024-06-28
ASM013625,STU0775,CRS001,7,assignment,50,29.3,2024-06-02,2024-06-05
ASM013626,STU0775,CRS001,8,quiz,25,16.1,2024-07-12,2024-07-14
ASM013627,STU0775,CRS001,8,assignment,50,47.9,2024-06-26,2024-06-25
ASM013628,STU0775,CRS001,8,exam,100,59.6,2024-06-26,2024-06-23
ASM013629,STU0776,CRS020,1,quiz,25,16.5,2024-09-04,2024-09-07
ASM013630,STU0776,CRS020,1,assignment,50,40.4,2024-09-01,2024-09-04
ASM013631,STU0776,CRS020,2,quiz,25,22.0,2024-09-15,2024-09-17
ASM013632,STU0776,CRS020,2,assignment,50,37.1,2024-09-19,2024-09-21
ASM013633,STU0776,CRS020,3,quiz,25,11.4,2024-09-25,2024-09-25
ASM013634,STU0776,CRS020,3,assignment,50,37.5,2024-09-25,2024-09-25
ASM013635,STU0776,CRS020,3,project,100,91.4,2024-10-16,2024-10-16
ASM013636,STU0776,CRS020,4,quiz,25,10.7,2024-10-17,2024-10-17
ASM013637,STU0776,CRS020,4,assignment,50,28.2,2024-10-25,2024-10-25
ASM013638,STU0776,CRS020,4,exam,100,66.9,2024-11-06,2024-11-06
ASM013639,STU0777,CRS001,1,quiz,25,18.0,2023-02-14,2023-02-14
ASM013640,STU0777,CRS001,1,assignment,50,31.2,2023-02-17,2023-02-15
ASM013641,STU0777,CRS001,2,quiz,25,16.1,2023-03-09,2023-03-08
ASM013642,STU0777,CRS001,2,assignment,50,26.3,2023-03-11,2023-03-13
ASM013643,STU0777,CRS001,3,quiz,25,15.7,2023-03-20,2023-03-21
ASM013644,STU0777,CRS001,3,assignment,50,26.6,2023-03-23,2023-03-20
ASM013645,STU0777,CRS001,3,project,100,33.6,2023-03-20,2023-03-25
ASM013646,STU0777,CRS001,4,quiz,25,12.6,2023-04-18,2023-04-18
ASM013647,STU0777,CRS001,4,assignment,50,27.5,2023-03-29,2023-03-29
ASM013648,STU0777,CRS001,5,quiz,25,22.5,2023-05-08,2023-05-09
ASM013649,STU0777,CRS001,5,assignment,50,37.4,2023-05-08,2023-05-08
ASM013650,STU0777,CRS001,6,quiz,25,15.0,2023-04-28,2023-04-28
ASM013651,STU0777,CRS001,6,assignment,50,21.0,2023-05-04,2023-05-04
ASM013652,STU0777,CRS001,6,project,100,54.3,2023-05-04,2023-05-02
ASM013653,STU0777,CRS001,7,quiz,25,24.5,2023-06-24,2023-06-24
ASM013654,STU0777,CRS001,7,assignment,50,29.3,2023-06-17,2023-06-17
ASM013655,STU0777,CRS001,8,quiz,25,17.3,2023-07-15,2023-07-13
ASM013656,STU0777,CRS001,8,assignment,50,29.2,2023-06-21,2023-06-21
ASM013657,STU0777,CRS001,8,exam,100,77.6,2023-06-29,2023-06-29
ASM013658,STU0778,CRS010,1,quiz,25,20.1,2023-10-04,2023-10-05
ASM013659,STU0778,CRS010,1,assignment,50,44.6,2023-10-02,2023-10-09
ASM013660,STU0778,CRS010,2,quiz,25,16.1,2023-10-13,2023-10-20
ASM013661,STU0778,CRS010,2,assignment,50,38.2,2023-10-13,2023-10-15
ASM013662,STU0778,CRS010,3,quiz,25,23.3,2023-11-05,2023-11-07
ASM013663,STU0778,CRS010,3,assignment,50,28.9,2023-11-05,2023-11-04
ASM013664,STU0778,CRS010,3,project,100,98.0,2023-11-17,2023-11-19
ASM013665,STU0778,CRS010,4,quiz,25,14.0,2023-11-14,2023-11-21
ASM013666,STU0778,CRS010,4,assignment,50,38.9,2023-11-18,2023-11-21
ASM013667,STU0778,CRS010,5,quiz,25,18.1,2023-11-29,2023-11-29
ASM013668,STU0778,CRS010,5,assignment,50,25.3,2023-12-29,2023-12-27
ASM013669,STU0778,CRS010,6,quiz,25,21.2,2023-12-08,2023-12-08
ASM013670,STU0778,CRS010,6,assignment,50,34.1,2024-01-13,2024-01-20
ASM013671,STU0778,CRS010,6,project,100,71.0,2023-12-26,2023-12-28
ASM013672,STU0778,CRS010,7,quiz,25,17.6,2024-02-02,2024-02-07
ASM013673,STU0778,CRS010,7,assignment,50,26.9,2024-01-19,2024-01-19
ASM013674,STU0778,CRS010,8,quiz,25,15.3,2024-02-06,2024-02-05
ASM013675,STU0778,CRS010,8,assignment,50,46.6,2024-02-14,2024-02-21
ASM013676,STU0778,CRS010,9,quiz,25,7.2,2024-02-15,2024-02-14
ASM013677,STU0778,CRS010,9,assignment,50,36.0,2024-02-06,2024-02-08
ASM013678,STU0778,CRS010,9,project,100,69.4,2024-03-04,2024-03-09
ASM013679,STU0778,CRS010,10,quiz,25,17.0,2024-04-02,2024-04-02
ASM013680,STU0778,CRS010,10,assignment,50,20.5,2024-03-13,2024-03-13
ASM013681,STU0778,CRS010,10,exam,100,67.5,2024-03-23,2024-03-25
ASM013682,STU0779,CRS004,1,quiz,25,8.7,2024-02-24,2024-02-21
ASM013683,STU0779,CRS004,1,assignment,50,24.1,2024-02-18,2024-02-19
ASM013684,STU0779,CRS004,2,quiz,25,16.8,2024-03-06,2024-03-06
ASM013685,STU0779,CRS004,2,assignment,50,39.0,2024-03-08,2024-03-07
ASM013686,STU0779,CRS004,3,quiz,25,17.7,2024-03-25,2024-03-25
ASM013687,STU0779,CRS004,3,assignment,50,37.6,2024-03-31,2024-03-31
ASM013688,STU0779,CRS004,3,project,100,59.0,2024-04-03,2024-04-06
ASM013689,STU0779,CRS004,4,quiz,25,12.0,2024-04-11,2024-04-11
ASM013690,STU0779,CRS004,4,assignment,50,36.3,2024-04-15,2024-04-22
ASM013691,STU0779,CRS004,5,quiz,25,20.5,2024-05-03,2024-05-04
ASM013692,STU0779,CRS004,5,assignment,50,26.1,2024-04-18,2024-04-15
ASM013693,STU0779,CRS004,6,quiz,25,17.1,2024-06-02,2024-06-07
ASM013694,STU0779,CRS004,6,assignment,50,37.0,2024-06-02,2024-06-05
ASM013695,STU0779,CRS004,6,project,100,53.3,2024-05-15,2024-05-15
ASM013696,STU0779,CRS004,6,exam,100,52.0,2024-04-27,2024-04-26
ASM013697,STU0780,CRS016,1,quiz,25,14.3,2024-09-28,2024-09-26
ASM013698,STU0780,CRS016,1,assignment,50,29.4,2024-09-25,2024-09-23
ASM013699,STU0780,CRS016,2,quiz,25,16.0,2024-10-12,2024-10-11
ASM013700,STU0780,CRS016,2,assignment,50,38.7,2024-10-18,2024-10-16
ASM013701,STU0780,CRS016,3,quiz,25,19.1,2024-11-12,2024-11-12
ASM013702,STU0780,CRS016,3,assignment,50,42.8,2024-10-31,2024-10-31
ASM013703,STU0780,CRS016,3,project,100,98.0,2024-10-28,2024-10-31
ASM013704,STU0780,CRS016,4,quiz,25,22.1,2024-11-17,2024-11-17
ASM013705,STU0780,CRS016,4,assignment,50,37.7,2024-11-17,2024-11-17
ASM013706,STU0780,CRS016,5,quiz,25,10.8,2024-11-19,2024-11-17
ASM013707,STU0780,CRS016,5,assignment,50,45.4,2024-11-19,2024-11-21
ASM013708,STU0780,CRS016,6,quiz,25,14.2,2025-01-02,2025-01-03
ASM013709,STU0780,CRS016,6,assignment,50,23.9,2024-12-27,2024-12-27
ASM013710,STU0780,CRS016,6,project,100,73.6,2024-12-03,2024-12-04
ASM013711,STU0780,CRS016,6,exam,100,69.8,2025-01-08,2025-01-08
ASM013712,STU0781,CRS003,1,quiz,25,15.9,2023-03-11,2023-03-08
ASM013713,STU0781,CRS003,1,assignment,50,26.6,2023-03-16,2023-03-17
ASM013714,STU0781,CRS003,2,quiz,25,7.7,2023-03-25,2023-03-23
ASM013715,STU0781,CRS003,2,assignment,50,37.4,2023-03-31,2023-03-29
ASM013716,STU0781,CRS003,3,quiz,25,13.6,2023-04-17,2023-04-17
ASM013717,STU0781,CRS003,3,assignment,50,33.9,2023-04-23,2023-04-23
ASM013718,STU0781,CRS003,3,project,100,72.9,2023-04-11,2023-04-09
ASM013719,STU0781,CRS003,4,quiz,25,13.1,2023-05-12,2023-05-11
ASM013720,STU0781,CRS003,4,assignment,50,43.5,2023-04-30,2023-04-30
ASM013721,STU0781,CRS003,5,quiz,25,22.2,2023-06-10,2023-06-10
ASM013722,STU0781,CRS003,5,assignment,50,30.1,2023-05-06,2023-05-07
ASM013723,STU0781,CRS003,5,exam,100,59.5,2023-05-11,2023-05-10
ASM013724,STU0782,CRS006,1,quiz,25,21.3,2023-08-27,2023-08-27
ASM013725,STU0782,CRS006,1,assignment,50,37.2,2023-08-23,2023-08-20
ASM013726,STU0782,CRS006,2,quiz,25,12.6,2023-09-12,2023-09-12
ASM013727,STU0782,CRS006,2,assignment,50,44.0,2023-09-10,2023-09-12
ASM013728,STU0782,CRS006,3,quiz,25,17.2,2023-09-18,2023-09-21
ASM013729,STU0782,CRS006,3,assignment,50,28.2,2023-09-21,2023-09-21
ASM013730,STU0782,CRS006,3,project,100,63.9,2023-09-21,2023-09-21
ASM013731,STU0782,CRS006,4,quiz,25,10.8,2023-10-14,2023-10-21
ASM013732,STU0782,CRS006,4,assignment,50,38.8,2023-10-18,2023-10-17
ASM013733,STU0782,CRS006,5,quiz,25,17.9,2023-11-05,2023-11-05
ASM013734,STU0782,CRS006,5,assignment,50,27.6,2023-11-05,2023-11-08
ASM013735,STU0782,CRS006,6,quiz,25,24.4,2023-12-11,2023-12-10
ASM013736,STU0782,CRS006,6,assignment,50,38.8,2023-12-05,2023-12-02
ASM013737,STU0782,CRS006,6,project,100,48.5,2023-11-05,2023-11-05
ASM013738,STU0782,CRS006,7,quiz,25,23.2,2023-11-13,2023-11-13
ASM013739,STU0782,CRS006,7,assignment,50,27.2,2023-11-27,2023-11-29
ASM013740,STU0782,CRS006,8,quiz,25,20.2,2023-12-13,2023-12-18
ASM013741,STU0782,CRS006,8,assignment,50,28.7,2023-11-27,2023-11-30
ASM013742,STU0782,CRS006,9,quiz,25,22.0,2023-12-11,2023-12-10
ASM013743,STU0782,CRS006,9,assignment,50,30.1,2024-01-16,2024-01-16
ASM013744,STU0782,CRS006,9,project,100,49.9,2023-12-20,2023-12-21
ASM013745,STU0782,CRS006,10,quiz,25,14.5,2024-01-24,2024-01-23
ASM013746,STU0782,CRS006,10,assignment,50,49.0,2024-03-04,2024-03-06
ASM013747,STU0782,CRS006,10,exam,100,84.8,2024-02-03,2024-02-01
ASM013748,STU0783,CRS006,1,quiz,25,13.2,2024-03-02,2024-03-01
ASM013749,STU0783,CRS006,1,assignment,50,33.8,2024-02-27,2024-02-28
ASM013750,STU0783,CRS006,2,quiz,25,22.7,2024-03-13,2024-03-14
ASM013751,STU0783,CRS006,2,assignment,50,27.7,2024-03-23,2024-03-23
ASM013752,STU0783,CRS006,3,quiz,25,10.4,2024-04-09,2024-04-08
ASM013753,STU0783,CRS006,3,assignment,50,37.7,2024-04-09,2024-04-10
ASM013754,STU0783,CRS006,3,project,100,50.8,2024-03-25,2024-03-24
ASM013755,STU0783,CRS006,4,quiz,25,16.7,2024-04-20,2024-04-21
ASM013756,STU0783,CRS006,4,assignment,50,33.7,2024-04-16,2024-04-16
ASM013757,STU0783,CRS006,5,quiz,25,17.8,2024-05-17,2024-05-17
ASM013758,STU0783,CRS006,5,assignment,50,20.6,2024-04-22,2024-04-21
ASM013759,STU0783,CRS006,6,quiz,25,8.9,2024-05-06,2024-05-05
ASM013760,STU0783,CRS006,6,assignment,50,35.2,2024-05-18,2024-05-16
ASM013761,STU0783,CRS006,6,project,100,56.7,2024-06-11,2024-06-11
ASM013762,STU0783,CRS006,7,quiz,25,11.2,2024-06-10,2024-06-11
ASM013763,STU0783,CRS006,7,assignment,50,21.5,2024-07-08,2024-07-07
ASM013764,STU0783,CRS006,8,quiz,25,17.7,2024-06-27,2024-06-26
ASM013765,STU0783,CRS006,8,assignment,50,24.9,2024-06-03,2024-06-04
ASM013766,STU0783,CRS006,9,quiz,25,21.6,2024-07-23,2024-07-20
ASM013767,STU0783,CRS006,9,assignment,50,26.2,2024-06-17,2024-06-18
ASM013768,STU0783,CRS006,9,project,100,60.6,2024-08-10,2024-08-08
ASM013769,STU0783,CRS006,10,quiz,25,21.6,2024-07-01,2024-06-28
ASM013770,STU0783,CRS006,10,assignment,50,30.4,2024-08-20,2024-08-20
ASM013771,STU0783,CRS006,10,exam,100,68.9,2024-07-11,2024-07-12
ASM013772,STU0784,CRS015,1,quiz,25,8.9,2024-08-30,2024-08-31
ASM013773,STU0784,CRS015,1,assignment,50,31.4,2024-08-28,2024-08-25
ASM013774,STU0784,CRS015,2,quiz,25,12.6,2024-09-20,2024-09-19
ASM013775,STU0784,CRS015,2,assignment,50,29.7,2024-09-20,2024-09-23
ASM013776,STU0784,CRS015,3,quiz,25,12.0,2024-10-09,2024-10-11
ASM013777,STU0784,CRS015,3,assignment,50,30.0,2024-10-12,2024-10-10
ASM013778,STU0784,CRS015,3,project,100,98.0,2024-10-15,2024-10-13
ASM013779,STU0784,CRS015,4,quiz,25,15.0,2024-10-08,2024-10-09
ASM013780,STU0784,CRS015,4,assignment,50,28.6,2024-10-16,2024-10-16
ASM013781,STU0784,CRS015,5,quiz,25,14.3,2024-10-27,2024-10-27
ASM013782,STU0784,CRS015,5,assignment,50,34.3,2024-11-11,2024-11-11
ASM013783,STU0784,CRS015,6,quiz,25,16.3,2024-11-23,2024-11-22
ASM013784,STU0784,CRS015,6,assignment,50,30.0,2024-12-11,2024-12-12
ASM013785,STU0784,CRS015,6,project,100,58.9,2024-11-17,2024-11-22
ASM013786,STU0784,CRS015,7,quiz,25,17.2,2024-11-26,2024-11-26
ASM013787,STU0784,CRS015,7,assignment,50,22.5,2024-12-31,2025-01-07
ASM013788,STU0784,CRS015,7,exam,100,56.6,2024-11-19,2024-11-16
ASM013789,STU0785,CRS009,1,quiz,25,19.5,2023-03-07,2023-03-06
ASM013790,STU0785,CRS009,1,assignment,50,49.0,2023-03-06,2023-03-04
ASM013791,STU0785,CRS009,2,quiz,25,6.9,2023-04-03,2023-04-03
ASM013792,STU0785,CRS009,2,assignment,50,49.0,2023-04-01,2023-04-02
ASM013793,STU0785,CRS009,3,quiz,25,10.1,2023-04-12,2023-04-11
ASM013794,STU0785,CRS009,3,assignment,50,28.6,2023-04-12,2023-04-12
ASM013795,STU0785,CRS009,3,project,100,65.8,2023-04-15,2023-04-13
ASM013796,STU0785,CRS009,4,quiz,25,19.9,2023-04-25,2023-04-24
ASM013797,STU0785,CRS009,4,assignment,50,31.4,2023-04-17,2023-04-18
ASM013798,STU0785,CRS009,5,quiz,25,22.3,2023-05-01,2023-05-01
ASM013799,STU0785,CRS009,5,assignment,50,47.1,2023-05-16,2023-05-16
ASM013800,STU0785,CRS009,6,quiz,25,16.1,2023-05-15,2023-05-15
ASM013801,STU0785,CRS009,6,assignment,50,34.2,2023-06-14,2023-06-11
ASM013802,STU0785,CRS009,6,project,100,24.7,2023-06-08,2023-06-07
ASM013803,STU0785,CRS009,7,quiz,25,16.6,2023-06-05,2023-06-05
ASM013804,STU0785,CRS009,7,assignment,50,37.6,2023-07-17,2023-07-17
ASM013805,STU0785,CRS009,8,quiz,25,13.4,2023-06-20,2023-06-17
ASM013806,STU0785,CRS009,8,assignment,50,32.4,2023-07-14,2023-07-21
ASM013807,STU0785,CRS009,9,quiz,25,18.4,2023-07-05,2023-07-12
ASM013808,STU0785,CRS009,9,assignment,50,25.0,2023-07-05,2023-07-10
ASM013809,STU0785,CRS009,9,project,100,84.4,2023-08-10,2023-08-11
ASM013810,STU0785,CRS009,10,quiz,25,13.0,2023-07-20,2023-07-20
ASM013811,STU0785,CRS009,10,assignment,50,29.3,2023-08-29,2023-08-27
ASM013812,STU0785,CRS009,11,quiz,25,20.2,2023-09-17,2023-09-16
ASM013813,STU0785,CRS009,11,assignment,50,29.0,2023-09-28,2023-09-27
ASM013814,STU0785,CRS009,12,quiz,25,14.5,2023-08-19,2023-08-19
ASM013815,STU0785,CRS009,12,assignment,50,42.3,2023-08-31,2023-08-31
ASM013816,STU0785,CRS009,12,project,100,89.2,2023-10-30,2023-11-04
ASM013817,STU0785,CRS009,12,exam,100,75.0,2023-08-31,2023-08-31
ASM013818,STU0786,CRS004,1,quiz,25,17.2,2023-08-05,2023-08-06
ASM013819,STU0786,CRS004,1,assignment,50,20.9,2023-08-10,2023-08-17
ASM013820,STU0786,CRS004,2,quiz,25,21.4,2023-08-23,2023-08-24
ASM013821,STU0786,CRS004,2,assignment,50,20.3,2023-08-21,2023-08-18
ASM013822,STU0786,CRS004,3,quiz,25,10.1,2023-09-03,2023-09-10
ASM013823,STU0786,CRS004,3,assignment,50,22.6,2023-09-09,2023-09-07
ASM013824,STU0786,CRS004,3,project,100,88.1,2023-09-18,2023-09-16
ASM013825,STU0786,CRS004,4,quiz,25,18.1,2023-10-04,2023-10-03
ASM013826,STU0786,CRS004,4,assignment,50,49.0,2023-09-30,2023-10-02
ASM013827,STU0786,CRS004,5,quiz,25,18.6,2023-10-13,2023-10-10
ASM013828,STU0786,CRS004,5,assignment,50,36.6,2023-10-18,2023-10-18
ASM013829,STU0786,CRS004,6,quiz,25,15.2,2023-11-05,2023-11-04
ASM013830,STU0786,CRS004,6,assignment,50,42.4,2023-11-23,2023-11-23
ASM013831,STU0786,CRS004,6,project,100,46.6,2023-10-12,2023-10-19
ASM013832,STU0786,CRS004,6,exam,100,84.2,2023-10-24,2023-10-25
ASM013833,STU0787,CRS018,1,quiz,25,22.8,2024-03-02,2024-03-09
ASM013834,STU0787,CRS018,1,assignment,50,34.4,2024-03-01,2024-02-28
ASM013835,STU0787,CRS018,2,quiz,25,7.8,2024-03-17,2024-03-17
ASM013836,STU0787,CRS018,2,assignment,50,44.9,2024-03-23,2024-03-24
ASM013837,STU0787,CRS018,3,quiz,25,12.2,2024-04-13,2024-04-14
ASM013838,STU0787,CRS018,3,assignment,50,43.3,2024-04-10,2024-04-11
ASM013839,STU0787,CRS018,3,project,100,65.8,2024-04-04,2024-04-02
ASM013840,STU0787,CRS018,4,quiz,25,17.0,2024-05-04,2024-05-05
ASM013841,STU0787,CRS018,4,assignment,50,28.5,2024-04-22,2024-04-23
ASM013842,STU0787,CRS018,5,quiz,25,18.1,2024-05-25,2024-05-26
ASM013843,STU0787,CRS018,5,assignment,50,30.7,2024-05-05,2024-05-04
ASM013844,STU0787,CRS018,6,quiz,25,16.8,2024-05-04,2024-05-04
ASM013845,STU0787,CRS018,6,assignment,50,30.9,2024-05-10,2024-05-11
ASM013846,STU0787,CRS018,6,project,100,80.3,2024-06-03,2024-06-04
ASM013847,STU0787,CRS018,7,quiz,25,24.5,2024-06-01,2024-05-29
ASM013848,STU0787,CRS018,7,assignment,50,40.0,2024-07-06,2024-07-08
ASM013849,STU0787,CRS018,8,quiz,25,23.3,2024-06-01,2024-06-02
ASM013850,STU0787,CRS018,8,assignment,50,49.0,2024-07-11,2024-07-16
ASM013851,STU0787,CRS018,8,exam,100,63.0,2024-06-25,2024-06-24
ASM013852,STU0788,CRS018,1,quiz,25,13.8,2024-08-02,2024-08-04
ASM013853,STU0788,CRS018,1,assignment,50,12.0,2024-08-04,2024-08-03
ASM013854,STU0788,CRS018,2,quiz,25,23.1,2024-08-17,2024-08-17
ASM013855,STU0788,CRS018,2,assignment,50,22.9,2024-08-27,2024-08-28
ASM013856,STU0788,CRS018,3,quiz,25,11.7,2024-09-10,2024-09-11
ASM013857,STU0788,CRS018,3,assignment,50,36.8,2024-09-16,2024-09-16
ASM013858,STU0788,CRS018,3,project,100,67.2,2024-09-13,2024-09-16
ASM013859,STU0788,CRS018,4,quiz,25,6.5,2024-09-16,2024-09-14
ASM013860,STU0788,CRS018,4,assignment,50,33.2,2024-09-20,2024-09-19
ASM013861,STU0788,CRS018,5,quiz,25,12.3,2024-09-26,2024-10-01
ASM013862,STU0788,CRS018,5,assignment,50,32.8,2024-10-21,2024-10-26
ASM013863,STU0788,CRS018,6,quiz,25,14.3,2024-11-15,2024-11-12
ASM013864,STU0788,CRS018,6,assignment,50,35.2,2024-11-15,2024-11-18
ASM013865,STU0788,CRS018,6,project,100,36.3,2024-11-03,2024-11-03
ASM013866,STU0788,CRS018,7,quiz,25,15.8,2024-11-21,2024-11-22
ASM013867,STU0788,CRS018,7,assignment,50,36.3,2024-11-14,2024-11-14
ASM013868,STU0788,CRS018,8,quiz,25,11.6,2025-01-02,2025-01-02
ASM013869,STU0788,CRS018,8,assignment,50,45.3,2024-11-07,2024-11-07
ASM013870,STU0788,CRS018,8,exam,100,68.7,2025-01-02,2025-01-03
ASM013871,STU0789,CRS017,1,quiz,25,18.5,2023-02-25,2023-02-28
ASM013872,STU0789,CRS017,1,assignment,50,22.9,2023-02-28,2023-03-01
ASM013873,STU0789,CRS017,2,quiz,25,19.1,2023-03-18,2023-03-15
ASM013874,STU0789,CRS017,2,assignment,50,41.1,2023-03-18,2023-03-20
ASM013875,STU0789,CRS017,3,quiz,25,15.1,2023-04-05,2023-04-04
ASM013876,STU0789,CRS017,3,assignment,50,38.6,2023-04-02,2023-04-02
ASM013877,STU0789,CRS017,3,project,100,59.9,2023-04-11,2023-04-18
ASM013878,STU0789,CRS017,4,quiz,25,21.7,2023-05-01,2023-05-03
ASM013879,STU0789,CRS017,4,assignment,50,29.0,2023-05-05,2023-05-03
ASM013880,STU0789,CRS017,5,quiz,25,15.8,2023-04-26,2023-04-26
ASM013881,STU0789,CRS017,5,assignment,50,27.9,2023-05-26,2023-05-27
ASM013882,STU0789,CRS017,6,quiz,25,13.3,2023-06-16,2023-06-16
ASM013883,STU0789,CRS017,6,assignment,50,25.1,2023-06-10,2023-06-10
ASM013884,STU0789,CRS017,6,project,100,63.3,2023-05-17,2023-05-17
ASM013885,STU0789,CRS017,6,exam,100,66.2,2023-05-23,2023-05-24
ASM013886,STU0790,CRS016,1,quiz,25,22.6,2023-09-04,2023-09-05
ASM013887,STU0790,CRS016,1,assignment,50,14.8,2023-09-04,2023-09-04
ASM013888,STU0790,CRS016,2,quiz,25,16.5,2023-09-19,2023-09-21
ASM013889,STU0790,CRS016,2,assignment,50,33.9,2023-09-27,2023-09-26
ASM013890,STU0790,CRS016,3,quiz,25,9.9,2023-10-16,2023-10-17
ASM013891,STU0790,CRS016,3,assignment,50,42.3,2023-10-22,2023-10-23
ASM013892,STU0790,CRS016,3,project,100,68.7,2023-10-01,2023-10-01
ASM013893,STU0790,CRS016,4,quiz,25,19.4,2023-11-12,2023-11-13
ASM013894,STU0790,CRS016,4,assignment,50,21.5,2023-11-04,2023-11-04
ASM013895,STU0790,CRS016,5,quiz,25,21.4,2023-11-13,2023-11-10
ASM013896,STU0790,CRS016,5,assignment,50,33.8,2023-11-03,2023-11-05
ASM013897,STU0790,CRS016,6,quiz,25,5.0,2023-12-06,2023-12-04
ASM013898,STU0790,CRS016,6,assignment,50,36.7,2023-11-24,2023-11-22
ASM013899,STU0790,CRS016,6,project,100,48.4,2023-11-24,2023-11-24
ASM013900,STU0790,CRS016,6,exam,100,59.1,2023-11-24,2023-11-23
ASM013901,STU0791,CRS010,1,quiz,25,18.6,2024-02-08,2024-02-08
ASM013902,STU0791,CRS010,1,assignment,50,13.1,2024-02-05,2024-02-05
ASM013903,STU0791,CRS010,2,quiz,25,14.9,2024-02-19,2024-02-19
ASM013904,STU0791,CRS010,2,assignment,50,43.3,2024-02-29,2024-02-29
ASM013905,STU0791,CRS010,3,quiz,25,21.4,2024-03-20,2024-03-20
ASM013906,STU0791,CRS010,3,assignment,50,47.8,2024-03-14,2024-03-13
ASM013907,STU0791,CRS010,3,project,100,63.9,2024-03-14,2024-03-13
ASM013908,STU0791,CRS010,4,quiz,25,8.4,2024-03-16,2024-03-15
ASM013909,STU0791,CRS010,4,assignment,50,40.0,2024-03-16,2024-03-15
ASM013910,STU0791,CRS010,5,quiz,25,16.3,2024-04-29,2024-04-26
ASM013911,STU0791,CRS010,5,assignment,50,34.3,2024-04-09,2024-04-09
ASM013912,STU0791,CRS010,6,quiz,25,17.6,2024-04-19,2024-04-20
ASM013913,STU0791,CRS010,6,assignment,50,25.4,2024-05-25,2024-05-25
ASM013914,STU0791,CRS010,6,project,100,51.2,2024-05-01,2024-05-01
ASM013915,STU0791,CRS010,7,quiz,25,3.8,2024-06-01,2024-05-29
ASM013916,STU0791,CRS010,7,assignment,50,20.1,2024-05-04,2024-05-05
ASM013917,STU0791,CRS010,8,quiz,25,19.6,2024-06-20,2024-06-20
ASM013918,STU0791,CRS010,8,assignment,50,21.9,2024-05-27,2024-05-25
ASM013919,STU0791,CRS010,9,quiz,25,13.7,2024-05-25,2024-05-25
ASM013920,STU0791,CRS010,9,assignment,50,39.9,2024-07-18,2024-07-23
ASM013921,STU0791,CRS010,9,project,100,66.8,2024-06-03,2024-06-04
ASM013922,STU0791,CRS010,10,quiz,25,12.2,2024-07-18,2024-07-17
ASM013923,STU0791,CRS010,10,assignment,50,23.0,2024-07-28,2024-07-26
ASM013924,STU0791,CRS010,10,exam,100,79.3,2024-07-18,2024-07-16
ASM013925,STU0792,CRS002,1,quiz,25,18.1,2024-08-30,2024-09-01
ASM013926,STU0792,CRS002,1,assignment,50,19.5,2024-08-30,2024-08-30
ASM013927,STU0792,CRS002,2,quiz,25,16.2,2024-09-25,2024-09-25
ASM013928,STU0792,CRS002,2,assignment,50,24.9,2024-09-25,2024-09-23
ASM013929,STU0792,CRS002,3,quiz,25,11.7,2024-10-03,2024-10-01
ASM013930,STU0792,CRS002,3,assignment,50,43.1,2024-10-18,2024-10-18
ASM013931,STU0792,CRS002,3,project,100,75.0,2024-10-15,2024-10-15
ASM013932,STU0792,CRS002,4,quiz,25,7.1,2024-11-04,2024-11-01
ASM013933,STU0792,CRS002,4,assignment,50,38.8,2024-11-04,2024-11-04
ASM013934,STU0792,CRS002,5,quiz,25,18.0,2024-11-09,2024-11-08
ASM013935,STU0792,CRS002,5,assignment,50,29.7,2024-11-04,2024-11-03
ASM013936,STU0792,CRS002,6,quiz,25,16.3,2024-12-02,2024-12-01
ASM013937,STU0792,CRS002,6,assignment,50,27.3,2024-11-08,2024-11-13
ASM013938,STU0792,CRS002,6,project,100,67.9,2024-12-20,2024-12-19
ASM013939,STU0792,CRS002,6,exam,100,38.2,2024-12-08,2024-12-13
ASM013940,STU0793,CRS017,1,quiz,25,13.3,2023-03-28,2023-04-02
ASM013941,STU0793,CRS017,1,assignment,50,29.5,2023-03-23,2023-03-23
ASM013942,STU0793,CRS017,2,quiz,25,17.4,2023-04-16,2023-04-23
ASM013943,STU0793,CRS017,2,assignment,50,10.4,2023-04-18,2023-04-19
ASM013944,STU0793,CRS017,3,quiz,25,14.2,2023-04-18,2023-04-16
ASM013945,STU0793,CRS017,3,assignment,50,40.7,2023-04-21,2023-04-23
ASM013946,STU0793,CRS017,3,project,100,68.4,2023-04-24,2023-04-29
ASM013947,STU0793,CRS017,4,quiz,25,18.7,2023-05-14,2023-05-14
ASM013948,STU0793,CRS017,4,assignment,50,31.4,2023-05-30,2023-05-30
ASM013949,STU0793,CRS017,5,quiz,25,18.5,2023-05-16,2023-05-15
ASM013950,STU0793,CRS017,5,assignment,50,17.0,2023-06-15,2023-06-16
ASM013951,STU0793,CRS017,6,quiz,25,10.4,2023-06-11,2023-06-10
ASM013952,STU0793,CRS017,6,assignment,50,28.7,2023-06-23,2023-06-23
ASM013953,STU0793,CRS017,6,project,100,90.4,2023-06-23,2023-06-25
ASM013954,STU0793,CRS017,6,exam,100,52.3,2023-07-05,2023-07-03
ASM013955,STU0794,CRS020,1,quiz,25,14.4,2023-08-12,2023-08-12
ASM013956,STU0794,CRS020,1,assignment,50,41.9,2023-08-10,2023-08-09
ASM013957,STU0794,CRS020,2,quiz,25,23.0,2023-09-04,2023-09-02
ASM013958,STU0794,CRS020,2,assignment,50,45.3,2023-09-02,2023-08-31
ASM013959,STU0794,CRS020,3,quiz,25,16.2,2023-09-22,2023-09-23
ASM013960,STU0794,CRS020,3,assignment,50,30.1,2023-09-25,2023-09-26
ASM013961,STU0794,CRS020,3,project,100,98.0,2023-09-07,2023-09-05
ASM013962,STU0794,CRS020,4,quiz,25,14.3,2023-10-08,2023-10-07
ASM013963,STU0794,CRS020,4,assignment,50,47.9,2023-09-22,2023-09-22
ASM013964,STU0794,CRS020,4,exam,100,73.9,2023-09-30,2023-09-30
ASM013965,STU0795,CRS015,1,quiz,25,13.6,2024-02-09,2024-02-08
ASM013966,STU0795,CRS015,1,assignment,50,24.1,2024-02-09,2024-02-09
ASM013967,STU0795,CRS015,2,quiz,25,17.8,2024-02-29,2024-02-29
ASM013968,STU0795,CRS015,2,assignment,50,15.8,2024-02-29,2024-03-05
ASM013969,STU0795,CRS015,3,quiz,25,15.2,2024-03-14,2024-03-21
ASM013970,STU0795,CRS015,3,assignment,50,45.7,2024-03-23,2024-03-30
ASM013971,STU0795,CRS015,3,project,100,27.7,2024-03-26,2024-03-23
ASM013972,STU0795,CRS015,4,quiz,25,14.0,2024-04-11,2024-04-14
ASM013973,STU0795,CRS015,4,assignment,50,41.5,2024-03-26,2024-03-26
ASM013974,STU0795,CRS015,5,quiz,25,17.1,2024-05-05,2024-05-06
ASM013975,STU0795,CRS015,5,assignment,50,27.7,2024-04-15,2024-04-18
ASM013976,STU0795,CRS015,6,quiz,25,11.7,2024-04-25,2024-04-27
ASM013977,STU0795,CRS015,6,assignment,50,28.1,2024-04-25,2024-04-27
ASM013978,STU0795,CRS015,6,project,100,64.5,2024-05-19,2024-05-20
ASM013979,STU0795,CRS015,7,quiz,25,21.4,2024-05-17,2024-05-18
ASM013980,STU0795,CRS015,7,assignment,50,49.0,2024-05-10,2024-05-10
ASM013981,STU0795,CRS015,8,quiz,25,16.4,2024-06-18,2024-06-23
ASM013982,STU0795,CRS015,8,assignment,50,27.8,2024-06-02,2024-06-07
ASM013983,STU0795,CRS015,9,quiz,25,20.6,2024-06-27,2024-06-27
ASM013984,STU0795,CRS015,9,assignment,50,36.7,2024-08-02,2024-08-09
ASM013985,STU0795,CRS015,9,project,100,42.5,2024-07-24,2024-07-22
ASM013986,STU0795,CRS015,10,quiz,25,20.1,2024-07-04,2024-07-03
ASM013987,STU0795,CRS015,10,assignment,50,48.1,2024-07-24,2024-07-27
ASM013988,STU0795,CRS015,10,exam,100,50.1,2024-07-14,2024-07-14
ASM013989,STU0796,CRS007,1,quiz,25,13.2,2024-08-06,2024-08-06
ASM013990,STU0796,CRS007,1,assignment,50,30.1,2024-08-10,2024-08-07
ASM013991,STU0796,CRS007,2,quiz,25,17.9,2024-08-26,2024-08-27
ASM013992,STU0796,CRS007,2,assignment,50,22.9,2024-08-26,2024-08-26
ASM013993,STU0796,CRS007,3,quiz,25,14.4,2024-09-06,2024-09-06
ASM013994,STU0796,CRS007,3,assignment,50,28.2,2024-09-21,2024-09-21
ASM013995,STU0796,CRS007,3,project,100,42.6,2024-09-21,2024-09-21
ASM013996,STU0796,CRS007,4,quiz,25,15.6,2024-09-17,2024-09-17
ASM013997,STU0796,CRS007,4,assignment,50,32.6,2024-10-07,2024-10-07
ASM013998,STU0796,CRS007,5,quiz,25,17.3,2024-10-11,2024-10-13
ASM013999,STU0796,CRS007,5,assignment,50,38.5,2024-11-05,2024-11-12
ASM014000,STU0796,CRS007,6,quiz,25,16.5,2024-11-20,2024-11-21
ASM014001,STU0796,CRS007,6,assignment,50,41.3,2024-10-15,2024-10-14
ASM014002,STU0796,CRS007,6,project,100,47.2,2024-10-15,2024-10-14
ASM014003,STU0796,CRS007,7,quiz,25,18.4,2024-11-19,2024-11-19
ASM014004,STU0796,CRS007,7,assignment,50,35.1,2024-11-05,2024-11-04
ASM014005,STU0796,CRS007,7,exam,100,74.5,2024-12-17,2024-12-16
ASM014006,STU0797,CRS003,1,quiz,25,11.5,2023-03-16,2023-03-16
ASM014007,STU0797,CRS003,1,assignment,50,46.5,2023-03-15,2023-03-16
ASM014008,STU0797,CRS003,2,quiz,25,15.8,2023-04-04,2023-04-07
ASM014009,STU0797,CRS003,2,assignment,50,23.2,2023-04-06,2023-04-05
ASM014010,STU0797,CRS003,3,quiz,25,16.3,2023-04-16,2023-04-17
ASM014011,STU0797,CRS003,3,assignment,50,30.3,2023-04-19,2023-04-24
ASM014012,STU0797,CRS003,3,project,100,28.8,2023-04-19,2023-04-17
ASM014013,STU0797,CRS003,4,quiz,25,8.3,2023-05-10,2023-05-07
ASM014014,STU0797,CRS003,4,assignment,50,35.4,2023-04-28,2023-04-30
ASM014015,STU0797,CRS003,5,quiz,25,24.1,2023-06-02,2023-06-03
ASM014016,STU0797,CRS003,5,assignment,50,44.6,2023-06-07,2023-06-12
ASM014017,STU0797,CRS003,5,exam,100,35.0,2023-05-08,2023-05-08
ASM014018,STU0798,CRS005,1,quiz,25,16.0,2023-09-20,2023-09-19
ASM014019,STU0798,CRS005,1,assignment,50,30.9,2023-09-23,2023-09-22
ASM014020,STU0798,CRS005,2,quiz,25,11.5,2023-10-12,2023-10-14
ASM014021,STU0798,CRS005,2,assignment,50,35.8,2023-10-14,2023-10-16
ASM014022,STU0798,CRS005,3,quiz,25,20.2,2023-10-30,2023-10-28
ASM014023,STU0798,CRS005,3,assignment,50,41.9,2023-11-08,2023-11-07
ASM014024,STU0798,CRS005,3,project,100,85.9,2023-11-08,2023-11-07
ASM014025,STU0798,CRS005,4,quiz,25,14.6,2023-11-09,2023-11-07
ASM014026,STU0798,CRS005,4,assignment,50,40.1,2023-11-09,2023-11-09
ASM014027,STU0798,CRS005,5,quiz,25,18.2,2023-11-20,2023-11-20
ASM014028,STU0798,CRS005,5,assignment,50,28.2,2023-11-25,2023-11-25
ASM014029,STU0798,CRS005,6,quiz,25,22.0,2024-01-10,2024-01-09
ASM014030,STU0798,CRS005,6,assignment,50,40.5,2024-01-04,2024-01-04
ASM014031,STU0798,CRS005,6,project,100,54.4,2023-12-05,2023-12-05
ASM014032,STU0798,CRS005,7,quiz,25,15.4,2024-01-10,2024-01-12
ASM014033,STU0798,CRS005,7,assignment,50,34.4,2024-01-17,2024-01-20
ASM014034,STU0798,CRS005,8,quiz,25,22.1,2024-02-13,2024-02-15
ASM014035,STU0798,CRS005,8,assignment,50,48.6,2023-12-27,2024-01-01
ASM014036,STU0798,CRS005,8,exam,100,54.6,2024-02-05,2024-02-07
ASM014037,STU0799,CRS011,1,quiz,25,12.4,2024-04-02,2024-04-02
ASM014038,STU0799,CRS011,1,assignment,50,49.0,2024-03-28,2024-04-04
ASM014039,STU0799,CRS011,2,quiz,25,18.5,2024-04-12,2024-04-12
ASM014040,STU0799,CRS011,2,assignment,50,49.0,2024-04-10,2024-04-10
ASM014041,STU0799,CRS011,3,quiz,25,21.5,2024-05-03,2024-05-04
ASM014042,STU0799,CRS011,3,assignment,50,42.1,2024-05-06,2024-05-13
ASM014043,STU0799,CRS011,3,project,100,84.9,2024-05-09,2024-05-14
ASM014044,STU0799,CRS011,4,quiz,25,10.3,2024-05-20,2024-05-20
ASM014045,STU0799,CRS011,4,assignment,50,38.1,2024-05-28,2024-06-04
ASM014046,STU0799,CRS011,5,quiz,25,4.7,2024-06-26,2024-06-29
ASM014047,STU0799,CRS011,5,assignment,50,24.5,2024-06-21,2024-06-22
ASM014048,STU0799,CRS011,6,quiz,25,21.1,2024-06-11,2024-06-16
ASM014049,STU0799,CRS011,6,assignment,50,24.2,2024-07-11,2024-07-18
ASM014050,STU0799,CRS011,6,project,100,75.2,2024-06-05,2024-06-06
ASM014051,STU0799,CRS011,7,quiz,25,15.7,2024-07-03,2024-07-02
ASM014052,STU0799,CRS011,7,assignment,50,40.1,2024-07-24,2024-07-25
ASM014053,STU0799,CRS011,8,quiz,25,12.6,2024-08-04,2024-08-03
ASM014054,STU0799,CRS011,8,assignment,50,19.7,2024-07-27,2024-07-30
ASM014055,STU0799,CRS011,9,quiz,25,15.6,2024-08-22,2024-08-29
ASM014056,STU0799,CRS011,9,assignment,50,36.5,2024-09-09,2024-09-08
ASM014057,STU0799,CRS011,9,project,100,35.0,2024-08-13,2024-08-11
ASM014058,STU0799,CRS011,10,quiz,25,17.8,2024-09-09,2024-09-07
ASM014059,STU0799,CRS011,10,assignment,50,35.5,2024-08-20,2024-08-18
ASM014060,STU0799,CRS011,10,exam,100,79.0,2024-08-10,2024-08-12
ASM014061,STU0800,CRS003,1,quiz,25,9.6,2024-08-10,2024-08-09
ASM014062,STU0800,CRS003,1,assignment,50,31.4,2024-08-03,2024-08-08
ASM014063,STU0800,CRS003,2,quiz,25,19.4,2024-08-25,2024-08-25
ASM014064,STU0800,CRS003,2,assignment,50,37.4,2024-08-17,2024-08-18
ASM014065,STU0800,CRS003,3,quiz,25,15.7,2024-09-15,2024-09-15
ASM014066,STU0800,CRS003,3,assignment,50,24.6,2024-09-09,2024-09-08
ASM014067,STU0800,CRS003,3,project,100,61.3,2024-09-21,2024-09-19
ASM014068,STU0800,CRS003,4,quiz,25,19.2,2024-10-04,2024-10-02
ASM014069,STU0800,CRS003,4,assignment,50,27.1,2024-09-26,2024-09-26
ASM014070,STU0800,CRS003,5,quiz,25,17.6,2024-10-18,2024-10-25
ASM014071,STU0800,CRS003,5,assignment,50,44.4,2024-10-03,2024-10-04
ASM014072,STU0800,CRS003,5,exam,100,59.3,2024-10-03,2024-10-06
