student_id,date,session_type,status
STU0001,2023-02-27,mentoring,present
STU0001,2023-03-20,lecture,present
STU0001,2023-04-26,lab,present
STU0001,2023-04-28,lecture,present
STU0001,2023-06-02,lecture,present
STU0001,2023-06-13,lab,present
STU0001,2023-06-30,lab,present
STU0001,2023-07-12,mentoring,present
STU0001,2023-07-20,lecture,present
STU0001,2023-07-31,mentoring,present
STU0001,2023-08-11,mentoring,present
STU0001,2023-08-24,lab,present
STU0001,2023-10-13,lab,absent
STU0001,2023-10-24,lecture,present
STU0001,2023-11-10,mentoring,present
STU0001,2023-11-29,lecture,late
STU0001,2023-12-26,mentoring,present
STU0001,2024-01-08,lecture,late
STU0001,2024-01-15,lab,absent
STU0001,2024-02-01,lab,present
STU0001,2024-02-08,lab,present
STU0001,2024-02-15,lab,present
STU0001,2024-02-19,lecture,present
STU0001,2024-03-07,mentoring,present
STU0001,2024-03-27,lecture,present
STU0001,2024-04-05,lab,late
STU0001,2024-04-19,lecture,late
STU0001,2024-05-07,lecture,present
STU0001,2024-06-20,lecture,late
STU0001,2024-06-28,lecture,present
STU0001,2024-07-05,mentoring,late
STU0001,2024-07-17,lab,present
STU0001,2024-07-23,lecture,absent
STU0001,2024-08-26,lab,late
STU0001,2024-08-30,lecture,present
STU0001,2024-09-04,lab,absent
STU0001,2024-10-03,lab,present
STU0001,2024-10-09,lecture,present
STU0001,2024-10-17,lecture,present
STU0001,2024-11-07,lab,present
STU0001,2024-11-25,lab,absent
STU0001,2024-12-03,mentoring,present
STU0001,2024-12-17,lecture,present
STU0001,2025-01-13,lab,present
STU0002,2023-08-17,lab,present
STU0002,2023-09-29,lab,present
STU0002,2023-11-03,lecture,present
STU0002,2023-11-17,lecture,present
STU0002,2023-11-29,mentoring,absent
STU0002,2023-12-25,lecture,present
STU0002,2024-01-11,lecture,late
STU0002,2024-01-17,lecture,present
STU0002,2024-02-02,lecture,present
STU0002,2024-02-06,mentoring,present
STU0002,2024-02-22,lab,absent
STU0002,2024-03-01,lecture,present
STU0002,2024-03-07,lab,present
STU0002,2024-03-13,lecture,present
STU0002,2024-03-19,lab,present
STU0002,2024-03-20,mentoring,present
STU0002,2024-03-26,lecture,present
STU0002,2024-06-05,lab,present
STU0002,2024-06-06,mentoring,absent
STU0002,2024-07-17,mentoring,present
STU0002,2024-07-24,lab,present
STU0002,2024-08-14,lab,late
STU0002,2024-08-20,lab,present
STU0002,2024-09-03,lecture,late
STU0002,2024-10-08,mentoring,absent
STU0002,2024-10-11,lecture,absent
STU0002,2024-10-17,lecture,present
STU0002,2024-10-21,mentoring,present
STU0002,2024-10-28,lab,absent
STU0002,2024-10-29,mentoring,present
STU0002,2024-12-27,lecture,present
STU0002,2025-01-02,mentoring,absent
STU0003,2024-02-13,mentoring,late
STU0003,2024-02-19,mentoring,present
STU0003,2024-02-28,lab,present
STU0003,2024-03-01,mentoring,present
STU0003,2024-03-06,mentoring,present
STU0003,2024-04-01,mentoring,present
STU0003,2024-04-04,mentoring,present
STU0003,2024-06-11,lecture,present
STU0003,2024-07-26,lab,present
STU0003,2024-08-05,mentoring,present
STU0003,2024-08-19,lab,present
STU0003,2024-08-21,lecture,absent
STU0003,2024-09-16,lab,present
STU0003,2024-09-17,mentoring,late
STU0003,2024-09-20,lab,late
STU0003,2024-10-08,mentoring,late
STU0003,2024-10-22,mentoring,late
STU0003,2024-10-29,lecture,late
STU0003,2024-10-30,lab,present
STU0003,2024-12-26,lab,absent
STU0004,2024-07-31,lecture,present
STU0004,2024-08-30,lecture,present
STU0004,2024-10-01,mentoring,present
STU0004,2024-11-15,lecture,present
STU0004,2024-11-28,lab,present
STU0004,2024-12-12,mentoring,late
STU0005,2023-01-30,lecture,late
STU0005,2023-02-16,mentoring,present
STU0005,2023-02-24,mentoring,present
STU0005,2023-03-01,lab,late
STU0005,2023-03-07,lecture,absent
STU0005,2023-03-13,lecture,late
STU0005,2023-03-17,lecture,late
STU0005,2023-03-21,lab,absent
STU0005,2023-03-22,mentoring,present
STU0005,2023-03-23,lecture,absent
STU0005,2023-03-27,mentoring,absent
STU0005,2023-04-05,mentoring,late
STU0005,2023-04-06,lecture,present
STU0005,2023-06-08,mentoring,present
STU0005,2023-06-19,lab,present
STU0005,2023-06-22,lab,late
STU0005,2023-06-27,lab,absent
STU0005,2023-07-05,lab,present
STU0005,2023-08-10,mentoring,late
STU0005,2023-09-01,lab,late
STU0005,2023-09-22,lecture,absent
STU0005,2023-09-28,lab,late
STU0005,2023-10-03,lab,present
STU0005,2023-10-11,mentoring,present
STU0005,2023-10-27,lecture,present
STU0005,2023-11-29,lab,present
STU0005,2024-01-03,lab,present
STU0005,2024-01-11,mentoring,present
STU0005,2024-01-16,lab,present
STU0005,2024-01-22,lab,present
STU0005,2024-01-25,lab,present
STU0005,2024-02-26,lecture,absent
STU0005,2024-02-27,lab,present
STU0005,2024-02-29,lecture,present
STU0005,2024-06-13,lab,late
STU0005,2024-06-14,mentoring,present
STU0005,2024-06-18,lab,present
STU0005,2024-06-28,mentoring,present
STU0005,2024-07-12,lab,absent
STU0005,2024-08-05,lab,present
STU0005,2024-09-23,lecture,present
STU0005,2024-10-04,lab,present
STU0005,2024-11-27,mentoring,late
STU0005,2024-12-03,lab,absent
STU0005,2024-12-12,lecture,present
STU0006,2023-09-04,lecture,present
STU0006,2023-09-07,mentoring,present
STU0006,2023-11-17,mentoring,present
STU0006,2023-11-24,lecture,late
STU0006,2023-12-22,lab,present
STU0006,2024-02-09,lecture,present
STU0006,2024-03-11,mentoring,present
STU0006,2024-04-18,mentoring,present
STU0006,2024-05-01,lecture,present
STU0006,2024-05-23,lab,present
STU0006,2024-06-14,lab,absent
STU0006,2024-06-19,lecture,present
STU0006,2024-07-15,lecture,present
STU0006,2024-07-16,lab,present
STU0006,2024-08-05,lecture,present
STU0006,2024-08-09,mentoring,absent
STU0006,2024-08-14,lab,present
STU0006,2024-08-22,mentoring,present
STU0006,2024-08-23,lecture,late
STU0006,2024-09-02,lab,present
STU0006,2024-09-04,mentoring,present
STU0006,2024-09-11,lecture,present
STU0006,2024-10-28,lab,present
STU0006,2024-11-27,lecture,present
STU0006,2024-11-28,lab,present
STU0006,2024-12-30,lab,present
STU0007,2024-03-25,lecture,present
STU0007,2024-04-03,lecture,present
STU0007,2024-05-06,lab,present
STU0007,2024-05-10,lecture,present
STU0007,2024-05-22,lab,present
STU0007,2024-06-21,lecture,present
STU0007,2024-07-16,lecture,present
STU0007,2024-07-29,mentoring,late
STU0007,2024-07-30,lecture,present
STU0007,2024-08-05,lab,present
STU0007,2024-08-23,lecture,late
STU0007,2024-09-17,lab,present
STU0007,2024-10-30,lecture,present
STU0007,2024-11-13,lecture,present
STU0007,2024-11-26,lab,present
STU0007,2025-01-07,mentoring,present
STU0008,2024-09-10,lecture,present
STU0008,2024-09-23,lab,present
STU0008,2024-10-08,lab,present
STU0008,2024-10-28,lab,present
STU0008,2024-10-29,mentoring,present
STU0008,2024-12-09,mentoring,present
STU0008,2024-12-31,lab,late
STU0009,2023-03-15,mentoring,absent
STU0009,2023-03-17,lecture,present
STU0009,2023-03-31,lecture,absent
STU0009,2023-04-20,lab,late
STU0009,2023-04-24,lecture,present
STU0009,2023-04-26,lab,present
STU0009,2023-05-23,lab,absent
STU0009,2023-06-02,lab,late
STU0009,2023-06-14,lab,present
STU0009,2023-06-21,mentoring,late
STU0009,2023-06-27,mentoring,late
STU0009,2023-07-27,mentoring,present
STU0009,2023-08-15,lecture,present
STU0009,2023-09-25,lab,present
STU0009,2023-11-21,lecture,present
STU0009,2023-11-28,lab,present
STU0009,2023-12-12,lecture,present
STU0009,2023-12-29,mentoring,present
STU0009,2024-01-29,lecture,absent
STU0009,2024-02-01,mentoring,present
STU0009,2024-02-13,mentoring,present
STU0009,2024-02-27,mentoring,present
STU0009,2024-03-06,lab,present
STU0009,2024-04-04,lab,present
STU0009,2024-04-23,mentoring,present
STU0009,2024-05-08,mentoring,present
STU0009,2024-05-20,lecture,late
STU0009,2024-06-25,lab,present
STU0009,2024-07-17,lecture,present
STU0009,2024-08-08,lab,late
STU0009,2024-08-22,lecture,present
STU0009,2024-10-10,lecture,present
STU0009,2024-12-04,lab,absent
STU0009,2025-01-01,mentoring,present
STU0010,2023-10-24,mentoring,absent
STU0010,2023-11-15,lab,present
STU0010,2024-01-08,mentoring,present
STU0010,2024-02-02,mentoring,present
STU0010,2024-04-25,lecture,absent
STU0010,2024-06-10,lecture,present
STU0010,2024-07-11,lab,present
STU0010,2024-07-12,mentoring,present
STU0010,2024-08-19,lecture,present
STU0010,2024-08-26,lab,present
STU0010,2024-10-23,mentoring,present
STU0010,2024-11-27,mentoring,late
STU0010,2024-12-04,lab,present
STU0010,2025-01-07,lab,present
STU0011,2024-03-15,lab,late
STU0011,2024-03-21,mentoring,present
STU0011,2024-03-28,lecture,present
STU0011,2024-04-18,mentoring,present
STU0011,2024-05-29,lab,present
STU0011,2024-06-06,lab,present
STU0011,2024-06-24,lab,present
STU0011,2024-08-01,lecture,present
STU0011,2024-08-07,lecture,present
STU0011,2024-09-09,mentoring,present
STU0011,2024-10-23,mentoring,present
STU0011,2024-11-05,lab,absent
STU0011,2024-12-10,mentoring,absent
STU0011,2024-12-12,lab,present
STU0011,2024-12-18,lecture,present
STU0011,2024-12-24,lecture,present
STU0011,2024-12-25,lab,present
STU0012,2024-08-29,lab,present
STU0012,2024-09-13,lab,present
STU0012,2024-11-13,lecture,present
STU0012,2024-12-20,lab,present
STU0013,2023-04-25,lecture,present
STU0013,2023-05-05,mentoring,present
STU0013,2023-05-11,mentoring,present
STU0013,2023-06-07,mentoring,present
STU0013,2023-06-21,lab,absent
STU0013,2023-06-23,lecture,present
STU0013,2023-07-07,mentoring,absent
STU0013,2023-08-17,lecture,present
STU0013,2023-08-22,lab,present
STU0013,2023-10-20,mentoring,present
STU0013,2023-10-27,lecture,present
STU0013,2023-11-09,mentoring,present
STU0013,2023-12-01,lab,present
STU0013,2024-01-02,lecture,present
STU0013,2024-01-16,lecture,present
STU0013,2024-01-22,lecture,present
STU0013,2024-02-05,lab,present
STU0013,2024-02-07,lecture,present
STU0013,2024-02-08,lab,absent
STU0013,2024-03-20,mentoring,present
STU0013,2024-03-25,lab,present
STU0013,2024-04-05,lecture,present
STU0013,2024-04-26,mentoring,absent
STU0013,2024-06-27,lab,present
STU0013,2024-07-16,mentoring,absent
STU0013,2024-08-16,lecture,present
STU0013,2024-09-17,mentoring,present
STU0013,2024-09-23,mentoring,present
STU0013,2024-09-30,lecture,late
STU0013,2024-10-07,mentoring,late
STU0013,2024-10-14,lab,late
STU0013,2024-10-16,mentoring,absent
STU0013,2024-11-22,lecture,present
STU0013,2024-12-03,mentoring,present
STU0013,2024-12-11,mentoring,present
STU0013,2025-01-10,lecture,present
STU0014,2023-10-10,mentoring,late
STU0014,2023-10-16,mentoring,present
STU0014,2023-11-21,mentoring,present
STU0014,2023-11-28,mentoring,present
STU0014,2023-12-25,lecture,present
STU0014,2024-02-12,lab,present
STU0014,2024-03-12,mentoring,present
STU0014,2024-03-18,lab,late
STU0014,2024-04-12,lab,absent
STU0014,2024-06-03,lab,present
STU0014,2024-06-14,lecture,present
STU0014,2024-06-26,lecture,present
STU0014,2024-07-12,lab,present
STU0014,2024-07-15,mentoring,present
STU0014,2024-07-26,mentoring,absent
STU0014,2024-07-29,lecture,present
STU0014,2024-08-07,mentoring,present
STU0014,2024-09-11,lecture,present
STU0014,2024-10-18,mentoring,present
STU0014,2024-10-23,lab,present
STU0014,2024-11-21,lecture,present
STU0014,2024-11-25,lab,present
STU0014,2024-12-20,lecture,absent
STU0014,2025-01-13,lecture,present
STU0014,2025-01-14,lab,absent
STU0015,2024-05-02,mentoring,present
STU0015,2024-07-16,lecture,present
STU0015,2024-07-19,mentoring,late
STU0015,2024-08-06,lecture,present
STU0015,2024-08-19,lab,present
STU0015,2024-09-30,lab,present
STU0015,2024-10-08,lab,absent
STU0015,2024-10-10,lecture,present
STU0015,2024-10-16,lab,present
STU0015,2024-10-17,mentoring,present
STU0015,2024-11-05,lecture,present
STU0015,2024-11-26,mentoring,late
STU0015,2024-12-05,lab,absent
STU0015,2024-12-26,lecture,present
STU0016,2024-09-06,lab,absent
STU0016,2024-10-30,lecture,present
STU0016,2024-10-31,lab,present
STU0016,2024-11-05,lab,present
STU0016,2024-11-06,mentoring,present
STU0016,2024-11-11,lab,absent
STU0016,2024-11-19,lab,absent
STU0016,2024-12-05,lecture,present
STU0016,2024-12-10,mentoring,present
STU0016,2024-12-17,lecture,late
STU0016,2025-01-14,lecture,late
STU0017,2023-03-06,lecture,present
STU0017,2023-03-29,mentoring,present
STU0017,2023-04-11,mentoring,present
STU0017,2023-04-19,lab,present
STU0017,2023-05-05,lab,present
STU0017,2023-05-09,lecture,present
STU0017,2023-07-03,lecture,late
STU0017,2023-07-13,mentoring,present
STU0017,2023-08-02,lab,present
STU0017,2023-08-30,mentoring,present
STU0017,2023-10-11,mentoring,present
STU0017,2023-11-24,lecture,absent
STU0017,2023-12-22,lab,present
STU0017,2023-12-27,lecture,present
STU0017,2024-01-23,lab,present
STU0017,2024-02-12,lab,present
STU0017,2024-02-14,lecture,present
STU0017,2024-02-20,lecture,absent
STU0017,2024-02-26,mentoring,present
STU0017,2024-03-14,lecture,present
STU0017,2024-03-18,mentoring,present
STU0017,2024-04-10,lecture,present
STU0017,2024-04-12,lab,present
STU0017,2024-04-17,lab,late
STU0017,2024-05-03,lab,present
STU0017,2024-05-13,lab,present
STU0017,2024-06-17,lab,present
STU0017,2024-07-09,mentoring,present
STU0017,2024-07-18,lecture,present
STU0017,2024-08-06,lecture,present
STU0017,2024-08-09,mentoring,present
STU0017,2024-09-26,mentoring,absent
STU0017,2024-10-28,mentoring,present
STU0017,2024-10-31,lecture,present
STU0017,2024-12-19,mentoring,present
STU0017,2025-01-07,mentoring,present
STU0018,2023-08-03,lab,present
STU0018,2023-08-08,lab,present
STU0018,2023-08-28,mentoring,late
STU0018,2023-08-31,lab,present
STU0018,2023-09-08,lecture,present
STU0018,2023-10-02,mentoring,present
STU0018,2023-10-18,mentoring,present
STU0018,2023-11-02,lecture,absent
STU0018,2023-11-13,lecture,present
STU0018,2023-11-20,lab,present
STU0018,2023-12-01,mentoring,absent
STU0018,2023-12-28,lab,present
STU0018,2024-01-30,lab,present
STU0018,2024-02-06,lecture,present
STU0018,2024-02-07,lab,present
STU0018,2024-03-29,lab,absent
STU0018,2024-04-03,lecture,present
STU0018,2024-04-30,lab,late
STU0018,2024-05-09,lab,present
STU0018,2024-07-11,lecture,late
STU0018,2024-07-15,mentoring,present
STU0018,2024-07-22,lab,absent
STU0018,2024-09-11,lecture,present
STU0018,2024-09-17,mentoring,present
STU0018,2024-09-24,lecture,present
STU0018,2024-10-04,lab,late
STU0018,2024-10-15,lecture,late
STU0018,2024-11-14,mentoring,present
STU0018,2024-11-29,lecture,present
STU0018,2024-12-13,lab,late
STU0018,2025-01-03,lecture,present
STU0018,2025-01-08,mentoring,absent
STU0018,2025-01-09,lecture,absent
STU0019,2024-02-26,mentoring,present
STU0019,2024-03-08,mentoring,present
STU0019,2024-03-25,mentoring,present
STU0019,2024-03-26,lecture,present
STU0019,2024-04-02,lecture,present
STU0019,2024-04-04,mentoring,absent
STU0019,2024-04-19,mentoring,present
STU0019,2024-04-24,mentoring,absent
STU0019,2024-05-13,lecture,present
STU0019,2024-05-22,lecture,present
STU0019,2024-08-06,mentoring,present
STU0019,2024-08-22,lecture,present
STU0019,2024-10-17,mentoring,present
STU0019,2024-10-31,lecture,absent
STU0019,2024-11-01,lab,present
STU0019,2024-11-18,lab,present
STU0019,2024-12-16,mentoring,present
STU0020,2024-09-26,lab,present
STU0020,2024-10-23,mentoring,present
STU0020,2024-11-12,mentoring,late
STU0020,2025-01-02,lab,present
STU0020,2025-01-14,lab,present
STU0021,2023-01-26,lecture,present
STU0021,2023-02-27,lab,present
STU0021,2023-03-13,mentoring,present
STU0021,2023-04-21,mentoring,present
STU0021,2023-04-27,lecture,present
STU0021,2023-05-03,mentoring,late
STU0021,2023-06-09,lab,late
STU0021,2023-07-05,mentoring,present
STU0021,2023-07-26,lab,present
STU0021,2023-07-28,lecture,present
STU0021,2023-09-15,lecture,late
STU0021,2023-09-27,lecture,present
STU0021,2023-09-28,lab,late
STU0021,2023-10-19,lecture,absent
STU0021,2023-12-27,lecture,absent
STU0021,2024-01-08,lab,late
STU0021,2024-02-27,lab,late
STU0021,2024-03-14,lab,absent
STU0021,2024-04-08,mentoring,present
STU0021,2024-04-15,lecture,present
STU0021,2024-05-09,lab,absent
STU0021,2024-05-17,lecture,present
STU0021,2024-05-24,lecture,present
STU0021,2024-06-20,lecture,present
STU0021,2024-06-25,mentoring,absent
STU0021,2024-06-28,lecture,present
STU0021,2024-08-19,lecture,present
STU0021,2024-09-12,lecture,present
STU0021,2024-09-19,mentoring,present
STU0021,2024-09-20,lecture,present
STU0021,2024-10-23,mentoring,absent
STU0021,2024-10-24,lecture,present
STU0021,2024-11-13,lab,late
STU0021,2024-11-28,lecture,present
STU0021,2024-12-13,lab,absent
STU0021,2024-12-20,lab,absent
STU0021,2025-01-08,lecture,late
STU0021,2025-01-15,lecture,present
STU0022,2023-07-19,lecture,present
STU0022,2023-07-20,lab,late
STU0022,2023-07-31,lecture,present
STU0022,2023-08-02,lab,late
STU0022,2023-08-09,mentoring,present
STU0022,2023-08-28,lab,absent
STU0022,2023-09-12,lecture,present
STU0022,2023-09-28,lab,present
STU0022,2023-10-26,mentoring,late
STU0022,2023-11-16,mentoring,present
STU0022,2023-12-01,lecture,late
STU0022,2023-12-19,lecture,present
STU0022,2024-01-16,lecture,present
STU0022,2024-01-17,lab,present
STU0022,2024-01-23,lab,late
STU0022,2024-01-30,lecture,present
STU0022,2024-03-27,lecture,late
STU0022,2024-04-18,lab,present
STU0022,2024-05-20,mentoring,absent
STU0022,2024-05-28,mentoring,present
STU0022,2024-06-11,lab,absent
STU0022,2024-06-25,lecture,late
STU0022,2024-07-09,lecture,late
STU0022,2024-09-27,lecture,present
STU0022,2024-10-17,lab,present
STU0022,2024-10-18,mentoring,present
STU0022,2024-11-01,lecture,present
STU0022,2024-11-06,mentoring,absent
STU0022,2024-11-08,lab,present
STU0022,2024-12-09,lecture,present
STU0022,2024-12-16,lecture,present
STU0023,2024-02-05,lab,present
STU0023,2024-02-06,mentoring,present
STU0023,2024-04-01,mentoring,late
STU0023,2024-04-11,mentoring,present
STU0023,2024-04-29,lab,absent
STU0023,2024-05-09,lecture,present
STU0023,2024-06-04,lab,present
STU0023,2024-06-14,lecture,absent
STU0023,2024-06-20,lab,present
STU0023,2024-07-05,mentoring,present
STU0023,2024-07-15,mentoring,present
STU0023,2024-07-30,lecture,present
STU0023,2024-08-22,lecture,present
STU0023,2024-09-17,mentoring,present
STU0023,2024-11-14,lecture,present
STU0023,2024-11-22,lecture,present
STU0023,2024-11-27,mentoring,present
STU0023,2024-11-29,lab,present
STU0023,2024-12-04,mentoring,present
STU0023,2024-12-11,lecture,absent
STU0023,2024-12-30,lab,present
STU0023,2025-01-03,mentoring,present
STU0023,2025-01-08,lab,present
STU0024,2024-08-15,lab,present
STU0024,2024-08-27,lecture,present
STU0024,2024-08-28,lab,present
STU0024,2024-09-09,lecture,present
STU0024,2024-09-11,mentoring,present
STU0024,2024-09-20,lab,present
STU0024,2024-10-17,mentoring,present
STU0024,2024-10-24,lab,present
STU0024,2024-10-31,mentoring,present
STU0024,2024-12-11,mentoring,present
STU0024,2024-12-13,lab,present
STU0024,2024-12-18,mentoring,late
STU0024,2024-12-20,lab,late
STU0024,2024-12-23,mentoring,present
STU0024,2025-01-02,lecture,present
STU0025,2023-02-08,mentoring,present
STU0025,2023-02-23,lecture,present
STU0025,2023-03-16,lab,absent
STU0025,2023-04-06,lecture,present
STU0025,2023-04-20,lab,absent
STU0025,2023-04-27,mentoring,absent
STU0025,2023-05-08,lecture,present
STU0025,2023-06-05,lecture,present
STU0025,2023-06-12,lecture,late
STU0025,2023-06-20,lecture,present
STU0025,2023-07-05,lab,present
STU0025,2023-07-20,lecture,absent
STU0025,2023-08-11,lecture,present
STU0025,2023-08-17,mentoring,late
STU0025,2023-08-18,lecture,present
STU0025,2023-08-23,lab,present
STU0025,2023-09-07,lab,present
STU0025,2023-09-25,lab,present
STU0025,2023-09-27,mentoring,present
STU0025,2023-10-10,mentoring,absent
STU0025,2023-10-11,lecture,absent
STU0025,2023-10-25,lecture,present
STU0025,2023-10-31,lecture,absent
STU0025,2023-11-13,lecture,late
STU0025,2023-11-21,lab,present
STU0025,2023-11-27,lecture,late
STU0025,2023-12-05,lecture,late
STU0025,2024-01-03,lecture,present
STU0025,2024-01-04,lab,present
STU0025,2024-01-11,mentoring,present
STU0025,2024-01-25,mentoring,present
STU0025,2024-01-30,lab,present
STU0025,2024-02-12,lecture,present
STU0025,2024-02-13,lab,present
STU0025,2024-02-21,mentoring,present
STU0025,2024-03-22,lab,present
STU0025,2024-04-08,lecture,present
STU0025,2024-05-10,mentoring,absent
STU0025,2024-05-14,lab,present
STU0025,2024-05-22,lecture,present
STU0025,2024-06-03,lecture,present
STU0025,2024-06-17,mentoring,present
STU0025,2024-06-25,lab,present
STU0025,2024-07-08,mentoring,present
STU0025,2024-07-09,lecture,present
STU0025,2024-07-15,lab,late
STU0025,2024-08-02,lab,absent
STU0025,2024-08-05,mentoring,present
STU0025,2024-08-13,mentoring,absent
STU0025,2024-08-14,lecture,absent
STU0025,2024-08-22,lecture,present
STU0025,2024-08-26,lab,present
STU0025,2024-09-02,lecture,present
STU0025,2024-09-10,lab,present
STU0025,2024-10-17,lab,present
STU0025,2024-10-21,lecture,present
STU0025,2024-12-06,lab,present
STU0025,2024-12-10,mentoring,late
STU0025,2024-12-11,lecture,present
STU0026,2023-11-06,mentoring,present
STU0026,2023-11-17,mentoring,present
STU0026,2023-12-29,lecture,present
STU0026,2024-02-01,lab,absent
STU0026,2024-02-19,lab,late
STU0026,2024-03-06,lab,present
STU0026,2024-04-01,mentoring,present
STU0026,2024-04-02,lecture,present
STU0026,2024-04-04,mentoring,present
STU0026,2024-04-30,mentoring,present
STU0026,2024-05-14,lecture,present
STU0026,2024-05-28,lab,present
STU0026,2024-06-10,lecture,present
STU0026,2024-06-18,lecture,late
STU0026,2024-07-15,lab,present
STU0026,2024-08-08,mentoring,late
STU0026,2024-09-03,lab,absent
STU0026,2024-10-02,mentoring,present
STU0026,2024-10-03,lecture,present
STU0026,2024-10-31,lab,present
STU0026,2024-11-07,lab,present
STU0026,2024-11-08,mentoring,present
STU0026,2024-11-22,lecture,absent
STU0026,2024-12-03,mentoring,present
STU0027,2024-04-11,lab,present
STU0027,2024-05-10,lecture,present
STU0027,2024-07-03,mentoring,late
STU0027,2024-07-08,lab,present
STU0027,2024-08-01,mentoring,late
STU0027,2024-08-05,lecture,present
STU0027,2024-09-18,mentoring,late
STU0027,2024-12-02,lecture,present
STU0027,2024-12-04,lab,absent
STU0027,2024-12-06,lecture,present
STU0027,2025-01-06,lab,present
STU0027,2025-01-10,lecture,present
STU0028,2024-09-04,mentoring,present
STU0028,2024-09-16,lab,present
STU0028,2024-09-23,mentoring,present
STU0028,2024-09-30,lab,late
STU0028,2024-10-14,lab,present
STU0028,2024-10-22,lecture,present
STU0028,2024-11-06,lecture,present
STU0028,2025-01-10,lab,absent
STU0028,2025-01-13,mentoring,present
STU0029,2023-02-07,mentoring,present
STU0029,2023-02-14,mentoring,absent
STU0029,2023-06-16,mentoring,present
STU0029,2023-09-04,lab,absent
STU0029,2023-09-12,lecture,present
STU0029,2023-09-14,mentoring,absent
STU0029,2023-09-18,lab,present
STU0029,2023-09-22,lab,absent
STU0029,2023-10-06,lab,present
STU0029,2023-10-18,lecture,present
STU0029,2023-10-27,lab,present
STU0029,2023-11-14,lecture,present
STU0029,2023-11-27,lab,present
STU0029,2023-12-12,lecture,present
STU0029,2023-12-15,lecture,present
STU0029,2024-01-23,mentoring,present
STU0029,2024-02-02,mentoring,present
STU0029,2024-02-06,lecture,present
STU0029,2024-04-17,lecture,late
STU0029,2024-05-13,mentoring,late
STU0029,2024-06-26,mentoring,present
STU0029,2024-07-05,lecture,present
STU0029,2024-07-10,lecture,present
STU0029,2024-07-23,lecture,present
STU0029,2024-07-25,lab,present
STU0029,2024-08-19,lab,present
STU0029,2024-09-11,lecture,present
STU0029,2024-09-27,mentoring,present
STU0029,2024-10-11,mentoring,present
STU0029,2024-10-18,lecture,late
STU0029,2024-10-28,mentoring,present
STU0029,2024-10-29,lecture,late
STU0029,2024-11-18,lecture,absent
STU0029,2024-11-28,lecture,present
STU0029,2024-12-13,lab,late
STU0030,2023-08-22,lecture,present
STU0030,2023-09-01,lab,absent
STU0030,2023-09-04,mentoring,present
STU0030,2023-09-20,lab,absent
STU0030,2023-10-13,lab,late
STU0030,2023-10-27,lab,present
STU0030,2023-11-02,lecture,late
STU0030,2023-11-07,lab,present
STU0030,2024-01-19,lab,late
STU0030,2024-01-25,lecture,present
STU0030,2024-02-08,lecture,late
STU0030,2024-03-21,lecture,present
STU0030,2024-04-01,lecture,late
STU0030,2024-05-06,lecture,present
STU0030,2024-06-04,mentoring,present
STU0030,2024-06-20,lab,present
STU0030,2024-06-28,mentoring,absent
STU0030,2024-07-10,lab,absent
STU0030,2024-07-22,mentoring,present
STU0030,2024-09-19,mentoring,present
STU0030,2024-10-24,mentoring,present
STU0030,2024-10-28,lab,present
STU0030,2024-11-13,lab,late
STU0030,2024-11-21,mentoring,present
STU0030,2024-12-04,lecture,late
STU0030,2024-12-10,lecture,present
STU0030,2024-12-24,lab,present
STU0030,2024-12-25,mentoring,present
STU0031,2024-02-12,lab,present
STU0031,2024-02-22,lab,absent
STU0031,2024-02-27,lecture,absent
STU0031,2024-04-04,lab,present
STU0031,2024-04-09,lab,present
STU0031,2024-04-11,lecture,present
STU0031,2024-05-01,mentoring,present
STU0031,2024-05-07,lab,late
STU0031,2024-06-10,lecture,present
STU0031,2024-06-20,lab,present
STU0031,2024-07-23,lecture,present
STU0031,2024-08-06,mentoring,present
STU0031,2024-09-12,lecture,present
STU0031,2024-10-01,lecture,present
STU0031,2024-10-07,lecture,present
STU0031,2024-12-04,lecture,present
STU0031,2025-01-07,lecture,present
STU0032,2024-08-07,lecture,present
STU0032,2024-08-20,mentoring,present
STU0032,2024-09-20,mentoring,present
STU0032,2024-09-23,lecture,absent
STU0032,2024-10-16,mentoring,absent
STU0032,2024-10-22,mentoring,late
STU0032,2024-11-05,lecture,absent
STU0032,2024-11-08,lab,present
STU0032,2024-12-16,lab,late
STU0033,2023-02-17,lab,late
STU0033,2023-02-22,lab,present
STU0033,2023-03-23,lecture,absent
STU0033,2023-03-28,lab,present
STU0033,2023-04-03,lab,present
STU0033,2023-04-20,mentoring,present
STU0033,2023-05-08,lab,absent
STU0033,2023-05-10,lecture,present
STU0033,2023-06-15,mentoring,present
STU0033,2023-07-04,lab,absent
STU0033,2023-08-01,lecture,present
STU0033,2023-08-22,mentoring,present
STU0033,2023-09-08,lab,present
STU0033,2023-10-11,lab,present
STU0033,2023-12-08,lab,present
STU0033,2023-12-14,lecture,absent
STU0033,2024-02-01,mentoring,absent
STU0033,2024-02-07,lecture,present
STU0033,2024-02-14,lecture,late
STU0033,2024-03-27,lecture,present
STU0033,2024-03-29,mentoring,present
STU0033,2024-05-07,lecture,present
STU0033,2024-05-16,mentoring,present
STU0033,2024-06-03,lab,late
STU0033,2024-06-06,lecture,present
STU0033,2024-06-18,lab,present
STU0033,2024-07-04,lecture,present
STU0033,2024-09-06,lab,present
STU0033,2024-10-04,lab,present
STU0033,2024-10-21,mentoring,present
STU0033,2024-11-08,lab,present
STU0033,2024-11-12,mentoring,absent
STU0033,2024-11-21,lab,present
STU0033,2024-12-06,lab,late
STU0033,2024-12-31,lecture,present
STU0033,2025-01-01,lab,late
STU0033,2025-01-13,lecture,late
STU0034,2023-08-18,mentoring,present
STU0034,2023-09-01,lecture,present
STU0034,2023-10-19,mentoring,present
STU0034,2023-10-27,lecture,present
STU0034,2023-11-15,lab,late
STU0034,2023-11-29,lab,present
STU0034,2024-01-03,lab,present
STU0034,2024-01-09,lab,present
STU0034,2024-02-05,lecture,present
STU0034,2024-02-08,mentoring,present
STU0034,2024-02-19,lecture,present
STU0034,2024-02-23,lab,late
STU0034,2024-03-13,lab,present
STU0034,2024-05-15,mentoring,present
STU0034,2024-06-11,lecture,present
STU0034,2024-07-30,lab,present
STU0034,2024-08-02,mentoring,late
STU0034,2024-08-13,lecture,present
STU0034,2024-09-04,lab,present
STU0034,2024-09-05,mentoring,absent
STU0034,2024-10-03,lab,present
STU0034,2024-11-25,lecture,present
STU0034,2024-12-10,mentoring,present
STU0034,2024-12-27,lab,present
STU0035,2024-01-17,lecture,late
STU0035,2024-01-23,lab,absent
STU0035,2024-01-25,mentoring,present
STU0035,2024-05-14,mentoring,absent
STU0035,2024-05-22,lecture,absent
STU0035,2024-05-29,lab,present
STU0035,2024-05-31,lecture,present
STU0035,2024-07-11,lab,present
STU0035,2024-09-25,mentoring,absent
STU0035,2024-10-07,lecture,present
STU0035,2024-10-21,lab,absent
STU0035,2024-11-25,mentoring,present
STU0035,2024-12-02,lab,present
STU0035,2024-12-04,mentoring,absent
STU0035,2024-12-09,lab,present
STU0035,2025-01-01,lab,absent
STU0036,2024-07-22,mentoring,absent
STU0036,2024-08-06,lab,present
STU0036,2024-09-02,lab,present
STU0036,2024-09-03,mentoring,present
STU0036,2024-11-28,lecture,present
STU0036,2024-12-10,mentoring,absent
STU0036,2024-12-17,mentoring,absent
STU0037,2023-02-28,lab,late
STU0037,2023-03-31,lab,present
STU0037,2023-05-03,lab,present
STU0037,2023-05-05,lecture,present
STU0037,2023-05-10,lecture,late
STU0037,2023-07-14,lab,late
STU0037,2023-08-29,lab,present
STU0037,2023-09-07,lab,present
STU0037,2023-09-14,lab,present
STU0037,2023-09-27,lab,present
STU0037,2023-10-04,lab,present
STU0037,2023-10-31,mentoring,absent
STU0037,2023-11-17,lab,present
STU0037,2023-12-26,lecture,absent
STU0037,2024-01-12,lecture,present
STU0037,2024-01-15,lab,present
STU0037,2024-01-18,lab,present
STU0037,2024-02-05,lecture,absent
STU0037,2024-02-13,lab,late
STU0037,2024-02-26,mentoring,present
STU0037,2024-03-11,lecture,late
STU0037,2024-05-03,mentoring,absent
STU0037,2024-05-06,lecture,present
STU0037,2024-05-21,lecture,absent
STU0037,2024-06-05,lab,present
STU0037,2024-08-05,lecture,present
STU0037,2024-08-20,mentoring,present
STU0037,2024-09-03,lecture,present
STU0037,2024-09-13,mentoring,present
STU0037,2024-09-18,lab,present
STU0037,2024-11-19,lecture,present
STU0037,2024-12-04,lab,present
STU0037,2024-12-23,lab,present
STU0037,2024-12-26,lab,present
STU0038,2023-08-28,lab,absent
STU0038,2023-09-08,lab,present
STU0038,2023-09-21,lab,present
STU0038,2023-10-05,mentoring,present
STU0038,2023-10-23,lecture,late
STU0038,2023-11-03,lab,absent
STU0038,2023-11-06,mentoring,present
STU0038,2023-11-17,lecture,absent
STU0038,2023-11-30,lab,absent
STU0038,2023-12-29,lab,absent
STU0038,2024-01-03,lecture,present
STU0038,2024-01-11,mentoring,present
STU0038,2024-01-26,lecture,present
STU0038,2024-02-05,mentoring,present
STU0038,2024-03-21,lecture,present
STU0038,2024-04-25,lecture,late
STU0038,2024-05-06,lecture,present
STU0038,2024-05-08,lab,late
STU0038,2024-05-10,mentoring,late
STU0038,2024-05-23,lab,late
STU0038,2024-06-04,lecture,late
STU0038,2024-06-17,lecture,absent
STU0038,2024-07-03,lab,present
STU0038,2024-07-08,lecture,late
STU0038,2024-07-11,mentoring,present
STU0038,2024-07-15,lab,present
STU0038,2024-07-19,lab,absent
STU0038,2024-07-22,mentoring,late
STU0038,2024-08-09,mentoring,late
STU0038,2024-10-17,lecture,absent
STU0038,2024-12-17,lecture,present
STU0038,2025-01-06,lecture,late
STU0039,2024-02-27,lecture,present
STU0039,2024-04-12,mentoring,present
STU0039,2024-05-23,lecture,present
STU0039,2024-07-22,mentoring,present
STU0039,2024-08-30,mentoring,present
STU0039,2024-09-19,lecture,present
STU0039,2024-09-24,lecture,absent
STU0039,2024-10-30,mentoring,present
STU0039,2024-12-09,mentoring,present
STU0040,2024-07-23,lecture,absent
STU0040,2024-08-13,mentoring,absent
STU0040,2024-08-14,lecture,late
STU0040,2024-09-16,mentoring,present
STU0040,2024-09-18,lecture,present
STU0040,2024-10-02,lecture,present
STU0040,2024-10-22,mentoring,present
STU0040,2024-10-25,mentoring,present
STU0040,2024-11-08,lab,present
STU0040,2024-11-11,mentoring,absent
STU0040,2024-12-18,lab,absent
STU0040,2024-12-30,lab,present
STU0041,2023-03-10,lab,absent
STU0041,2023-03-23,lecture,present
STU0041,2023-04-27,mentoring,present
STU0041,2023-05-02,mentoring,present
STU0041,2023-05-04,lecture,absent
STU0041,2023-05-22,mentoring,present
STU0041,2023-05-24,lecture,absent
STU0041,2023-06-06,lab,late
STU0041,2023-06-14,mentoring,present
STU0041,2023-06-30,lecture,late
STU0041,2023-07-11,lab,late
STU0041,2023-07-24,lecture,present
STU0041,2023-07-25,lab,absent
STU0041,2023-08-28,mentoring,present
STU0041,2023-08-30,lab,present
STU0041,2023-09-19,mentoring,present
STU0041,2023-09-27,mentoring,absent
STU0041,2023-10-06,lab,present
STU0041,2023-10-20,mentoring,late
STU0041,2023-10-25,mentoring,present
STU0041,2023-10-26,lecture,present
STU0041,2023-11-27,lab,present
STU0041,2023-11-30,lab,present
STU0041,2023-12-08,lecture,absent
STU0041,2024-01-03,lab,absent
STU0041,2024-01-16,lecture,late
STU0041,2024-01-30,lecture,present
STU0041,2024-03-15,lab,absent
STU0041,2024-04-09,mentoring,present
STU0041,2024-05-08,lecture,present
STU0041,2024-05-20,lecture,present
STU0041,2024-06-10,lab,present
STU0041,2024-06-14,lab,present
STU0041,2024-06-17,mentoring,present
STU0041,2024-06-21,lecture,present
STU0041,2024-07-16,mentoring,present
STU0041,2024-07-17,lecture,present
STU0041,2024-08-20,lab,present
STU0041,2024-11-06,lecture,present
STU0041,2024-11-19,mentoring,present
STU0041,2024-12-30,mentoring,present
STU0041,2025-01-01,lecture,absent
STU0042,2023-09-05,lecture,present
STU0042,2023-09-20,mentoring,present
STU0042,2023-11-27,mentoring,present
STU0042,2023-12-19,lab,absent
STU0042,2023-12-20,mentoring,late
STU0042,2024-01-31,lecture,present
STU0042,2024-03-13,lab,present
STU0042,2024-03-19,lab,late
STU0042,2024-04-26,mentoring,late
STU0042,2024-06-20,mentoring,absent
STU0042,2024-09-18,lab,present
STU0042,2024-10-11,mentoring,present
STU0042,2024-10-16,lab,late
STU0042,2024-11-08,lab,present
STU0042,2024-12-27,mentoring,late
STU0043,2024-02-21,lecture,present
STU0043,2024-02-23,lab,present
STU0043,2024-02-28,lecture,late
STU0043,2024-03-07,mentoring,present
STU0043,2024-03-21,lecture,present
STU0043,2024-03-29,lecture,present
STU0043,2024-04-02,lab,present
STU0043,2024-04-17,lecture,present
STU0043,2024-06-07,lecture,present
STU0043,2024-06-12,mentoring,present
STU0043,2024-06-17,mentoring,late
STU0043,2024-07-10,mentoring,present
STU0043,2024-07-18,mentoring,absent
STU0043,2024-07-24,lab,absent
STU0043,2024-08-08,lecture,late
STU0043,2024-09-02,mentoring,present
STU0043,2024-10-15,lab,absent
STU0043,2024-10-24,lab,late
STU0043,2024-12-13,lecture,late
STU0043,2024-12-18,lab,present
STU0043,2025-01-03,lecture,absent
STU0043,2025-01-06,lab,present
STU0044,2024-10-09,mentoring,present
STU0044,2024-11-04,lab,present
STU0044,2024-11-20,lecture,present
STU0044,2024-11-21,lab,present
STU0044,2024-11-29,mentoring,late
STU0044,2024-12-24,mentoring,late
STU0045,2023-03-02,lab,present
STU0045,2023-03-07,lab,late
STU0045,2023-03-10,lab,present
STU0045,2023-03-22,lab,present
STU0045,2023-04-07,mentoring,present
STU0045,2023-05-16,lecture,present
STU0045,2023-05-25,lecture,present
STU0045,2023-06-21,mentoring,present
STU0045,2023-06-28,lab,present
STU0045,2023-08-17,mentoring,present
STU0045,2023-09-14,mentoring,late
STU0045,2023-10-18,mentoring,absent
STU0045,2023-12-14,mentoring,present
STU0045,2024-01-01,lecture,present
STU0045,2024-01-19,lecture,absent
STU0045,2024-04-01,mentoring,present
STU0045,2024-04-24,lab,absent
STU0045,2024-05-08,lab,late
STU0045,2024-05-27,mentoring,present
STU0045,2024-05-29,lab,present
STU0045,2024-05-31,lecture,present
STU0045,2024-06-20,mentoring,present
STU0045,2024-06-27,mentoring,present
STU0045,2024-07-02,lecture,present
STU0045,2024-07-03,lab,present
STU0045,2024-07-05,mentoring,present
STU0045,2024-07-29,lecture,present
STU0045,2024-09-26,lecture,present
STU0045,2024-09-30,mentoring,present
STU0045,2024-10-03,mentoring,present
STU0045,2024-10-17,lecture,present
STU0045,2024-10-22,lecture,present
STU0045,2024-10-28,lecture,present
STU0045,2024-11-01,lab,present
STU0045,2024-11-19,mentoring,present
STU0045,2024-12-10,lecture,late
STU0046,2023-08-24,lab,present
STU0046,2023-09-20,mentoring,absent
STU0046,2023-09-21,lecture,present
STU0046,2023-09-29,lab,absent
STU0046,2023-10-16,lab,present
STU0046,2023-11-09,lecture,absent
STU0046,2024-03-15,lecture,present
STU0046,2024-03-29,mentoring,present
STU0046,2024-04-11,lecture,present
STU0046,2024-05-03,lecture,present
STU0046,2024-05-07,mentoring,late
STU0046,2024-08-19,lab,present
STU0046,2024-09-11,lab,absent
STU0046,2024-10-08,lab,present
STU0046,2024-10-23,lab,present
STU0046,2024-11-05,lab,late
STU0046,2024-11-06,mentoring,present
STU0046,2024-11-29,lab,absent
STU0047,2024-03-25,lecture,present
STU0047,2024-04-10,mentoring,late
STU0047,2024-05-17,lecture,present
STU0047,2024-07-09,lecture,absent
STU0047,2024-07-17,mentoring,present
STU0047,2024-08-06,lab,present
STU0047,2024-08-08,lecture,absent
STU0047,2024-08-26,mentoring,present
STU0047,2024-09-13,mentoring,present
STU0047,2024-10-03,lecture,present
STU0047,2024-11-07,lab,present
STU0047,2024-12-10,mentoring,present
STU0047,2024-12-17,lecture,present
STU0048,2024-09-06,mentoring,present
STU0048,2024-10-14,lab,absent
STU0048,2024-10-29,mentoring,present
STU0048,2024-11-27,mentoring,present
STU0048,2024-12-04,lab,present
STU0048,2024-12-19,mentoring,present
STU0048,2024-12-20,lecture,present
STU0048,2024-12-30,lab,present
STU0048,2025-01-13,mentoring,present
STU0049,2023-01-31,mentoring,present
STU0049,2023-02-20,lab,present
STU0049,2023-02-22,mentoring,absent
STU0049,2023-03-16,lecture,absent
STU0049,2023-04-11,lecture,present
STU0049,2023-04-19,mentoring,late
STU0049,2023-04-26,mentoring,absent
STU0049,2023-05-04,mentoring,present
STU0049,2023-05-12,mentoring,present
STU0049,2023-05-29,lab,late
STU0049,2023-06-21,lecture,late
STU0049,2023-07-19,lab,absent
STU0049,2023-07-20,mentoring,present
STU0049,2023-07-31,mentoring,present
STU0049,2023-08-31,mentoring,present
STU0049,2023-09-08,lecture,present
STU0049,2023-09-26,lab,absent
STU0049,2023-10-27,lab,present
STU0049,2023-11-08,mentoring,present
STU0049,2023-11-15,lab,absent
STU0049,2023-12-22,lecture,present
STU0049,2023-12-27,mentoring,present
STU0049,2024-01-26,lab,present
STU0049,2024-02-14,lecture,late
STU0049,2024-02-29,lab,absent
STU0049,2024-03-06,lecture,present
STU0049,2024-03-18,lecture,absent
STU0049,2024-04-24,lecture,present
STU0049,2024-05-08,mentoring,present
STU0049,2024-05-13,lab,absent
STU0049,2024-05-15,lecture,absent
STU0049,2024-06-24,lab,present
STU0049,2024-07-24,lab,present
STU0049,2024-08-27,lab,present
STU0049,2024-08-30,lab,present
STU0049,2024-09-16,lab,late
STU0049,2024-09-27,lecture,late
STU0049,2024-10-24,lab,absent
STU0049,2024-11-20,lecture,late
STU0049,2024-11-27,lab,late
STU0049,2024-12-05,lecture,present
STU0050,2023-09-25,mentoring,present
STU0050,2023-10-06,lab,absent
STU0050,2023-10-24,lecture,absent
STU0050,2023-11-03,lab,late
STU0050,2023-11-29,lab,present
STU0050,2024-01-15,lab,present
STU0050,2024-02-02,lab,present
STU0050,2024-02-14,mentoring,present
STU0050,2024-03-05,lab,absent
STU0050,2024-03-20,mentoring,present
STU0050,2024-04-02,lecture,present
STU0050,2024-04-18,lab,present
STU0050,2024-05-08,mentoring,present
STU0050,2024-05-15,mentoring,absent
STU0050,2024-06-25,lab,present
STU0050,2024-07-12,lab,present
STU0050,2024-07-30,lab,late
STU0050,2024-08-07,lab,present
STU0050,2024-08-20,lab,present
STU0050,2024-09-11,lecture,late
STU0050,2024-09-26,lab,present
STU0050,2024-10-01,lecture,absent
STU0050,2024-10-22,lecture,present
STU0050,2024-11-14,mentoring,present
STU0050,2024-12-10,lab,present
STU0050,2024-12-25,mentoring,present
STU0051,2024-02-20,lab,late
STU0051,2024-03-06,lab,present
STU0051,2024-04-29,mentoring,present
STU0051,2024-05-17,mentoring,present
STU0051,2024-05-28,lab,present
STU0051,2024-06-06,lab,present
STU0051,2024-06-13,mentoring,present
STU0051,2024-06-14,lecture,late
STU0051,2024-07-04,lecture,present
STU0051,2024-07-18,lab,present
STU0051,2024-08-28,lab,present
STU0051,2024-09-03,mentoring,late
STU0051,2024-09-17,mentoring,present
STU0051,2024-10-14,mentoring,present
STU0051,2024-10-24,lab,late
STU0051,2024-10-29,lab,late
STU0051,2024-10-30,mentoring,present
STU0051,2024-11-04,mentoring,present
STU0051,2024-11-05,lecture,absent
STU0051,2024-11-13,lecture,present
STU0051,2024-11-22,mentoring,present
STU0051,2024-11-27,lab,present
STU0051,2025-01-08,lab,absent
STU0051,2025-01-15,lab,late
STU0052,2024-10-14,lecture,present
STU0052,2024-11-14,lecture,present
STU0052,2024-11-15,lab,present
STU0052,2024-11-27,lab,absent
STU0052,2024-11-29,mentoring,present
STU0052,2024-12-13,lecture,absent
STU0052,2024-12-16,lab,late
STU0052,2024-12-27,lecture,present
STU0052,2025-01-03,lecture,late
STU0052,2025-01-14,lecture,present
STU0053,2023-03-09,lab,late
STU0053,2023-03-24,mentoring,present
STU0053,2023-03-31,mentoring,present
STU0053,2023-04-14,lecture,present
STU0053,2023-04-27,mentoring,present
STU0053,2023-06-01,lecture,present
STU0053,2023-08-02,lab,present
STU0053,2023-09-07,lab,late
STU0053,2023-09-08,mentoring,absent
STU0053,2023-11-02,lecture,present
STU0053,2023-11-28,lab,present
STU0053,2024-01-22,lecture,present
STU0053,2024-01-26,lecture,present
STU0053,2024-02-07,lab,late
STU0053,2024-02-09,mentoring,present
STU0053,2024-03-15,lecture,present
STU0053,2024-03-21,lab,present
STU0053,2024-03-28,lecture,present
STU0053,2024-03-29,lab,present
STU0053,2024-04-05,lab,present
STU0053,2024-05-22,mentoring,late
STU0053,2024-05-28,lecture,late
STU0053,2024-07-25,mentoring,present
STU0053,2024-08-28,lab,late
STU0053,2024-09-11,lecture,late
STU0053,2024-09-18,lab,present
STU0053,2024-10-15,lab,present
STU0053,2024-12-04,lab,present
STU0053,2024-12-16,lecture,present
STU0053,2024-12-20,lecture,present
STU0053,2024-12-23,lab,present
STU0054,2023-08-25,lab,present
STU0054,2023-09-07,lab,absent
STU0054,2023-09-22,lecture,absent
STU0054,2023-09-27,lecture,present
STU0054,2023-10-10,lab,present
STU0054,2023-10-12,lecture,present
STU0054,2023-10-24,mentoring,present
STU0054,2023-10-25,lecture,present
STU0054,2023-11-22,lab,present
STU0054,2024-03-07,mentoring,present
STU0054,2024-04-23,lecture,present
STU0054,2024-06-21,mentoring,late
STU0054,2024-07-18,lecture,absent
STU0054,2024-08-27,lecture,absent
STU0054,2024-10-15,lab,present
STU0054,2024-10-24,lecture,present
STU0054,2024-11-22,lab,late
STU0054,2024-11-26,lecture,present
STU0054,2024-11-29,lecture,present
STU0054,2024-12-12,lab,present
STU0055,2024-03-04,mentoring,absent
STU0055,2024-03-06,lab,late
STU0055,2024-04-01,lecture,present
STU0055,2024-04-23,mentoring,late
STU0055,2024-04-29,lecture,present
STU0055,2024-06-03,lab,present
STU0055,2024-06-19,mentoring,present
STU0055,2024-06-25,lecture,present
STU0055,2024-08-12,mentoring,late
STU0055,2024-09-27,mentoring,absent
STU0055,2024-10-02,mentoring,present
STU0055,2024-12-12,lab,present
STU0055,2024-12-18,mentoring,present
STU0055,2024-12-31,lecture,present
STU0056,2024-09-05,mentoring,absent
STU0056,2024-09-11,lab,absent
STU0056,2024-09-26,mentoring,present
STU0056,2024-09-27,lecture,absent
STU0056,2024-10-02,mentoring,present
STU0056,2024-10-07,lab,present
STU0057,2023-03-13,mentoring,present
STU0057,2023-03-17,mentoring,present
STU0057,2023-03-27,lecture,present
STU0057,2023-03-31,mentoring,present
STU0057,2023-05-09,mentoring,absent
STU0057,2023-06-29,lab,present
STU0057,2023-07-03,lecture,present
STU0057,2023-07-13,lecture,present
STU0057,2023-08-03,mentoring,late
STU0057,2023-08-10,mentoring,present
STU0057,2023-09-07,mentoring,present
STU0057,2023-10-05,mentoring,late
STU0057,2023-11-02,lecture,present
STU0057,2023-12-25,lab,present
STU0057,2023-12-29,mentoring,absent
STU0057,2024-01-11,lecture,present
STU0057,2024-02-14,lecture,present
STU0057,2024-03-27,lecture,present
STU0057,2024-03-28,lab,late
STU0057,2024-04-03,lab,late
STU0057,2024-05-30,lab,present
STU0057,2024-05-31,mentoring,present
STU0057,2024-06-10,lecture,present
STU0057,2024-06-13,lab,present
STU0057,2024-06-17,mentoring,present
STU0057,2024-06-19,lab,late
STU0057,2024-07-03,mentoring,present
STU0057,2024-07-18,mentoring,present
STU0057,2024-08-12,lecture,present
STU0057,2024-08-27,mentoring,present
STU0057,2024-10-11,lecture,present
STU0057,2024-11-20,lab,present
STU0057,2025-01-02,mentoring,present
STU0058,2023-09-18,lecture,absent
STU0058,2023-09-20,mentoring,present
STU0058,2023-10-10,lab,absent
STU0058,2023-12-06,lecture,absent
STU0058,2023-12-28,mentoring,absent
STU0058,2024-01-02,mentoring,present
STU0058,2024-03-25,lecture,present
STU0058,2024-04-02,mentoring,present
STU0058,2024-04-19,mentoring,present
STU0058,2024-04-24,lab,present
STU0058,2024-04-26,lecture,present
STU0058,2024-05-20,lab,absent
STU0058,2024-06-25,lecture,present
STU0058,2024-07-25,lab,present
STU0058,2024-09-04,mentoring,present
STU0058,2024-10-16,mentoring,absent
STU0058,2024-10-31,mentoring,absent
STU0058,2024-11-25,lab,present
STU0058,2024-12-03,lecture,present
STU0058,2024-12-05,mentoring,present
STU0058,2024-12-11,mentoring,present
STU0058,2024-12-19,mentoring,present
STU0059,2024-03-15,lecture,present
STU0059,2024-03-21,lab,absent
STU0059,2024-04-22,mentoring,present
STU0059,2024-04-30,mentoring,present
STU0059,2024-05-01,lecture,present
STU0059,2024-05-21,lecture,present
STU0059,2024-07-18,lecture,present
STU0059,2024-09-02,mentoring,present
STU0059,2024-10-21,lecture,present
STU0059,2024-11-04,lab,present
STU0059,2024-11-13,mentoring,absent
STU0059,2024-11-22,lab,present
STU0059,2024-11-28,lab,present
STU0059,2024-12-19,lecture,present
STU0059,2024-12-24,mentoring,present
STU0059,2025-01-07,mentoring,present
STU0060,2024-09-19,lab,present
STU0060,2024-09-25,lab,present
STU0060,2024-10-30,lab,present
STU0060,2024-11-15,lab,present
STU0060,2024-12-11,lab,late
STU0060,2024-12-13,lecture,present
STU0061,2023-02-24,lecture,present
STU0061,2023-03-17,lecture,late
STU0061,2023-03-28,mentoring,present
STU0061,2023-04-05,lecture,present
STU0061,2023-04-20,lecture,present
STU0061,2023-05-02,lab,absent
STU0061,2023-05-08,mentoring,present
STU0061,2023-05-15,mentoring,absent
STU0061,2023-05-23,lab,present
STU0061,2023-07-14,lecture,present
STU0061,2023-07-24,mentoring,present
STU0061,2023-07-26,lab,absent
STU0061,2023-08-02,lab,absent
STU0061,2023-08-30,mentoring,present
STU0061,2023-09-01,lab,present
STU0061,2023-09-25,lecture,late
STU0061,2023-10-04,lab,late
STU0061,2023-10-20,lecture,present
STU0061,2023-10-25,mentoring,present
STU0061,2023-11-10,mentoring,late
STU0061,2023-11-30,mentoring,late
STU0061,2023-12-11,mentoring,present
STU0061,2023-12-13,lab,present
STU0061,2023-12-19,lecture,present
STU0061,2023-12-26,lecture,present
STU0061,2023-12-28,lab,present
STU0061,2024-01-09,mentoring,present
STU0061,2024-01-15,lab,late
STU0061,2024-01-17,lecture,present
STU0061,2024-02-12,lecture,present
STU0061,2024-04-02,lab,present
STU0061,2024-04-10,lab,present
STU0061,2024-05-29,mentoring,late
STU0061,2024-06-03,lecture,present
STU0061,2024-07-10,mentoring,present
STU0061,2024-07-22,lecture,present
STU0061,2024-08-07,lecture,present
STU0061,2024-09-18,lecture,present
STU0061,2024-09-25,lecture,late
STU0061,2024-09-27,lab,absent
STU0061,2024-10-28,lab,present
STU0061,2025-01-01,mentoring,present
STU0061,2025-01-14,lecture,present
STU0062,2023-09-22,mentoring,absent
STU0062,2023-11-01,lab,present
STU0062,2023-11-03,mentoring,absent
STU0062,2023-12-12,lab,present
STU0062,2023-12-21,lab,present
STU0062,2024-01-09,lecture,present
STU0062,2024-02-06,lab,present
STU0062,2024-02-13,mentoring,late
STU0062,2024-03-29,mentoring,present
STU0062,2024-04-11,mentoring,absent
STU0062,2024-05-10,lab,present
STU0062,2024-05-17,lab,late
STU0062,2024-05-20,mentoring,present
STU0062,2024-05-23,mentoring,present
STU0062,2024-06-03,lecture,present
STU0062,2024-06-12,lab,present
STU0062,2024-06-21,lab,present
STU0062,2024-08-09,lecture,present
STU0062,2024-09-10,lab,absent
STU0062,2024-09-25,mentoring,present
STU0062,2024-09-27,lecture,absent
STU0062,2024-10-02,lab,present
STU0062,2024-10-30,mentoring,present
STU0062,2024-11-14,lab,late
STU0062,2024-11-28,lab,present
STU0062,2024-12-06,lecture,absent
STU0063,2024-03-11,lecture,present
STU0063,2024-03-14,lab,present
STU0063,2024-03-27,mentoring,absent
STU0063,2024-04-04,lecture,present
STU0063,2024-04-15,mentoring,present
STU0063,2024-05-03,lab,present
STU0063,2024-08-07,mentoring,present
STU0063,2024-08-15,mentoring,late
STU0063,2024-08-16,lecture,present
STU0063,2024-10-04,mentoring,present
STU0063,2024-10-18,mentoring,present
STU0063,2024-11-21,lecture,late
STU0063,2024-11-28,lecture,late
STU0064,2024-08-16,mentoring,absent
STU0064,2024-09-05,mentoring,present
STU0064,2024-09-17,lab,absent
STU0064,2024-10-30,lab,present
STU0064,2024-11-05,mentoring,late
STU0064,2024-11-19,lab,present
STU0064,2024-12-06,mentoring,late
STU0064,2024-12-20,mentoring,present
STU0064,2024-12-24,lecture,present
STU0064,2025-01-07,lecture,absent
STU0065,2023-03-02,lecture,absent
STU0065,2023-03-21,lecture,present
STU0065,2023-04-13,lecture,present
STU0065,2023-06-05,lab,absent
STU0065,2023-06-08,lecture,present
STU0065,2023-07-07,mentoring,present
STU0065,2023-07-27,mentoring,late
STU0065,2023-07-28,lecture,present
STU0065,2023-08-08,lab,present
STU0065,2023-09-14,lab,present
STU0065,2023-09-28,lecture,present
STU0065,2023-10-04,lecture,absent
STU0065,2023-10-06,mentoring,present
STU0065,2024-01-11,lab,late
STU0065,2024-02-20,lecture,present
STU0065,2024-02-22,lab,present
STU0065,2024-03-04,lab,present
STU0065,2024-04-08,mentoring,present
STU0065,2024-04-24,lab,present
STU0065,2024-05-10,lab,late
STU0065,2024-05-16,lab,present
STU0065,2024-05-23,lab,absent
STU0065,2024-06-03,lecture,present
STU0065,2024-07-11,lecture,present
STU0065,2024-07-17,lab,present
STU0065,2024-08-30,lecture,present
STU0065,2024-09-10,lecture,present
STU0065,2024-09-13,lecture,present
STU0065,2024-10-09,lab,present
STU0065,2024-10-14,lab,present
STU0065,2024-10-30,mentoring,absent
STU0065,2024-12-02,lecture,late
STU0065,2024-12-17,lab,present
STU0065,2024-12-24,mentoring,present
STU0066,2023-08-29,mentoring,absent
STU0066,2023-10-20,mentoring,present
STU0066,2024-01-08,mentoring,present
STU0066,2024-02-02,lab,present
STU0066,2024-02-23,lecture,present
STU0066,2024-02-28,lab,present
STU0066,2024-03-21,lab,late
STU0066,2024-04-12,lecture,late
STU0066,2024-04-15,lab,absent
STU0066,2024-04-22,lab,absent
STU0066,2024-05-01,lecture,present
STU0066,2024-06-14,lecture,present
STU0066,2024-06-18,lab,present
STU0066,2024-07-01,mentoring,present
STU0066,2024-07-17,lab,present
STU0066,2024-07-25,lecture,present
STU0066,2024-08-06,lecture,present
STU0066,2024-08-12,lab,present
STU0066,2024-08-20,mentoring,present
STU0066,2024-09-12,lab,present
STU0066,2024-10-04,lab,late
STU0066,2024-10-30,lab,absent
STU0066,2024-11-01,lecture,present
STU0066,2024-12-11,lab,late
STU0067,2024-02-08,lab,present
STU0067,2024-02-15,lab,present
STU0067,2024-03-28,mentoring,present
STU0067,2024-04-10,lab,present
STU0067,2024-04-12,mentoring,absent
STU0067,2024-05-01,lecture,present
STU0067,2024-05-06,mentoring,present
STU0067,2024-05-08,lab,present
STU0067,2024-05-23,mentoring,present
STU0067,2024-07-18,lecture,present
STU0067,2024-08-29,lecture,absent
STU0067,2024-09-05,lecture,absent
STU0067,2024-09-26,mentoring,present
STU0067,2024-10-01,lab,present
STU0067,2024-10-07,mentoring,present
STU0067,2024-10-09,lecture,present
STU0067,2024-10-29,lab,present
STU0067,2024-11-25,mentoring,present
STU0067,2024-12-24,lecture,present
STU0067,2025-01-06,mentoring,present
STU0068,2024-07-17,lecture,present
STU0068,2024-09-26,mentoring,late
STU0068,2024-10-17,lab,absent
STU0068,2024-10-23,lab,absent
STU0068,2024-11-07,lecture,late
STU0068,2024-11-29,lab,present
STU0069,2023-02-01,lecture,present
STU0069,2023-02-07,lecture,present
STU0069,2023-02-20,lecture,present
STU0069,2023-02-24,mentoring,present
STU0069,2023-03-09,lecture,present
STU0069,2023-04-04,lab,absent
STU0069,2023-04-14,lab,present
STU0069,2023-05-05,mentoring,absent
STU0069,2023-05-10,lecture,present
STU0069,2023-07-26,mentoring,present
STU0069,2023-08-09,lecture,late
STU0069,2023-08-25,mentoring,present
STU0069,2023-09-12,mentoring,absent
STU0069,2023-09-27,lecture,late
STU0069,2023-10-02,lecture,present
STU0069,2023-11-09,lecture,late
STU0069,2023-11-10,lab,present
STU0069,2023-12-29,lab,late
STU0069,2024-01-04,mentoring,late
STU0069,2024-01-10,lab,present
STU0069,2024-02-19,lab,absent
STU0069,2024-02-20,mentoring,present
STU0069,2024-03-19,mentoring,late
STU0069,2024-04-01,mentoring,late
STU0069,2024-04-16,mentoring,present
STU0069,2024-04-22,mentoring,present
STU0069,2024-05-02,lab,present
STU0069,2024-05-17,lecture,present
STU0069,2024-06-21,lab,present
STU0069,2024-07-16,mentoring,late
STU0069,2024-08-16,mentoring,absent
STU0069,2024-08-27,mentoring,present
STU0069,2024-09-23,mentoring,absent
STU0069,2024-10-18,mentoring,present
STU0069,2024-11-12,lab,present
STU0069,2024-11-29,mentoring,present
STU0069,2024-12-11,lecture,present
STU0069,2024-12-13,mentoring,present
STU0069,2025-01-09,lab,absent
STU0070,2023-10-26,mentoring,present
STU0070,2023-11-22,lecture,present
STU0070,2024-01-17,lecture,late
STU0070,2024-02-01,mentoring,present
STU0070,2024-02-20,lecture,absent
STU0070,2024-03-06,mentoring,present
STU0070,2024-03-11,lab,present
STU0070,2024-03-21,lecture,present
STU0070,2024-04-15,lecture,present
STU0070,2024-04-26,lecture,absent
STU0070,2024-04-30,mentoring,late
STU0070,2024-07-05,mentoring,present
STU0070,2024-07-17,mentoring,present
STU0070,2024-08-09,lab,present
STU0070,2024-08-21,mentoring,present
STU0070,2024-11-01,mentoring,present
STU0070,2024-11-26,lecture,present
STU0070,2024-11-29,lab,absent
STU0070,2024-12-13,mentoring,absent
STU0070,2024-12-26,lecture,present
STU0070,2025-01-09,lab,present
STU0071,2024-02-26,lecture,present
STU0071,2024-03-05,lab,present
STU0071,2024-05-21,mentoring,present
STU0071,2024-06-24,lab,present
STU0071,2024-06-28,mentoring,present
STU0071,2024-07-08,lab,absent
STU0071,2024-07-22,lab,present
STU0071,2024-09-16,lab,late
STU0071,2024-10-18,lecture,late
STU0071,2024-12-06,mentoring,late
STU0071,2024-12-27,mentoring,present
STU0072,2024-08-22,lecture,present
STU0072,2024-09-13,lab,absent
STU0072,2024-09-30,mentoring,present
STU0072,2024-10-23,mentoring,present
STU0072,2024-11-05,lab,present
STU0072,2024-11-14,lecture,late
STU0072,2025-01-01,mentoring,present
STU0072,2025-01-14,lab,present
STU0073,2023-02-13,lab,present
STU0073,2023-02-16,mentoring,present
STU0073,2023-02-28,mentoring,present
STU0073,2023-03-10,lab,present
STU0073,2023-03-15,lecture,present
STU0073,2023-03-23,lab,present
STU0073,2023-04-25,mentoring,present
STU0073,2023-05-16,lecture,late
STU0073,2023-06-02,lecture,present
STU0073,2023-06-19,lab,present
STU0073,2023-06-23,lab,absent
STU0073,2023-06-29,lab,late
STU0073,2023-06-30,mentoring,late
STU0073,2023-09-18,lab,present
STU0073,2023-11-01,lab,late
STU0073,2023-12-06,lab,present
STU0073,2023-12-19,mentoring,present
STU0073,2024-01-10,mentoring,present
STU0073,2024-02-22,lab,absent
STU0073,2024-02-28,lecture,present
STU0073,2024-03-05,mentoring,present
STU0073,2024-03-07,lab,present
STU0073,2024-03-14,lab,late
STU0073,2024-04-02,mentoring,present
STU0073,2024-04-22,lab,present
STU0073,2024-05-15,lab,present
STU0073,2024-06-17,lecture,present
STU0073,2024-06-20,mentoring,present
STU0073,2024-07-03,mentoring,absent
STU0073,2024-07-05,lecture,present
STU0073,2024-07-30,lab,present
STU0073,2024-08-23,lab,present
STU0073,2024-10-15,lab,present
STU0073,2024-11-21,lab,absent
STU0073,2024-12-25,lab,present
STU0073,2024-12-26,mentoring,present
STU0074,2023-10-05,mentoring,present
STU0074,2023-10-12,mentoring,present
STU0074,2023-10-17,lab,present
STU0074,2023-10-19,mentoring,present
STU0074,2023-12-15,lecture,present
STU0074,2023-12-21,lecture,present
STU0074,2023-12-25,lab,present
STU0074,2024-01-03,mentoring,present
STU0074,2024-02-19,lecture,present
STU0074,2024-02-21,lab,present
STU0074,2024-03-05,mentoring,present
STU0074,2024-03-07,lab,present
STU0074,2024-04-11,lecture,absent
STU0074,2024-04-16,lecture,present
STU0074,2024-05-13,mentoring,present
STU0074,2024-06-07,lab,present
STU0074,2024-06-17,mentoring,present
STU0074,2024-06-26,lab,present
STU0074,2024-07-11,lab,late
STU0074,2024-07-24,lecture,absent
STU0074,2024-07-31,lab,absent
STU0074,2024-08-15,mentoring,present
STU0074,2024-08-28,lecture,late
STU0074,2024-10-25,lab,late
STU0074,2024-10-29,lecture,present
STU0074,2024-11-21,lab,present
STU0074,2024-11-25,lecture,present
STU0074,2024-12-13,mentoring,present
STU0074,2024-12-27,mentoring,present
STU0075,2024-07-17,lab,present
STU0075,2024-07-23,lab,present
STU0075,2024-08-15,lecture,present
STU0075,2024-09-06,lecture,present
STU0075,2024-09-10,mentoring,absent
STU0075,2024-09-24,mentoring,present
STU0075,2024-10-09,lecture,present
STU0075,2024-10-10,lab,present
STU0075,2024-10-18,mentoring,present
STU0075,2024-10-25,lab,present
STU0075,2024-11-25,mentoring,present
STU0075,2024-12-06,lab,present
STU0075,2024-12-26,lecture,late
STU0075,2024-12-27,lab,present
STU0075,2025-01-14,lecture,present
STU0076,2024-08-29,mentoring,late
STU0076,2024-09-17,lecture,present
STU0076,2024-09-24,mentoring,absent
STU0076,2024-10-24,lab,present
STU0076,2024-12-11,lecture,late
STU0076,2025-01-01,mentoring,present
STU0076,2025-01-08,lab,late
STU0077,2023-02-10,lecture,present
STU0077,2023-02-27,lecture,present
STU0077,2023-03-03,mentoring,absent
STU0077,2023-03-13,lab,present
STU0077,2023-03-15,lecture,present
STU0077,2023-05-22,lecture,present
STU0077,2023-06-07,lecture,present
STU0077,2023-08-10,mentoring,late
STU0077,2023-08-28,mentoring,present
STU0077,2023-09-22,lab,absent
STU0077,2023-10-12,mentoring,present
STU0077,2023-10-13,lecture,present
STU0077,2023-10-20,lecture,absent
STU0077,2023-11-03,lab,absent
STU0077,2023-11-28,lecture,present
STU0077,2023-11-29,lab,absent
STU0077,2023-12-13,mentoring,present
STU0077,2024-01-09,lecture,present
STU0077,2024-02-28,lecture,present
STU0077,2024-03-21,mentoring,late
STU0077,2024-04-15,lecture,present
STU0077,2024-05-02,mentoring,present
STU0077,2024-05-14,lab,present
STU0077,2024-05-23,lecture,present
STU0077,2024-07-24,lab,present
STU0077,2024-08-01,lecture,present
STU0077,2024-08-08,mentoring,present
STU0077,2024-08-21,lab,present
STU0077,2024-08-27,mentoring,absent
STU0077,2024-08-29,lecture,present
STU0077,2024-09-10,lecture,absent
STU0077,2024-10-14,mentoring,present
STU0077,2024-10-25,mentoring,present
STU0077,2024-10-28,lecture,present
STU0077,2024-11-19,lab,present
STU0077,2024-12-23,lab,present
STU0077,2024-12-31,lecture,present
STU0078,2023-10-13,mentoring,present
STU0078,2023-11-10,mentoring,absent
STU0078,2023-11-30,lab,absent
STU0078,2023-12-05,lab,present
STU0078,2023-12-11,lecture,present
STU0078,2023-12-18,lecture,absent
STU0078,2023-12-19,lab,present
STU0078,2023-12-21,mentoring,absent
STU0078,2024-01-25,lab,present
STU0078,2024-04-05,lecture,late
STU0078,2024-04-08,lab,late
STU0078,2024-04-09,mentoring,present
STU0078,2024-05-03,mentoring,late
STU0078,2024-06-07,lecture,present
STU0078,2024-06-12,mentoring,present
STU0078,2024-07-01,lab,present
STU0078,2024-09-03,lab,present
STU0078,2024-10-01,mentoring,present
STU0078,2024-10-11,lecture,present
STU0078,2024-10-22,lecture,late
STU0078,2024-10-28,lecture,absent
STU0078,2024-11-13,lecture,present
STU0078,2024-11-15,lab,present
STU0078,2024-11-25,lab,present
STU0078,2024-12-06,lecture,present
STU0078,2024-12-31,lecture,present
STU0078,2025-01-08,lab,present
STU0078,2025-01-13,lab,late
STU0079,2024-04-01,lab,late
STU0079,2024-04-04,lab,present
STU0079,2024-05-02,mentoring,absent
STU0079,2024-05-29,lecture,absent
STU0079,2024-07-22,lecture,present
STU0079,2024-07-23,lab,present
STU0079,2024-08-06,mentoring,present
STU0079,2024-11-01,mentoring,absent
STU0079,2024-11-08,lab,absent
STU0079,2024-11-13,lecture,late
STU0079,2024-12-30,lab,absent
STU0079,2025-01-01,mentoring,late
STU0079,2025-01-03,lab,present
STU0080,2024-08-28,lecture,present
STU0080,2024-09-02,lecture,present
STU0080,2024-09-04,lab,present
STU0080,2024-09-10,lab,present
STU0080,2024-10-08,lecture,late
STU0080,2024-10-11,mentoring,present
STU0080,2024-10-15,lab,absent
STU0080,2024-11-28,mentoring,present
STU0080,2024-12-04,lab,late
STU0080,2024-12-23,mentoring,present
STU0080,2024-12-25,lecture,present
STU0080,2024-12-30,lecture,late
STU0081,2023-03-02,mentoring,present
STU0081,2023-04-06,lecture,late
STU0081,2023-05-26,mentoring,present
STU0081,2023-06-30,lab,present
STU0081,2023-07-14,lab,present
STU0081,2023-08-17,mentoring,present
STU0081,2023-09-14,lecture,late
STU0081,2023-10-19,lecture,present
STU0081,2023-11-06,lecture,present
STU0081,2023-11-28,lab,absent
STU0081,2023-12-20,mentoring,present
STU0081,2024-01-17,mentoring,present
STU0081,2024-01-23,lab,present
STU0081,2024-02-09,lab,absent
STU0081,2024-03-08,lab,present
STU0081,2024-03-27,mentoring,present
STU0081,2024-04-02,mentoring,present
STU0081,2024-04-15,lecture,late
STU0081,2024-04-19,mentoring,late
STU0081,2024-07-11,mentoring,present
STU0081,2024-07-23,lab,late
STU0081,2024-09-09,mentoring,present
STU0081,2024-09-12,lab,present
STU0081,2024-09-13,mentoring,present
STU0081,2024-09-26,mentoring,present
STU0081,2024-10-04,mentoring,present
STU0081,2024-10-11,lecture,present
STU0081,2024-10-24,lab,present
STU0081,2024-10-28,lecture,present
STU0081,2024-12-06,lab,absent
STU0081,2025-01-08,lab,present
STU0081,2025-01-09,mentoring,present
STU0081,2025-01-15,lecture,present
STU0082,2023-08-29,lab,present
STU0082,2023-09-15,lab,absent
STU0082,2023-10-24,lecture,present
STU0082,2023-12-07,lab,late
STU0082,2023-12-29,mentoring,late
STU0082,2024-01-25,lab,present
STU0082,2024-02-09,lab,late
STU0082,2024-02-12,mentoring,present
STU0082,2024-02-13,lecture,present
STU0082,2024-02-14,lab,present
STU0082,2024-04-19,lab,present
STU0082,2024-05-23,lecture,late
STU0082,2024-06-06,mentoring,absent
STU0082,2024-08-12,lecture,absent
STU0082,2024-08-27,lab,absent
STU0082,2024-10-09,lecture,present
STU0082,2024-10-14,mentoring,late
STU0082,2024-10-24,lecture,present
STU0082,2024-11-21,lecture,present
STU0082,2024-12-06,lab,present
STU0082,2024-12-25,lab,present
STU0082,2025-01-10,lab,present
STU0083,2024-03-08,mentoring,present
STU0083,2024-03-14,lab,late
STU0083,2024-05-13,lab,present
STU0083,2024-05-30,lecture,present
STU0083,2024-06-10,mentoring,present
STU0083,2024-07-17,lab,present
STU0083,2024-07-18,mentoring,absent
STU0083,2024-08-09,lecture,absent
STU0083,2024-08-20,mentoring,late
STU0083,2024-09-05,lab,present
STU0083,2024-09-19,lab,present
STU0083,2024-09-24,lab,present
STU0083,2024-10-11,lab,present
STU0083,2024-11-20,lecture,present
STU0083,2024-11-26,lecture,present
STU0084,2024-09-03,lab,late
STU0084,2024-09-16,lab,present
STU0084,2024-09-25,lab,present
STU0084,2024-11-01,lecture,present
STU0084,2024-11-05,mentoring,present
STU0084,2024-11-28,lecture,present
STU0084,2024-12-05,mentoring,present
STU0084,2024-12-16,lecture,present
STU0084,2024-12-24,mentoring,present
STU0084,2024-12-30,lab,absent
STU0084,2024-12-31,mentoring,present
STU0084,2025-01-01,lecture,present
STU0084,2025-01-14,mentoring,present
STU0085,2023-03-16,lab,late
STU0085,2023-04-04,lab,present
STU0085,2023-04-06,lecture,present
STU0085,2023-05-18,lab,present
STU0085,2023-06-05,lab,present
STU0085,2023-06-23,mentoring,present
STU0085,2023-08-02,mentoring,late
STU0085,2023-08-21,lecture,late
STU0085,2023-10-13,lab,present
STU0085,2023-10-30,mentoring,present
STU0085,2023-11-07,lab,present
STU0085,2023-11-29,lecture,present
STU0085,2023-12-29,lab,present
STU0085,2024-01-10,lab,late
STU0085,2024-01-31,mentoring,absent
STU0085,2024-02-09,lecture,late
STU0085,2024-02-16,lecture,present
STU0085,2024-02-19,lab,present
STU0085,2024-02-27,lab,present
STU0085,2024-04-09,mentoring,present
STU0085,2024-04-12,mentoring,present
STU0085,2024-04-26,mentoring,late
STU0085,2024-05-20,lecture,present
STU0085,2024-06-10,lab,present
STU0085,2024-06-11,mentoring,present
STU0085,2024-06-19,mentoring,absent
STU0085,2024-07-01,lab,present
STU0085,2024-08-05,lab,present
STU0085,2024-08-28,lab,present
STU0085,2024-09-16,lecture,present
STU0085,2024-09-20,mentoring,present
STU0085,2024-09-25,lecture,present
STU0085,2024-11-07,lab,absent
STU0085,2024-12-09,lecture,absent
STU0085,2024-12-11,mentoring,present
STU0086,2023-09-01,mentoring,present
STU0086,2023-09-27,mentoring,late
STU0086,2023-10-25,mentoring,present
STU0086,2023-11-10,mentoring,late
STU0086,2023-12-04,mentoring,present
STU0086,2023-12-11,lecture,absent
STU0086,2023-12-15,mentoring,present
STU0086,2024-01-30,lab,present
STU0086,2024-02-27,lecture,present
STU0086,2024-03-06,lab,present
STU0086,2024-04-15,lecture,present
STU0086,2024-04-18,lab,absent
STU0086,2024-04-29,lab,present
STU0086,2024-05-27,lab,present
STU0086,2024-06-04,lab,present
STU0086,2024-08-06,mentoring,present
STU0086,2024-08-22,mentoring,present
STU0086,2024-08-27,mentoring,present
STU0086,2024-09-06,mentoring,late
STU0086,2024-09-09,lecture,late
STU0086,2024-09-10,lab,present
STU0086,2024-09-19,lecture,absent
STU0086,2024-09-25,mentoring,present
STU0086,2024-10-10,lab,present
STU0086,2024-10-21,lecture,absent
STU0086,2024-10-29,mentoring,present
STU0086,2024-11-26,lab,present
STU0086,2024-12-11,lecture,absent
STU0086,2024-12-17,mentoring,present
STU0086,2024-12-25,lecture,absent
STU0087,2024-02-09,lecture,present
STU0087,2024-02-26,lecture,late
STU0087,2024-03-28,mentoring,absent
STU0087,2024-04-11,lecture,present
STU0087,2024-04-23,lecture,late
STU0087,2024-04-26,lab,present
STU0087,2024-04-30,mentoring,present
STU0087,2024-05-30,lab,present
STU0087,2024-06-25,mentoring,present
STU0087,2024-07-12,lecture,present
STU0087,2024-07-23,mentoring,present
STU0087,2024-09-11,lab,present
STU0087,2024-09-23,mentoring,present
STU0087,2024-09-30,mentoring,late
STU0087,2025-01-06,mentoring,present
STU0088,2024-07-31,mentoring,absent
STU0088,2024-09-20,mentoring,present
STU0088,2024-10-25,mentoring,present
STU0088,2024-12-17,mentoring,present
STU0088,2024-12-25,lab,present
STU0088,2024-12-27,mentoring,present
STU0088,2025-01-03,lab,present
STU0089,2023-03-24,mentoring,late
STU0089,2023-03-30,mentoring,absent
STU0089,2023-04-04,lab,present
STU0089,2023-04-07,mentoring,present
STU0089,2023-05-09,mentoring,absent
STU0089,2023-06-08,lecture,present
STU0089,2023-06-16,lecture,present
STU0089,2023-07-20,mentoring,present
STU0089,2023-08-11,lecture,present
STU0089,2023-08-22,mentoring,absent
STU0089,2023-08-29,lecture,present
STU0089,2023-09-19,mentoring,present
STU0089,2023-09-26,lab,present
STU0089,2023-10-03,mentoring,late
STU0089,2023-10-04,lecture,absent
STU0089,2023-10-10,lecture,present
STU0089,2023-10-20,lab,present
STU0089,2023-11-02,lecture,present
STU0089,2023-11-09,lab,present
STU0089,2023-11-24,lecture,present
STU0089,2024-01-22,lecture,present
STU0089,2024-02-19,lab,present
STU0089,2024-02-20,mentoring,present
STU0089,2024-03-04,mentoring,present
STU0089,2024-04-12,lecture,absent
STU0089,2024-05-07,lab,present
STU0089,2024-05-28,lecture,present
STU0089,2024-06-17,lab,late
STU0089,2024-06-20,lecture,present
STU0089,2024-09-02,lab,present
STU0089,2024-09-09,lab,present
STU0089,2024-09-25,mentoring,present
STU0089,2024-09-27,lecture,present
STU0089,2024-11-04,lecture,absent
STU0089,2024-11-07,mentoring,absent
STU0089,2024-11-27,lab,late
STU0089,2024-12-19,lecture,present
STU0089,2024-12-20,lab,late
STU0089,2025-01-03,lab,absent
STU0090,2023-11-06,mentoring,late
STU0090,2023-11-13,lecture,present
STU0090,2023-11-23,lecture,present
STU0090,2023-11-30,lecture,present
STU0090,2023-12-13,lecture,present
STU0090,2023-12-25,mentoring,present
STU0090,2024-01-18,lecture,absent
STU0090,2024-02-20,lab,late
STU0090,2024-03-01,mentoring,present
STU0090,2024-03-18,lecture,present
STU0090,2024-03-28,mentoring,present
STU0090,2024-04-05,mentoring,late
STU0090,2024-04-09,lab,present
STU0090,2024-05-31,mentoring,present
STU0090,2024-06-17,mentoring,late
STU0090,2024-06-25,lecture,present
STU0090,2024-07-05,lab,present
STU0090,2024-07-26,lecture,absent
STU0090,2024-08-20,mentoring,present
STU0090,2024-08-26,lecture,present
STU0090,2024-08-30,lab,present
STU0090,2024-09-12,lab,late
STU0090,2024-09-18,mentoring,present
STU0090,2024-09-25,lab,late
STU0090,2024-10-17,lecture,present
STU0090,2024-11-15,lab,present
STU0090,2024-11-28,lab,present
STU0090,2024-12-06,lab,late
STU0090,2024-12-19,lecture,present
STU0090,2024-12-26,mentoring,absent
STU0091,2024-03-29,lab,present
STU0091,2024-04-02,mentoring,present
STU0091,2024-04-11,lab,absent
STU0091,2024-04-17,lecture,absent
STU0091,2024-06-13,lab,late
STU0091,2024-07-26,mentoring,present
STU0091,2024-08-06,lab,present
STU0091,2024-09-18,mentoring,present
STU0091,2024-11-28,lecture,present
STU0092,2024-08-20,lab,present
STU0092,2024-09-04,lab,present
STU0092,2024-09-06,mentoring,present
STU0092,2024-11-06,lecture,present
STU0092,2024-11-08,mentoring,absent
STU0092,2024-12-05,lecture,present
STU0092,2024-12-09,mentoring,present
STU0092,2024-12-17,lab,present
STU0092,2024-12-18,mentoring,present
STU0092,2025-01-02,lecture,present
STU0093,2023-02-08,lab,present
STU0093,2023-03-08,lecture,absent
STU0093,2023-03-09,lab,absent
STU0093,2023-03-20,mentoring,present
STU0093,2023-04-13,lab,absent
STU0093,2023-05-09,lab,present
STU0093,2023-05-29,mentoring,present
STU0093,2023-05-30,lecture,present
STU0093,2023-06-02,mentoring,present
STU0093,2023-06-27,lab,present
STU0093,2023-07-31,lecture,late
STU0093,2023-08-22,mentoring,late
STU0093,2023-09-01,lecture,late
STU0093,2023-09-08,mentoring,present
STU0093,2023-09-28,lab,late
STU0093,2023-10-02,lecture,present
STU0093,2023-10-03,lab,present
STU0093,2023-10-19,mentoring,present
STU0093,2023-11-16,lecture,present
STU0093,2023-11-27,lecture,present
STU0093,2024-01-22,lab,present
STU0093,2024-02-02,lab,absent
STU0093,2024-02-19,mentoring,late
STU0093,2024-03-05,lecture,absent
STU0093,2024-03-26,lab,present
STU0093,2024-04-12,mentoring,absent
STU0093,2024-04-19,mentoring,absent
STU0093,2024-04-25,lecture,present
STU0093,2024-05-07,lecture,present
STU0093,2024-05-24,mentoring,present
STU0093,2024-06-26,lecture,present
STU0093,2024-08-23,mentoring,absent
STU0093,2024-09-02,lecture,late
STU0093,2024-09-27,lab,absent
STU0093,2024-10-29,lecture,present
STU0093,2024-12-03,lab,present
STU0094,2023-09-19,mentoring,present
STU0094,2023-09-27,mentoring,present
STU0094,2023-10-13,lab,present
STU0094,2023-10-26,mentoring,present
STU0094,2023-11-01,mentoring,present
STU0094,2023-11-02,lecture,present
STU0094,2023-11-08,lecture,absent
STU0094,2024-01-25,mentoring,present
STU0094,2024-03-08,lab,present
STU0094,2024-04-03,mentoring,present
STU0094,2024-05-01,mentoring,late
STU0094,2024-05-17,mentoring,present
STU0094,2024-05-20,lecture,present
STU0094,2024-05-22,lab,present
STU0094,2024-06-13,lab,absent
STU0094,2024-07-11,lecture,absent
STU0094,2024-08-26,mentoring,present
STU0094,2024-09-20,lecture,late
STU0094,2024-10-31,lecture,present
STU0094,2024-12-30,mentoring,absent
STU0095,2024-01-23,lecture,late
STU0095,2024-02-07,lab,absent
STU0095,2024-02-20,mentoring,present
STU0095,2024-03-27,mentoring,present
STU0095,2024-04-05,lecture,absent
STU0095,2024-04-12,lecture,present
STU0095,2024-05-07,mentoring,present
STU0095,2024-05-09,lab,late
STU0095,2024-06-18,mentoring,present
STU0095,2024-07-04,mentoring,present
STU0095,2024-07-10,mentoring,present
STU0095,2024-08-27,mentoring,absent
STU0095,2024-11-15,lecture,present
STU0095,2024-11-18,lab,present
STU0095,2024-11-20,mentoring,present
STU0095,2024-11-29,lecture,absent
STU0095,2024-12-13,mentoring,absent
STU0095,2025-01-06,lab,present
STU0095,2025-01-07,mentoring,present
STU0096,2024-09-23,mentoring,present
STU0096,2024-09-25,lab,present
STU0096,2024-10-01,lab,present
STU0096,2024-10-15,lab,present
STU0096,2024-12-03,mentoring,late
STU0096,2024-12-16,lecture,late
STU0096,2024-12-24,lecture,absent
STU0097,2023-03-16,lecture,absent
STU0097,2023-06-23,lecture,present
STU0097,2023-07-04,lecture,late
STU0097,2023-07-07,mentoring,present
STU0097,2023-07-21,lab,present
STU0097,2023-08-03,mentoring,absent
STU0097,2023-08-24,lecture,present
STU0097,2023-09-07,mentoring,present
STU0097,2023-09-14,lab,present
STU0097,2023-11-09,lab,present
STU0097,2023-11-15,mentoring,present
STU0097,2023-11-22,lecture,present
STU0097,2023-12-07,lecture,present
STU0097,2024-01-08,mentoring,present
STU0097,2024-02-16,lab,present
STU0097,2024-03-04,mentoring,present
STU0097,2024-03-07,lecture,absent
STU0097,2024-03-12,mentoring,late
STU0097,2024-03-13,lecture,present
STU0097,2024-04-10,lecture,absent
STU0097,2024-06-12,lecture,present
STU0097,2024-06-18,mentoring,late
STU0097,2024-06-27,mentoring,present
STU0097,2024-07-09,lab,present
STU0097,2024-07-11,mentoring,present
STU0097,2024-07-22,lecture,present
STU0097,2024-07-23,lab,present
STU0097,2024-08-01,lecture,absent
STU0097,2024-08-20,mentoring,late
STU0097,2024-09-20,lab,absent
STU0097,2024-10-17,lecture,present
STU0097,2024-10-29,lab,present
STU0097,2024-10-30,mentoring,late
STU0097,2025-01-06,mentoring,absent
STU0097,2025-01-13,lab,present
STU0097,2025-01-14,mentoring,present
STU0098,2023-07-27,lecture,present
STU0098,2023-08-14,lab,absent
STU0098,2023-08-25,mentoring,present
STU0098,2023-09-01,lecture,present
STU0098,2023-09-22,mentoring,present
STU0098,2023-11-15,lab,present
STU0098,2023-12-12,mentoring,present
STU0098,2023-12-27,mentoring,absent
STU0098,2024-01-05,mentoring,late
STU0098,2024-01-18,lab,present
STU0098,2024-02-02,mentoring,present
STU0098,2024-02-23,lecture,absent
STU0098,2024-03-07,mentoring,present
STU0098,2024-03-08,lecture,present
STU0098,2024-04-12,lab,present
STU0098,2024-05-27,mentoring,present
STU0098,2024-05-29,lecture,late
STU0098,2024-06-05,lab,present
STU0098,2024-06-19,lecture,absent
STU0098,2024-07-18,lab,present
STU0098,2024-07-26,lecture,present
STU0098,2024-08-22,lab,present
STU0098,2024-10-01,lab,present
STU0098,2024-10-04,lecture,absent
STU0098,2024-10-08,mentoring,present
STU0098,2024-10-21,mentoring,present
STU0098,2024-11-20,lecture,absent
STU0098,2024-11-22,mentoring,present
STU0098,2024-12-10,mentoring,late
STU0098,2025-01-01,lecture,present
STU0099,2024-02-05,lecture,present
STU0099,2024-03-08,lecture,present
STU0099,2024-05-01,lecture,absent
STU0099,2024-05-17,mentoring,present
STU0099,2024-06-07,lecture,present
STU0099,2024-06-25,lab,late
STU0099,2024-07-03,lecture,present
STU0099,2024-07-18,lab,present
STU0099,2024-08-02,mentoring,present
STU0099,2024-08-08,mentoring,present
STU0099,2024-08-09,lecture,present
STU0099,2024-09-09,mentoring,present
STU0099,2024-09-17,mentoring,present
STU0099,2024-09-18,lecture,absent
STU0099,2024-09-23,mentoring,absent
STU0099,2024-09-25,lecture,present
STU0099,2024-10-10,lab,present
STU0099,2024-12-17,lab,present
STU0099,2025-01-09,mentoring,present
STU0099,2025-01-13,lab,absent
STU0100,2024-07-31,lecture,present
STU0100,2024-08-15,lab,present
STU0100,2024-09-02,mentoring,absent
STU0100,2024-10-21,mentoring,present
STU0100,2024-11-08,lab,present
STU0100,2024-12-16,mentoring,present
STU0100,2025-01-10,lab,present
STU0101,2023-03-07,lecture,late
STU0101,2023-04-10,lab,present
STU0101,2023-04-26,lab,absent
STU0101,2023-05-11,lab,absent
STU0101,2023-05-15,lecture,late
STU0101,2023-06-09,lecture,present
STU0101,2023-07-18,lab,late
STU0101,2023-07-25,lab,late
STU0101,2023-07-26,mentoring,late
STU0101,2023-08-15,lecture,present
STU0101,2023-09-01,lecture,present
STU0101,2023-09-04,lab,present
STU0101,2023-10-23,mentoring,present
STU0101,2023-10-31,mentoring,late
STU0101,2023-11-03,lab,present
STU0101,2023-11-10,mentoring,present
STU0101,2023-11-15,lab,present
STU0101,2023-12-15,mentoring,present
STU0101,2024-01-03,lecture,present
STU0101,2024-01-11,lecture,present
STU0101,2024-02-27,lecture,present
STU0101,2024-03-21,mentoring,present
STU0101,2024-03-22,lecture,present
STU0101,2024-03-27,lecture,late
STU0101,2024-04-11,lab,present
STU0101,2024-04-24,lecture,present
STU0101,2024-04-30,lecture,absent
STU0101,2024-05-10,lab,present
STU0101,2024-06-17,lecture,late
STU0101,2024-08-15,lecture,absent
STU0101,2024-08-26,lecture,present
STU0101,2024-09-10,mentoring,present
STU0101,2024-11-13,mentoring,present
STU0101,2024-11-22,mentoring,late
STU0101,2024-12-02,lab,late
STU0101,2024-12-06,lecture,late
STU0102,2023-08-10,lab,absent
STU0102,2023-08-18,mentoring,late
STU0102,2023-08-22,lab,late
STU0102,2023-09-04,lecture,late
STU0102,2023-09-20,lecture,present
STU0102,2023-10-23,lecture,absent
STU0102,2023-10-26,lecture,present
STU0102,2023-11-06,lecture,present
STU0102,2023-11-07,lab,present
STU0102,2023-11-28,lab,present
STU0102,2024-01-22,lab,absent
STU0102,2024-01-24,lecture,present
STU0102,2024-02-09,lab,present
STU0102,2024-02-12,mentoring,absent
STU0102,2024-03-18,mentoring,late
STU0102,2024-03-22,lab,present
STU0102,2024-04-10,lab,present
STU0102,2024-07-23,lecture,absent
STU0102,2024-07-30,mentoring,present
STU0102,2024-08-07,lecture,late
STU0102,2024-08-13,lab,late
STU0102,2024-08-28,mentoring,present
STU0102,2024-09-16,mentoring,present
STU0102,2024-10-17,lab,present
STU0102,2024-10-21,lecture,present
STU0102,2024-11-13,lab,present
STU0102,2024-11-21,lab,present
STU0102,2024-12-04,lab,present
STU0102,2024-12-05,mentoring,present
STU0102,2024-12-09,lab,present
STU0103,2024-02-19,lecture,absent
STU0103,2024-04-15,mentoring,present
STU0103,2024-04-25,lab,present
STU0103,2024-04-26,mentoring,present
STU0103,2024-06-20,lecture,present
STU0103,2024-07-18,mentoring,present
STU0103,2024-07-22,lab,present
STU0103,2024-07-23,mentoring,absent
STU0103,2024-09-10,mentoring,absent
STU0103,2024-09-20,lab,present
STU0103,2024-10-25,mentoring,present
STU0103,2024-10-31,mentoring,present
STU0103,2024-11-05,mentoring,absent
STU0103,2024-12-02,mentoring,present
STU0103,2025-01-09,lab,present
STU0104,2024-08-13,lecture,present
STU0104,2024-09-04,lecture,present
STU0104,2024-09-09,lecture,present
STU0104,2024-09-18,lecture,absent
STU0104,2024-10-10,lab,absent
STU0104,2025-01-13,mentoring,present
STU0105,2023-04-25,lab,present
STU0105,2023-05-26,lab,present
STU0105,2023-06-05,lab,absent
STU0105,2023-07-10,lab,present
STU0105,2023-07-18,lecture,absent
STU0105,2023-08-10,lab,present
STU0105,2023-08-30,lab,present
STU0105,2023-09-18,mentoring,present
STU0105,2023-10-31,lab,present
STU0105,2023-11-13,mentoring,present
STU0105,2023-11-21,lecture,present
STU0105,2024-01-16,lab,absent
STU0105,2024-01-26,lecture,present
STU0105,2024-04-11,lecture,present
STU0105,2024-05-07,lab,absent
STU0105,2024-05-30,mentoring,present
STU0105,2024-06-17,lab,late
STU0105,2024-07-02,lecture,present
STU0105,2024-07-16,mentoring,present
STU0105,2024-08-26,mentoring,present
STU0105,2024-10-09,lecture,absent
STU0105,2024-11-04,lecture,present
STU0105,2024-11-27,lecture,present
STU0105,2024-11-28,lab,late
STU0105,2024-12-18,lecture,present
STU0105,2025-01-13,lecture,present
STU0106,2023-09-27,mentoring,present
STU0106,2023-10-03,lecture,present
STU0106,2023-10-10,mentoring,present
STU0106,2023-10-11,lecture,present
STU0106,2023-11-08,mentoring,present
STU0106,2023-11-14,mentoring,present
STU0106,2023-11-30,lab,late
STU0106,2023-12-20,lab,absent
STU0106,2024-01-29,mentoring,present
STU0106,2024-02-13,lecture,present
STU0106,2024-02-20,mentoring,present
STU0106,2024-02-23,lecture,present
STU0106,2024-03-25,mentoring,late
STU0106,2024-03-27,lecture,present
STU0106,2024-06-24,mentoring,present
STU0106,2024-07-22,mentoring,present
STU0106,2024-08-30,lab,absent
STU0106,2024-09-17,mentoring,present
STU0106,2024-10-21,lab,present
STU0106,2024-11-04,lab,present
STU0106,2024-11-07,lab,present
STU0106,2024-11-18,mentoring,late
STU0106,2024-12-03,lab,absent
STU0106,2025-01-08,mentoring,late
STU0107,2024-02-15,lab,present
STU0107,2024-02-19,lecture,present
STU0107,2024-03-04,lab,present
STU0107,2024-03-19,lab,present
STU0107,2024-04-01,lab,present
STU0107,2024-05-01,lecture,present
STU0107,2024-06-03,mentoring,late
STU0107,2024-08-14,mentoring,present
STU0107,2024-08-29,lab,present
STU0107,2024-09-20,lecture,present
STU0107,2024-09-26,lecture,present
STU0107,2024-10-07,mentoring,absent
STU0107,2024-10-18,mentoring,absent
STU0107,2024-10-25,lecture,late
STU0107,2024-11-07,lecture,present
STU0107,2024-11-21,lab,absent
STU0107,2024-12-17,mentoring,absent
STU0107,2024-12-24,lecture,present
STU0107,2024-12-27,mentoring,absent
STU0107,2025-01-15,lecture,absent
STU0108,2024-08-19,lab,present
STU0108,2024-09-02,lecture,present
STU0108,2024-10-30,lab,present
STU0108,2024-11-08,lab,present
STU0108,2024-11-19,mentoring,present
STU0108,2024-11-29,lab,present
STU0108,2025-01-01,lab,late
STU0109,2023-03-27,lecture,present
STU0109,2023-05-15,lecture,present
STU0109,2023-06-07,mentoring,present
STU0109,2023-06-14,mentoring,present
STU0109,2023-06-21,lab,present
STU0109,2023-07-06,mentoring,present
STU0109,2023-07-18,lecture,absent
STU0109,2023-07-25,lab,present
STU0109,2023-07-26,mentoring,absent
STU0109,2023-08-02,mentoring,present
STU0109,2023-08-17,mentoring,present
STU0109,2023-09-15,lecture,absent
STU0109,2023-11-23,lecture,present
STU0109,2023-12-04,lecture,present
STU0109,2023-12-12,lecture,present
STU0109,2023-12-28,lab,present
STU0109,2024-01-22,lecture,late
STU0109,2024-02-09,lecture,late
STU0109,2024-03-25,lecture,late
STU0109,2024-04-11,lecture,present
STU0109,2024-05-03,lab,present
STU0109,2024-05-06,mentoring,present
STU0109,2024-05-15,lecture,present
STU0109,2024-05-27,mentoring,present
STU0109,2024-06-07,lecture,present
STU0109,2024-07-10,lecture,present
STU0109,2024-07-11,lab,present
STU0109,2024-07-26,mentoring,absent
STU0109,2024-08-02,lecture,present
STU0109,2024-08-09,lab,late
STU0109,2024-08-19,lecture,present
STU0109,2024-08-22,mentoring,present
STU0109,2024-08-29,lecture,present
STU0109,2024-10-21,lab,present
STU0109,2024-11-05,lab,absent
STU0109,2025-01-01,mentoring,present
STU0110,2023-08-04,lab,present
STU0110,2023-09-28,lecture,late
STU0110,2023-10-03,mentoring,present
STU0110,2023-11-02,mentoring,absent
STU0110,2023-12-11,lecture,present
STU0110,2023-12-29,mentoring,present
STU0110,2024-03-05,mentoring,absent
STU0110,2024-04-24,lecture,present
STU0110,2024-05-23,mentoring,late
STU0110,2024-06-06,lecture,absent
STU0110,2024-06-19,lab,present
STU0110,2024-07-12,lecture,late
STU0110,2024-07-23,lab,present
STU0110,2024-08-19,mentoring,absent
STU0110,2024-09-23,lecture,present
STU0110,2024-10-09,mentoring,present
STU0110,2024-10-21,lab,present
STU0110,2024-11-08,mentoring,absent
STU0110,2024-11-11,lecture,present
STU0110,2024-11-13,lab,present
STU0110,2024-11-27,mentoring,absent
STU0110,2024-11-28,lecture,present
STU0110,2024-12-03,lab,present
STU0110,2025-01-09,mentoring,present
STU0111,2024-03-26,mentoring,present
STU0111,2024-03-27,lecture,present
STU0111,2024-03-28,lab,present
STU0111,2024-04-11,lab,late
STU0111,2024-05-13,lecture,absent
STU0111,2024-06-04,mentoring,absent
STU0111,2024-06-11,lab,present
STU0111,2024-07-04,lab,absent
STU0111,2024-07-12,lab,late
STU0111,2024-07-24,lecture,present
STU0111,2024-08-30,lab,present
STU0111,2024-09-11,lecture,late
STU0111,2024-09-17,lecture,absent
STU0111,2024-09-27,mentoring,absent
STU0111,2024-11-12,lab,present
STU0111,2024-12-02,lecture,absent
STU0111,2024-12-11,lab,present
STU0112,2024-09-04,lab,present
STU0112,2024-09-13,lecture,present
STU0112,2024-10-07,lab,present
STU0112,2024-10-18,lab,absent
STU0112,2024-11-04,lab,present
STU0112,2024-11-11,lecture,absent
STU0112,2024-11-21,mentoring,present
STU0113,2023-02-20,lecture,present
STU0113,2023-02-22,mentoring,present
STU0113,2023-03-13,mentoring,present
STU0113,2023-03-27,mentoring,present
STU0113,2023-03-29,lab,present
STU0113,2023-04-17,lecture,present
STU0113,2023-06-07,lab,late
STU0113,2023-07-05,lecture,late
STU0113,2023-07-06,lab,present
STU0113,2023-07-24,mentoring,present
STU0113,2023-08-08,lab,absent
STU0113,2023-09-01,lab,present
STU0113,2023-09-15,lecture,present
STU0113,2023-10-13,mentoring,present
STU0113,2023-10-25,lecture,present
STU0113,2023-11-07,lab,present
STU0113,2023-12-13,mentoring,present
STU0113,2023-12-20,lab,absent
STU0113,2023-12-28,lab,present
STU0113,2024-01-29,lab,present
STU0113,2024-01-30,mentoring,absent
STU0113,2024-01-31,lecture,present
STU0113,2024-02-07,mentoring,absent
STU0113,2024-02-12,lab,present
STU0113,2024-03-11,lab,present
STU0113,2024-03-29,mentoring,present
STU0113,2024-04-12,mentoring,absent
STU0113,2024-05-08,lecture,present
STU0113,2024-05-21,mentoring,present
STU0113,2024-05-27,mentoring,late
STU0113,2024-07-05,mentoring,present
STU0113,2024-07-18,mentoring,present
STU0113,2024-08-01,lecture,present
STU0113,2024-08-12,lab,absent
STU0113,2024-08-13,mentoring,absent
STU0113,2024-08-14,lecture,present
STU0113,2024-09-18,lecture,absent
STU0113,2024-09-30,mentoring,present
STU0113,2024-10-07,mentoring,present
STU0113,2024-10-17,mentoring,present
STU0113,2024-10-29,lab,present
STU0113,2025-01-01,mentoring,present
STU0113,2025-01-09,lecture,present
STU0114,2023-08-02,lecture,present
STU0114,2023-08-07,lab,present
STU0114,2023-08-08,mentoring,absent
STU0114,2023-09-05,mentoring,late
STU0114,2023-10-13,mentoring,late
STU0114,2023-10-30,lecture,late
STU0114,2023-11-07,lecture,present
STU0114,2023-11-10,lab,present
STU0114,2023-11-14,mentoring,present
STU0114,2023-11-15,lecture,absent
STU0114,2023-11-29,lab,present
STU0114,2023-12-14,lab,present
STU0114,2023-12-26,lab,present
STU0114,2023-12-27,mentoring,present
STU0114,2024-01-02,mentoring,present
STU0114,2024-01-22,lab,present
STU0114,2024-01-29,mentoring,present
STU0114,2024-02-08,lab,present
STU0114,2024-03-29,lecture,present
STU0114,2024-04-05,lecture,absent
STU0114,2024-04-29,lab,present
STU0114,2024-05-13,mentoring,present
STU0114,2024-06-17,lecture,present
STU0114,2024-07-04,mentoring,absent
STU0114,2024-07-17,lab,present
STU0114,2024-07-24,mentoring,present
STU0114,2024-08-12,lab,late
STU0114,2024-08-30,lab,late
STU0114,2024-09-10,mentoring,present
STU0114,2024-10-11,lab,absent
STU0114,2024-11-05,lecture,present
STU0114,2024-11-14,lecture,present
STU0114,2024-11-20,mentoring,late
STU0114,2024-12-02,lab,present
STU0114,2024-12-06,lecture,absent
STU0114,2024-12-26,mentoring,present
STU0114,2025-01-13,mentoring,present
STU0114,2025-01-15,lecture,present
STU0115,2024-02-02,lecture,present
STU0115,2024-02-05,lab,present
STU0115,2024-02-20,lab,present
STU0115,2024-03-01,mentoring,present
STU0115,2024-03-05,lab,present
STU0115,2024-05-01,lab,present
STU0115,2024-06-13,mentoring,present
STU0115,2024-06-20,lecture,absent
STU0115,2024-06-25,lecture,present
STU0115,2024-07-03,lab,present
STU0115,2024-08-08,lab,present
STU0115,2024-09-16,mentoring,present
STU0115,2024-09-27,lab,late
STU0115,2024-10-23,lecture,present
STU0115,2024-10-30,lab,present
STU0115,2024-11-06,mentoring,late
STU0115,2024-11-13,mentoring,present
STU0115,2024-11-18,lab,absent
STU0115,2024-11-27,lecture,absent
STU0115,2024-12-13,lecture,present
STU0115,2025-01-06,mentoring,present
STU0116,2024-09-18,lecture,present
STU0116,2024-09-25,mentoring,late
STU0116,2024-09-30,lab,present
STU0116,2024-11-05,lecture,late
STU0116,2024-11-25,mentoring,present
STU0116,2024-12-05,lab,present
STU0116,2024-12-17,mentoring,present
STU0116,2025-01-02,lecture,late
STU0116,2025-01-03,lab,present
STU0116,2025-01-14,lecture,present
STU0117,2023-03-21,lab,present
STU0117,2023-04-26,lab,absent
STU0117,2023-05-05,lecture,absent
STU0117,2023-06-02,lecture,present
STU0117,2023-06-05,lab,present
STU0117,2023-06-12,lecture,present
STU0117,2023-07-28,mentoring,present
STU0117,2023-08-29,lecture,present
STU0117,2023-09-27,lab,absent
STU0117,2023-10-02,lab,present
STU0117,2023-10-17,mentoring,present
STU0117,2023-10-25,mentoring,absent
STU0117,2023-10-26,lecture,present
STU0117,2023-12-05,lecture,present
STU0117,2023-12-06,lab,late
STU0117,2024-02-29,lecture,present
STU0117,2024-03-08,lab,present
STU0117,2024-03-21,lecture,present
STU0117,2024-04-03,lecture,present
STU0117,2024-04-10,mentoring,present
STU0117,2024-04-25,lab,present
STU0117,2024-05-22,mentoring,present
STU0117,2024-06-12,lab,present
STU0117,2024-06-26,mentoring,absent
STU0117,2024-06-28,lecture,present
STU0117,2024-08-09,lecture,present
STU0117,2024-08-13,mentoring,absent
STU0117,2024-08-14,lecture,present
STU0117,2024-08-28,lab,present
STU0117,2024-09-03,lab,absent
STU0117,2024-10-16,lecture,present
STU0117,2024-11-19,mentoring,present
STU0117,2024-11-20,lecture,present
STU0117,2024-11-26,mentoring,present
STU0117,2024-12-04,lab,present
STU0117,2024-12-12,mentoring,present
STU0117,2024-12-18,mentoring,present
STU0117,2024-12-27,lab,present
STU0117,2025-01-03,lab,late
STU0117,2025-01-14,mentoring,present
STU0118,2023-08-17,lecture,absent
STU0118,2023-08-28,lecture,present
STU0118,2023-08-31,lecture,present
STU0118,2023-09-18,lecture,present
STU0118,2023-09-20,mentoring,present
STU0118,2023-10-30,lab,present
STU0118,2023-12-08,lecture,present
STU0118,2023-12-15,lecture,present
STU0118,2024-01-04,lab,present
STU0118,2024-01-08,mentoring,absent
STU0118,2024-02-13,lecture,absent
STU0118,2024-04-03,lab,present
STU0118,2024-04-08,lecture,absent
STU0118,2024-05-20,mentoring,present
STU0118,2024-06-06,lecture,present
STU0118,2024-06-20,lecture,present
STU0118,2024-08-09,lecture,present
STU0118,2024-08-20,mentoring,present
STU0118,2024-09-03,mentoring,absent
STU0118,2024-09-25,lecture,present
STU0118,2024-10-03,lab,present
STU0118,2024-10-16,mentoring,present
STU0118,2024-11-05,lecture,present
STU0118,2024-11-19,lab,present
STU0118,2024-12-23,mentoring,present
STU0119,2024-03-21,mentoring,present
STU0119,2024-03-22,lecture,present
STU0119,2024-04-19,lab,present
STU0119,2024-05-13,lecture,present
STU0119,2024-06-11,lecture,late
STU0119,2024-07-29,lecture,present
STU0119,2024-08-16,mentoring,present
STU0119,2024-08-27,lab,absent
STU0119,2024-08-29,lecture,present
STU0119,2024-09-16,mentoring,present
STU0119,2024-09-20,mentoring,present
STU0119,2024-09-23,lecture,present
STU0119,2024-09-25,mentoring,present
STU0119,2024-10-04,lecture,late
STU0119,2024-10-07,lab,present
STU0119,2024-10-30,lab,late
STU0119,2024-11-01,mentoring,present
STU0119,2024-11-04,lecture,present
STU0119,2024-11-06,mentoring,present
STU0119,2024-11-12,mentoring,absent
STU0119,2024-11-15,mentoring,present
STU0119,2024-11-22,lecture,present
STU0119,2024-12-04,lecture,present
STU0119,2024-12-19,lecture,late
STU0120,2024-08-07,lab,present
STU0120,2024-09-06,lab,absent
STU0120,2024-09-12,mentoring,present
STU0120,2024-10-03,mentoring,present
STU0120,2024-12-05,lab,present
STU0121,2023-03-13,lab,present
STU0121,2023-03-15,lecture,late
STU0121,2023-03-17,mentoring,present
STU0121,2023-05-16,lab,present
STU0121,2023-06-20,lab,present
STU0121,2023-07-13,mentoring,late
STU0121,2023-08-23,lab,present
STU0121,2023-08-29,mentoring,present
STU0121,2023-10-12,lab,present
STU0121,2023-10-24,lab,present
STU0121,2023-10-27,lab,present
STU0121,2023-10-30,mentoring,present
STU0121,2023-11-16,mentoring,present
STU0121,2023-12-07,lab,present
STU0121,2024-01-03,lecture,present
STU0121,2024-01-05,mentoring,absent
STU0121,2024-01-08,lecture,absent
STU0121,2024-01-19,mentoring,absent
STU0121,2024-04-15,lab,present
STU0121,2024-04-29,lab,present
STU0121,2024-05-22,lab,absent
STU0121,2024-05-30,lab,present
STU0121,2024-07-15,lab,late
STU0121,2024-08-13,mentoring,present
STU0121,2024-08-22,lecture,absent
STU0121,2024-09-30,lab,absent
STU0121,2024-11-26,mentoring,present
STU0121,2024-11-29,lab,absent
STU0121,2024-12-11,lab,present
STU0122,2023-09-04,lecture,present
STU0122,2023-09-14,lab,present
STU0122,2023-09-18,mentoring,present
STU0122,2023-10-05,mentoring,present
STU0122,2023-10-16,mentoring,present
STU0122,2023-11-02,mentoring,present
STU0122,2023-11-14,mentoring,late
STU0122,2023-11-29,mentoring,late
STU0122,2023-12-08,lab,present
STU0122,2023-12-19,lab,present
STU0122,2023-12-27,lecture,late
STU0122,2024-01-12,mentoring,present
STU0122,2024-03-28,lab,present
STU0122,2024-04-12,lab,absent
STU0122,2024-04-26,mentoring,present
STU0122,2024-05-09,mentoring,present
STU0122,2024-05-30,lab,present
STU0122,2024-06-27,lab,present
STU0122,2024-07-26,lecture,present
STU0122,2024-07-29,lab,absent
STU0122,2024-08-15,lab,present
STU0122,2024-09-10,lab,late
STU0122,2024-11-08,lecture,present
STU0123,2024-02-14,mentoring,present
STU0123,2024-03-08,mentoring,present
STU0123,2024-04-22,lab,present
STU0123,2024-05-21,lab,absent
STU0123,2024-05-24,lab,absent
STU0123,2024-06-05,lecture,late
STU0123,2024-06-07,lab,present
STU0123,2024-06-28,lecture,present
STU0123,2024-07-29,lab,present
STU0123,2024-08-01,lecture,late
STU0123,2024-09-19,lab,present
STU0123,2024-10-09,lecture,present
STU0123,2024-10-10,lab,present
STU0123,2024-10-15,lab,present
STU0123,2024-11-22,lecture,absent
STU0123,2024-12-23,lab,present
STU0123,2025-01-07,mentoring,present
STU0123,2025-01-10,lecture,absent
STU0124,2024-09-25,mentoring,late
STU0124,2024-10-02,lab,present
STU0124,2024-10-15,lab,present
STU0124,2024-10-17,mentoring,present
STU0124,2024-10-24,mentoring,present
STU0124,2024-11-13,lecture,present
STU0124,2024-12-06,lab,present
STU0124,2025-01-09,mentoring,present
STU0124,2025-01-13,lecture,present
STU0125,2023-02-24,lab,present
STU0125,2023-03-06,lab,absent
STU0125,2023-03-07,mentoring,present
STU0125,2023-03-17,mentoring,present
STU0125,2023-03-22,mentoring,present
STU0125,2023-04-12,lab,present
STU0125,2023-05-05,lecture,present
STU0125,2023-06-01,mentoring,present
STU0125,2023-06-05,lab,late
STU0125,2023-06-08,lecture,present
STU0125,2023-07-14,lecture,absent
STU0125,2023-07-20,lab,late
STU0125,2023-09-19,mentoring,late
STU0125,2023-09-22,lab,present
STU0125,2023-10-12,lab,present
STU0125,2023-10-13,mentoring,present
STU0125,2023-11-29,lecture,absent
STU0125,2023-12-11,mentoring,absent
STU0125,2023-12-27,lab,present
STU0125,2024-01-04,lecture,late
STU0125,2024-01-11,lecture,present
STU0125,2024-01-18,lab,present
STU0125,2024-01-23,lecture,present
STU0125,2024-03-14,mentoring,present
STU0125,2024-04-23,lab,present
STU0125,2024-04-29,lecture,present
STU0125,2024-06-11,mentoring,late
STU0125,2024-06-13,lab,present
STU0125,2024-06-21,mentoring,present
STU0125,2024-07-15,lab,absent
STU0125,2024-07-22,lab,absent
STU0125,2024-09-03,lecture,present
STU0125,2024-09-16,lecture,present
STU0125,2024-09-19,mentoring,present
STU0125,2024-10-11,lab,present
STU0125,2024-10-14,mentoring,late
STU0125,2024-11-14,mentoring,absent
STU0126,2023-07-17,lecture,present
STU0126,2023-07-19,mentoring,present
STU0126,2023-08-15,mentoring,late
STU0126,2023-09-04,mentoring,present
STU0126,2023-09-08,lab,late
STU0126,2023-09-14,lab,present
STU0126,2023-10-13,lecture,present
STU0126,2023-10-19,lecture,present
STU0126,2023-11-27,lab,late
STU0126,2023-12-15,mentoring,present
STU0126,2024-01-03,mentoring,absent
STU0126,2024-01-16,mentoring,present
STU0126,2024-02-20,lab,late
STU0126,2024-02-26,lecture,absent
STU0126,2024-03-05,mentoring,late
STU0126,2024-03-14,lab,present
STU0126,2024-03-25,lecture,present
STU0126,2024-03-28,mentoring,present
STU0126,2024-03-29,lecture,late
STU0126,2024-04-23,lab,late
STU0126,2024-05-13,lecture,present
STU0126,2024-06-24,mentoring,present
STU0126,2024-07-19,lab,present
STU0126,2024-07-23,mentoring,absent
STU0126,2024-07-31,lecture,present
STU0126,2024-08-19,lecture,present
STU0126,2024-08-21,lab,present
STU0126,2024-09-06,mentoring,late
STU0126,2024-09-17,lab,present
STU0126,2024-10-30,lab,present
STU0126,2024-11-18,mentoring,absent
STU0127,2024-02-19,lecture,present
STU0127,2024-02-23,lecture,present
STU0127,2024-03-01,lecture,present
STU0127,2024-03-18,lab,present
STU0127,2024-03-22,mentoring,late
STU0127,2024-04-08,lecture,present
STU0127,2024-04-18,lab,present
STU0127,2024-04-24,mentoring,present
STU0127,2024-05-07,lab,present
STU0127,2024-07-02,lecture,present
STU0127,2024-07-03,lab,present
STU0127,2024-07-18,lab,present
STU0127,2024-07-24,mentoring,present
STU0127,2024-09-10,lab,late
STU0127,2024-11-06,mentoring,late
STU0128,2024-08-13,lecture,absent
STU0128,2024-08-26,lab,present
STU0128,2024-08-27,mentoring,present
STU0128,2024-09-25,lab,absent
STU0128,2024-10-28,lab,present
STU0128,2024-10-30,lecture,present
STU0128,2024-10-31,lab,present
STU0128,2024-11-05,mentoring,present
STU0129,2023-02-24,mentoring,late
STU0129,2023-03-30,lab,present
STU0129,2023-04-21,mentoring,present
STU0129,2023-05-05,lecture,present
STU0129,2023-05-18,lab,present
STU0129,2023-05-25,lecture,present
STU0129,2023-06-09,lecture,present
STU0129,2023-06-26,lecture,present
STU0129,2023-06-28,mentoring,present
STU0129,2023-07-04,mentoring,absent
STU0129,2023-07-12,lecture,absent
STU0129,2023-08-11,lab,present
STU0129,2023-08-30,mentoring,absent
STU0129,2023-08-31,lecture,present
STU0129,2023-10-18,lecture,late
STU0129,2023-10-19,lab,present
STU0129,2023-12-18,lecture,present
STU0129,2023-12-21,mentoring,late
STU0129,2024-02-14,mentoring,absent
STU0129,2024-03-04,mentoring,present
STU0129,2024-03-14,mentoring,late
STU0129,2024-04-10,mentoring,absent
STU0129,2024-04-23,lecture,absent
STU0129,2024-04-30,lecture,present
STU0129,2024-05-20,mentoring,absent
STU0129,2024-06-06,lecture,present
STU0129,2024-06-13,mentoring,present
STU0129,2024-06-17,lecture,present
STU0129,2024-07-05,mentoring,present
STU0129,2024-08-13,mentoring,absent
STU0129,2024-08-23,lab,absent
STU0129,2024-08-26,mentoring,present
STU0129,2024-08-30,lecture,present
STU0129,2024-11-19,lab,present
STU0129,2024-11-27,mentoring,late
STU0129,2024-12-04,lecture,present
STU0129,2024-12-06,lab,present
STU0129,2024-12-10,mentoring,present
STU0129,2024-12-13,mentoring,present
STU0130,2023-09-26,lab,present
STU0130,2023-09-28,mentoring,late
STU0130,2023-10-26,lecture,present
STU0130,2023-11-01,mentoring,present
STU0130,2023-11-10,lab,late
STU0130,2023-12-27,lecture,absent
STU0130,2024-02-01,lab,present
STU0130,2024-02-15,lab,present
STU0130,2024-02-28,lecture,present
STU0130,2024-03-07,lab,present
STU0130,2024-04-26,mentoring,late
STU0130,2024-05-01,mentoring,present
STU0130,2024-05-09,mentoring,present
STU0130,2024-05-30,mentoring,present
STU0130,2024-06-12,mentoring,absent
STU0130,2024-06-19,lab,present
STU0130,2024-07-22,mentoring,present
STU0130,2024-08-16,lab,absent
STU0130,2024-08-29,lab,present
STU0130,2024-09-10,mentoring,present
STU0130,2024-09-30,lab,present
STU0130,2024-10-04,lab,present
STU0130,2024-11-28,mentoring,present
STU0130,2024-12-12,lecture,late
STU0130,2024-12-20,mentoring,present
STU0130,2024-12-24,lecture,present
STU0130,2025-01-08,lecture,present
STU0131,2024-04-24,lab,late
STU0131,2024-04-29,lecture,late
STU0131,2024-07-04,lab,present
STU0131,2024-07-30,lecture,present
STU0131,2024-07-31,lab,absent
STU0131,2024-08-14,lab,present
STU0131,2024-08-28,lab,present
STU0131,2024-09-06,lab,present
STU0131,2024-10-04,lab,present
STU0131,2024-11-27,lab,present
STU0131,2024-12-05,lab,late
STU0131,2024-12-06,mentoring,present
STU0131,2024-12-17,lab,absent
STU0131,2025-01-15,lecture,present
STU0132,2024-09-19,lecture,present
STU0132,2024-09-26,lab,late
STU0132,2024-10-23,mentoring,present
STU0132,2024-10-30,lab,present
STU0132,2024-10-31,mentoring,present
STU0132,2024-11-21,mentoring,absent
STU0132,2025-01-10,mentoring,present
STU0133,2023-02-21,lab,absent
STU0133,2023-02-23,mentoring,present
STU0133,2023-03-03,lab,present
STU0133,2023-04-14,lecture,absent
STU0133,2023-05-11,lab,present
STU0133,2023-05-30,lab,present
STU0133,2023-06-08,lab,present
STU0133,2023-06-15,lecture,absent
STU0133,2023-07-18,lecture,absent
STU0133,2023-07-19,lab,present
STU0133,2023-07-25,lab,present
STU0133,2023-08-09,mentoring,present
STU0133,2023-10-19,lab,late
STU0133,2023-10-20,mentoring,late
STU0133,2023-10-24,lecture,absent
STU0133,2023-11-22,mentoring,absent
STU0133,2023-11-29,lecture,present
STU0133,2023-11-30,lab,absent
STU0133,2023-12-21,lecture,late
STU0133,2024-01-05,lab,present
STU0133,2024-01-26,lab,absent
STU0133,2024-02-05,lecture,absent
STU0133,2024-02-16,lab,present
STU0133,2024-03-11,lab,present
STU0133,2024-03-20,mentoring,late
STU0133,2024-03-21,lecture,absent
STU0133,2024-03-27,mentoring,present
STU0133,2024-05-08,lecture,absent
STU0133,2024-06-12,mentoring,present
STU0133,2024-07-17,mentoring,late
STU0133,2024-09-26,lab,absent
STU0133,2024-10-01,lecture,present
STU0133,2024-10-15,lab,present
STU0133,2024-10-18,lab,present
STU0133,2024-10-28,lecture,present
STU0133,2024-12-13,mentoring,present
STU0133,2025-01-07,mentoring,present
STU0134,2023-08-21,lecture,present
STU0134,2023-08-23,lab,present
STU0134,2023-09-29,lecture,present
STU0134,2023-11-29,lab,present
STU0134,2023-12-21,lab,present
STU0134,2023-12-27,lecture,present
STU0134,2024-01-04,mentoring,late
STU0134,2024-02-05,mentoring,present
STU0134,2024-02-28,lecture,present
STU0134,2024-03-25,lab,present
STU0134,2024-05-08,lecture,present
STU0134,2024-05-24,lab,present
STU0134,2024-06-27,mentoring,late
STU0134,2024-07-15,lecture,present
STU0134,2024-09-12,mentoring,absent
STU0134,2024-10-08,lab,present
STU0134,2024-10-30,mentoring,present
STU0134,2024-11-26,mentoring,present
STU0134,2024-12-17,mentoring,present
STU0134,2024-12-18,lecture,absent
STU0134,2024-12-24,lab,present
STU0134,2025-01-06,lecture,present
STU0134,2025-01-10,mentoring,present
STU0135,2024-02-28,mentoring,present
STU0135,2024-05-16,lecture,absent
STU0135,2024-05-23,mentoring,present
STU0135,2024-08-09,lab,present
STU0135,2024-08-13,lecture,absent
STU0135,2024-08-15,mentoring,absent
STU0135,2024-08-27,lecture,absent
STU0135,2024-09-02,lab,present
STU0135,2024-09-04,lecture,present
STU0135,2024-09-12,lab,present
STU0135,2024-09-20,lecture,absent
STU0135,2024-09-25,mentoring,present
STU0135,2024-10-03,lab,present
STU0135,2024-10-11,lab,late
STU0135,2024-11-06,lecture,present
STU0135,2024-11-19,lab,present
STU0135,2024-12-26,lab,present
STU0136,2024-08-01,lecture,late
STU0136,2024-08-13,lecture,present
STU0136,2024-09-02,mentoring,present
STU0136,2024-09-18,lab,present
STU0136,2024-10-16,lab,present
STU0136,2024-12-24,lecture,present
STU0137,2023-03-02,lecture,present
STU0137,2023-03-09,lecture,present
STU0137,2023-03-21,lecture,absent
STU0137,2023-03-30,lab,present
STU0137,2023-05-08,lab,present
STU0137,2023-05-18,lecture,present
STU0137,2023-05-26,lecture,absent
STU0137,2023-06-15,lab,present
STU0137,2023-06-21,lecture,present
STU0137,2023-07-31,mentoring,present
STU0137,2023-08-04,lecture,present
STU0137,2023-09-13,mentoring,late
STU0137,2023-09-29,lecture,present
STU0137,2023-10-02,lab,absent
STU0137,2023-11-24,lecture,present
STU0137,2023-11-27,lab,absent
STU0137,2023-12-05,mentoring,present
STU0137,2023-12-22,lab,present
STU0137,2024-01-01,mentoring,present
STU0137,2024-01-08,lecture,present
STU0137,2024-02-05,lecture,present
STU0137,2024-03-13,mentoring,present
STU0137,2024-03-14,lecture,present
STU0137,2024-03-27,lab,present
STU0137,2024-04-02,lecture,present
STU0137,2024-04-30,mentoring,present
STU0137,2024-05-07,mentoring,present
STU0137,2024-05-10,lab,present
STU0137,2024-05-13,mentoring,absent
STU0137,2024-05-17,mentoring,present
STU0137,2024-05-29,lab,present
STU0137,2024-06-14,mentoring,present
STU0137,2024-07-04,lecture,present
STU0137,2024-07-09,mentoring,present
STU0137,2024-07-12,lab,present
STU0137,2024-07-18,lecture,absent
STU0137,2024-08-08,mentoring,present
STU0137,2024-11-07,lab,absent
STU0137,2024-11-28,lecture,present
STU0137,2024-12-02,lab,late
STU0137,2024-12-19,lecture,present
STU0137,2025-01-08,lecture,absent
STU0138,2023-09-26,lecture,present
STU0138,2023-10-06,lecture,present
STU0138,2023-11-14,lecture,present
STU0138,2023-11-17,mentoring,present
STU0138,2023-11-30,mentoring,present
STU0138,2024-01-02,lab,present
STU0138,2024-01-10,lecture,present
STU0138,2024-01-11,lab,absent
STU0138,2024-02-01,lecture,present
STU0138,2024-02-07,mentoring,present
STU0138,2024-03-27,mentoring,absent
STU0138,2024-04-02,lecture,present
STU0138,2024-04-03,lab,present
STU0138,2024-04-29,lecture,present
STU0138,2024-06-20,lab,present
STU0138,2024-07-03,lecture,present
STU0138,2024-07-05,lab,present
STU0138,2024-07-10,lecture,present
STU0138,2024-07-16,lecture,absent
STU0138,2024-07-26,lab,absent
STU0138,2024-08-23,lecture,present
STU0138,2024-09-24,lecture,present
STU0138,2024-10-08,mentoring,late
STU0138,2025-01-01,lab,present
STU0138,2025-01-02,mentoring,present
STU0138,2025-01-06,lab,present
STU0138,2025-01-10,lecture,late
STU0139,2024-02-23,mentoring,present
STU0139,2024-02-26,lecture,present
STU0139,2024-03-21,lecture,absent
STU0139,2024-03-27,lecture,present
STU0139,2024-03-28,lab,present
STU0139,2024-04-17,lab,present
STU0139,2024-04-26,lab,present
STU0139,2024-05-02,mentoring,present
STU0139,2024-05-08,lecture,late
STU0139,2024-05-14,lab,present
STU0139,2024-05-20,lecture,late
STU0139,2024-06-14,lecture,absent
STU0139,2024-06-17,lab,late
STU0139,2024-06-26,lab,present
STU0139,2024-10-02,mentoring,present
STU0139,2024-12-13,lecture,late
STU0139,2025-01-10,mentoring,absent
STU0140,2024-08-05,mentoring,present
STU0140,2024-09-10,lecture,present
STU0140,2024-09-18,lab,present
STU0140,2024-10-11,lab,present
STU0140,2024-10-25,mentoring,present
STU0140,2024-11-11,lecture,present
STU0140,2024-11-12,lab,present
STU0140,2024-11-21,lecture,late
STU0140,2024-12-09,lecture,present
STU0140,2024-12-10,lab,late
STU0140,2024-12-13,lecture,present
STU0140,2024-12-20,lab,present
STU0140,2024-12-26,lecture,present
STU0140,2025-01-01,lecture,present
STU0140,2025-01-02,lab,present
STU0141,2023-02-15,lab,late
STU0141,2023-03-02,lecture,present
STU0141,2023-03-17,lecture,present
STU0141,2023-03-23,mentoring,present
STU0141,2023-04-27,lecture,present
STU0141,2023-05-10,lab,present
STU0141,2023-07-20,lecture,late
STU0141,2023-08-21,lab,present
STU0141,2023-08-28,mentoring,present
STU0141,2023-09-13,lecture,present
STU0141,2023-10-03,lecture,present
STU0141,2023-10-04,lab,present
STU0141,2023-10-10,lecture,late
STU0141,2023-10-24,lab,present
STU0141,2023-12-08,mentoring,late
STU0141,2024-01-04,lecture,absent
STU0141,2024-01-16,mentoring,present
STU0141,2024-01-23,lecture,present
STU0141,2024-01-29,lab,present
STU0141,2024-01-30,mentoring,present
STU0141,2024-02-02,lecture,present
STU0141,2024-02-12,lecture,present
STU0141,2024-02-16,lecture,absent
STU0141,2024-04-11,lecture,present
STU0141,2024-04-18,lecture,late
STU0141,2024-05-17,mentoring,present
STU0141,2024-06-03,lab,present
STU0141,2024-07-02,lab,absent
STU0141,2024-07-05,lab,present
STU0141,2024-10-14,lecture,present
STU0141,2024-10-16,lab,present
STU0141,2024-10-28,mentoring,late
STU0141,2024-11-01,lab,present
STU0141,2024-11-11,lab,present
STU0141,2024-11-22,lab,late
STU0141,2025-01-01,lecture,present
STU0141,2025-01-10,mentoring,late
STU0141,2025-01-13,lecture,present
STU0141,2025-01-14,lab,present
STU0142,2023-09-07,lecture,present
STU0142,2023-10-06,lab,present
STU0142,2023-10-19,lecture,present
STU0142,2023-11-28,lab,present
STU0142,2024-01-03,lecture,absent
STU0142,2024-01-24,lecture,present
STU0142,2024-04-01,mentoring,present
STU0142,2024-04-11,lecture,present
STU0142,2024-05-30,mentoring,late
STU0142,2024-07-02,lecture,present
STU0142,2024-07-15,lecture,late
STU0142,2024-07-17,mentoring,present
STU0142,2024-07-30,lecture,absent
STU0142,2024-09-13,lecture,late
STU0142,2024-10-03,mentoring,present
STU0142,2024-11-20,lab,late
STU0142,2024-11-28,lecture,absent
STU0142,2024-12-02,lab,late
STU0142,2025-01-03,mentoring,present
STU0142,2025-01-15,lecture,present
STU0143,2024-03-01,lecture,late
STU0143,2024-03-14,lecture,present
STU0143,2024-03-19,mentoring,present
STU0143,2024-04-18,lab,present
STU0143,2024-04-24,lab,present
STU0143,2024-05-08,mentoring,present
STU0143,2024-05-17,mentoring,absent
STU0143,2024-05-24,mentoring,present
STU0143,2024-06-10,lab,present
STU0143,2024-06-24,mentoring,present
STU0143,2024-07-12,lab,absent
STU0143,2024-07-15,mentoring,present
STU0143,2024-07-24,lab,present
STU0143,2024-09-12,mentoring,late
STU0143,2024-09-19,mentoring,present
STU0143,2024-10-30,lecture,present
STU0143,2024-10-31,lab,present
STU0143,2024-11-01,mentoring,late
STU0143,2024-11-20,lecture,absent
STU0144,2024-09-02,lecture,absent
STU0144,2024-09-19,lab,present
STU0144,2024-10-04,lecture,present
STU0144,2024-10-16,lab,present
STU0144,2024-11-22,lecture,absent
STU0144,2024-11-25,lab,absent
STU0144,2025-01-10,lecture,present
STU0145,2023-02-03,lab,present
STU0145,2023-02-09,lecture,present
STU0145,2023-02-16,lecture,present
STU0145,2023-02-20,lab,present
STU0145,2023-03-31,lab,present
STU0145,2023-05-01,lab,absent
STU0145,2023-05-03,lecture,present
STU0145,2023-05-31,lecture,present
STU0145,2023-06-12,lecture,present
STU0145,2023-06-21,lecture,absent
STU0145,2023-06-29,mentoring,absent
STU0145,2023-07-04,lab,present
STU0145,2023-07-11,lab,present
STU0145,2023-08-08,lab,late
STU0145,2023-09-18,lab,present
STU0145,2023-09-28,mentoring,present
STU0145,2023-10-25,mentoring,present
STU0145,2023-11-07,lecture,present
STU0145,2023-12-06,lecture,present
STU0145,2023-12-11,mentoring,present
STU0145,2023-12-14,lab,present
STU0145,2023-12-15,mentoring,present
STU0145,2023-12-25,lecture,present
STU0145,2023-12-27,mentoring,present
STU0145,2024-01-09,lab,absent
STU0145,2024-02-14,lecture,present
STU0145,2024-04-30,lab,late
STU0145,2024-06-12,mentoring,late
STU0145,2024-06-19,lecture,present
STU0145,2024-07-02,lab,present
STU0145,2024-07-22,mentoring,late
STU0145,2024-09-10,mentoring,present
STU0145,2024-10-09,mentoring,present
STU0145,2024-10-22,lab,present
STU0145,2024-12-04,lab,late
STU0145,2024-12-16,lab,present
STU0145,2025-01-02,lecture,present
STU0146,2023-08-29,lab,present
STU0146,2023-09-13,lab,present
STU0146,2023-09-20,lecture,present
STU0146,2023-10-11,lecture,late
STU0146,2023-10-12,lab,absent
STU0146,2023-10-27,lecture,absent
STU0146,2023-11-16,lecture,present
STU0146,2023-12-12,lecture,late
STU0146,2023-12-25,lab,present
STU0146,2024-01-10,lab,absent
STU0146,2024-02-12,mentoring,present
STU0146,2024-02-23,lab,present
STU0146,2024-03-15,mentoring,present
STU0146,2024-04-04,mentoring,present
STU0146,2024-04-10,lecture,present
STU0146,2024-05-08,mentoring,late
STU0146,2024-05-22,lecture,present
STU0146,2024-05-23,lab,absent
STU0146,2024-06-04,mentoring,present
STU0146,2024-07-04,mentoring,present
STU0146,2024-07-22,lecture,late
STU0146,2024-07-29,lab,late
STU0146,2024-08-16,lab,late
STU0146,2024-08-23,lab,present
STU0146,2024-09-12,mentoring,present
STU0146,2024-09-25,lecture,present
STU0146,2024-09-27,mentoring,present
STU0146,2024-10-01,lecture,present
STU0146,2024-10-11,lab,present
STU0146,2024-10-25,lab,absent
STU0146,2024-10-31,lecture,present
STU0146,2024-11-19,lab,present
STU0146,2024-11-21,lecture,absent
STU0146,2024-11-26,lab,present
STU0146,2024-11-27,mentoring,absent
STU0146,2024-12-05,lecture,present
STU0146,2025-01-10,mentoring,present
STU0147,2024-03-15,lecture,present
STU0147,2024-04-04,mentoring,present
STU0147,2024-04-08,lecture,present
STU0147,2024-05-07,mentoring,late
STU0147,2024-05-15,lecture,present
STU0147,2024-05-17,mentoring,absent
STU0147,2024-05-20,lecture,present
STU0147,2024-05-24,lecture,present
STU0147,2024-06-07,lab,present
STU0147,2024-06-12,lab,late
STU0147,2024-06-21,lecture,present
STU0147,2024-07-15,mentoring,late
STU0147,2024-08-21,lab,present
STU0147,2024-09-04,mentoring,present
STU0147,2024-09-13,mentoring,present
STU0147,2024-12-20,lecture,late
STU0148,2024-09-10,lecture,present
STU0148,2024-10-14,lecture,absent
STU0148,2024-10-16,mentoring,present
STU0148,2024-10-28,lab,present
STU0148,2024-11-06,lab,late
STU0148,2024-12-06,lecture,absent
STU0148,2024-12-17,lecture,present
STU0148,2024-12-27,mentoring,late
STU0148,2025-01-01,mentoring,present
STU0148,2025-01-08,lecture,present
STU0149,2023-01-25,lecture,present
STU0149,2023-01-26,lab,present
STU0149,2023-03-15,lecture,present
STU0149,2023-04-10,lab,late
STU0149,2023-04-13,lab,present
STU0149,2023-04-17,lecture,late
STU0149,2023-04-21,lab,absent
STU0149,2023-05-09,lecture,present
STU0149,2023-06-07,lecture,late
STU0149,2023-06-16,mentoring,present
STU0149,2023-08-02,mentoring,late
STU0149,2023-08-18,mentoring,present
STU0149,2023-10-02,mentoring,present
STU0149,2023-11-03,lab,present
STU0149,2023-11-06,mentoring,present
STU0149,2023-11-22,lecture,present
STU0149,2024-01-19,lab,present
STU0149,2024-02-12,lecture,present
STU0149,2024-02-14,lab,present
STU0149,2024-02-20,lab,absent
STU0149,2024-03-04,lecture,absent
STU0149,2024-04-22,lecture,present
STU0149,2024-05-03,mentoring,late
STU0149,2024-05-16,lab,present
STU0149,2024-07-25,mentoring,present
STU0149,2024-08-05,mentoring,present
STU0149,2024-08-27,lab,present
STU0149,2024-08-28,mentoring,present
STU0149,2024-09-09,mentoring,present
STU0149,2024-11-01,lecture,present
STU0149,2024-11-06,mentoring,present
STU0149,2024-11-15,lab,present
STU0149,2024-11-18,mentoring,present
STU0149,2024-11-20,lecture,absent
STU0149,2024-12-17,lab,present
STU0149,2024-12-23,lab,present
STU0150,2023-10-04,lecture,present
STU0150,2023-11-09,mentoring,present
STU0150,2023-11-28,lab,present
STU0150,2023-11-29,mentoring,present
STU0150,2023-12-14,lab,present
STU0150,2024-01-17,lecture,present
STU0150,2024-02-05,lecture,late
STU0150,2024-03-12,lab,present
STU0150,2024-03-22,lecture,late
STU0150,2024-04-04,mentoring,present
STU0150,2024-04-09,mentoring,late
STU0150,2024-05-23,lab,present
STU0150,2024-07-12,mentoring,late
STU0150,2024-07-30,mentoring,present
STU0150,2024-09-03,lecture,present
STU0150,2024-09-10,lecture,present
STU0150,2024-10-21,lab,present
STU0150,2024-11-08,lecture,present
STU0150,2024-11-28,mentoring,absent
STU0151,2024-02-19,lecture,present
STU0151,2024-03-01,lab,absent
STU0151,2024-03-14,lecture,absent
STU0151,2024-03-18,mentoring,late
STU0151,2024-04-29,lab,absent
STU0151,2024-04-30,mentoring,present
STU0151,2024-05-15,lab,present
STU0151,2024-06-10,mentoring,late
STU0151,2024-06-20,mentoring,present
STU0151,2024-06-25,lab,present
STU0151,2024-07-12,mentoring,absent
STU0151,2024-07-22,lab,present
STU0151,2024-07-24,lecture,present
STU0151,2024-09-18,mentoring,present
STU0151,2024-10-14,lab,present
STU0151,2024-11-13,lab,present
STU0151,2024-11-19,lecture,present
STU0152,2024-10-10,mentoring,absent
STU0152,2024-10-17,lecture,present
STU0152,2024-12-10,lecture,present
STU0152,2024-12-20,lab,late
STU0152,2024-12-23,mentoring,present
STU0153,2023-03-30,lecture,present
STU0153,2023-04-07,lab,present
STU0153,2023-05-01,lab,present
STU0153,2023-05-17,mentoring,present
STU0153,2023-05-29,lab,present
STU0153,2023-06-19,lab,present
STU0153,2023-06-27,lab,present
STU0153,2023-06-30,lecture,absent
STU0153,2023-07-07,mentoring,present
STU0153,2023-07-17,mentoring,present
STU0153,2023-08-02,mentoring,present
STU0153,2023-08-23,lecture,absent
STU0153,2023-09-04,lab,present
STU0153,2023-10-10,mentoring,present
STU0153,2023-10-26,mentoring,present
STU0153,2023-11-07,lecture,late
STU0153,2023-11-15,mentoring,late
STU0153,2023-12-06,lab,present
STU0153,2023-12-27,lecture,late
STU0153,2024-01-05,mentoring,late
STU0153,2024-02-16,lab,present
STU0153,2024-02-23,lab,present
STU0153,2024-03-21,mentoring,present
STU0153,2024-03-29,mentoring,absent
STU0153,2024-04-17,mentoring,present
STU0153,2024-04-30,mentoring,late
STU0153,2024-05-13,lecture,present
STU0153,2024-05-24,lab,present
STU0153,2024-06-12,lecture,late
STU0153,2024-06-13,lab,present
STU0153,2024-06-17,mentoring,present
STU0153,2024-06-19,lab,late
STU0153,2024-09-06,lecture,present
STU0153,2024-09-25,lecture,present
STU0153,2024-12-10,lab,present
STU0153,2024-12-31,mentoring,absent
STU0153,2025-01-03,mentoring,present
STU0154,2023-08-11,mentoring,present
STU0154,2023-09-01,mentoring,present
STU0154,2023-10-18,lecture,present
STU0154,2023-10-23,lab,present
STU0154,2023-10-31,mentoring,late
STU0154,2023-11-03,lecture,absent
STU0154,2023-11-07,mentoring,late
STU0154,2023-11-20,mentoring,present
STU0154,2023-12-29,mentoring,present
STU0154,2024-01-08,lab,present
STU0154,2024-01-16,lab,present
STU0154,2024-02-16,lab,present
STU0154,2024-03-01,mentoring,present
STU0154,2024-03-04,lecture,present
STU0154,2024-03-08,mentoring,present
STU0154,2024-03-11,lecture,present
STU0154,2024-03-13,mentoring,present
STU0154,2024-03-22,lab,present
STU0154,2024-03-29,mentoring,present
STU0154,2024-04-08,lab,present
STU0154,2024-04-17,mentoring,present
STU0154,2024-04-19,lecture,late
STU0154,2024-04-22,lab,present
STU0154,2024-06-14,lecture,present
STU0154,2024-06-19,lecture,present
STU0154,2024-07-10,mentoring,present
STU0154,2024-08-29,mentoring,present
STU0154,2024-09-26,mentoring,present
STU0154,2024-10-02,mentoring,present
STU0154,2024-10-18,mentoring,present
STU0154,2024-11-28,mentoring,present
STU0154,2024-12-05,mentoring,late
STU0155,2024-02-05,lecture,late
STU0155,2024-02-19,mentoring,absent
STU0155,2024-03-19,lecture,absent
STU0155,2024-04-22,lecture,present
STU0155,2024-04-26,mentoring,present
STU0155,2024-05-17,lab,present
STU0155,2024-06-19,lecture,absent
STU0155,2024-07-18,lab,absent
STU0155,2024-08-09,mentoring,present
STU0155,2024-10-21,lab,absent
STU0155,2024-11-20,lecture,present
STU0155,2024-11-28,mentoring,present
STU0155,2024-12-10,mentoring,present
STU0155,2024-12-11,lecture,present
STU0155,2024-12-24,mentoring,absent
STU0155,2024-12-30,lab,present
STU0156,2024-09-03,mentoring,late
STU0156,2024-10-24,mentoring,absent
STU0156,2024-11-01,mentoring,absent
STU0156,2024-11-11,lab,absent
STU0156,2024-11-12,mentoring,present
STU0156,2024-12-18,mentoring,present
STU0157,2023-03-16,lab,late
STU0157,2023-05-16,lab,late
STU0157,2023-05-31,lab,absent
STU0157,2023-06-16,lab,present
STU0157,2023-07-05,mentoring,present
STU0157,2023-08-04,lab,late
STU0157,2023-08-09,lab,absent
STU0157,2023-08-10,mentoring,absent
STU0157,2023-08-15,lab,present
STU0157,2023-09-25,mentoring,present
STU0157,2023-10-02,lab,late
STU0157,2023-10-13,lecture,present
STU0157,2023-11-21,mentoring,present
STU0157,2023-12-06,lab,present
STU0157,2024-01-12,mentoring,absent
STU0157,2024-01-15,lecture,present
STU0157,2024-01-24,lab,late
STU0157,2024-01-30,mentoring,absent
STU0157,2024-02-12,mentoring,present
STU0157,2024-03-07,lecture,present
STU0157,2024-03-08,lab,present
STU0157,2024-03-19,lecture,present
STU0157,2024-03-22,lecture,present
STU0157,2024-04-04,lecture,present
STU0157,2024-04-05,lab,absent
STU0157,2024-05-02,mentoring,absent
STU0157,2024-05-21,mentoring,present
STU0157,2024-06-25,lecture,present
STU0157,2024-07-17,mentoring,present
STU0157,2024-07-18,lecture,late
STU0157,2024-08-06,lab,present
STU0157,2024-09-09,lecture,absent
STU0157,2024-10-18,mentoring,present
STU0157,2024-11-01,lab,present
STU0157,2024-11-29,mentoring,present
STU0157,2024-12-05,lab,late
STU0157,2024-12-09,lecture,present
STU0157,2024-12-25,lab,present
STU0157,2024-12-27,lecture,present
STU0157,2025-01-01,lab,late
STU0158,2023-08-28,lecture,late
STU0158,2023-10-10,lab,present
STU0158,2023-10-12,lecture,present
STU0158,2023-10-30,lecture,present
STU0158,2023-12-18,lecture,present
STU0158,2023-12-25,lecture,present
STU0158,2024-01-19,mentoring,present
STU0158,2024-01-30,lecture,present
STU0158,2024-02-07,lab,present
STU0158,2024-02-09,lecture,present
STU0158,2024-04-04,mentoring,present
STU0158,2024-04-26,mentoring,present
STU0158,2024-04-29,lecture,present
STU0158,2024-04-30,lab,present
STU0158,2024-05-14,lab,present
STU0158,2024-06-19,mentoring,present
STU0158,2024-07-04,mentoring,present
STU0158,2024-07-08,lecture,present
STU0158,2024-07-24,lab,present
STU0158,2024-10-10,lecture,present
STU0158,2024-10-15,lecture,present
STU0158,2024-11-07,mentoring,present
STU0158,2024-11-22,lecture,absent
STU0158,2024-12-04,lab,present
STU0158,2024-12-25,lecture,present
STU0159,2024-04-01,mentoring,present
STU0159,2024-04-12,mentoring,present
STU0159,2024-05-31,lecture,present
STU0159,2024-06-10,mentoring,late
STU0159,2024-06-12,lab,present
STU0159,2024-07-05,lecture,present
STU0159,2024-07-29,mentoring,absent
STU0159,2024-09-30,lab,present
STU0159,2024-10-09,lecture,present
STU0159,2024-10-10,lab,late
STU0159,2024-10-21,lecture,present
STU0159,2024-11-07,lab,present
STU0159,2024-11-28,lecture,late
STU0159,2024-12-31,mentoring,present
STU0159,2025-01-08,lab,present
STU0159,2025-01-09,mentoring,present
STU0160,2024-09-09,lecture,absent
STU0160,2024-09-23,mentoring,late
STU0160,2024-09-24,lecture,present
STU0160,2024-10-01,lecture,present
STU0160,2024-10-16,mentoring,present
STU0160,2024-11-15,mentoring,present
STU0160,2024-11-27,mentoring,present
STU0161,2023-03-22,lab,present
STU0161,2023-04-17,lab,absent
STU0161,2023-04-24,lecture,late
STU0161,2023-04-27,lecture,present
STU0161,2023-07-10,lecture,absent
STU0161,2023-08-02,lab,present
STU0161,2023-08-18,mentoring,present
STU0161,2023-09-05,lab,absent
STU0161,2023-09-11,lab,present
STU0161,2023-09-21,lecture,present
STU0161,2023-09-29,lecture,present
STU0161,2023-11-13,lab,present
STU0161,2023-11-16,mentoring,present
STU0161,2023-12-05,lecture,present
STU0161,2023-12-27,lecture,absent
STU0161,2024-01-08,lab,present
STU0161,2024-01-24,lab,late
STU0161,2024-02-13,lecture,late
STU0161,2024-02-23,lecture,absent
STU0161,2024-03-05,mentoring,present
STU0161,2024-03-11,mentoring,present
STU0161,2024-04-05,lab,present
STU0161,2024-04-16,mentoring,present
STU0161,2024-05-14,mentoring,present
STU0161,2024-05-16,lecture,present
STU0161,2024-06-03,mentoring,present
STU0161,2024-06-28,lecture,present
STU0161,2024-07-08,lab,present
STU0161,2024-07-16,lecture,present
STU0161,2024-07-22,lab,present
STU0161,2024-07-24,mentoring,present
STU0161,2024-08-16,mentoring,present
STU0161,2024-08-30,mentoring,present
STU0161,2024-09-02,lecture,late
STU0161,2024-09-05,lab,present
STU0161,2024-09-24,lab,present
STU0161,2024-11-13,lab,late
STU0161,2024-12-02,lab,absent
STU0161,2025-01-15,lab,present
STU0162,2023-09-04,lab,present
STU0162,2023-09-13,lab,absent
STU0162,2023-09-21,lab,present
STU0162,2023-10-03,lecture,late
STU0162,2023-10-20,lab,late
STU0162,2023-11-22,lab,present
STU0162,2023-12-05,mentoring,present
STU0162,2023-12-12,lab,present
STU0162,2023-12-14,lecture,late
STU0162,2024-01-16,lab,absent
STU0162,2024-02-26,lab,present
STU0162,2024-03-07,lab,present
STU0162,2024-03-22,mentoring,late
STU0162,2024-04-01,lab,present
STU0162,2024-04-16,mentoring,present
STU0162,2024-04-29,lecture,late
STU0162,2024-06-04,lecture,present
STU0162,2024-06-06,mentoring,present
STU0162,2024-07-19,lab,present
STU0162,2024-08-09,lab,present
STU0162,2024-08-26,lecture,present
STU0162,2024-10-16,mentoring,present
STU0162,2024-10-18,lab,present
STU0162,2024-10-23,mentoring,absent
STU0162,2024-12-03,mentoring,absent
STU0162,2024-12-04,lecture,present
STU0162,2025-01-01,lecture,present
STU0162,2025-01-07,lecture,present
STU0163,2024-02-27,lab,present
STU0163,2024-04-09,lecture,present
STU0163,2024-04-19,mentoring,present
STU0163,2024-05-03,lecture,present
STU0163,2024-05-07,mentoring,present
STU0163,2024-07-02,mentoring,late
STU0163,2024-08-01,mentoring,absent
STU0163,2024-08-19,lab,late
STU0163,2024-08-20,mentoring,present
STU0163,2024-10-14,mentoring,present
STU0163,2024-11-01,lab,absent
STU0163,2024-12-24,lecture,present
STU0164,2024-08-23,lab,absent
STU0164,2024-09-02,lab,present
STU0164,2024-10-10,mentoring,present
STU0164,2024-10-16,lecture,present
STU0164,2024-10-22,mentoring,present
STU0164,2024-11-01,lecture,present
STU0164,2024-11-04,lab,present
STU0164,2024-11-06,mentoring,late
STU0164,2024-11-07,lecture,present
STU0164,2024-11-21,lab,present
STU0165,2023-02-28,lecture,present
STU0165,2023-03-09,lecture,present
STU0165,2023-03-24,lecture,absent
STU0165,2023-03-28,mentoring,absent
STU0165,2023-04-26,mentoring,present
STU0165,2023-05-02,mentoring,absent
STU0165,2023-05-03,lecture,present
STU0165,2023-05-11,lab,present
STU0165,2023-06-01,lab,present
STU0165,2023-06-13,lab,present
STU0165,2023-06-22,lab,absent
STU0165,2023-06-28,lecture,present
STU0165,2023-07-07,mentoring,late
STU0165,2023-09-22,lecture,present
STU0165,2023-09-29,mentoring,absent
STU0165,2023-11-01,lecture,present
STU0165,2023-11-02,lab,present
STU0165,2023-11-17,lecture,absent
STU0165,2023-11-21,lab,present
STU0165,2023-12-04,lecture,present
STU0165,2023-12-21,mentoring,present
STU0165,2024-01-05,mentoring,late
STU0165,2024-01-15,mentoring,present
STU0165,2024-01-30,lab,present
STU0165,2024-02-13,mentoring,present
STU0165,2024-04-15,lecture,present
STU0165,2024-04-16,lab,absent
STU0165,2024-04-24,lecture,present
STU0165,2024-06-05,mentoring,absent
STU0165,2024-07-25,mentoring,present
STU0165,2024-08-30,mentoring,present
STU0165,2024-09-10,mentoring,present
STU0165,2024-09-17,lecture,present
STU0165,2024-10-14,lab,present
STU0165,2024-10-29,lecture,present
STU0165,2024-11-29,lecture,present
STU0165,2024-12-27,lecture,present
STU0165,2024-12-30,lab,present
STU0166,2023-07-26,lecture,present
STU0166,2023-09-26,mentoring,late
STU0166,2023-10-03,mentoring,present
STU0166,2023-10-06,lab,present
STU0166,2023-11-23,lab,present
STU0166,2023-12-07,lecture,present
STU0166,2023-12-13,lecture,absent
STU0166,2023-12-19,mentoring,present
STU0166,2023-12-25,mentoring,present
STU0166,2024-01-01,lecture,present
STU0166,2024-01-17,lecture,absent
STU0166,2024-01-22,lecture,present
STU0166,2024-01-24,lab,late
STU0166,2024-03-15,lecture,present
STU0166,2024-04-25,mentoring,present
STU0166,2024-05-21,lecture,absent
STU0166,2024-06-03,mentoring,present
STU0166,2024-06-25,lab,present
STU0166,2024-07-01,mentoring,present
STU0166,2024-07-04,lab,present
STU0166,2024-07-16,lecture,present
STU0166,2024-09-25,mentoring,present
STU0166,2024-11-14,mentoring,present
STU0166,2024-12-02,mentoring,absent
STU0166,2024-12-19,lab,present
STU0166,2024-12-24,lab,present
STU0166,2025-01-09,lecture,absent
STU0166,2025-01-15,lecture,absent
STU0167,2024-02-23,lecture,present
STU0167,2024-04-23,lecture,present
STU0167,2024-04-24,lab,late
STU0167,2024-05-10,lecture,present
STU0167,2024-05-28,lecture,late
STU0167,2024-06-14,lab,present
STU0167,2024-07-03,lecture,present
STU0167,2024-07-26,mentoring,present
STU0167,2024-08-23,lecture,absent
STU0167,2024-09-11,mentoring,late
STU0167,2024-10-14,mentoring,late
STU0167,2024-10-23,lecture,present
STU0167,2024-12-03,lecture,late
STU0167,2024-12-18,lab,present
STU0167,2024-12-23,mentoring,absent
STU0167,2025-01-09,lab,present
STU0168,2024-08-01,mentoring,absent
STU0168,2024-08-05,lab,late
STU0168,2024-08-07,mentoring,present
STU0168,2024-08-29,lecture,present
STU0168,2024-09-03,lecture,present
STU0168,2024-09-24,lecture,present
STU0168,2024-09-27,mentoring,present
STU0168,2024-10-09,lab,present
STU0168,2024-11-07,mentoring,present
STU0169,2023-02-08,lab,absent
STU0169,2023-02-17,lab,present
STU0169,2023-03-17,lecture,present
STU0169,2023-04-13,mentoring,present
STU0169,2023-04-21,lab,absent
STU0169,2023-04-26,lecture,present
STU0169,2023-06-19,lecture,absent
STU0169,2023-06-28,lab,late
STU0169,2023-06-30,lecture,absent
STU0169,2023-07-06,lecture,present
STU0169,2023-08-03,lecture,late
STU0169,2023-08-15,lab,absent
STU0169,2023-09-08,mentoring,absent
STU0169,2023-09-20,mentoring,present
STU0169,2023-10-09,lecture,late
STU0169,2023-10-25,lab,absent
STU0169,2023-11-01,lecture,present
STU0169,2023-11-15,lecture,absent
STU0169,2023-12-04,mentoring,present
STU0169,2024-01-04,lab,present
STU0169,2024-01-09,lab,absent
STU0169,2024-01-15,mentoring,present
STU0169,2024-02-01,lab,present
STU0169,2024-02-09,lab,present
STU0169,2024-04-08,lecture,absent
STU0169,2024-04-19,mentoring,present
STU0169,2024-04-26,lecture,present
STU0169,2024-05-02,lab,late
STU0169,2024-06-12,lab,present
STU0169,2024-07-25,mentoring,present
STU0169,2024-08-07,lab,present
STU0169,2024-08-13,lecture,present
STU0169,2024-08-23,mentoring,present
STU0169,2024-09-03,lab,present
STU0169,2024-09-13,lecture,present
STU0169,2024-09-23,mentoring,present
STU0169,2024-09-26,mentoring,present
STU0169,2024-10-16,mentoring,present
STU0169,2024-10-22,mentoring,present
STU0169,2024-10-25,mentoring,absent
STU0169,2024-12-13,mentoring,present
STU0169,2024-12-23,mentoring,present
STU0169,2025-01-06,lab,late
STU0170,2023-10-09,lab,present
STU0170,2023-10-11,lecture,present
STU0170,2023-10-25,lecture,present
STU0170,2023-11-02,mentoring,present
STU0170,2023-12-15,lecture,present
STU0170,2024-01-17,lab,absent
STU0170,2024-03-04,lecture,present
STU0170,2024-03-08,mentoring,present
STU0170,2024-03-14,mentoring,present
STU0170,2024-03-21,lecture,present
STU0170,2024-04-03,mentoring,present
STU0170,2024-07-11,lecture,present
STU0170,2024-09-27,lab,absent
STU0170,2024-10-28,lecture,present
STU0170,2024-11-25,lecture,present
STU0170,2025-01-03,mentoring,present
STU0171,2024-02-29,lab,present
STU0171,2024-03-06,mentoring,present
STU0171,2024-04-04,lab,absent
STU0171,2024-04-11,mentoring,present
STU0171,2024-04-24,lab,present
STU0171,2024-04-25,mentoring,late
STU0171,2024-05-14,lecture,late
STU0171,2024-06-26,mentoring,present
STU0171,2024-07-15,lab,present
STU0171,2024-07-29,lecture,absent
STU0171,2024-09-06,lecture,present
STU0171,2024-09-19,lecture,late
STU0171,2024-10-08,lab,present
STU0171,2024-11-29,lecture,present
STU0171,2024-12-18,lecture,present
STU0171,2024-12-19,lab,absent
STU0171,2024-12-20,mentoring,present
STU0172,2024-07-30,mentoring,present
STU0172,2024-07-31,lecture,absent
STU0172,2024-08-05,lecture,late
STU0172,2024-08-26,lecture,present
STU0172,2024-09-10,mentoring,present
STU0172,2024-09-23,mentoring,absent
STU0172,2024-10-28,lab,present
STU0172,2024-10-29,mentoring,present
STU0172,2024-11-20,lecture,present
STU0172,2025-01-07,mentoring,present
STU0172,2025-01-14,lab,present
STU0173,2023-02-09,mentoring,absent
STU0173,2023-02-10,lecture,present
STU0173,2023-02-14,lab,present
STU0173,2023-02-17,lab,present
STU0173,2023-04-17,lecture,absent
STU0173,2023-04-21,lecture,present
STU0173,2023-05-15,mentoring,present
STU0173,2023-05-19,mentoring,present
STU0173,2023-05-23,lab,present
STU0173,2023-05-26,lecture,present
STU0173,2023-05-29,lab,absent
STU0173,2023-06-09,lab,present
STU0173,2023-06-14,lecture,present
STU0173,2023-06-16,mentoring,present
STU0173,2023-07-19,lab,absent
STU0173,2023-08-09,lecture,present
STU0173,2023-08-10,lab,present
STU0173,2023-09-13,mentoring,present
STU0173,2023-09-15,lecture,present
STU0173,2023-10-23,lab,late
STU0173,2023-12-08,lab,present
STU0173,2023-12-13,lecture,late
STU0173,2024-01-30,mentoring,present
STU0173,2024-02-09,lab,late
STU0173,2024-02-12,mentoring,present
STU0173,2024-04-19,lecture,present
STU0173,2024-05-13,mentoring,absent
STU0173,2024-05-29,lecture,present
STU0173,2024-06-18,lecture,present
STU0173,2024-07-03,lab,late
STU0173,2024-07-16,lecture,present
STU0173,2024-07-25,lecture,present
STU0173,2024-08-14,lecture,present
STU0173,2024-08-16,mentoring,present
STU0173,2024-08-20,lab,present
STU0173,2024-09-05,lecture,present
STU0173,2024-09-13,mentoring,present
STU0173,2024-09-27,lab,present
STU0173,2024-10-04,mentoring,late
STU0173,2024-10-09,lecture,present
STU0173,2024-10-25,mentoring,present
STU0173,2024-10-29,lab,present
STU0173,2024-11-05,lecture,present
STU0173,2024-12-18,lecture,present
STU0174,2023-08-28,mentoring,present
STU0174,2023-09-06,lecture,late
STU0174,2023-09-25,lab,late
STU0174,2023-10-02,lecture,present
STU0174,2023-10-10,lab,late
STU0174,2023-10-24,lab,present
STU0174,2023-10-31,lab,present
STU0174,2023-11-29,lab,present
STU0174,2024-01-15,lab,late
STU0174,2024-01-25,lecture,absent
STU0174,2024-01-30,mentoring,present
STU0174,2024-02-05,lecture,present
STU0174,2024-02-07,lab,absent
STU0174,2024-03-07,lecture,present
STU0174,2024-03-20,lab,absent
STU0174,2024-04-03,mentoring,present
STU0174,2024-05-08,lecture,present
STU0174,2024-05-23,lecture,present
STU0174,2024-07-04,lecture,late
STU0174,2024-08-08,mentoring,present
STU0174,2024-09-09,mentoring,present
STU0174,2024-10-15,lecture,present
STU0174,2024-10-22,lab,present
STU0174,2024-10-29,mentoring,absent
STU0174,2024-11-04,lab,present
STU0174,2024-11-07,lab,absent
STU0174,2024-11-13,lab,present
STU0174,2024-11-18,lecture,absent
STU0174,2024-11-25,lab,late
STU0174,2024-11-27,mentoring,present
STU0174,2024-12-17,lab,absent
STU0174,2025-01-10,lecture,absent
STU0175,2024-03-21,lecture,present
STU0175,2024-04-18,lecture,present
STU0175,2024-04-23,lecture,present
STU0175,2024-05-22,mentoring,absent
STU0175,2024-06-03,lab,present
STU0175,2024-06-14,lab,present
STU0175,2024-07-29,mentoring,present
STU0175,2024-08-08,lab,present
STU0175,2024-08-20,mentoring,present
STU0175,2024-08-26,lecture,present
STU0175,2024-10-02,mentoring,late
STU0175,2024-11-07,lab,present
STU0175,2024-11-12,mentoring,present
STU0175,2024-12-19,lecture,absent
STU0175,2024-12-25,mentoring,late
STU0175,2024-12-31,lab,present
STU0175,2025-01-15,lecture,present
STU0176,2024-09-12,lecture,present
STU0176,2024-09-17,mentoring,present
STU0176,2024-10-11,lecture,late
STU0176,2024-10-21,lab,late
STU0176,2024-10-28,mentoring,late
STU0176,2024-12-16,lab,late
STU0176,2025-01-06,mentoring,present
STU0177,2023-03-13,lecture,present
STU0177,2023-03-30,mentoring,late
STU0177,2023-06-08,lecture,present
STU0177,2023-06-19,lecture,present
STU0177,2023-06-23,lab,present
STU0177,2023-07-14,mentoring,present
STU0177,2023-08-04,lab,absent
STU0177,2023-09-15,lecture,present
STU0177,2023-09-18,lab,present
STU0177,2023-10-18,mentoring,present
STU0177,2023-10-24,mentoring,present
STU0177,2023-11-28,mentoring,present
STU0177,2023-12-04,lab,absent
STU0177,2024-01-03,lecture,present
STU0177,2024-01-16,lab,present
STU0177,2024-01-23,lecture,present
STU0177,2024-02-16,mentoring,present
STU0177,2024-03-06,lab,present
STU0177,2024-03-27,mentoring,late
STU0177,2024-05-10,lecture,present
STU0177,2024-05-29,mentoring,late
STU0177,2024-06-03,lecture,present
STU0177,2024-06-13,mentoring,present
STU0177,2024-07-10,mentoring,present
STU0177,2024-07-17,lab,present
STU0177,2024-08-02,lab,late
STU0177,2024-08-09,mentoring,present
STU0177,2024-08-19,lab,present
STU0177,2024-09-04,mentoring,present
STU0177,2024-09-12,mentoring,present
STU0177,2024-09-18,mentoring,present
STU0177,2024-09-30,lab,present
STU0177,2024-10-25,lab,late
STU0177,2024-10-30,lab,present
STU0177,2024-11-29,lecture,present
STU0177,2024-12-20,mentoring,present
STU0177,2025-01-02,lecture,present
STU0178,2023-09-20,lab,late
STU0178,2023-11-10,lab,present
STU0178,2023-11-16,lab,late
STU0178,2023-12-12,mentoring,present
STU0178,2024-01-09,lecture,present
STU0178,2024-01-18,lecture,late
STU0178,2024-01-26,lab,late
STU0178,2024-02-13,mentoring,present
STU0178,2024-02-14,lecture,present
STU0178,2024-03-12,mentoring,late
STU0178,2024-04-29,lecture,present
STU0178,2024-04-30,lab,present
STU0178,2024-05-29,mentoring,present
STU0178,2024-06-03,lab,present
STU0178,2024-06-05,lecture,absent
STU0178,2024-06-13,lab,present
STU0178,2024-07-05,lab,present
STU0178,2024-07-10,mentoring,absent
STU0178,2024-07-12,lecture,present
STU0178,2024-07-18,lecture,late
STU0178,2024-07-31,lab,present
STU0178,2024-08-19,mentoring,late
STU0178,2024-08-29,lecture,present
STU0178,2024-09-24,mentoring,late
STU0178,2024-10-01,lecture,present
STU0178,2024-11-27,lecture,present
STU0179,2024-03-08,mentoring,late
STU0179,2024-03-15,lecture,late
STU0179,2024-04-17,lecture,present
STU0179,2024-04-29,mentoring,present
STU0179,2024-05-08,mentoring,present
STU0179,2024-05-17,mentoring,late
STU0179,2024-05-23,lecture,present
STU0179,2024-05-27,lab,late
STU0179,2024-05-29,lecture,present
STU0179,2024-06-03,lecture,present
STU0179,2024-06-17,mentoring,absent
STU0179,2024-07-09,mentoring,absent
STU0179,2024-07-17,lecture,present
STU0179,2024-07-18,lab,present
STU0179,2024-09-04,mentoring,present
STU0179,2024-09-09,lecture,absent
STU0179,2024-10-29,lecture,present
STU0179,2024-11-13,lab,present
STU0179,2024-11-29,lecture,absent
STU0179,2024-12-16,mentoring,late
STU0179,2024-12-25,mentoring,present
STU0179,2024-12-31,lecture,present
STU0179,2025-01-06,mentoring,present
STU0179,2025-01-09,lab,present
STU0180,2024-09-19,lecture,present
STU0180,2024-09-26,mentoring,present
STU0180,2024-09-30,lab,present
STU0180,2024-10-15,mentoring,absent
STU0180,2024-11-18,lab,present
STU0180,2024-11-20,lecture,present
STU0180,2024-11-22,lab,late
STU0180,2024-12-30,lab,present
STU0181,2023-02-01,lecture,present
STU0181,2023-02-24,lab,absent
STU0181,2023-03-09,lab,present
STU0181,2023-03-10,mentoring,absent
STU0181,2023-03-20,lecture,present
STU0181,2023-03-22,mentoring,present
STU0181,2023-04-24,mentoring,present
STU0181,2023-05-08,mentoring,present
STU0181,2023-05-12,lab,present
STU0181,2023-05-31,lab,present
STU0181,2023-06-16,lecture,present
STU0181,2023-08-04,mentoring,present
STU0181,2023-09-28,lecture,present
STU0181,2023-10-09,mentoring,present
STU0181,2023-11-09,mentoring,present
STU0181,2023-11-13,lecture,absent
STU0181,2024-01-08,mentoring,late
STU0181,2024-01-17,mentoring,absent
STU0181,2024-01-24,lecture,absent
STU0181,2024-02-06,lecture,present
STU0181,2024-03-15,lab,present
STU0181,2024-04-08,lecture,present
STU0181,2024-04-12,lecture,present
STU0181,2024-05-01,lab,present
STU0181,2024-05-07,lab,absent
STU0181,2024-05-23,lab,present
STU0181,2024-06-06,mentoring,late
STU0181,2024-06-12,lecture,present
STU0181,2024-06-14,lab,present
STU0181,2024-08-07,mentoring,present
STU0181,2024-08-15,mentoring,present
STU0181,2024-08-20,lab,present
STU0181,2024-10-18,mentoring,present
STU0181,2024-12-04,lecture,late
STU0181,2024-12-09,lecture,present
STU0181,2024-12-18,lecture,present
STU0181,2024-12-30,lecture,present
STU0181,2025-01-02,mentoring,present
STU0182,2023-09-15,mentoring,present
STU0182,2023-09-26,mentoring,present
STU0182,2023-10-03,lab,present
STU0182,2023-11-07,lab,present
STU0182,2023-11-22,lecture,present
STU0182,2023-12-07,lecture,late
STU0182,2023-12-08,lab,present
STU0182,2023-12-11,mentoring,late
STU0182,2024-03-01,mentoring,present
STU0182,2024-03-08,lab,present
STU0182,2024-03-11,mentoring,absent
STU0182,2024-03-20,lecture,present
STU0182,2024-04-01,lab,present
STU0182,2024-05-01,lab,absent
STU0182,2024-05-14,lab,present
STU0182,2024-05-22,mentoring,absent
STU0182,2024-06-13,lab,present
STU0182,2024-07-10,lab,present
STU0182,2024-07-24,lecture,present
STU0182,2024-07-31,lecture,present
STU0182,2024-10-31,lecture,absent
STU0182,2024-11-18,lab,present
STU0182,2024-11-19,mentoring,present
STU0182,2024-11-28,mentoring,present
STU0182,2024-12-13,lecture,present
STU0183,2024-02-26,lecture,present
STU0183,2024-03-07,lecture,present
STU0183,2024-04-15,lab,late
STU0183,2024-06-03,lab,absent
STU0183,2024-06-07,lecture,present
STU0183,2024-06-17,mentoring,absent
STU0183,2024-06-24,lecture,late
STU0183,2024-06-28,lecture,present
STU0183,2024-07-23,mentoring,present
STU0183,2024-07-30,mentoring,absent
STU0183,2024-08-15,lecture,present
STU0183,2024-08-22,mentoring,late
STU0183,2024-08-30,mentoring,present
STU0183,2024-09-02,lecture,present
STU0183,2024-09-09,mentoring,late
STU0183,2024-11-15,lab,present
STU0183,2024-11-28,lecture,present
STU0183,2024-12-25,lab,present
STU0184,2024-08-01,mentoring,absent
STU0184,2024-08-13,mentoring,present
STU0184,2024-08-21,lab,present
STU0184,2024-08-29,mentoring,absent
STU0184,2024-10-04,mentoring,present
STU0184,2024-10-30,lab,present
STU0184,2024-11-12,lab,late
STU0184,2024-11-28,mentoring,absent
STU0184,2024-12-09,lecture,present
STU0184,2024-12-12,lab,absent
STU0184,2024-12-24,mentoring,present
STU0184,2024-12-31,lab,present
STU0185,2023-03-03,lab,present
STU0185,2023-05-05,mentoring,present
STU0185,2023-05-31,mentoring,present
STU0185,2023-06-13,lab,present
STU0185,2023-06-20,mentoring,absent
STU0185,2023-07-06,lab,present
STU0185,2023-07-31,lecture,late
STU0185,2023-08-30,mentoring,present
STU0185,2023-09-20,lecture,present
STU0185,2023-09-22,mentoring,present
STU0185,2023-10-06,lab,present
STU0185,2023-10-18,mentoring,absent
STU0185,2023-11-22,lecture,present
STU0185,2023-11-27,mentoring,present
STU0185,2023-12-06,mentoring,present
STU0185,2023-12-11,lab,present
STU0185,2023-12-21,lecture,absent
STU0185,2024-01-11,lecture,present
STU0185,2024-01-31,lab,late
STU0185,2024-03-20,lab,present
STU0185,2024-04-02,lab,present
STU0185,2024-04-04,lecture,present
STU0185,2024-04-16,lab,present
STU0185,2024-04-22,lab,late
STU0185,2024-04-23,mentoring,absent
STU0185,2024-04-30,mentoring,late
STU0185,2024-08-13,lab,absent
STU0185,2024-08-14,mentoring,absent
STU0185,2024-08-23,lab,present
STU0185,2024-09-09,lecture,present
STU0185,2024-09-16,mentoring,present
STU0185,2024-09-19,lecture,present
STU0185,2024-10-09,lecture,late
STU0185,2024-11-19,lecture,present
STU0185,2024-12-17,mentoring,absent
STU0185,2025-01-13,lecture,present
STU0186,2023-08-08,mentoring,present
STU0186,2023-08-28,lecture,present
STU0186,2023-09-25,mentoring,present
STU0186,2023-09-26,lecture,late
STU0186,2023-12-04,lecture,present
STU0186,2023-12-06,lab,absent
STU0186,2023-12-08,lecture,absent
STU0186,2024-01-10,lecture,late
STU0186,2024-02-07,lab,present
STU0186,2024-02-21,mentoring,present
STU0186,2024-06-28,mentoring,late
STU0186,2024-07-24,lab,present
STU0186,2024-07-30,lab,present
STU0186,2024-09-02,mentoring,absent
STU0186,2024-09-12,lab,present
STU0186,2024-09-18,lab,late
STU0186,2024-10-03,mentoring,late
STU0186,2024-10-04,lecture,present
STU0186,2024-10-15,mentoring,late
STU0186,2024-12-05,lecture,present
STU0186,2024-12-17,mentoring,present
STU0186,2025-01-10,mentoring,late
STU0186,2025-01-15,mentoring,present
STU0187,2024-04-01,mentoring,present
STU0187,2024-04-11,lecture,present
STU0187,2024-04-15,mentoring,absent
STU0187,2024-05-29,lecture,absent
STU0187,2024-07-08,lab,present
STU0187,2024-07-16,lab,present
STU0187,2024-07-29,lecture,present
STU0187,2024-08-01,lab,present
STU0187,2024-08-20,lab,absent
STU0187,2024-09-02,lab,present
STU0187,2024-10-24,lab,present
STU0187,2024-11-11,lab,late
STU0187,2024-11-14,mentoring,absent
STU0187,2024-12-25,lecture,present
STU0188,2024-10-31,mentoring,present
STU0188,2024-12-05,lab,present
STU0188,2024-12-20,lecture,present
STU0188,2024-12-27,lab,present
STU0188,2025-01-13,lecture,present
STU0189,2023-03-14,lab,absent
STU0189,2023-03-24,lecture,absent
STU0189,2023-05-03,mentoring,late
STU0189,2023-05-19,mentoring,present
STU0189,2023-05-23,lecture,present
STU0189,2023-06-07,lecture,present
STU0189,2023-06-29,lab,present
STU0189,2023-08-02,lab,present
STU0189,2023-08-11,lab,present
STU0189,2023-09-01,lab,present
STU0189,2023-10-17,lab,present
STU0189,2023-10-30,lecture,present
STU0189,2023-11-01,mentoring,present
STU0189,2023-11-03,lab,absent
STU0189,2024-01-10,lab,absent
STU0189,2024-01-24,lab,present
STU0189,2024-01-29,lecture,present
STU0189,2024-03-22,mentoring,present
STU0189,2024-04-08,mentoring,present
STU0189,2024-04-19,mentoring,late
STU0189,2024-05-15,mentoring,present
STU0189,2024-05-16,lecture,late
STU0189,2024-05-28,lab,present
STU0189,2024-05-31,lab,absent
STU0189,2024-06-06,lab,present
STU0189,2024-06-14,lab,present
STU0189,2024-08-15,lecture,present
STU0189,2024-10-10,lab,absent
STU0189,2024-10-16,lab,absent
STU0189,2024-10-18,lecture,present
STU0189,2024-11-18,lecture,present
STU0189,2025-01-08,mentoring,late
STU0189,2025-01-14,mentoring,present
STU0190,2023-09-11,lab,present
STU0190,2023-09-20,lecture,present
STU0190,2023-10-03,lecture,absent
STU0190,2023-10-20,mentoring,present
STU0190,2023-10-27,mentoring,present
STU0190,2023-11-03,lab,present
STU0190,2023-11-08,lab,present
STU0190,2023-11-15,mentoring,late
STU0190,2023-11-22,mentoring,absent
STU0190,2023-12-07,mentoring,present
STU0190,2023-12-19,mentoring,late
STU0190,2023-12-20,lecture,absent
STU0190,2024-01-01,lab,absent
STU0190,2024-01-04,mentoring,present
STU0190,2024-04-05,lecture,present
STU0190,2024-04-08,lab,absent
STU0190,2024-04-23,lab,absent
STU0190,2024-04-25,mentoring,present
STU0190,2024-05-08,lab,late
STU0190,2024-05-20,lecture,present
STU0190,2024-05-29,lecture,present
STU0190,2024-06-07,mentoring,present
STU0190,2024-06-12,lecture,present
STU0190,2024-06-13,lab,late
STU0190,2024-06-14,mentoring,present
STU0190,2024-06-19,mentoring,present
STU0190,2024-08-29,lab,present
STU0190,2024-09-05,mentoring,present
STU0190,2024-09-09,lab,absent
STU0190,2024-10-28,lab,present
STU0190,2024-12-03,mentoring,present
STU0190,2024-12-06,lab,present
STU0190,2024-12-11,lab,absent
STU0190,2024-12-18,mentoring,present
STU0190,2025-01-09,mentoring,present
STU0191,2024-01-23,lecture,late
STU0191,2024-02-29,mentoring,present
STU0191,2024-03-07,mentoring,absent
STU0191,2024-04-23,mentoring,present
STU0191,2024-04-26,lecture,present
STU0191,2024-05-13,mentoring,present
STU0191,2024-05-31,mentoring,present
STU0191,2024-06-13,mentoring,present
STU0191,2024-06-28,lab,present
STU0191,2024-07-12,lecture,present
STU0191,2024-07-23,lab,late
STU0191,2024-07-25,mentoring,present
STU0191,2024-09-04,mentoring,present
STU0191,2024-10-10,mentoring,present
STU0191,2025-01-01,lecture,present
STU0192,2024-08-30,lab,late
STU0192,2024-09-13,lab,absent
STU0192,2024-09-27,lecture,present
STU0192,2024-10-03,mentoring,absent
STU0192,2024-11-18,lab,present
STU0192,2024-12-09,lab,present
STU0192,2025-01-07,lab,present
STU0193,2023-02-24,lab,present
STU0193,2023-03-07,lab,late
STU0193,2023-04-04,mentoring,present
STU0193,2023-04-13,mentoring,present
STU0193,2023-04-24,lab,present
STU0193,2023-04-27,lecture,late
STU0193,2023-05-03,mentoring,present
STU0193,2023-06-01,lecture,absent
STU0193,2023-09-11,lecture,present
STU0193,2023-09-19,mentoring,late
STU0193,2024-01-23,lecture,present
STU0193,2024-02-02,lab,late
STU0193,2024-02-06,lecture,absent
STU0193,2024-02-19,mentoring,absent
STU0193,2024-04-03,mentoring,present
STU0193,2024-04-05,lecture,present
STU0193,2024-04-23,mentoring,absent
STU0193,2024-04-26,lab,present
STU0193,2024-05-01,lab,absent
STU0193,2024-05-24,mentoring,present
STU0193,2024-06-17,lab,present
STU0193,2024-07-05,lecture,present
STU0193,2024-07-24,lecture,present
STU0193,2024-08-05,mentoring,absent
STU0193,2024-08-23,lab,present
STU0193,2024-08-28,lab,present
STU0193,2024-08-29,mentoring,present
STU0193,2024-10-07,lab,present
STU0193,2024-10-15,mentoring,present
STU0193,2024-10-28,lab,present
STU0193,2024-12-02,lab,present
STU0193,2024-12-16,mentoring,present
STU0193,2024-12-23,lecture,present
STU0194,2023-12-29,mentoring,present
STU0194,2024-01-01,lecture,present
STU0194,2024-01-11,lab,present
STU0194,2024-01-16,lab,late
STU0194,2024-01-18,mentoring,present
STU0194,2024-02-23,mentoring,absent
STU0194,2024-03-13,mentoring,absent
STU0194,2024-04-03,lab,present
STU0194,2024-04-12,lecture,present
STU0194,2024-06-18,lecture,present
STU0194,2024-06-24,lecture,absent
STU0194,2024-06-25,lab,late
STU0194,2024-07-05,lecture,present
STU0194,2024-07-22,mentoring,present
STU0194,2024-07-30,lecture,present
STU0194,2024-08-13,lab,absent
STU0194,2024-08-20,mentoring,late
STU0194,2024-08-21,lecture,present
STU0194,2024-10-02,mentoring,present
STU0194,2024-10-17,lecture,absent
STU0194,2024-11-07,lecture,present
STU0195,2024-03-18,lecture,late
STU0195,2024-04-05,mentoring,present
STU0195,2024-04-10,mentoring,present
STU0195,2024-04-17,lecture,present
STU0195,2024-04-25,mentoring,present
STU0195,2024-05-07,lab,absent
STU0195,2024-05-08,mentoring,present
STU0195,2024-06-05,lab,present
STU0195,2024-06-06,mentoring,absent
STU0195,2024-08-29,mentoring,present
STU0195,2024-11-29,lecture,present
STU0195,2024-12-04,mentoring,present
STU0195,2024-12-20,lab,present
STU0195,2024-12-26,mentoring,absent
STU0195,2025-01-02,lecture,absent
STU0195,2025-01-08,mentoring,present
STU0195,2025-01-10,lab,present
STU0196,2024-08-13,mentoring,present
STU0196,2024-08-20,mentoring,present
STU0196,2024-09-11,lecture,present
STU0196,2024-09-23,lecture,present
STU0196,2024-10-23,lab,present
STU0196,2024-11-12,mentoring,present
STU0196,2024-11-19,mentoring,present
STU0196,2024-11-25,mentoring,present
STU0196,2024-11-29,lecture,absent
STU0196,2024-12-05,mentoring,present
STU0196,2024-12-06,lecture,present
STU0196,2024-12-16,lecture,present
STU0196,2024-12-25,lab,late
STU0197,2023-02-27,lab,present
STU0197,2023-04-05,lecture,present
STU0197,2023-05-08,mentoring,present
STU0197,2023-05-16,mentoring,late
STU0197,2023-05-23,mentoring,absent
STU0197,2023-05-29,lab,absent
STU0197,2023-05-31,lecture,late
STU0197,2023-06-22,lab,absent
STU0197,2023-07-27,lab,present
STU0197,2023-08-02,lecture,present
STU0197,2023-08-03,lab,present
STU0197,2023-08-10,lab,present
STU0197,2023-10-05,lecture,present
STU0197,2023-10-06,lab,present
STU0197,2023-10-24,lab,present
STU0197,2023-11-16,lecture,late
STU0197,2023-12-15,mentoring,present
STU0197,2023-12-21,lecture,present
STU0197,2023-12-27,lab,present
STU0197,2024-01-18,mentoring,present
STU0197,2024-01-24,mentoring,present
STU0197,2024-02-15,lecture,present
STU0197,2024-03-29,lab,present
STU0197,2024-05-03,lab,present
STU0197,2024-05-20,lecture,present
STU0197,2024-06-06,mentoring,present
STU0197,2024-06-07,lecture,absent
STU0197,2024-06-11,mentoring,late
STU0197,2024-06-24,lab,present
STU0197,2024-07-05,lecture,late
STU0197,2024-08-21,lecture,late
STU0197,2024-08-22,lab,present
STU0197,2024-08-23,mentoring,present
STU0197,2024-09-06,lab,absent
STU0197,2024-09-20,lecture,present
STU0197,2024-12-04,lab,present
STU0197,2024-12-17,lecture,late
STU0198,2023-09-07,mentoring,present
STU0198,2023-09-26,lab,present
STU0198,2023-10-19,mentoring,present
STU0198,2023-10-20,lecture,present
STU0198,2023-10-25,lab,absent
STU0198,2023-11-17,lab,late
STU0198,2023-12-25,lab,absent
STU0198,2024-01-31,lecture,absent
STU0198,2024-03-21,lab,present
STU0198,2024-04-01,mentoring,late
STU0198,2024-04-19,mentoring,present
STU0198,2024-05-16,mentoring,present
STU0198,2024-05-22,mentoring,present
STU0198,2024-06-17,lecture,late
STU0198,2024-07-03,lecture,absent
STU0198,2024-07-24,mentoring,present
STU0198,2024-08-08,lab,late
STU0198,2024-08-28,lecture,present
STU0198,2024-09-26,mentoring,present
STU0198,2024-10-16,lecture,present
STU0198,2025-01-03,lab,present
STU0198,2025-01-09,lecture,present
STU0199,2024-02-06,lab,absent
STU0199,2024-02-23,lab,present
STU0199,2024-02-29,lab,absent
STU0199,2024-03-07,mentoring,present
STU0199,2024-03-21,mentoring,absent
STU0199,2024-03-28,mentoring,absent
STU0199,2024-04-01,lab,present
STU0199,2024-05-08,mentoring,late
STU0199,2024-05-14,lecture,absent
STU0199,2024-05-15,lab,late
STU0199,2024-06-12,lecture,absent
STU0199,2024-06-14,mentoring,present
STU0199,2024-07-01,lecture,present
STU0199,2024-07-12,mentoring,present
STU0199,2024-07-15,lecture,absent
STU0199,2024-07-18,mentoring,present
STU0199,2024-08-26,lab,present
STU0199,2024-10-01,lecture,present
STU0199,2024-10-02,lab,absent
STU0199,2024-10-03,mentoring,late
STU0199,2024-10-21,lab,present
STU0199,2024-10-23,mentoring,present
STU0199,2024-10-29,lab,present
STU0199,2024-12-03,lecture,absent
STU0199,2024-12-13,mentoring,absent
STU0199,2024-12-18,mentoring,present
STU0199,2024-12-30,mentoring,present
STU0199,2025-01-06,mentoring,present
STU0199,2025-01-07,lecture,present
STU0200,2024-08-14,lab,present
STU0200,2024-10-07,lab,absent
STU0200,2024-10-11,mentoring,late
STU0200,2024-11-11,mentoring,present
STU0200,2024-11-15,lab,present
STU0200,2024-11-22,lecture,absent
STU0200,2024-12-05,mentoring,present
STU0200,2024-12-16,lab,late
STU0200,2025-01-03,mentoring,present
STU0201,2023-02-07,mentoring,present
STU0201,2023-02-21,mentoring,late
STU0201,2023-04-10,lecture,late
STU0201,2023-04-28,lab,absent
STU0201,2023-05-02,lecture,present
STU0201,2023-05-03,lab,late
STU0201,2023-05-16,mentoring,present
STU0201,2023-05-18,lab,present
STU0201,2023-06-02,lab,present
STU0201,2023-09-14,mentoring,present
STU0201,2023-09-22,mentoring,present
STU0201,2023-12-05,lecture,absent
STU0201,2023-12-15,lab,late
STU0201,2023-12-18,mentoring,present
STU0201,2023-12-27,lecture,present
STU0201,2024-01-24,lecture,present
STU0201,2024-01-30,mentoring,present
STU0201,2024-02-15,mentoring,present
STU0201,2024-03-26,lab,absent
STU0201,2024-04-18,lab,present
STU0201,2024-05-14,lecture,absent
STU0201,2024-05-31,lecture,present
STU0201,2024-06-04,mentoring,present
STU0201,2024-08-05,lab,late
STU0201,2024-08-14,lecture,present
STU0201,2024-08-26,lab,present
STU0201,2024-09-17,lab,present
STU0201,2024-09-27,lecture,present
STU0201,2024-09-30,lab,present
STU0201,2024-10-10,lab,present
STU0201,2024-10-23,mentoring,absent
STU0201,2024-10-30,mentoring,present
STU0201,2025-01-01,mentoring,present
STU0201,2025-01-13,mentoring,present
STU0202,2023-07-26,lecture,present
STU0202,2023-08-31,lab,present
STU0202,2023-09-12,mentoring,present
STU0202,2023-10-11,lecture,absent
STU0202,2023-10-13,lab,absent
STU0202,2023-11-01,lecture,present
STU0202,2023-11-07,lab,late
STU0202,2023-11-15,lecture,absent
STU0202,2023-12-18,lecture,present
STU0202,2024-01-03,mentoring,absent
STU0202,2024-01-22,lab,late
STU0202,2024-02-26,lecture,present
STU0202,2024-03-11,lab,absent
STU0202,2024-03-15,lab,absent
STU0202,2024-04-15,lab,late
STU0202,2024-04-24,lecture,present
STU0202,2024-05-01,lecture,present
STU0202,2024-05-13,lecture,late
STU0202,2024-05-27,mentoring,present
STU0202,2024-05-31,lab,present
STU0202,2024-06-11,lecture,absent
STU0202,2024-08-05,lecture,present
STU0202,2024-08-27,lecture,present
STU0202,2024-09-04,mentoring,late
STU0202,2024-09-09,mentoring,late
STU0202,2024-09-11,lecture,present
STU0202,2024-10-07,lecture,present
STU0202,2024-12-10,lecture,absent
STU0202,2024-12-30,lab,present
STU0203,2024-04-09,mentoring,late
STU0203,2024-05-29,mentoring,present
STU0203,2024-09-10,mentoring,present
STU0203,2024-09-13,lab,present
STU0203,2024-09-18,lecture,late
STU0203,2024-09-23,lecture,present
STU0203,2024-09-26,mentoring,present
STU0203,2024-10-04,mentoring,present
STU0203,2024-10-09,lecture,present
STU0203,2024-10-17,lab,late
STU0203,2024-10-21,lecture,absent
STU0203,2024-11-01,mentoring,present
STU0203,2024-11-07,lecture,present
STU0203,2024-11-11,mentoring,present
STU0203,2024-11-26,lecture,present
STU0203,2024-12-20,mentoring,present
STU0203,2025-01-02,lab,absent
STU0204,2024-09-11,lecture,present
STU0204,2024-09-23,mentoring,late
STU0204,2024-10-11,mentoring,present
STU0204,2024-12-04,lab,present
STU0205,2023-01-30,lecture,present
STU0205,2023-02-06,lecture,present
STU0205,2023-02-07,lab,present
STU0205,2023-03-22,lecture,present
STU0205,2023-04-06,lecture,absent
STU0205,2023-04-11,lecture,present
STU0205,2023-04-25,mentoring,absent
STU0205,2023-05-04,lecture,present
STU0205,2023-05-08,lab,present
STU0205,2023-05-23,mentoring,late
STU0205,2023-05-29,mentoring,late
STU0205,2023-07-10,lab,present
STU0205,2023-07-24,lab,absent
STU0205,2023-08-08,lab,late
STU0205,2023-09-19,lab,present
STU0205,2023-09-25,lab,present
STU0205,2023-09-29,mentoring,absent
STU0205,2023-10-10,lab,present
STU0205,2023-10-12,lecture,absent
STU0205,2023-11-03,lab,present
STU0205,2023-12-05,mentoring,absent
STU0205,2023-12-06,lecture,present
STU0205,2023-12-12,lecture,late
STU0205,2024-01-11,lecture,present
STU0205,2024-01-26,lab,late
STU0205,2024-01-31,lab,present
STU0205,2024-02-08,lab,present
STU0205,2024-03-12,lab,present
STU0205,2024-03-21,mentoring,present
STU0205,2024-04-04,lecture,late
STU0205,2024-05-21,lecture,late
STU0205,2024-06-19,lab,late
STU0205,2024-07-11,mentoring,present
STU0205,2024-07-12,lecture,present
STU0205,2024-07-15,lab,present
STU0205,2024-07-25,lab,present
STU0205,2024-09-06,mentoring,present
STU0205,2024-10-09,mentoring,present
STU0205,2024-10-31,lab,late
STU0205,2024-11-06,lecture,present
STU0205,2024-11-21,mentoring,absent
STU0205,2025-01-13,mentoring,late
STU0206,2023-08-08,lecture,late
STU0206,2023-09-05,lecture,present
STU0206,2023-09-28,lecture,present
STU0206,2023-10-17,lab,present
STU0206,2023-10-18,mentoring,present
STU0206,2023-11-02,lab,absent
STU0206,2023-12-08,lecture,late
STU0206,2024-01-01,mentoring,present
STU0206,2024-02-13,mentoring,present
STU0206,2024-03-11,lab,present
STU0206,2024-03-22,mentoring,present
STU0206,2024-04-09,lab,present
STU0206,2024-04-19,lecture,present
STU0206,2024-05-09,mentoring,late
STU0206,2024-05-28,lab,present
STU0206,2024-07-02,lab,late
STU0206,2024-07-31,lab,present
STU0206,2024-08-09,lecture,present
STU0206,2024-08-15,lecture,absent
STU0206,2024-08-21,lab,late
STU0206,2024-10-07,lecture,present
STU0206,2024-10-14,lab,late
STU0206,2024-10-22,lecture,present
STU0206,2024-11-08,lecture,present
STU0206,2024-11-18,lecture,late
STU0206,2024-11-26,lab,late
STU0206,2024-12-06,lecture,present
STU0207,2024-03-21,mentoring,present
STU0207,2024-04-03,lab,present
STU0207,2024-04-22,lecture,absent
STU0207,2024-04-30,lab,present
STU0207,2024-05-01,mentoring,present
STU0207,2024-05-20,lab,present
STU0207,2024-05-31,lecture,present
STU0207,2024-07-01,mentoring,present
STU0207,2024-07-09,mentoring,present
STU0207,2024-08-09,lecture,present
STU0207,2024-08-14,mentoring,present
STU0207,2024-08-20,lab,present
STU0207,2024-09-30,lab,present
STU0207,2024-11-18,lab,present
STU0208,2024-08-29,mentoring,present
STU0208,2024-09-05,mentoring,present
STU0208,2024-09-16,lecture,absent
STU0208,2024-09-20,lecture,present
STU0208,2024-09-25,lecture,late
STU0208,2024-10-17,lab,absent
STU0208,2024-10-30,lecture,present
STU0208,2024-12-03,lab,late
STU0208,2024-12-05,mentoring,absent
STU0208,2024-12-10,lab,absent
STU0208,2024-12-23,mentoring,present
STU0209,2023-06-08,lab,present
STU0209,2023-06-09,mentoring,present
STU0209,2023-06-13,lecture,present
STU0209,2023-07-12,mentoring,late
STU0209,2023-07-27,mentoring,present
STU0209,2023-08-10,lab,late
STU0209,2023-08-28,lab,present
STU0209,2023-08-31,lecture,present
STU0209,2023-11-29,mentoring,late
STU0209,2023-12-22,mentoring,late
STU0209,2023-12-27,lab,present
STU0209,2023-12-28,mentoring,absent
STU0209,2024-01-15,lecture,present
STU0209,2024-01-26,lab,present
STU0209,2024-01-31,lecture,late
STU0209,2024-03-06,mentoring,present
STU0209,2024-04-24,lab,present
STU0209,2024-05-17,lecture,absent
STU0209,2024-05-24,lecture,present
STU0209,2024-05-27,lab,present
STU0209,2024-07-24,lab,present
STU0209,2024-08-13,mentoring,late
STU0209,2024-09-05,lecture,present
STU0209,2024-10-25,lab,present
STU0209,2024-11-07,mentoring,absent
STU0209,2024-12-10,mentoring,present
STU0209,2024-12-12,lab,present
STU0209,2024-12-23,mentoring,present
STU0210,2023-07-26,lab,present
STU0210,2023-08-07,lecture,present
STU0210,2023-08-08,lab,late
STU0210,2023-09-06,mentoring,present
STU0210,2023-09-11,mentoring,present
STU0210,2023-09-28,mentoring,present
STU0210,2023-10-05,lab,absent
STU0210,2023-10-09,lecture,absent
STU0210,2023-10-25,lab,absent
STU0210,2023-11-14,lecture,late
STU0210,2023-11-20,lab,present
STU0210,2023-12-19,lab,late
STU0210,2024-01-25,lab,present
STU0210,2024-01-31,lecture,present
STU0210,2024-02-02,lab,present
STU0210,2024-03-01,lab,present
STU0210,2024-04-09,lecture,present
STU0210,2024-04-15,lab,present
STU0210,2024-05-02,mentoring,late
STU0210,2024-05-03,lecture,present
STU0210,2024-06-18,lab,present
STU0210,2024-08-09,lab,absent
STU0210,2024-08-27,lab,present
STU0210,2024-09-04,mentoring,late
STU0210,2024-10-23,lab,present
STU0210,2024-11-15,lecture,present
STU0210,2024-11-25,lab,present
STU0210,2025-01-08,lab,present
STU0211,2024-03-07,lab,present
STU0211,2024-05-07,mentoring,present
STU0211,2024-05-17,lab,present
STU0211,2024-05-30,mentoring,present
STU0211,2024-06-04,mentoring,present
STU0211,2024-06-28,mentoring,absent
STU0211,2024-08-09,lab,present
STU0211,2024-09-16,lab,late
STU0211,2024-09-18,lecture,present
STU0211,2024-10-03,lab,present
STU0211,2024-10-23,mentoring,absent
STU0211,2024-11-22,lab,present
STU0211,2024-12-04,mentoring,absent
STU0211,2024-12-20,lecture,present
STU0212,2024-10-01,lecture,present
STU0212,2024-10-22,lecture,present
STU0212,2024-10-25,mentoring,absent
STU0212,2024-10-28,lecture,present
STU0212,2024-11-22,mentoring,absent
STU0212,2024-11-28,mentoring,present
STU0212,2024-12-18,lecture,present
STU0212,2024-12-19,lab,late
STU0212,2025-01-10,lecture,late
STU0213,2023-02-06,lecture,present
STU0213,2023-05-18,lecture,absent
STU0213,2023-06-27,mentoring,present
STU0213,2023-07-17,lecture,present
STU0213,2023-07-25,mentoring,present
STU0213,2023-08-02,mentoring,present
STU0213,2023-08-09,mentoring,present
STU0213,2023-08-23,lecture,late
STU0213,2023-08-28,mentoring,late
STU0213,2023-09-14,lab,late
STU0213,2023-09-18,lecture,present
STU0213,2023-10-30,lecture,present
STU0213,2023-10-31,lab,present
STU0213,2023-11-01,mentoring,absent
STU0213,2023-11-07,mentoring,present
STU0213,2023-11-21,lab,present
STU0213,2023-11-28,mentoring,late
STU0213,2023-12-07,lecture,present
STU0213,2023-12-12,lecture,late
STU0213,2023-12-14,mentoring,present
STU0213,2023-12-25,lab,present
STU0213,2024-01-31,mentoring,present
STU0213,2024-02-20,mentoring,present
STU0213,2024-04-09,mentoring,absent
STU0213,2024-04-18,lecture,late
STU0213,2024-04-19,lab,absent
STU0213,2024-04-24,lecture,present
STU0213,2024-04-30,mentoring,absent
STU0213,2024-05-09,mentoring,present
STU0213,2024-05-10,lecture,present
STU0213,2024-05-13,lab,present
STU0213,2024-06-20,mentoring,present
STU0213,2024-06-28,mentoring,present
STU0213,2024-07-29,lab,present
STU0213,2024-10-01,lab,present
STU0213,2024-10-08,mentoring,present
STU0213,2024-11-18,lecture,present
STU0213,2024-11-20,mentoring,present
STU0213,2024-11-26,lab,present
STU0213,2024-12-13,mentoring,late
STU0213,2024-12-24,lecture,absent
STU0213,2025-01-01,lab,present
STU0214,2023-08-01,lecture,present
STU0214,2023-08-10,lab,absent
STU0214,2023-08-17,lecture,present
STU0214,2023-08-29,lecture,late
STU0214,2023-09-18,lab,present
STU0214,2023-10-25,lecture,present
STU0214,2023-11-28,mentoring,absent
STU0214,2023-12-06,lab,present
STU0214,2023-12-13,mentoring,present
STU0214,2023-12-29,lecture,late
STU0214,2024-01-08,mentoring,present
STU0214,2024-01-09,lecture,present
STU0214,2024-01-25,lab,present
STU0214,2024-02-23,mentoring,late
STU0214,2024-05-02,lecture,present
STU0214,2024-05-09,lab,present
STU0214,2024-05-24,mentoring,present
STU0214,2024-05-31,mentoring,present
STU0214,2024-06-03,lecture,present
STU0214,2024-06-27,lecture,late
STU0214,2024-07-10,lab,late
STU0214,2024-07-16,lecture,late
STU0214,2024-07-25,lecture,absent
STU0214,2024-08-01,mentoring,present
STU0214,2024-08-07,mentoring,present
STU0214,2024-08-19,lab,absent
STU0214,2024-08-20,mentoring,present
STU0214,2024-08-28,lecture,present
STU0214,2024-10-07,lab,present
STU0214,2024-10-18,lecture,present
STU0214,2024-10-30,lecture,late
STU0214,2024-10-31,lab,present
STU0214,2024-11-04,lecture,absent
STU0214,2024-11-06,mentoring,present
STU0214,2024-12-11,lecture,present
STU0214,2024-12-19,lab,present
STU0214,2024-12-24,lecture,present
STU0214,2025-01-02,lecture,present
STU0214,2025-01-09,lecture,absent
STU0214,2025-01-15,lecture,present
STU0215,2024-02-12,mentoring,present
STU0215,2024-04-10,lecture,present
STU0215,2024-05-22,lab,present
STU0215,2024-06-03,mentoring,present
STU0215,2024-06-05,lab,present
STU0215,2024-07-08,lab,present
STU0215,2024-07-17,mentoring,late
STU0215,2024-07-25,lecture,absent
STU0215,2024-09-11,lab,present
STU0215,2024-09-24,mentoring,present
STU0215,2024-10-18,lecture,present
STU0215,2024-10-21,lab,late
STU0215,2024-10-22,mentoring,absent
STU0215,2024-11-01,mentoring,present
STU0215,2024-11-06,lab,present
STU0215,2024-11-14,lecture,present
STU0215,2024-11-22,lab,absent
STU0215,2024-12-17,mentoring,present
STU0215,2025-01-13,mentoring,present
STU0216,2024-08-23,lab,late
STU0216,2024-08-27,lecture,absent
STU0216,2024-09-02,lecture,present
STU0216,2024-10-16,lecture,absent
STU0216,2024-10-18,mentoring,present
STU0216,2024-11-07,lab,late
STU0216,2024-12-12,mentoring,present
STU0216,2024-12-19,mentoring,late
STU0216,2024-12-20,lecture,present
STU0216,2024-12-25,lab,late
STU0216,2025-01-07,lab,present
STU0216,2025-01-09,mentoring,present
STU0217,2023-03-10,lab,absent
STU0217,2023-05-04,lab,present
STU0217,2023-05-12,lecture,present
STU0217,2023-05-19,lecture,present
STU0217,2023-06-06,lab,late
STU0217,2023-06-13,lecture,present
STU0217,2023-06-16,mentoring,present
STU0217,2023-06-30,lecture,present
STU0217,2023-07-13,mentoring,absent
STU0217,2023-07-18,lecture,present
STU0217,2023-07-27,lab,present
STU0217,2023-08-25,mentoring,present
STU0217,2023-09-01,mentoring,present
STU0217,2023-09-27,lecture,present
STU0217,2023-10-26,mentoring,present
STU0217,2023-10-31,lab,late
STU0217,2023-11-01,mentoring,present
STU0217,2023-12-08,lecture,present
STU0217,2023-12-20,lecture,absent
STU0217,2023-12-21,lab,present
STU0217,2024-01-16,mentoring,present
STU0217,2024-01-30,lab,present
STU0217,2024-02-07,lab,present
STU0217,2024-03-15,lecture,absent
STU0217,2024-03-19,mentoring,absent
STU0217,2024-04-24,lecture,present
STU0217,2024-04-29,mentoring,late
STU0217,2024-06-13,mentoring,present
STU0217,2024-07-09,lecture,present
STU0217,2024-07-19,lecture,present
STU0217,2024-08-12,mentoring,present
STU0217,2024-08-27,mentoring,present
STU0217,2024-09-12,lab,present
STU0217,2024-10-01,lecture,present
STU0217,2024-10-10,mentoring,present
STU0217,2024-10-25,lab,present
STU0217,2024-11-04,mentoring,absent
STU0217,2024-11-19,mentoring,present
STU0217,2024-12-02,lab,late
STU0217,2024-12-09,mentoring,present
STU0217,2024-12-20,lecture,present
STU0218,2023-10-03,lecture,present
STU0218,2023-10-11,lecture,late
STU0218,2023-10-12,lab,present
STU0218,2023-11-01,lecture,present
STU0218,2023-11-03,mentoring,present
STU0218,2023-11-16,lab,present
STU0218,2023-11-22,lecture,present
STU0218,2023-12-19,lab,absent
STU0218,2024-01-11,lab,late
STU0218,2024-01-12,mentoring,present
STU0218,2024-01-16,lab,absent
STU0218,2024-02-19,mentoring,present
STU0218,2024-05-23,lab,present
STU0218,2024-05-24,mentoring,late
STU0218,2024-06-05,lab,absent
STU0218,2024-07-02,lecture,present
STU0218,2024-07-15,lecture,present
STU0218,2024-07-17,mentoring,present
STU0218,2024-08-06,lab,present
STU0218,2024-08-09,lab,present
STU0218,2024-08-21,lecture,present
STU0218,2024-08-23,mentoring,present
STU0218,2024-08-26,lecture,present
STU0218,2024-09-13,lecture,present
STU0218,2024-09-27,lab,late
STU0218,2024-10-15,lab,absent
STU0218,2024-10-18,lab,present
STU0218,2024-11-04,lecture,absent
STU0218,2024-11-26,lecture,present
STU0218,2024-11-27,lab,absent
STU0219,2024-03-14,lab,present
STU0219,2024-03-19,lecture,present
STU0219,2024-04-16,lab,present
STU0219,2024-04-18,mentoring,present
STU0219,2024-04-24,lecture,present
STU0219,2024-05-14,mentoring,absent
STU0219,2024-05-28,lab,present
STU0219,2024-06-04,mentoring,present
STU0219,2024-06-11,mentoring,late
STU0219,2024-08-01,mentoring,late
STU0219,2024-08-22,lecture,present
STU0219,2024-09-30,lecture,present
STU0219,2024-11-12,lecture,absent
STU0219,2024-12-12,lecture,present
STU0219,2024-12-24,lecture,absent
STU0219,2025-01-01,mentoring,present
STU0220,2024-08-13,lecture,present
STU0220,2024-08-20,mentoring,present
STU0220,2024-08-22,lab,present
STU0220,2024-08-29,mentoring,present
STU0220,2024-10-08,lecture,present
STU0220,2024-10-16,mentoring,present
STU0220,2024-11-01,lecture,present
STU0220,2024-11-05,lab,present
STU0220,2024-12-03,mentoring,present
STU0220,2024-12-04,lecture,present
STU0221,2023-01-25,lecture,present
STU0221,2023-02-08,mentoring,present
STU0221,2023-02-20,lab,present
STU0221,2023-03-09,lecture,late
STU0221,2023-03-24,mentoring,present
STU0221,2023-03-29,lab,present
STU0221,2023-05-30,lab,present
STU0221,2023-08-28,lab,present
STU0221,2023-09-04,mentoring,absent
STU0221,2023-09-21,mentoring,present
STU0221,2023-10-12,lecture,present
STU0221,2023-10-31,lecture,present
STU0221,2023-11-14,lab,present
STU0221,2023-11-16,lecture,present
STU0221,2023-12-07,lecture,present
STU0221,2023-12-18,mentoring,present
STU0221,2023-12-22,mentoring,present
STU0221,2024-01-11,lecture,absent
STU0221,2024-01-26,lab,present
STU0221,2024-02-02,mentoring,absent
STU0221,2024-02-14,mentoring,present
STU0221,2024-02-16,lab,present
STU0221,2024-03-15,mentoring,present
STU0221,2024-03-19,lecture,late
STU0221,2024-04-17,lecture,absent
STU0221,2024-05-02,mentoring,present
STU0221,2024-05-08,mentoring,late
STU0221,2024-05-13,lab,present
STU0221,2024-05-27,lecture,present
STU0221,2024-06-07,lecture,present
STU0221,2024-06-26,mentoring,late
STU0221,2024-07-18,mentoring,absent
STU0221,2024-07-19,lecture,present
STU0221,2024-09-02,mentoring,absent
STU0221,2024-10-04,lab,late
STU0221,2024-12-26,lab,absent
STU0221,2025-01-09,lecture,present
STU0221,2025-01-10,lab,present
STU0222,2023-08-31,mentoring,present
STU0222,2023-09-08,lecture,late
STU0222,2023-11-17,lab,present
STU0222,2023-12-22,lecture,present
STU0222,2023-12-26,mentoring,present
STU0222,2024-01-10,lab,present
STU0222,2024-01-12,mentoring,present
STU0222,2024-02-06,mentoring,present
STU0222,2024-03-25,lab,present
STU0222,2024-03-26,mentoring,present
STU0222,2024-04-05,lab,present
STU0222,2024-04-09,lecture,absent
STU0222,2024-05-14,lecture,present
STU0222,2024-05-16,lab,present
STU0222,2024-06-21,lab,present
STU0222,2024-07-02,mentoring,late
STU0222,2024-07-05,mentoring,present
STU0222,2024-08-22,lecture,late
STU0222,2024-08-30,lab,late
STU0222,2024-09-16,lecture,late
STU0222,2024-10-15,lecture,present
STU0222,2024-10-17,lab,present
STU0222,2024-11-05,lab,late
STU0222,2024-11-22,lab,absent
STU0222,2024-11-26,lecture,late
STU0222,2025-01-15,lab,absent
STU0223,2024-01-31,mentoring,present
STU0223,2024-02-06,lab,present
STU0223,2024-02-19,lab,present
STU0223,2024-03-26,lecture,present
STU0223,2024-04-05,lecture,present
STU0223,2024-04-09,lab,late
STU0223,2024-04-18,lab,present
STU0223,2024-05-13,lab,present
STU0223,2024-05-14,mentoring,late
STU0223,2024-05-15,lecture,present
STU0223,2024-06-14,lab,absent
STU0223,2024-06-17,mentoring,present
STU0223,2024-06-24,lab,present
STU0223,2024-06-28,lecture,present
STU0223,2024-07-02,mentoring,present
STU0223,2024-07-09,lecture,absent
STU0223,2024-08-14,mentoring,present
STU0223,2024-08-20,mentoring,late
STU0223,2024-09-03,lecture,present
STU0223,2024-10-09,lab,present
STU0223,2024-10-16,lecture,present
STU0224,2024-09-10,lab,present
STU0224,2024-09-26,lab,absent
STU0224,2024-10-16,mentoring,present
STU0224,2024-10-18,lecture,present
STU0224,2024-10-24,mentoring,present
STU0224,2024-11-11,mentoring,late
STU0224,2024-11-20,mentoring,absent
STU0224,2024-12-13,lab,present
STU0225,2023-03-07,lecture,late
STU0225,2023-04-17,lecture,present
STU0225,2023-05-02,lecture,present
STU0225,2023-05-26,lab,absent
STU0225,2023-07-21,lab,present
STU0225,2023-07-25,mentoring,absent
STU0225,2023-08-16,lab,present
STU0225,2023-08-17,mentoring,present
STU0225,2023-09-07,mentoring,present
STU0225,2023-10-17,lecture,late
STU0225,2023-10-31,lecture,present
STU0225,2023-11-30,mentoring,late
STU0225,2023-12-12,mentoring,present
STU0225,2023-12-28,lecture,present
STU0225,2024-02-21,mentoring,present
STU0225,2024-03-19,lecture,late
STU0225,2024-05-13,lecture,present
STU0225,2024-05-17,lab,absent
STU0225,2024-06-10,lab,absent
STU0225,2024-06-18,mentoring,present
STU0225,2024-07-01,lecture,present
STU0225,2024-07-16,mentoring,late
STU0225,2024-08-02,mentoring,present
STU0225,2024-08-05,lecture,late
STU0225,2024-08-13,lab,present
STU0225,2024-08-19,lab,present
STU0225,2024-08-20,mentoring,present
STU0225,2024-08-30,mentoring,present
STU0225,2024-09-25,lecture,late
STU0225,2024-09-27,mentoring,present
STU0225,2024-10-07,lecture,absent
STU0225,2024-11-18,lecture,present
STU0225,2024-11-22,lecture,late
STU0225,2024-11-28,mentoring,absent
STU0225,2024-12-16,lab,absent
STU0225,2024-12-20,mentoring,present
STU0226,2023-09-07,lecture,late
STU0226,2023-09-25,mentoring,present
STU0226,2023-10-27,lab,absent
STU0226,2024-01-03,lab,absent
STU0226,2024-01-18,lecture,absent
STU0226,2024-02-05,lab,late
STU0226,2024-02-15,lab,present
STU0226,2024-02-19,mentoring,absent
STU0226,2024-03-11,mentoring,present
STU0226,2024-04-19,lab,present
STU0226,2024-04-22,mentoring,late
STU0226,2024-05-14,mentoring,present
STU0226,2024-07-10,mentoring,present
STU0226,2024-08-01,lab,present
STU0226,2024-09-05,lab,late
STU0226,2024-10-07,lecture,present
STU0226,2024-11-05,mentoring,late
STU0226,2024-11-07,lab,present
STU0226,2025-01-07,lab,present
STU0226,2025-01-15,lecture,present
STU0227,2024-03-05,lab,present
STU0227,2024-03-08,lecture,late
STU0227,2024-03-14,mentoring,late
STU0227,2024-04-19,mentoring,absent
STU0227,2024-05-01,lab,present
STU0227,2024-05-13,lecture,present
STU0227,2024-06-06,lecture,absent
STU0227,2024-06-10,mentoring,absent
STU0227,2024-07-03,lab,present
STU0227,2024-07-15,mentoring,absent
STU0227,2024-07-16,lecture,present
STU0227,2024-07-29,lab,present
STU0227,2024-09-12,mentoring,present
STU0227,2024-09-16,lecture,present
STU0227,2024-09-25,lecture,absent
STU0227,2024-10-24,lecture,present
STU0227,2024-11-12,lecture,present
STU0227,2024-12-11,mentoring,present
STU0228,2024-08-13,lecture,present
STU0228,2024-09-03,lab,present
STU0228,2024-09-18,mentoring,present
STU0228,2024-11-06,lab,present
STU0228,2024-11-11,lecture,late
STU0228,2024-12-05,mentoring,late
STU0228,2025-01-03,lecture,absent
STU0229,2023-02-09,lab,late
STU0229,2023-03-03,mentoring,present
STU0229,2023-03-15,mentoring,present
STU0229,2023-03-17,lab,present
STU0229,2023-04-11,mentoring,late
STU0229,2023-04-12,lecture,late
STU0229,2023-05-03,lecture,present
STU0229,2023-05-05,mentoring,present
STU0229,2023-05-23,lab,present
STU0229,2023-07-26,mentoring,present
STU0229,2023-08-02,lecture,present
STU0229,2023-08-17,lecture,absent
STU0229,2023-08-23,lab,present
STU0229,2023-08-30,lecture,absent
STU0229,2023-09-04,lecture,present
STU0229,2023-09-08,lecture,late
STU0229,2023-09-13,mentoring,present
STU0229,2023-09-27,mentoring,late
STU0229,2023-11-02,lab,absent
STU0229,2023-11-30,lab,present
STU0229,2023-12-12,lab,present
STU0229,2023-12-28,mentoring,late
STU0229,2024-01-15,mentoring,present
STU0229,2024-01-17,lecture,present
STU0229,2024-01-26,lab,late
STU0229,2024-02-07,mentoring,present
STU0229,2024-03-20,lecture,present
STU0229,2024-04-26,lab,present
STU0229,2024-05-02,lab,present
STU0229,2024-05-10,lecture,present
STU0229,2024-05-15,mentoring,present
STU0229,2024-06-19,lab,absent
STU0229,2024-08-20,mentoring,present
STU0229,2024-09-23,lecture,absent
STU0229,2024-09-27,mentoring,late
STU0229,2024-10-14,mentoring,absent
STU0229,2024-10-17,lecture,present
STU0229,2024-11-01,mentoring,present
STU0229,2024-12-13,lab,present
STU0229,2025-01-06,mentoring,late
STU0230,2023-10-04,mentoring,present
STU0230,2023-10-06,lab,late
STU0230,2023-10-18,lab,present
STU0230,2023-12-13,mentoring,late
STU0230,2024-02-12,lab,present
STU0230,2024-02-14,lecture,present
STU0230,2024-03-04,mentoring,present
STU0230,2024-05-09,mentoring,present
STU0230,2024-07-17,lab,present
STU0230,2024-08-20,lab,present
STU0230,2024-10-03,lecture,present
STU0230,2024-10-08,lecture,present
STU0230,2024-10-14,lecture,late
STU0230,2024-10-30,mentoring,present
STU0230,2024-11-13,mentoring,present
STU0230,2024-12-25,mentoring,present
STU0231,2024-03-21,lecture,present
STU0231,2024-04-03,mentoring,absent
STU0231,2024-05-09,lab,present
STU0231,2024-05-20,lab,present
STU0231,2024-07-18,mentoring,absent
STU0231,2024-07-23,mentoring,present
STU0231,2024-07-30,mentoring,absent
STU0231,2024-08-01,lecture,late
STU0231,2024-09-05,mentoring,present
STU0231,2024-09-11,mentoring,absent
STU0231,2024-09-19,mentoring,present
STU0231,2024-09-26,mentoring,present
STU0231,2024-09-27,lecture,present
STU0231,2024-10-02,lab,present
STU0231,2024-10-30,lecture,present
STU0231,2024-12-02,lecture,present
STU0231,2024-12-06,lecture,present
STU0231,2024-12-25,lab,present
STU0231,2025-01-08,lecture,late
STU0232,2024-08-02,lab,present
STU0232,2024-08-07,lab,absent
STU0232,2024-08-20,lab,present
STU0232,2024-09-05,lab,present
STU0232,2024-09-19,lab,present
STU0232,2024-10-31,lecture,late
STU0232,2024-11-11,lecture,present
STU0232,2024-11-18,lecture,late
STU0232,2024-11-26,lab,present
STU0232,2024-12-12,mentoring,present
STU0232,2025-01-01,lecture,absent
STU0233,2023-05-09,mentoring,present
STU0233,2023-05-16,mentoring,absent
STU0233,2023-06-21,lab,present
STU0233,2023-08-01,lab,present
STU0233,2023-08-28,lecture,present
STU0233,2023-09-08,lab,present
STU0233,2023-09-28,mentoring,present
STU0233,2023-10-17,lab,absent
STU0233,2023-10-18,mentoring,present
STU0233,2023-11-08,lecture,present
STU0233,2023-11-23,lab,present
STU0233,2023-12-06,lab,present
STU0233,2024-02-22,lab,present
STU0233,2024-03-19,mentoring,present
STU0233,2024-04-01,mentoring,present
STU0233,2024-04-17,lecture,present
STU0233,2024-05-10,lecture,present
STU0233,2024-05-15,lecture,absent
STU0233,2024-05-24,lecture,present
STU0233,2024-06-14,lecture,present
STU0233,2024-06-26,mentoring,present
STU0233,2024-07-05,lab,present
STU0233,2024-07-22,mentoring,present
STU0233,2024-08-01,lab,present
STU0233,2024-08-12,lecture,present
STU0233,2024-08-15,lecture,present
STU0233,2024-08-26,lecture,present
STU0233,2024-09-02,lecture,absent
STU0233,2024-11-22,mentoring,late
STU0233,2024-12-20,lecture,absent
STU0233,2025-01-01,mentoring,present
STU0233,2025-01-07,lab,absent
STU0234,2023-09-20,mentoring,present
STU0234,2023-10-03,mentoring,absent
STU0234,2023-10-26,lab,present
STU0234,2023-11-08,lecture,late
STU0234,2023-11-30,mentoring,absent
STU0234,2023-12-08,lab,present
STU0234,2024-01-03,mentoring,present
STU0234,2024-01-05,lecture,present
STU0234,2024-01-30,lecture,present
STU0234,2024-02-14,lecture,present
STU0234,2024-02-20,lecture,present
STU0234,2024-02-21,lab,present
STU0234,2024-02-29,lecture,absent
STU0234,2024-03-13,lecture,present
STU0234,2024-03-14,lab,present
STU0234,2024-03-19,lab,present
STU0234,2024-05-01,lecture,present
STU0234,2024-05-30,lab,present
STU0234,2024-06-24,mentoring,present
STU0234,2024-07-02,mentoring,late
STU0234,2024-07-15,lecture,present
STU0234,2024-08-02,lecture,absent
STU0234,2024-08-16,lab,late
STU0234,2024-09-03,lab,absent
STU0234,2024-09-19,mentoring,present
STU0235,2024-02-19,lecture,present
STU0235,2024-03-04,lab,present
STU0235,2024-03-15,lecture,present
STU0235,2024-03-18,lab,present
STU0235,2024-03-27,lecture,late
STU0235,2024-04-11,lab,late
STU0235,2024-04-19,lecture,present
STU0235,2024-06-04,lecture,late
STU0235,2024-08-23,lab,present
STU0235,2024-09-05,lecture,present
STU0235,2024-09-13,mentoring,present
STU0235,2024-11-15,lecture,present
STU0235,2024-12-06,lecture,present
STU0235,2024-12-09,lab,late
STU0236,2024-08-26,lab,present
STU0236,2024-09-18,lecture,present
STU0236,2024-09-27,mentoring,present
STU0236,2024-11-05,lecture,present
STU0236,2024-11-15,lab,present
STU0236,2024-11-20,lab,present
STU0236,2024-12-06,lecture,present
STU0236,2024-12-17,mentoring,present
STU0236,2025-01-02,mentoring,absent
STU0237,2023-02-10,lab,late
STU0237,2023-03-27,lab,present
STU0237,2023-03-28,mentoring,present
STU0237,2023-04-06,lab,present
STU0237,2023-04-27,lecture,late
STU0237,2023-05-16,mentoring,present
STU0237,2023-05-24,mentoring,present
STU0237,2023-05-29,mentoring,present
STU0237,2023-06-15,lecture,present
STU0237,2023-06-21,lab,present
STU0237,2023-07-03,lab,absent
STU0237,2023-07-12,lab,present
STU0237,2023-07-18,lab,present
STU0237,2023-09-01,mentoring,present
STU0237,2023-09-08,lecture,late
STU0237,2023-09-15,lecture,absent
STU0237,2023-10-02,lecture,late
STU0237,2023-11-01,mentoring,present
STU0237,2023-11-08,lab,present
STU0237,2023-11-28,lecture,late
STU0237,2023-11-29,lab,absent
STU0237,2024-01-02,mentoring,late
STU0237,2024-01-05,lab,present
STU0237,2024-01-09,lecture,present
STU0237,2024-02-15,mentoring,present
STU0237,2024-03-01,mentoring,present
STU0237,2024-03-12,lecture,present
STU0237,2024-04-02,lecture,present
STU0237,2024-04-22,lecture,present
STU0237,2024-05-01,mentoring,present
STU0237,2024-05-13,lecture,late
STU0237,2024-07-09,mentoring,absent
STU0237,2024-07-10,lecture,present
STU0237,2024-08-08,mentoring,late
STU0237,2024-08-09,lecture,present
STU0237,2024-09-11,mentoring,present
STU0237,2024-09-26,lecture,present
STU0237,2024-10-01,lab,present
STU0237,2024-10-03,lecture,present
STU0237,2024-11-08,lab,present
STU0237,2024-11-27,lab,present
STU0238,2023-09-12,lecture,present
STU0238,2023-09-18,lecture,present
STU0238,2023-09-26,lab,present
STU0238,2023-09-28,lecture,present
STU0238,2023-10-02,lab,late
STU0238,2023-10-16,lab,absent
STU0238,2023-10-17,mentoring,absent
STU0238,2023-12-06,lecture,absent
STU0238,2023-12-11,mentoring,present
STU0238,2023-12-21,mentoring,present
STU0238,2024-01-01,lab,present
STU0238,2024-01-05,lecture,present
STU0238,2024-02-22,lecture,absent
STU0238,2024-05-01,lecture,present
STU0238,2024-05-14,lab,late
STU0238,2024-05-22,mentoring,present
STU0238,2024-05-24,lecture,present
STU0238,2024-06-04,mentoring,present
STU0238,2024-07-04,lecture,present
STU0238,2024-08-13,mentoring,absent
STU0238,2024-08-20,lab,present
STU0238,2024-09-27,mentoring,present
STU0238,2024-10-01,lecture,late
STU0238,2024-10-21,lab,present
STU0238,2024-10-30,lecture,present
STU0238,2024-11-11,lecture,present
STU0238,2024-11-18,mentoring,present
STU0238,2024-11-26,lab,absent
STU0238,2024-12-09,mentoring,present
STU0238,2024-12-19,lab,late
STU0239,2024-03-04,lecture,present
STU0239,2024-03-05,lab,present
STU0239,2024-03-18,lab,present
STU0239,2024-03-19,mentoring,absent
STU0239,2024-04-12,lecture,present
STU0239,2024-04-25,lab,present
STU0239,2024-04-26,mentoring,present
STU0239,2024-04-29,lecture,present
STU0239,2024-05-31,mentoring,present
STU0239,2024-06-04,lab,present
STU0239,2024-07-11,lab,absent
STU0239,2024-07-23,lab,present
STU0239,2024-08-01,lab,present
STU0239,2024-08-02,mentoring,present
STU0239,2024-08-14,lecture,present
STU0239,2024-09-05,mentoring,present
STU0239,2024-09-17,lab,present
STU0239,2024-11-26,lecture,present
STU0239,2024-12-03,lecture,present
STU0239,2025-01-10,mentoring,present
STU0240,2024-08-30,lecture,present
STU0240,2024-09-09,lecture,present
STU0240,2024-10-30,lab,present
STU0240,2024-11-01,mentoring,present
STU0240,2024-11-04,lecture,late
STU0240,2024-12-03,lecture,absent
STU0240,2025-01-01,mentoring,present
STU0240,2025-01-02,lecture,present
STU0241,2023-02-23,lecture,present
STU0241,2023-03-14,mentoring,present
STU0241,2023-05-10,lecture,absent
STU0241,2023-06-01,lab,present
STU0241,2023-06-22,lecture,absent
STU0241,2023-08-02,lab,present
STU0241,2023-08-07,mentoring,present
STU0241,2023-08-23,mentoring,present
STU0241,2023-09-04,lecture,present
STU0241,2023-09-06,lab,present
STU0241,2023-09-25,mentoring,present
STU0241,2023-10-27,lecture,absent
STU0241,2023-10-30,lab,present
STU0241,2023-11-03,lab,present
STU0241,2023-11-14,lab,late
STU0241,2023-12-26,mentoring,absent
STU0241,2024-01-10,lab,absent
STU0241,2024-01-17,lab,present
STU0241,2024-02-05,mentoring,late
STU0241,2024-02-07,lab,present
STU0241,2024-03-14,lab,late
STU0241,2024-03-15,mentoring,late
STU0241,2024-03-20,lab,late
STU0241,2024-04-04,mentoring,present
STU0241,2024-04-19,lecture,present
STU0241,2024-05-23,lab,present
STU0241,2024-05-30,lab,present
STU0241,2024-05-31,mentoring,present
STU0241,2024-06-03,lecture,present
STU0241,2024-06-05,mentoring,present
STU0241,2024-06-18,lab,present
STU0241,2024-06-28,mentoring,late
STU0241,2024-09-19,lab,present
STU0241,2024-10-07,lecture,present
STU0241,2024-10-16,lecture,present
STU0241,2024-10-21,mentoring,present
STU0241,2024-11-19,mentoring,present
STU0241,2024-11-27,lecture,present
STU0241,2024-12-10,lab,absent
STU0241,2024-12-13,mentoring,present
STU0241,2025-01-10,lecture,present
STU0242,2023-08-23,lecture,present
STU0242,2023-10-31,mentoring,present
STU0242,2023-11-07,lecture,absent
STU0242,2024-01-09,lecture,present
STU0242,2024-01-25,mentoring,present
STU0242,2024-02-02,mentoring,present
STU0242,2024-02-22,lecture,present
STU0242,2024-03-25,lab,present
STU0242,2024-04-10,lab,late
STU0242,2024-05-09,mentoring,present
STU0242,2024-05-20,mentoring,late
STU0242,2024-05-28,lecture,present
STU0242,2024-06-14,mentoring,present
STU0242,2024-06-20,mentoring,late
STU0242,2024-07-25,lecture,present
STU0242,2024-08-05,lecture,present
STU0242,2024-09-09,mentoring,present
STU0242,2024-09-19,mentoring,present
STU0242,2024-09-23,lab,present
STU0242,2024-10-03,lecture,late
STU0242,2024-11-04,mentoring,absent
STU0242,2024-11-12,lecture,present
STU0242,2024-12-05,lecture,late
STU0242,2024-12-11,lab,present
STU0242,2024-12-18,lecture,present
STU0242,2024-12-31,mentoring,late
STU0242,2025-01-01,lecture,present
STU0243,2024-02-27,mentoring,present
STU0243,2024-05-06,lecture,absent
STU0243,2024-05-10,lab,late
STU0243,2024-05-15,lecture,present
STU0243,2024-06-27,lecture,present
STU0243,2024-06-28,lab,absent
STU0243,2024-07-09,mentoring,present
STU0243,2024-07-10,lecture,present
STU0243,2024-07-31,lecture,present
STU0243,2024-08-22,lecture,present
STU0243,2024-09-02,lab,present
STU0243,2024-09-12,lab,late
STU0243,2024-09-23,lab,present
STU0243,2024-10-02,lecture,present
STU0243,2024-10-09,lecture,present
STU0243,2024-10-18,lecture,present
STU0243,2024-11-04,lecture,absent
STU0243,2024-11-08,lecture,present
STU0243,2024-12-20,mentoring,present
STU0244,2024-09-04,lab,late
STU0244,2024-09-05,mentoring,present
STU0244,2024-09-12,mentoring,late
STU0244,2024-09-18,lecture,present
STU0244,2024-10-07,lab,present
STU0244,2024-10-11,lecture,present
STU0244,2024-10-18,lab,present
STU0244,2024-11-01,lecture,present
STU0244,2024-11-13,mentoring,present
STU0244,2024-11-15,lab,present
STU0244,2024-11-29,lab,absent
STU0244,2024-12-31,lab,present
STU0245,2023-04-06,lecture,present
STU0245,2023-04-13,lab,present
STU0245,2023-04-20,lecture,absent
STU0245,2023-05-03,lecture,present
STU0245,2023-06-14,lecture,late
STU0245,2023-06-19,mentoring,absent
STU0245,2023-07-13,lecture,present
STU0245,2023-08-30,lecture,present
STU0245,2023-10-17,mentoring,late
STU0245,2023-10-19,lab,present
STU0245,2023-11-22,lab,absent
STU0245,2023-12-08,mentoring,present
STU0245,2023-12-12,lecture,present
STU0245,2023-12-29,lab,absent
STU0245,2024-01-05,lab,absent
STU0245,2024-02-02,lab,late
STU0245,2024-02-23,lab,present
STU0245,2024-03-08,mentoring,late
STU0245,2024-03-15,lab,absent
STU0245,2024-03-18,mentoring,present
STU0245,2024-04-30,lecture,present
STU0245,2024-05-20,mentoring,present
STU0245,2024-05-27,lab,present
STU0245,2024-05-31,mentoring,present
STU0245,2024-06-06,mentoring,late
STU0245,2024-06-25,mentoring,present
STU0245,2024-07-09,lecture,present
STU0245,2024-08-21,mentoring,present
STU0245,2024-09-16,lab,present
STU0245,2024-11-13,lecture,present
STU0245,2024-11-14,lab,present
STU0245,2024-11-25,mentoring,present
STU0245,2024-12-13,mentoring,present
STU0245,2024-12-18,lab,present
STU0245,2024-12-25,mentoring,late
STU0245,2024-12-26,lecture,present
STU0245,2024-12-30,mentoring,present
STU0246,2023-08-04,lecture,absent
STU0246,2023-08-07,lab,late
STU0246,2023-08-11,lecture,present
STU0246,2023-08-31,lecture,absent
STU0246,2023-09-20,mentoring,present
STU0246,2023-09-22,lecture,present
STU0246,2023-11-21,lab,present
STU0246,2023-11-30,lab,present
STU0246,2023-12-01,mentoring,present
STU0246,2023-12-15,mentoring,absent
STU0246,2024-01-02,lab,present
STU0246,2024-01-05,lab,present
STU0246,2024-02-07,lab,absent
STU0246,2024-03-15,lab,present
STU0246,2024-05-20,lab,late
STU0246,2024-06-19,lab,present
STU0246,2024-07-03,lecture,present
STU0246,2024-07-25,mentoring,late
STU0246,2024-07-26,lecture,late
STU0246,2024-08-22,mentoring,absent
STU0246,2024-09-06,mentoring,present
STU0246,2024-10-04,mentoring,present
STU0246,2024-10-16,lecture,absent
STU0246,2024-11-26,lab,absent
STU0246,2024-11-27,mentoring,absent
STU0246,2024-12-18,lecture,present
STU0247,2024-03-12,lab,present
STU0247,2024-03-28,mentoring,late
STU0247,2024-05-06,lecture,absent
STU0247,2024-05-17,mentoring,late
STU0247,2024-06-13,lab,absent
STU0247,2024-06-18,lab,present
STU0247,2024-07-26,lecture,absent
STU0247,2024-08-12,lab,late
STU0247,2024-08-13,mentoring,absent
STU0247,2024-11-04,lab,present
STU0247,2024-11-05,mentoring,present
STU0247,2024-11-07,lab,late
STU0247,2024-11-20,lecture,present
STU0247,2024-12-27,mentoring,late
STU0247,2025-01-10,mentoring,present
STU0247,2025-01-15,lab,present
STU0248,2024-09-17,lecture,present
STU0248,2024-10-01,lecture,present
STU0248,2024-10-11,lecture,absent
STU0248,2024-11-27,mentoring,present
STU0248,2024-12-04,lab,present
STU0248,2024-12-09,lecture,present
STU0248,2024-12-30,lecture,late
STU0249,2023-03-02,lab,present
STU0249,2023-03-03,mentoring,absent
STU0249,2023-05-12,lecture,present
STU0249,2023-05-22,lab,present
STU0249,2023-06-14,lecture,present
STU0249,2023-07-10,lab,absent
STU0249,2023-07-11,mentoring,present
STU0249,2023-07-20,mentoring,present
STU0249,2023-07-27,lecture,late
STU0249,2023-08-21,lab,absent
STU0249,2023-09-07,mentoring,present
STU0249,2023-09-08,lecture,present
STU0249,2023-09-11,lab,present
STU0249,2023-09-28,lecture,late
STU0249,2023-10-19,mentoring,present
STU0249,2023-10-27,mentoring,present
STU0249,2023-11-16,mentoring,present
STU0249,2023-11-22,lecture,late
STU0249,2023-12-27,lab,present
STU0249,2024-01-04,lab,present
STU0249,2024-01-23,lecture,present
STU0249,2024-02-05,mentoring,absent
STU0249,2024-02-09,mentoring,present
STU0249,2024-02-26,lecture,present
STU0249,2024-04-10,lab,late
STU0249,2024-04-11,mentoring,late
STU0249,2024-04-17,lab,present
STU0249,2024-04-19,mentoring,present
STU0249,2024-06-06,mentoring,present
STU0249,2024-06-18,mentoring,present
STU0249,2024-06-21,lab,late
STU0249,2024-06-25,mentoring,present
STU0249,2024-07-03,lab,late
STU0249,2024-08-05,lecture,present
STU0249,2024-09-27,mentoring,absent
STU0249,2024-10-02,lab,present
STU0249,2024-10-03,mentoring,absent
STU0249,2024-10-08,mentoring,present
STU0249,2024-10-22,lecture,present
STU0249,2024-11-01,mentoring,present
STU0249,2024-11-18,lab,present
STU0249,2024-11-22,mentoring,present
STU0249,2024-11-25,lecture,present
STU0249,2024-12-06,lecture,absent
STU0250,2023-08-22,lecture,present
STU0250,2023-08-23,lab,absent
STU0250,2023-09-01,lecture,absent
STU0250,2023-10-25,mentoring,present
STU0250,2023-11-06,lab,present
STU0250,2023-11-22,lab,present
STU0250,2023-12-01,lecture,present
STU0250,2023-12-29,lecture,present
STU0250,2024-01-03,lecture,late
STU0250,2024-02-02,mentoring,present
STU0250,2024-02-06,lab,absent
STU0250,2024-02-14,lecture,absent
STU0250,2024-02-16,mentoring,present
STU0250,2024-02-19,lecture,present
STU0250,2024-03-05,lecture,present
STU0250,2024-04-05,lecture,present
STU0250,2024-04-18,lecture,absent
STU0250,2024-04-23,mentoring,present
STU0250,2024-06-18,lab,present
STU0250,2024-07-30,lecture,present
STU0250,2024-08-23,lab,absent
STU0250,2024-10-22,mentoring,present
STU0250,2024-10-24,lab,present
STU0250,2024-11-20,mentoring,present
STU0250,2024-11-27,lecture,present
STU0250,2024-12-10,lecture,present
STU0250,2024-12-16,mentoring,present
STU0250,2024-12-24,lab,absent
STU0250,2024-12-26,lecture,present
STU0250,2024-12-30,mentoring,present
STU0250,2025-01-10,mentoring,present
STU0251,2024-03-06,lecture,present
STU0251,2024-03-08,mentoring,absent
STU0251,2024-03-11,lecture,present
STU0251,2024-03-19,lab,present
STU0251,2024-05-03,lecture,late
STU0251,2024-05-07,mentoring,present
STU0251,2024-06-24,lecture,present
STU0251,2024-07-16,mentoring,present
STU0251,2024-08-26,lab,late
STU0251,2024-09-17,lab,absent
STU0251,2024-09-30,lecture,present
STU0251,2024-10-02,mentoring,present
STU0251,2024-11-26,lecture,present
STU0251,2024-12-19,mentoring,present
STU0251,2025-01-03,lecture,absent
STU0252,2024-08-30,lab,present
STU0252,2024-09-13,lecture,present
STU0252,2024-10-09,mentoring,present
STU0252,2024-11-06,mentoring,late
STU0252,2024-11-07,lecture,late
STU0252,2024-12-03,lecture,present
STU0252,2024-12-04,lab,present
STU0252,2024-12-12,mentoring,late
STU0252,2025-01-06,lab,absent
STU0253,2023-02-14,lecture,present
STU0253,2023-02-27,mentoring,late
STU0253,2023-02-28,lecture,late
STU0253,2023-04-07,lab,present
STU0253,2023-04-18,lecture,present
STU0253,2023-05-10,lecture,present
STU0253,2023-07-07,lecture,absent
STU0253,2023-08-03,lab,present
STU0253,2023-08-16,lab,absent
STU0253,2023-10-10,lecture,present
STU0253,2023-11-01,mentoring,present
STU0253,2023-11-03,lecture,absent
STU0253,2023-12-05,lab,present
STU0253,2024-01-22,mentoring,present
STU0253,2024-05-15,lab,absent
STU0253,2024-05-20,lecture,late
STU0253,2024-05-31,lab,present
STU0253,2024-06-03,mentoring,present
STU0253,2024-07-19,lab,present
STU0253,2024-07-22,mentoring,present
STU0253,2024-07-23,lecture,absent
STU0253,2024-07-24,lab,present
STU0253,2024-08-19,lab,present
STU0253,2024-08-27,mentoring,present
STU0253,2024-09-05,lab,present
STU0253,2024-09-11,mentoring,present
STU0253,2024-09-24,lab,absent
STU0253,2024-10-28,lecture,present
STU0253,2024-11-22,lecture,present
STU0253,2024-11-25,lab,late
STU0254,2023-08-15,lab,present
STU0254,2023-11-09,lab,present
STU0254,2023-11-13,lecture,present
STU0254,2023-11-17,mentoring,present
STU0254,2024-02-07,mentoring,present
STU0254,2024-02-20,lecture,present
STU0254,2024-02-28,mentoring,present
STU0254,2024-03-12,mentoring,late
STU0254,2024-03-20,lecture,present
STU0254,2024-03-26,lecture,present
STU0254,2024-03-29,lab,present
STU0254,2024-04-10,mentoring,present
STU0254,2024-05-15,mentoring,present
STU0254,2024-05-21,lecture,present
STU0254,2024-05-31,lecture,present
STU0254,2024-07-31,mentoring,present
STU0254,2024-09-18,lecture,present
STU0254,2024-10-14,lab,present
STU0254,2024-10-15,mentoring,present
STU0254,2024-10-31,mentoring,absent
STU0254,2024-11-01,lecture,present
STU0254,2024-11-11,lab,late
STU0254,2024-11-12,mentoring,present
STU0254,2024-11-18,lab,present
STU0254,2024-12-05,lecture,late
STU0254,2024-12-11,lecture,present
STU0254,2024-12-25,lecture,present
STU0254,2024-12-27,lab,present
STU0255,2024-03-26,mentoring,absent
STU0255,2024-05-09,mentoring,late
STU0255,2024-05-13,lab,present
STU0255,2024-06-07,mentoring,present
STU0255,2024-06-11,lab,absent
STU0255,2024-07-05,lab,present
STU0255,2024-07-09,lecture,present
STU0255,2024-07-11,mentoring,present
STU0255,2024-07-30,lecture,present
STU0255,2024-08-01,mentoring,present
STU0255,2024-08-13,mentoring,late
STU0255,2024-09-02,lab,late
STU0255,2024-09-11,mentoring,absent
STU0255,2024-09-13,lab,present
STU0255,2024-10-11,mentoring,present
STU0255,2024-10-16,mentoring,present
STU0255,2024-10-25,lab,present
STU0255,2024-10-30,lecture,present
STU0255,2024-10-31,lab,present
STU0255,2024-11-06,lab,late
STU0255,2024-12-25,lecture,absent
STU0255,2024-12-27,lab,present
STU0256,2024-09-06,lab,late
STU0256,2024-11-06,lab,present
STU0256,2024-12-12,lab,present
STU0257,2023-03-06,lecture,present
STU0257,2023-03-29,lab,late
STU0257,2023-04-07,lecture,present
STU0257,2023-04-21,lab,present
STU0257,2023-05-24,lab,late
STU0257,2023-07-03,mentoring,present
STU0257,2023-07-07,lab,late
STU0257,2023-07-14,lab,present
STU0257,2023-08-11,lecture,present
STU0257,2023-10-31,lab,present
STU0257,2023-11-08,lecture,absent
STU0257,2023-11-10,mentoring,late
STU0257,2023-12-05,lab,absent
STU0257,2024-01-09,lab,late
STU0257,2024-01-15,lab,late
STU0257,2024-03-01,lecture,absent
STU0257,2024-03-29,lab,present
STU0257,2024-04-15,lab,present
STU0257,2024-04-18,lecture,present
STU0257,2024-05-14,lecture,present
STU0257,2024-05-23,lecture,late
STU0257,2024-05-27,mentoring,present
STU0257,2024-06-07,mentoring,present
STU0257,2024-06-11,lab,present
STU0257,2024-06-12,mentoring,late
STU0257,2024-07-17,lab,absent
STU0257,2024-07-24,mentoring,present
STU0257,2024-08-02,lab,present
STU0257,2024-08-08,lab,present
STU0257,2024-08-19,lab,present
STU0257,2024-08-26,mentoring,present
STU0257,2024-09-02,lecture,present
STU0257,2024-10-03,lecture,present
STU0257,2024-10-21,lecture,late
STU0257,2024-10-28,mentoring,present
STU0257,2024-10-31,lab,absent
STU0257,2024-11-21,lab,present
STU0257,2024-11-25,lecture,absent
STU0257,2024-12-17,lecture,present
STU0257,2024-12-27,lab,absent
STU0257,2024-12-31,lecture,present
STU0258,2023-09-20,lab,present
STU0258,2023-10-20,mentoring,present
STU0258,2023-11-07,lab,absent
STU0258,2023-12-05,lecture,present
STU0258,2023-12-19,mentoring,present
STU0258,2023-12-27,mentoring,present
STU0258,2024-01-15,lab,present
STU0258,2024-01-30,lecture,present
STU0258,2024-02-19,lab,present
STU0258,2024-03-18,lab,present
STU0258,2024-04-04,mentoring,present
STU0258,2024-05-06,lab,present
STU0258,2024-05-08,mentoring,present
STU0258,2024-06-03,mentoring,present
STU0258,2024-06-20,lecture,absent
STU0258,2024-07-26,mentoring,absent
STU0258,2024-08-02,lab,present
STU0258,2024-09-03,lecture,present
STU0258,2024-09-05,lab,present
STU0258,2024-09-09,mentoring,present
STU0258,2024-09-20,lab,present
STU0258,2024-09-23,mentoring,present
STU0258,2024-11-14,lecture,late
STU0258,2024-12-03,lab,present
STU0258,2025-01-07,lab,present
STU0259,2024-03-27,mentoring,absent
STU0259,2024-04-23,lab,late
STU0259,2024-05-16,mentoring,present
STU0259,2024-05-31,lecture,late
STU0259,2024-06-03,lab,present
STU0259,2024-06-21,lab,present
STU0259,2024-07-19,lecture,absent
STU0259,2024-07-29,lab,present
STU0259,2024-08-15,mentoring,late
STU0259,2024-09-25,lab,present
STU0259,2024-10-02,mentoring,present
STU0259,2024-10-11,lecture,present
STU0259,2024-10-28,mentoring,present
STU0259,2024-10-29,lecture,late
STU0259,2024-11-01,mentoring,late
STU0259,2024-11-25,lab,present
STU0259,2024-12-20,lab,present
STU0259,2024-12-24,mentoring,late
STU0260,2024-10-24,lab,late
STU0260,2024-10-30,lab,present
STU0260,2024-11-27,lab,present
STU0260,2024-12-03,lecture,late
STU0260,2024-12-05,lab,present
STU0260,2024-12-25,lab,absent
STU0260,2024-12-27,lecture,absent
STU0260,2024-12-30,lab,present
STU0260,2025-01-02,lecture,absent
STU0261,2023-02-22,lecture,present
STU0261,2023-04-20,lab,present
STU0261,2023-04-27,lab,present
STU0261,2023-05-31,mentoring,late
STU0261,2023-06-05,lab,present
STU0261,2023-06-29,mentoring,present
STU0261,2023-08-30,lab,present
STU0261,2023-09-12,mentoring,present
STU0261,2023-10-31,lecture,late
STU0261,2023-11-03,mentoring,late
STU0261,2023-12-07,mentoring,late
STU0261,2023-12-27,mentoring,present
STU0261,2024-01-10,lecture,present
STU0261,2024-02-01,lecture,present
STU0261,2024-02-27,lab,late
STU0261,2024-03-01,mentoring,present
STU0261,2024-03-28,mentoring,present
STU0261,2024-04-08,lecture,present
STU0261,2024-04-10,mentoring,present
STU0261,2024-05-17,mentoring,absent
STU0261,2024-05-21,lab,present
STU0261,2024-05-22,mentoring,late
STU0261,2024-06-07,lecture,present
STU0261,2024-07-15,lab,present
STU0261,2024-08-08,lab,late
STU0261,2024-10-09,mentoring,present
STU0261,2024-10-16,lecture,absent
STU0261,2024-10-18,lab,absent
STU0261,2024-11-19,lecture,present
STU0261,2024-12-02,mentoring,late
STU0262,2023-09-04,mentoring,absent
STU0262,2023-09-07,mentoring,present
STU0262,2023-09-12,lab,late
STU0262,2023-10-23,lab,present
STU0262,2023-10-25,lecture,present
STU0262,2023-11-14,mentoring,present
STU0262,2023-12-07,lab,present
STU0262,2023-12-29,lecture,absent
STU0262,2024-01-09,mentoring,present
STU0262,2024-01-24,mentoring,late
STU0262,2024-01-30,lecture,late
STU0262,2024-02-01,mentoring,present
STU0262,2024-02-05,lab,late
STU0262,2024-02-16,lab,present
STU0262,2024-02-22,lecture,present
STU0262,2024-03-01,lecture,absent
STU0262,2024-03-04,lab,present
STU0262,2024-04-04,lecture,present
STU0262,2024-05-31,lecture,late
STU0262,2024-07-01,lab,late
STU0262,2024-07-11,lecture,present
STU0262,2024-07-26,mentoring,present
STU0262,2024-09-06,lecture,late
STU0262,2024-10-29,lab,present
STU0262,2024-11-18,mentoring,present
STU0262,2024-12-04,lab,present
STU0263,2024-02-27,lecture,absent
STU0263,2024-03-13,mentoring,present
STU0263,2024-03-14,lecture,absent
STU0263,2024-03-21,lecture,late
STU0263,2024-04-22,lab,present
STU0263,2024-05-17,lecture,late
STU0263,2024-08-26,lecture,present
STU0263,2024-09-11,lecture,absent
STU0263,2024-09-26,lecture,present
STU0263,2024-10-14,lab,present
STU0263,2024-10-21,lab,present
STU0263,2024-10-29,lecture,present
STU0263,2024-10-31,mentoring,late
STU0263,2024-11-06,mentoring,present
STU0263,2024-11-29,lecture,present
STU0263,2024-12-17,mentoring,absent
STU0263,2025-01-06,mentoring,present
STU0263,2025-01-09,lab,absent
STU0264,2024-09-23,lab,present
STU0264,2024-10-07,lab,absent
STU0264,2024-10-31,lab,late
STU0264,2024-11-19,lecture,present
STU0264,2024-12-10,lecture,absent
STU0264,2025-01-09,mentoring,late
STU0264,2025-01-14,lecture,present
STU0264,2025-01-15,lab,present
STU0265,2023-02-02,lecture,late
STU0265,2023-05-03,lecture,present
STU0265,2023-05-16,lecture,present
STU0265,2023-05-23,lecture,present
STU0265,2023-05-29,lecture,present
STU0265,2023-06-28,mentoring,late
STU0265,2023-07-05,lecture,present
STU0265,2023-08-09,lab,present
STU0265,2023-08-28,lab,absent
STU0265,2023-09-29,lab,present
STU0265,2023-10-10,lab,absent
STU0265,2023-10-25,lecture,present
STU0265,2023-11-22,lecture,absent
STU0265,2023-12-22,lecture,present
STU0265,2024-01-02,lab,present
STU0265,2024-01-11,lab,present
STU0265,2024-01-18,mentoring,present
STU0265,2024-02-29,lecture,present
STU0265,2024-03-15,mentoring,present
STU0265,2024-03-26,lab,present
STU0265,2024-03-28,lecture,late
STU0265,2024-04-18,lab,present
STU0265,2024-05-02,mentoring,present
STU0265,2024-05-22,lecture,absent
STU0265,2024-06-10,lab,present
STU0265,2024-06-19,lecture,late
STU0265,2024-06-28,lecture,present
STU0265,2024-07-10,mentoring,absent
STU0265,2024-07-17,lab,absent
STU0265,2024-08-01,lab,present
STU0265,2024-08-19,mentoring,absent
STU0265,2024-09-23,mentoring,present
STU0265,2024-10-16,lab,late
STU0265,2024-10-23,mentoring,absent
STU0265,2024-10-29,lab,late
STU0265,2024-11-15,mentoring,present
STU0266,2023-08-25,lab,present
STU0266,2023-09-08,lab,late
STU0266,2023-10-02,lecture,present
STU0266,2023-10-11,lab,present
STU0266,2023-12-01,lecture,present
STU0266,2023-12-04,lab,present
STU0266,2023-12-08,lecture,present
STU0266,2023-12-11,lab,present
STU0266,2023-12-28,lecture,late
STU0266,2024-03-15,mentoring,present
STU0266,2024-05-31,lecture,present
STU0266,2024-06-06,mentoring,present
STU0266,2024-06-11,lecture,present
STU0266,2024-07-16,mentoring,present
STU0266,2024-07-23,lab,absent
STU0266,2024-07-31,lab,present
STU0266,2024-08-28,lecture,present
STU0266,2024-09-04,lecture,present
STU0266,2024-10-16,mentoring,absent
STU0266,2024-10-22,lab,present
STU0266,2024-10-28,lab,absent
STU0266,2024-11-21,lecture,present
STU0266,2024-12-06,mentoring,present
STU0266,2024-12-27,lecture,late
STU0266,2025-01-13,lecture,late
STU0267,2024-01-24,mentoring,present
STU0267,2024-01-30,lab,present
STU0267,2024-02-16,lab,present
STU0267,2024-04-08,lab,present
STU0267,2024-04-09,mentoring,present
STU0267,2024-05-09,lecture,present
STU0267,2024-05-24,lab,late
STU0267,2024-06-17,lab,present
STU0267,2024-07-15,lecture,absent
STU0267,2024-07-24,mentoring,present
STU0267,2024-08-08,lecture,present
STU0267,2024-08-30,mentoring,present
STU0267,2024-09-02,lecture,present
STU0267,2024-09-05,mentoring,absent
STU0267,2024-09-09,lab,absent
STU0267,2024-10-14,lecture,present
STU0267,2024-11-15,lab,late
STU0267,2024-12-05,mentoring,present
STU0267,2025-01-03,lab,present
STU0268,2024-09-24,mentoring,present
STU0268,2024-09-26,lab,present
STU0268,2024-09-30,lecture,present
STU0268,2024-11-01,mentoring,present
STU0268,2024-11-04,lecture,present
STU0268,2024-12-02,lab,late
STU0268,2025-01-10,lecture,absent
STU0269,2023-02-24,mentoring,present
STU0269,2023-03-09,mentoring,present
STU0269,2023-04-05,mentoring,present
STU0269,2023-04-20,lecture,present
STU0269,2023-05-02,mentoring,late
STU0269,2023-06-28,lab,present
STU0269,2023-07-05,lecture,present
STU0269,2023-08-04,lab,present
STU0269,2023-09-05,mentoring,present
STU0269,2023-09-27,lecture,present
STU0269,2023-10-18,lecture,late
STU0269,2023-10-25,lab,present
STU0269,2023-11-23,lab,present
STU0269,2024-02-23,lecture,absent
STU0269,2024-03-13,lecture,present
STU0269,2024-03-27,lecture,present
STU0269,2024-04-05,lab,present
STU0269,2024-04-25,mentoring,present
STU0269,2024-05-17,lecture,present
STU0269,2024-06-13,mentoring,present
STU0269,2024-09-03,lecture,present
STU0269,2024-09-04,lab,present
STU0269,2024-10-09,lecture,present
STU0269,2024-10-15,mentoring,present
STU0269,2024-10-21,lab,present
STU0269,2024-10-28,mentoring,present
STU0269,2024-11-11,lab,present
STU0269,2024-12-04,mentoring,late
STU0269,2024-12-30,lecture,late
STU0269,2025-01-13,lab,present
STU0270,2023-09-13,lab,present
STU0270,2023-09-15,mentoring,present
STU0270,2023-10-05,mentoring,present
STU0270,2023-10-06,lecture,present
STU0270,2023-10-24,lab,absent
STU0270,2023-11-02,lab,present
STU0270,2023-11-08,lecture,present
STU0270,2023-11-20,mentoring,present
STU0270,2023-11-23,lab,present
STU0270,2023-12-04,lecture,present
STU0270,2024-01-04,mentoring,present
STU0270,2024-01-08,lab,present
STU0270,2024-02-05,lecture,present
STU0270,2024-02-15,lab,present
STU0270,2024-02-21,lecture,present
STU0270,2024-03-12,lecture,present
STU0270,2024-03-28,lab,present
STU0270,2024-04-30,lecture,present
STU0270,2024-05-17,lab,absent
STU0270,2024-05-30,lab,present
STU0270,2024-06-19,lab,late
STU0270,2024-06-26,lab,late
STU0270,2024-07-15,lecture,present
STU0270,2024-08-01,lecture,late
STU0270,2024-08-16,lab,present
STU0270,2024-08-19,mentoring,late
STU0270,2024-08-23,lecture,present
STU0270,2024-10-03,mentoring,present
STU0270,2024-10-11,lab,present
STU0270,2024-12-05,lab,absent
STU0271,2024-02-29,lecture,present
STU0271,2024-05-08,mentoring,present
STU0271,2024-05-29,mentoring,present
STU0271,2024-05-31,lecture,late
STU0271,2024-06-14,mentoring,present
STU0271,2024-06-20,lab,late
STU0271,2024-07-03,lecture,present
STU0271,2024-08-06,lab,present
STU0271,2024-08-20,lab,late
STU0271,2024-09-04,mentoring,present
STU0271,2024-09-10,lab,present
STU0271,2024-10-03,lab,present
STU0271,2024-10-23,lab,present
STU0271,2024-11-27,mentoring,present
STU0271,2024-12-05,lab,present
STU0271,2024-12-13,lab,present
STU0271,2024-12-31,lecture,present
STU0272,2024-08-21,lab,late
STU0272,2024-08-27,mentoring,late
STU0272,2024-09-17,mentoring,present
STU0272,2024-10-11,lecture,present
STU0272,2024-10-25,mentoring,present
STU0272,2024-10-29,lab,present
STU0272,2024-10-30,mentoring,present
STU0272,2024-11-14,lab,absent
STU0272,2024-11-27,mentoring,absent
STU0272,2024-12-04,lecture,present
STU0272,2025-01-01,lab,present
STU0272,2025-01-08,lab,present
STU0272,2025-01-14,mentoring,absent
STU0273,2023-02-23,mentoring,absent
STU0273,2023-02-24,lecture,absent
STU0273,2023-03-22,mentoring,present
STU0273,2023-03-29,lab,present
STU0273,2023-03-31,lecture,present
STU0273,2023-05-22,mentoring,present
STU0273,2023-06-01,mentoring,present
STU0273,2023-06-08,lab,present
STU0273,2023-06-21,lab,late
STU0273,2023-08-23,lab,present
STU0273,2023-09-20,lecture,absent
STU0273,2023-09-29,mentoring,absent
STU0273,2023-10-24,mentoring,late
STU0273,2023-12-11,mentoring,present
STU0273,2023-12-20,mentoring,present
STU0273,2024-02-23,lecture,present
STU0273,2024-02-26,lab,present
STU0273,2024-03-13,mentoring,present
STU0273,2024-04-09,lecture,present
STU0273,2024-04-16,lab,late
STU0273,2024-04-30,lab,present
STU0273,2024-05-02,mentoring,present
STU0273,2024-05-06,lecture,late
STU0273,2024-05-07,lab,present
STU0273,2024-06-17,lecture,present
STU0273,2024-07-11,mentoring,present
STU0273,2024-07-30,lecture,late
STU0273,2024-08-29,lab,present
STU0273,2024-09-30,lab,present
STU0273,2024-10-08,lecture,present
STU0273,2024-10-22,lecture,present
STU0273,2024-11-01,lecture,absent
STU0273,2024-11-07,mentoring,present
STU0273,2024-11-11,lab,absent
STU0273,2024-11-21,lecture,present
STU0273,2024-11-26,mentoring,absent
STU0273,2024-12-05,lab,present
STU0273,2025-01-03,lab,present
STU0273,2025-01-06,mentoring,late
STU0273,2025-01-13,lecture,present
STU0274,2023-08-21,lecture,present
STU0274,2023-09-05,lecture,present
STU0274,2023-09-19,lecture,present
STU0274,2023-10-05,mentoring,present
STU0274,2023-11-02,lab,present
STU0274,2023-11-13,lab,late
STU0274,2023-11-15,lecture,absent
STU0274,2023-12-21,lab,present
STU0274,2024-02-02,lecture,present
STU0274,2024-02-05,lab,present
STU0274,2024-02-16,mentoring,present
STU0274,2024-02-22,lab,present
STU0274,2024-02-23,mentoring,present
STU0274,2024-03-28,lab,present
STU0274,2024-04-03,lab,absent
STU0274,2024-04-22,lecture,absent
STU0274,2024-04-26,mentoring,present
STU0274,2024-05-13,lecture,present
STU0274,2024-07-17,mentoring,present
STU0274,2024-08-05,mentoring,absent
STU0274,2024-08-14,lab,present
STU0274,2024-08-27,lab,present
STU0274,2024-09-30,mentoring,absent
STU0274,2024-10-10,mentoring,present
STU0274,2024-10-18,lab,present
STU0274,2024-10-21,mentoring,present
STU0274,2024-11-05,lab,late
STU0274,2024-11-13,lecture,present
STU0274,2025-01-01,lab,absent
STU0274,2025-01-13,mentoring,present
STU0275,2024-02-19,lecture,present
STU0275,2024-02-26,lecture,present
STU0275,2024-04-02,lecture,present
STU0275,2024-04-10,lab,absent
STU0275,2024-04-15,lecture,present
STU0275,2024-04-19,lab,present
STU0275,2024-04-30,mentoring,present
STU0275,2024-05-30,lab,present
STU0275,2024-07-26,mentoring,present
STU0275,2024-08-29,mentoring,present
STU0275,2024-10-22,mentoring,late
STU0275,2024-10-29,lab,present
STU0275,2024-11-13,lab,present
STU0275,2024-11-22,lab,present
STU0275,2024-12-09,mentoring,late
STU0275,2024-12-26,mentoring,present
STU0275,2025-01-02,mentoring,present
STU0275,2025-01-08,lecture,present
STU0276,2024-09-18,lab,absent
STU0276,2024-09-23,lecture,present
STU0276,2024-10-04,lecture,absent
STU0276,2024-10-21,lab,present
STU0276,2024-10-24,lecture,present
STU0276,2025-01-09,lecture,present
STU0277,2023-03-02,mentoring,present
STU0277,2023-03-08,mentoring,absent
STU0277,2023-03-14,lecture,late
STU0277,2023-04-10,mentoring,present
STU0277,2023-05-26,lecture,absent
STU0277,2023-06-08,mentoring,present
STU0277,2023-06-12,lab,present
STU0277,2023-07-07,lecture,late
STU0277,2023-08-09,lecture,present
STU0277,2023-09-01,lab,present
STU0277,2023-10-10,mentoring,present
STU0277,2023-11-06,mentoring,present
STU0277,2024-01-02,lecture,present
STU0277,2024-02-15,lecture,present
STU0277,2024-02-26,lecture,present
STU0277,2024-04-10,lecture,present
STU0277,2024-04-30,mentoring,present
STU0277,2024-05-02,lecture,present
STU0277,2024-05-27,lecture,present
STU0277,2024-06-06,lab,late
STU0277,2024-06-18,lecture,late
STU0277,2024-07-01,lecture,present
STU0277,2024-07-11,lecture,present
STU0277,2024-08-26,lab,present
STU0277,2024-08-28,mentoring,present
STU0277,2024-09-12,lecture,present
STU0277,2024-10-04,lecture,absent
STU0277,2024-10-14,lab,absent
STU0277,2024-11-06,lecture,present
STU0277,2024-11-14,lecture,present
STU0277,2024-11-26,mentoring,late
STU0277,2024-12-10,lab,absent
STU0277,2024-12-17,mentoring,present
STU0277,2024-12-23,lab,present
STU0277,2025-01-07,lab,present
STU0278,2023-10-17,lecture,present
STU0278,2023-11-09,lab,present
STU0278,2023-12-04,lecture,present
STU0278,2023-12-29,mentoring,absent
STU0278,2024-01-05,lecture,present
STU0278,2024-01-22,lecture,late
STU0278,2024-02-06,lab,present
STU0278,2024-02-26,lab,present
STU0278,2024-04-04,mentoring,late
STU0278,2024-04-16,mentoring,present
STU0278,2024-05-06,lab,present
STU0278,2024-05-21,mentoring,present
STU0278,2024-05-23,lab,present
STU0278,2024-06-07,mentoring,absent
STU0278,2024-07-01,mentoring,present
STU0278,2024-07-24,mentoring,late
STU0278,2024-07-30,mentoring,present
STU0278,2024-08-12,lab,present
STU0278,2024-11-08,mentoring,present
STU0278,2024-11-18,lab,present
STU0279,2024-03-06,lab,present
STU0279,2024-03-07,mentoring,present
STU0279,2024-03-20,mentoring,absent
STU0279,2024-03-21,lecture,present
STU0279,2024-03-28,lab,present
STU0279,2024-04-09,lecture,present
STU0279,2024-04-18,lecture,present
STU0279,2024-05-10,lab,present
STU0279,2024-05-15,mentoring,present
STU0279,2024-05-16,lecture,late
STU0279,2024-05-28,lecture,present
STU0279,2024-05-30,mentoring,late
STU0279,2024-06-03,lab,present
STU0279,2024-06-12,lab,present
STU0279,2024-06-26,lecture,present
STU0279,2024-06-27,lab,late
STU0279,2024-07-08,mentoring,present
STU0279,2024-07-12,mentoring,present
STU0279,2024-07-30,lab,present
STU0279,2024-08-15,lab,late
STU0279,2024-09-09,mentoring,present
STU0279,2024-09-10,lecture,present
STU0279,2024-10-21,lecture,present
STU0279,2024-11-12,mentoring,present
STU0279,2024-11-25,lab,absent
STU0279,2024-12-18,lab,present
STU0279,2024-12-25,lecture,present
STU0279,2024-12-26,lab,absent
STU0279,2025-01-13,mentoring,absent
STU0280,2024-09-10,lab,present
STU0280,2024-09-19,lab,present
STU0280,2024-09-20,mentoring,late
STU0280,2024-09-25,lab,late
STU0280,2024-10-02,mentoring,present
STU0280,2024-10-24,mentoring,late
STU0280,2024-11-01,mentoring,absent
STU0280,2024-11-08,mentoring,present
STU0280,2024-11-12,lecture,late
STU0280,2024-11-15,lecture,present
STU0280,2024-11-27,lab,late
STU0280,2024-12-13,lab,late
STU0280,2024-12-16,mentoring,present
STU0280,2024-12-19,mentoring,present
STU0280,2024-12-31,lecture,absent
STU0280,2025-01-09,mentoring,present
STU0281,2023-05-04,lecture,absent
STU0281,2023-06-15,mentoring,present
STU0281,2023-06-27,mentoring,present
STU0281,2023-07-27,mentoring,present
STU0281,2023-08-14,lab,present
STU0281,2023-08-15,mentoring,present
STU0281,2023-09-27,lecture,present
STU0281,2023-10-10,lab,present
STU0281,2023-10-12,mentoring,present
STU0281,2023-10-17,lab,present
STU0281,2023-10-30,lab,present
STU0281,2023-11-03,lab,late
STU0281,2023-12-04,lab,present
STU0281,2023-12-27,mentoring,present
STU0281,2024-01-16,lecture,absent
STU0281,2024-01-30,lab,present
STU0281,2024-02-21,lecture,present
STU0281,2024-04-26,lab,present
STU0281,2024-05-08,mentoring,absent
STU0281,2024-05-28,lab,present
STU0281,2024-06-11,mentoring,late
STU0281,2024-06-17,mentoring,absent
STU0281,2024-06-24,lab,present
STU0281,2024-07-04,lecture,present
STU0281,2024-07-09,lecture,present
STU0281,2024-08-23,lecture,absent
STU0281,2024-08-28,mentoring,present
STU0281,2024-09-12,lecture,late
STU0281,2024-10-23,mentoring,late
STU0281,2024-11-19,mentoring,present
STU0281,2024-11-26,mentoring,present
STU0281,2024-12-06,mentoring,late
STU0281,2024-12-09,lecture,present
STU0281,2024-12-27,mentoring,absent
STU0281,2025-01-03,lecture,absent
STU0282,2023-08-02,lecture,present
STU0282,2023-08-18,lab,absent
STU0282,2023-08-22,mentoring,present
STU0282,2023-09-04,lab,present
STU0282,2023-09-08,lab,late
STU0282,2023-11-17,lecture,present
STU0282,2023-11-29,lab,present
STU0282,2023-12-04,lab,late
STU0282,2023-12-25,lab,present
STU0282,2024-01-29,mentoring,present
STU0282,2024-02-06,lecture,present
STU0282,2024-03-04,lab,absent
STU0282,2024-03-27,lab,present
STU0282,2024-04-09,lab,present
STU0282,2024-05-31,lecture,present
STU0282,2024-06-27,lab,present
STU0282,2024-07-01,mentoring,absent
STU0282,2024-07-31,lab,present
STU0282,2024-08-20,mentoring,late
STU0282,2024-08-21,lecture,absent
STU0282,2024-08-28,mentoring,absent
STU0282,2024-10-09,mentoring,present
STU0282,2024-10-18,mentoring,present
STU0282,2024-10-25,lecture,absent
STU0282,2024-11-18,lab,late
STU0282,2024-11-19,mentoring,present
STU0282,2024-12-03,mentoring,late
STU0282,2025-01-06,mentoring,absent
STU0283,2024-03-26,lab,present
STU0283,2024-03-28,lecture,late
STU0283,2024-04-24,lab,present
STU0283,2024-05-02,mentoring,present
STU0283,2024-06-21,lab,present
STU0283,2024-06-27,lab,present
STU0283,2024-07-01,mentoring,present
STU0283,2024-07-08,lab,absent
STU0283,2024-07-17,mentoring,present
STU0283,2024-07-30,lab,late
STU0283,2024-08-01,lecture,present
STU0283,2024-09-11,mentoring,present
STU0283,2024-09-13,lab,present
STU0283,2024-10-09,lecture,present
STU0283,2024-11-08,lecture,present
STU0283,2024-12-04,lab,present
STU0284,2024-10-14,lecture,late
STU0284,2024-10-25,lecture,late
STU0284,2024-11-19,lab,present
STU0284,2024-11-27,lab,present
STU0284,2024-12-16,mentoring,present
STU0284,2024-12-18,lab,present
STU0285,2023-02-28,lecture,absent
STU0285,2023-03-20,lecture,present
STU0285,2023-03-22,mentoring,late
STU0285,2023-03-24,lab,absent
STU0285,2023-04-04,lecture,present
STU0285,2023-04-19,mentoring,present
STU0285,2023-05-25,mentoring,late
STU0285,2023-06-20,lab,late
STU0285,2023-08-10,lecture,late
STU0285,2023-09-25,lab,late
STU0285,2023-10-04,mentoring,present
STU0285,2023-10-20,lab,present
STU0285,2023-11-15,lecture,present
STU0285,2023-11-22,mentoring,present
STU0285,2023-12-19,mentoring,present
STU0285,2023-12-25,lecture,late
STU0285,2024-01-02,mentoring,present
STU0285,2024-02-15,lab,present
STU0285,2024-02-19,lecture,present
STU0285,2024-03-12,lecture,present
STU0285,2024-03-14,lab,absent
STU0285,2024-05-24,lecture,absent
STU0285,2024-05-27,lab,present
STU0285,2024-05-28,mentoring,present
STU0285,2024-06-11,lab,absent
STU0285,2024-06-20,lab,present
STU0285,2024-07-05,mentoring,present
STU0285,2024-07-15,mentoring,present
STU0285,2024-07-24,lab,absent
STU0285,2024-08-21,mentoring,present
STU0285,2024-08-26,lab,present
STU0285,2024-09-17,mentoring,present
STU0285,2024-09-23,lab,late
STU0285,2024-09-30,mentoring,present
STU0285,2024-10-03,lecture,absent
STU0285,2024-10-04,lab,present
STU0285,2024-10-09,mentoring,present
STU0285,2024-10-17,lab,absent
STU0285,2024-10-31,lab,present
STU0285,2024-11-22,lab,present
STU0285,2024-12-18,lecture,present
STU0285,2024-12-27,mentoring,present
STU0285,2025-01-08,lecture,present
STU0286,2023-10-25,lecture,absent
STU0286,2023-11-07,lecture,present
STU0286,2023-12-28,mentoring,present
STU0286,2024-01-23,lecture,present
STU0286,2024-03-21,lecture,present
STU0286,2024-04-22,lab,absent
STU0286,2024-05-23,mentoring,present
STU0286,2024-06-11,mentoring,present
STU0286,2024-06-12,lecture,present
STU0286,2024-07-17,mentoring,absent
STU0286,2024-08-09,mentoring,present
STU0286,2024-08-20,mentoring,present
STU0286,2024-08-28,lab,present
STU0286,2024-08-29,mentoring,present
STU0286,2024-10-07,lecture,late
STU0286,2024-10-15,mentoring,present
STU0286,2024-10-28,lab,present
STU0286,2024-11-08,lecture,late
STU0286,2024-11-11,lab,present
STU0286,2024-11-12,mentoring,absent
STU0286,2024-12-19,mentoring,present
STU0287,2024-03-05,lab,present
STU0287,2024-03-07,lecture,present
STU0287,2024-04-22,lab,present
STU0287,2024-05-01,mentoring,present
STU0287,2024-05-10,lecture,present
STU0287,2024-05-31,mentoring,present
STU0287,2024-06-05,mentoring,present
STU0287,2024-06-07,lecture,present
STU0287,2024-06-18,lab,present
STU0287,2024-06-27,lab,present
STU0287,2024-07-15,lecture,late
STU0287,2024-08-08,mentoring,present
STU0287,2024-08-13,lecture,present
STU0287,2024-08-22,mentoring,absent
STU0287,2024-08-23,lecture,present
STU0287,2024-09-02,mentoring,present
STU0287,2024-09-05,lab,absent
STU0287,2024-10-21,lecture,present
STU0287,2024-10-29,lecture,present
STU0287,2024-12-04,lecture,present
STU0287,2024-12-30,mentoring,present
STU0287,2025-01-10,mentoring,late
STU0288,2024-11-18,lab,present
STU0288,2024-12-18,mentoring,present
STU0289,2023-03-03,lab,present
STU0289,2023-03-22,mentoring,present
STU0289,2023-03-24,lab,present
STU0289,2023-05-01,lab,present
STU0289,2023-05-18,lab,present
STU0289,2023-05-24,lab,absent
STU0289,2023-06-02,lecture,present
STU0289,2023-06-05,lab,present
STU0289,2023-07-20,lecture,present
STU0289,2023-08-15,lecture,present
STU0289,2023-12-25,lecture,present
STU0289,2024-01-01,lab,present
STU0289,2024-01-29,mentoring,present
STU0289,2024-02-01,mentoring,present
STU0289,2024-02-06,lab,present
STU0289,2024-02-21,mentoring,present
STU0289,2024-02-22,lecture,present
STU0289,2024-02-26,mentoring,late
STU0289,2024-03-05,mentoring,present
STU0289,2024-03-13,mentoring,present
STU0289,2024-03-29,lab,late
STU0289,2024-04-03,mentoring,late
STU0289,2024-04-09,mentoring,present
STU0289,2024-04-10,lecture,present
STU0289,2024-04-18,lab,late
STU0289,2024-04-24,mentoring,present
STU0289,2024-05-30,mentoring,late
STU0289,2024-06-18,lecture,present
STU0289,2024-07-08,mentoring,late
STU0289,2024-07-12,lab,present
STU0289,2024-07-31,lab,present
STU0289,2024-08-05,lecture,present
STU0289,2024-08-19,lecture,present
STU0289,2024-10-16,lecture,present
STU0289,2024-10-25,lab,late
STU0289,2024-10-31,mentoring,present
STU0289,2024-11-12,lab,present
STU0289,2024-11-19,lab,present
STU0289,2024-12-10,lab,absent
STU0289,2024-12-11,mentoring,present
STU0289,2024-12-16,mentoring,late
STU0289,2024-12-26,lab,present
STU0290,2023-08-24,lecture,absent
STU0290,2023-09-29,lab,late
STU0290,2023-10-26,lecture,present
STU0290,2023-10-30,lab,present
STU0290,2023-11-13,mentoring,present
STU0290,2023-11-22,lecture,present
STU0290,2023-12-12,lab,present
STU0290,2023-12-27,lab,present
STU0290,2024-01-16,lab,present
STU0290,2024-02-19,lab,absent
STU0290,2024-03-05,lecture,present
STU0290,2024-03-18,mentoring,present
STU0290,2024-03-26,lab,present
STU0290,2024-04-18,lab,present
STU0290,2024-04-26,lab,present
STU0290,2024-10-02,lecture,present
STU0290,2024-10-03,lab,absent
STU0290,2024-10-15,lecture,absent
STU0290,2024-10-16,lab,present
STU0290,2024-11-06,lab,present
STU0290,2024-11-11,lecture,present
STU0290,2024-11-13,lab,present
STU0290,2024-12-11,lecture,absent
STU0291,2024-02-01,lab,late
STU0291,2024-03-12,lab,present
STU0291,2024-03-22,lab,present
STU0291,2024-04-05,lab,present
STU0291,2024-04-23,mentoring,absent
STU0291,2024-05-09,mentoring,present
STU0291,2024-05-17,lecture,present
STU0291,2024-07-05,mentoring,present
STU0291,2024-07-11,mentoring,present
STU0291,2024-09-18,mentoring,present
STU0291,2024-10-09,lab,absent
STU0291,2024-10-30,lecture,present
STU0291,2024-11-27,mentoring,present
STU0291,2024-12-03,lab,present
STU0291,2025-01-08,lecture,absent
STU0291,2025-01-15,lab,late
STU0292,2024-07-30,lab,late
STU0292,2024-07-31,mentoring,late
STU0292,2024-09-27,mentoring,present
STU0292,2024-10-14,lecture,present
STU0292,2024-10-16,mentoring,late
STU0292,2024-10-21,mentoring,present
STU0292,2024-11-01,lab,late
STU0292,2024-11-08,lab,present
STU0292,2024-11-14,lecture,absent
STU0292,2024-11-19,mentoring,absent
STU0292,2024-12-19,mentoring,absent
STU0292,2024-12-20,lecture,present
STU0292,2025-01-02,lecture,present
STU0293,2023-02-01,lecture,present
STU0293,2023-02-03,mentoring,present
STU0293,2023-04-03,lab,late
STU0293,2023-04-14,lecture,present
STU0293,2023-04-28,lab,absent
STU0293,2023-05-01,mentoring,present
STU0293,2023-05-02,lecture,present
STU0293,2023-05-08,lecture,present
STU0293,2023-05-11,mentoring,present
STU0293,2023-05-16,lab,present
STU0293,2023-07-11,lab,late
STU0293,2023-07-12,mentoring,late
STU0293,2023-08-09,lecture,present
STU0293,2023-08-11,mentoring,absent
STU0293,2023-08-14,lecture,present
STU0293,2023-11-08,lecture,late
STU0293,2023-12-05,lab,present
STU0293,2023-12-29,mentoring,late
STU0293,2024-01-03,lab,present
STU0293,2024-01-05,lecture,present
STU0293,2024-02-09,lab,present
STU0293,2024-03-13,mentoring,present
STU0293,2024-04-05,mentoring,present
STU0293,2024-04-10,mentoring,present
STU0293,2024-04-22,mentoring,present
STU0293,2024-04-23,lecture,present
STU0293,2024-06-14,lab,present
STU0293,2024-07-02,mentoring,present
STU0293,2024-07-05,lab,present
STU0293,2024-07-12,lab,present
STU0293,2024-07-29,mentoring,present
STU0293,2024-07-30,lecture,present
STU0293,2024-07-31,lab,present
STU0293,2024-08-01,mentoring,present
STU0293,2024-08-28,lab,late
STU0293,2024-09-04,mentoring,present
STU0293,2024-09-05,lecture,present
STU0293,2024-09-13,lab,absent
STU0293,2024-09-20,mentoring,present
STU0293,2024-09-23,lecture,present
STU0293,2024-11-05,lecture,present
STU0293,2024-11-07,mentoring,present
STU0293,2024-12-03,lecture,present
STU0293,2024-12-10,lab,present
STU0293,2024-12-26,mentoring,present
STU0293,2024-12-27,lecture,late
STU0293,2025-01-01,lecture,present
STU0293,2025-01-07,mentoring,present
STU0293,2025-01-13,lab,present
STU0294,2023-08-03,mentoring,present
STU0294,2023-08-18,mentoring,present
STU0294,2023-08-31,lecture,present
STU0294,2023-09-01,lab,late
STU0294,2023-09-25,lab,absent
STU0294,2023-10-04,lab,present
STU0294,2023-11-16,mentoring,present
STU0294,2023-11-27,lab,absent
STU0294,2023-12-12,lab,late
STU0294,2023-12-15,lecture,present
STU0294,2023-12-25,mentoring,present
STU0294,2024-02-16,mentoring,present
STU0294,2024-02-21,lab,present
STU0294,2024-02-29,lab,absent
STU0294,2024-03-14,lecture,present
STU0294,2024-04-15,lecture,late
STU0294,2024-05-09,mentoring,present
STU0294,2024-05-15,lecture,present
STU0294,2024-06-04,mentoring,present
STU0294,2024-07-12,mentoring,late
STU0294,2024-08-14,lecture,present
STU0294,2024-09-12,lecture,present
STU0294,2024-10-22,lecture,present
STU0294,2024-11-21,lab,absent
STU0294,2024-11-29,lab,present
STU0294,2024-12-02,mentoring,present
STU0294,2025-01-09,mentoring,present
STU0295,2024-01-15,lecture,present
STU0295,2024-02-12,mentoring,present
STU0295,2024-02-27,lab,late
STU0295,2024-02-29,lecture,absent
STU0295,2024-03-06,lecture,present
STU0295,2024-03-12,lab,present
STU0295,2024-03-14,lecture,present
STU0295,2024-05-06,mentoring,present
STU0295,2024-05-24,lab,present
STU0295,2024-06-06,lecture,absent
STU0295,2024-06-28,lecture,present
STU0295,2024-07-24,lab,absent
STU0295,2024-08-06,lab,present
STU0295,2024-08-12,mentoring,late
STU0295,2024-08-14,lecture,present
STU0295,2024-08-30,mentoring,absent
STU0295,2024-09-02,lecture,present
STU0295,2024-09-03,lab,present
STU0295,2024-09-26,lab,absent
STU0295,2024-10-16,lecture,late
STU0295,2024-10-18,mentoring,present
STU0295,2024-11-13,lab,present
STU0295,2024-11-20,mentoring,present
STU0295,2024-12-13,mentoring,absent
STU0295,2024-12-16,lecture,late
STU0295,2024-12-19,mentoring,present
STU0295,2025-01-03,mentoring,present
STU0295,2025-01-07,lecture,present
STU0296,2024-08-14,mentoring,present
STU0296,2024-08-20,lab,present
STU0296,2024-09-11,lab,absent
STU0296,2024-09-16,lecture,present
STU0296,2024-09-20,lab,present
STU0296,2024-09-26,mentoring,present
STU0296,2024-09-27,lecture,present
STU0296,2024-10-15,mentoring,present
STU0296,2024-12-25,lab,late
STU0296,2025-01-09,lab,present
STU0296,2025-01-15,lecture,late
STU0297,2023-02-15,lecture,present
STU0297,2023-03-03,lab,absent
STU0297,2023-03-15,lab,absent
STU0297,2023-04-05,lecture,absent
STU0297,2023-05-02,lab,late
STU0297,2023-05-11,lab,present
STU0297,2023-07-13,lab,present
STU0297,2023-07-24,lecture,absent
STU0297,2023-08-16,lab,present
STU0297,2023-08-18,lecture,present
STU0297,2023-08-29,mentoring,present
STU0297,2023-09-07,lecture,absent
STU0297,2023-10-26,lab,present
STU0297,2023-11-08,lab,late
STU0297,2023-11-30,lab,present
STU0297,2023-12-21,lab,present
STU0297,2023-12-27,lab,present
STU0297,2023-12-28,mentoring,present
STU0297,2023-12-29,lecture,present
STU0297,2024-01-01,lab,present
STU0297,2024-02-14,lab,present
STU0297,2024-03-11,lab,late
STU0297,2024-03-18,lab,present
STU0297,2024-04-30,mentoring,present
STU0297,2024-05-13,mentoring,present
STU0297,2024-05-21,mentoring,absent
STU0297,2024-06-18,lab,absent
STU0297,2024-06-26,mentoring,present
STU0297,2024-07-02,mentoring,present
STU0297,2024-08-02,lecture,present
STU0297,2024-08-29,lab,present
STU0297,2024-10-03,lecture,present
STU0297,2024-10-11,lecture,present
STU0297,2024-12-09,lab,present
STU0297,2024-12-17,mentoring,present
STU0297,2025-01-02,lab,absent
STU0297,2025-01-14,lecture,present
STU0298,2023-08-09,lecture,present
STU0298,2023-08-22,lecture,present
STU0298,2023-10-16,lecture,absent
STU0298,2023-11-03,mentoring,present
STU0298,2023-12-11,mentoring,present
STU0298,2023-12-13,lecture,present
STU0298,2023-12-19,mentoring,present
STU0298,2023-12-22,lab,present
STU0298,2023-12-28,lab,present
STU0298,2024-01-08,mentoring,present
STU0298,2024-01-17,lab,late
STU0298,2024-03-06,lecture,present
STU0298,2024-03-12,lecture,present
STU0298,2024-03-29,mentoring,present
STU0298,2024-04-23,lecture,present
STU0298,2024-05-01,lab,present
STU0298,2024-05-08,lab,present
STU0298,2024-06-24,lecture,present
STU0298,2024-08-02,lab,present
STU0298,2024-08-06,lecture,present
STU0298,2024-08-13,lecture,absent
STU0298,2024-08-19,lecture,present
STU0298,2024-08-20,lab,present
STU0298,2024-10-01,lecture,present
STU0298,2024-10-09,mentoring,present
STU0298,2024-10-22,mentoring,absent
STU0298,2024-11-08,lecture,absent
STU0298,2024-11-11,lab,absent
STU0298,2024-11-21,lab,present
STU0298,2024-11-29,mentoring,present
STU0298,2024-12-06,mentoring,present
STU0298,2024-12-11,mentoring,present
STU0298,2025-01-02,mentoring,present
STU0299,2024-03-15,lab,present
STU0299,2024-03-19,lecture,absent
STU0299,2024-04-10,lab,present
STU0299,2024-04-25,mentoring,present
STU0299,2024-05-01,lecture,present
STU0299,2024-05-10,lecture,absent
STU0299,2024-05-17,mentoring,late
STU0299,2024-06-10,mentoring,present
STU0299,2024-06-11,lecture,late
STU0299,2024-06-21,lab,late
STU0299,2024-07-12,lecture,present
STU0299,2024-07-18,lab,present
STU0299,2024-08-06,lab,absent
STU0299,2024-09-09,mentoring,present
STU0299,2024-09-11,lab,present
STU0299,2024-09-16,lecture,present
STU0299,2024-09-25,mentoring,present
STU0299,2024-09-26,lecture,present
STU0299,2024-10-21,lab,present
STU0299,2024-11-15,mentoring,present
STU0299,2024-11-27,mentoring,present
STU0299,2024-11-29,lecture,present
STU0299,2025-01-13,lab,present
STU0300,2024-08-23,lecture,present
STU0300,2024-09-03,mentoring,absent
STU0300,2024-09-13,mentoring,present
STU0300,2024-09-25,lecture,present
STU0300,2024-10-29,lab,present
STU0300,2024-11-04,lab,present
STU0300,2024-12-12,mentoring,absent
STU0300,2025-01-06,lecture,present
STU0301,2023-05-03,mentoring,present
STU0301,2023-06-09,mentoring,present
STU0301,2023-06-19,lecture,late
STU0301,2023-07-14,lecture,present
STU0301,2023-07-21,lab,present
STU0301,2023-08-03,lecture,present
STU0301,2023-08-07,mentoring,present
STU0301,2023-08-10,lab,present
STU0301,2023-09-04,lecture,late
STU0301,2023-09-19,lab,late
STU0301,2023-10-04,mentoring,present
STU0301,2023-10-06,lab,late
STU0301,2023-10-24,mentoring,present
STU0301,2023-11-08,lab,present
STU0301,2023-11-23,lecture,present
STU0301,2023-11-28,lab,absent
STU0301,2024-01-02,mentoring,present
STU0301,2024-01-10,lab,present
STU0301,2024-02-06,lecture,present
STU0301,2024-02-12,lab,present
STU0301,2024-03-29,lecture,present
STU0301,2024-04-22,mentoring,absent
STU0301,2024-05-02,lab,late
STU0301,2024-06-12,mentoring,present
STU0301,2024-06-18,mentoring,late
STU0301,2024-09-06,mentoring,absent
STU0301,2024-09-25,lab,present
STU0301,2024-10-01,lecture,absent
STU0301,2024-10-09,lab,absent
STU0301,2024-10-17,lecture,present
STU0301,2024-11-18,mentoring,present
STU0301,2024-11-21,lab,present
STU0301,2024-11-26,lecture,present
STU0301,2024-12-16,lab,present
STU0301,2024-12-27,lecture,late
STU0301,2025-01-14,lab,present
STU0302,2023-09-12,lecture,present
STU0302,2023-09-13,lab,late
STU0302,2023-09-26,lecture,present
STU0302,2023-10-27,lab,present
STU0302,2023-12-08,lab,absent
STU0302,2024-01-23,lab,present
STU0302,2024-01-25,mentoring,present
STU0302,2024-02-08,lecture,present
STU0302,2024-03-06,lecture,present
STU0302,2024-03-20,lab,absent
STU0302,2024-03-27,mentoring,present
STU0302,2024-04-22,mentoring,present
STU0302,2024-05-31,lecture,absent
STU0302,2024-06-07,mentoring,absent
STU0302,2024-06-18,lab,present
STU0302,2024-07-17,lab,absent
STU0302,2024-08-26,lecture,present
STU0302,2024-08-30,mentoring,present
STU0302,2024-09-05,lecture,present
STU0302,2024-09-19,lab,absent
STU0302,2024-10-11,lab,absent
STU0302,2024-10-28,lecture,present
STU0302,2024-11-01,lecture,present
STU0302,2024-11-13,lab,late
STU0302,2024-11-14,mentoring,absent
STU0302,2024-11-22,mentoring,present
STU0302,2024-11-26,lab,present
STU0302,2024-12-03,lab,present
STU0302,2024-12-11,lab,absent
STU0303,2024-03-19,lecture,present
STU0303,2024-04-04,lab,absent
STU0303,2024-05-13,lecture,late
STU0303,2024-05-17,mentoring,late
STU0303,2024-06-21,lecture,present
STU0303,2024-07-18,mentoring,present
STU0303,2024-07-31,lecture,present
STU0303,2024-08-07,lab,present
STU0303,2024-08-30,lecture,present
STU0303,2024-09-03,lab,present
STU0303,2024-09-16,lab,present
STU0303,2024-09-30,mentoring,absent
STU0303,2024-10-03,lab,present
STU0303,2024-10-11,lab,present
STU0303,2024-10-24,lab,present
STU0303,2024-12-02,lab,late
STU0303,2024-12-19,mentoring,late
STU0303,2024-12-27,lab,absent
STU0303,2024-12-31,lecture,late
STU0303,2025-01-03,lecture,present
STU0303,2025-01-14,mentoring,absent
STU0304,2024-09-13,mentoring,present
STU0304,2024-10-04,lecture,present
STU0304,2024-10-15,lab,present
STU0304,2024-10-17,lecture,present
STU0304,2024-11-06,lecture,absent
STU0304,2024-11-20,lecture,absent
STU0304,2024-12-06,lecture,absent
STU0304,2024-12-24,mentoring,present
STU0304,2025-01-06,lab,present
STU0304,2025-01-07,mentoring,present
STU0305,2023-03-29,mentoring,present
STU0305,2023-04-21,mentoring,present
STU0305,2023-04-25,lecture,present
STU0305,2023-05-02,mentoring,late
STU0305,2023-06-05,mentoring,present
STU0305,2023-06-07,lecture,present
STU0305,2023-07-20,mentoring,present
STU0305,2023-08-14,mentoring,present
STU0305,2023-08-15,lecture,present
STU0305,2023-08-23,lab,present
STU0305,2023-09-14,lab,present
STU0305,2023-09-19,lecture,late
STU0305,2023-09-21,mentoring,present
STU0305,2023-10-30,lecture,present
STU0305,2023-12-13,lab,absent
STU0305,2024-01-05,lab,present
STU0305,2024-02-01,mentoring,absent
STU0305,2024-02-14,lab,present
STU0305,2024-02-15,mentoring,absent
STU0305,2024-02-20,lecture,present
STU0305,2024-02-21,lab,present
STU0305,2024-03-04,lab,late
STU0305,2024-03-20,lecture,present
STU0305,2024-04-15,mentoring,present
STU0305,2024-04-17,lecture,present
STU0305,2024-04-22,mentoring,present
STU0305,2024-05-02,lab,late
STU0305,2024-05-10,lecture,present
STU0305,2024-06-04,mentoring,present
STU0305,2024-06-17,mentoring,present
STU0305,2024-06-24,lab,present
STU0305,2024-07-15,lab,present
STU0305,2024-07-18,mentoring,absent
STU0305,2024-10-07,lab,present
STU0305,2024-10-22,mentoring,present
STU0305,2024-11-04,lab,present
STU0305,2024-11-28,lab,present
STU0305,2024-12-02,lecture,late
STU0305,2025-01-01,lecture,late
STU0305,2025-01-03,mentoring,present
STU0305,2025-01-06,lecture,present
STU0306,2023-08-04,lecture,late
STU0306,2023-08-15,mentoring,late
STU0306,2023-08-16,lecture,present
STU0306,2023-08-18,mentoring,absent
STU0306,2023-09-14,lecture,present
STU0306,2023-09-26,lecture,present
STU0306,2023-10-19,lecture,absent
STU0306,2023-11-09,lecture,absent
STU0306,2023-11-14,lecture,present
STU0306,2023-11-16,lab,present
STU0306,2023-12-18,mentoring,present
STU0306,2024-01-05,lecture,present
STU0306,2024-01-29,mentoring,present
STU0306,2024-05-07,mentoring,present
STU0306,2024-06-11,mentoring,present
STU0306,2024-06-21,lecture,present
STU0306,2024-07-12,lab,present
STU0306,2024-08-07,lab,present
STU0306,2024-08-09,mentoring,absent
STU0306,2024-08-20,lab,present
STU0306,2024-08-22,mentoring,present
STU0306,2024-09-10,mentoring,present
STU0306,2024-10-03,mentoring,present
STU0306,2024-11-07,lecture,present
STU0306,2024-11-11,mentoring,late
STU0306,2024-11-29,lab,absent
STU0306,2024-12-10,mentoring,present
STU0307,2024-03-04,mentoring,late
STU0307,2024-03-28,lab,present
STU0307,2024-04-05,mentoring,present
STU0307,2024-04-08,lecture,late
STU0307,2024-05-02,lab,present
STU0307,2024-05-17,mentoring,absent
STU0307,2024-06-04,mentoring,present
STU0307,2024-06-07,lab,present
STU0307,2024-06-27,lecture,absent
STU0307,2024-06-28,lab,present
STU0307,2024-07-19,lecture,present
STU0307,2024-07-24,lecture,present
STU0307,2024-07-26,lab,late
STU0307,2024-09-04,mentoring,present
STU0307,2024-09-06,lab,present
STU0307,2024-10-02,lab,present
STU0307,2024-10-07,lecture,late
STU0307,2024-10-14,lab,present
STU0307,2024-10-24,lab,present
STU0307,2024-11-05,lab,present
STU0307,2024-11-11,mentoring,late
STU0307,2024-11-29,lab,late
STU0307,2024-12-05,mentoring,present
STU0307,2024-12-18,lecture,absent
STU0307,2024-12-23,mentoring,present
STU0307,2025-01-06,mentoring,present
STU0308,2024-09-30,mentoring,present
STU0308,2024-11-04,mentoring,present
STU0308,2024-11-21,lecture,late
STU0308,2024-11-26,lab,present
STU0308,2024-11-27,mentoring,late
STU0308,2025-01-06,lecture,absent
STU0309,2023-02-14,lecture,late
STU0309,2023-03-31,mentoring,present
STU0309,2023-04-04,lab,present
STU0309,2023-04-05,mentoring,absent
STU0309,2023-04-06,lecture,late
STU0309,2023-04-10,lab,present
STU0309,2023-04-26,lecture,present
STU0309,2023-05-05,mentoring,present
STU0309,2023-06-05,lab,present
STU0309,2023-07-21,mentoring,present
STU0309,2023-07-26,lab,present
STU0309,2023-10-06,mentoring,present
STU0309,2023-10-10,lecture,absent
STU0309,2023-11-16,lecture,present
STU0309,2023-11-17,lab,present
STU0309,2023-11-20,mentoring,present
STU0309,2023-11-28,mentoring,present
STU0309,2023-12-18,lecture,late
STU0309,2024-02-08,lab,late
STU0309,2024-02-12,lecture,present
STU0309,2024-03-01,mentoring,present
STU0309,2024-04-10,lecture,present
STU0309,2024-04-30,mentoring,late
STU0309,2024-05-15,lab,present
STU0309,2024-05-17,mentoring,present
STU0309,2024-06-07,lecture,present
STU0309,2024-06-20,mentoring,present
STU0309,2024-09-25,mentoring,present
STU0309,2024-11-08,lecture,present
STU0309,2024-11-11,lab,present
STU0309,2024-11-13,mentoring,present
STU0309,2024-11-14,lecture,late
STU0309,2024-11-18,lab,present
STU0309,2024-12-11,mentoring,late
STU0309,2024-12-13,lecture,present
STU0309,2025-01-08,mentoring,present
STU0310,2023-09-25,mentoring,late
STU0310,2023-10-03,lecture,absent
STU0310,2023-10-24,lab,absent
STU0310,2023-11-15,lecture,late
STU0310,2023-12-07,lecture,present
STU0310,2024-01-11,mentoring,absent
STU0310,2024-01-15,lab,present
STU0310,2024-01-31,lab,present
STU0310,2024-02-05,lab,late
STU0310,2024-02-16,lecture,present
STU0310,2024-02-21,mentoring,present
STU0310,2024-02-27,mentoring,absent
STU0310,2024-03-28,mentoring,present
STU0310,2024-04-03,mentoring,present
STU0310,2024-04-29,lab,present
STU0310,2024-06-21,lecture,late
STU0310,2024-06-27,mentoring,present
STU0310,2024-07-04,mentoring,present
STU0310,2024-08-19,mentoring,present
STU0310,2024-09-23,mentoring,late
STU0310,2024-10-29,lab,present
STU0310,2024-12-18,lab,present
STU0310,2025-01-03,lecture,present
STU0311,2024-03-06,lab,present
STU0311,2024-05-13,lab,present
STU0311,2024-05-24,mentoring,present
STU0311,2024-05-27,lecture,present
STU0311,2024-05-31,mentoring,present
STU0311,2024-06-07,lab,present
STU0311,2024-06-17,mentoring,present
STU0311,2024-07-25,mentoring,present
STU0311,2024-08-15,mentoring,absent
STU0311,2024-08-19,lab,present
STU0311,2024-09-03,lecture,present
STU0311,2024-09-06,lecture,present
STU0311,2024-11-27,lecture,present
STU0311,2024-12-19,lab,absent
STU0311,2025-01-15,lecture,present
STU0312,2024-09-24,lecture,absent
STU0312,2024-10-03,mentoring,present
STU0312,2024-10-11,lab,late
STU0312,2024-11-07,lab,absent
STU0312,2024-12-30,mentoring,late
STU0312,2025-01-07,mentoring,present
STU0313,2023-01-31,mentoring,present
STU0313,2023-03-03,lab,present
STU0313,2023-03-09,lab,present
STU0313,2023-03-20,lab,late
STU0313,2023-03-24,lab,present
STU0313,2023-04-17,lab,late
STU0313,2023-04-20,lab,present
STU0313,2023-05-08,lab,late
STU0313,2023-06-06,lab,late
STU0313,2023-06-15,mentoring,present
STU0313,2023-08-08,mentoring,present
STU0313,2023-08-22,lab,present
STU0313,2023-09-07,lecture,absent
STU0313,2023-10-20,lecture,present
STU0313,2023-10-25,lecture,present
STU0313,2023-10-27,lab,present
STU0313,2023-11-16,mentoring,present
STU0313,2023-11-28,lab,present
STU0313,2024-01-22,lab,present
STU0313,2024-01-24,mentoring,present
STU0313,2024-02-13,lab,present
STU0313,2024-03-01,mentoring,present
STU0313,2024-04-04,lecture,absent
STU0313,2024-05-02,lab,present
STU0313,2024-07-08,lecture,present
STU0313,2024-07-29,mentoring,present
STU0313,2024-08-29,lecture,late
STU0313,2024-09-02,mentoring,late
STU0313,2024-09-10,lab,present
STU0313,2024-09-24,lab,late
STU0313,2024-09-25,mentoring,present
STU0313,2024-10-02,mentoring,present
STU0313,2024-10-04,lecture,absent
STU0313,2024-10-29,mentoring,late
STU0313,2024-11-07,mentoring,present
STU0313,2024-12-10,lab,late
STU0313,2024-12-12,lecture,absent
STU0313,2024-12-17,lab,present
STU0313,2024-12-27,lab,present
STU0313,2025-01-02,lecture,present
STU0314,2023-11-10,lab,present
STU0314,2023-11-16,mentoring,present
STU0314,2024-01-08,lecture,absent
STU0314,2024-01-19,lab,late
STU0314,2024-02-01,mentoring,absent
STU0314,2024-02-19,mentoring,late
STU0314,2024-03-11,lecture,present
STU0314,2024-04-11,lecture,late
STU0314,2024-05-30,mentoring,present
STU0314,2024-07-04,mentoring,present
STU0314,2024-08-16,lecture,late
STU0314,2024-08-29,mentoring,present
STU0314,2024-09-17,lecture,present
STU0314,2024-10-16,mentoring,present
STU0314,2024-10-25,lecture,present
STU0314,2024-11-15,mentoring,present
STU0314,2024-11-18,lecture,absent
STU0314,2024-11-19,lab,present
STU0314,2024-11-20,mentoring,absent
STU0314,2024-11-29,lecture,present
STU0314,2025-01-06,mentoring,absent
STU0314,2025-01-09,mentoring,present
STU0315,2024-02-07,mentoring,present
STU0315,2024-04-03,lab,present
STU0315,2024-05-09,lecture,present
STU0315,2024-06-21,lab,present
STU0315,2024-07-09,lab,late
STU0315,2024-07-23,mentoring,late
STU0315,2024-08-13,lecture,present
STU0315,2024-09-11,mentoring,late
STU0315,2024-09-12,lecture,present
STU0315,2024-10-04,lecture,present
STU0315,2024-10-25,lab,absent
STU0315,2024-10-30,lab,late
STU0315,2024-11-08,mentoring,present
STU0315,2024-12-16,lab,present
STU0315,2024-12-17,mentoring,present
STU0316,2024-09-03,mentoring,present
STU0316,2024-09-20,lab,present
STU0316,2024-10-14,lab,present
STU0316,2024-10-23,lab,absent
STU0316,2024-11-26,lecture,present
STU0316,2024-12-04,lab,present
STU0316,2024-12-12,lecture,present
STU0316,2024-12-17,mentoring,present
STU0316,2024-12-25,lab,present
STU0316,2024-12-26,mentoring,present
STU0317,2023-04-11,lecture,late
STU0317,2023-04-13,lab,present
STU0317,2023-06-12,lab,late
STU0317,2023-06-19,lecture,present
STU0317,2023-07-24,mentoring,present
STU0317,2023-08-10,mentoring,present
STU0317,2023-08-25,lecture,present
STU0317,2023-09-04,mentoring,present
STU0317,2023-09-06,lab,present
STU0317,2023-09-08,mentoring,present
STU0317,2023-10-02,lecture,present
STU0317,2023-10-16,lab,present
STU0317,2023-10-23,lecture,present
STU0317,2023-11-01,lab,present
STU0317,2023-11-16,lab,present
STU0317,2023-11-20,lecture,present
STU0317,2023-12-15,lecture,present
STU0317,2023-12-22,lab,present
STU0317,2023-12-26,lecture,present
STU0317,2024-02-02,mentoring,late
STU0317,2024-02-08,lecture,absent
STU0317,2024-02-28,lecture,present
STU0317,2024-04-05,mentoring,present
STU0317,2024-04-09,lab,present
STU0317,2024-05-01,lecture,absent
STU0317,2024-05-10,lab,present
STU0317,2024-05-22,mentoring,present
STU0317,2024-06-05,lecture,present
STU0317,2024-06-07,lab,present
STU0317,2024-07-24,lecture,present
STU0317,2024-07-30,lecture,present
STU0317,2024-09-09,lecture,absent
STU0317,2024-09-12,lecture,present
STU0317,2024-09-25,mentoring,absent
STU0317,2024-10-21,lab,late
STU0317,2024-10-28,lab,present
STU0317,2024-11-14,lab,absent
STU0317,2024-12-11,lab,present
STU0318,2023-08-09,lab,present
STU0318,2023-08-11,mentoring,present
STU0318,2023-08-17,mentoring,absent
STU0318,2023-11-14,mentoring,present
STU0318,2023-11-21,lecture,present
STU0318,2023-12-11,mentoring,present
STU0318,2024-01-19,lab,late
STU0318,2024-01-29,lecture,present
STU0318,2024-01-30,lab,present
STU0318,2024-02-01,lecture,present
STU0318,2024-02-14,lecture,present
STU0318,2024-03-04,lecture,present
STU0318,2024-03-06,lab,present
STU0318,2024-03-19,mentoring,present
STU0318,2024-04-19,lab,present
STU0318,2024-06-04,mentoring,present
STU0318,2024-06-05,lecture,present
STU0318,2024-06-07,mentoring,present
STU0318,2024-07-29,lab,late
STU0318,2024-08-05,mentoring,present
STU0318,2024-09-27,mentoring,present
STU0318,2024-10-29,lecture,late
STU0318,2024-10-30,lab,present
STU0318,2024-12-12,lab,present
STU0319,2024-03-01,lecture,late
STU0319,2024-04-05,mentoring,present
STU0319,2024-05-06,mentoring,present
STU0319,2024-05-13,mentoring,late
STU0319,2024-06-19,lecture,present
STU0319,2024-09-23,lab,present
STU0319,2024-09-24,mentoring,present
STU0319,2024-11-12,mentoring,present
STU0319,2024-12-17,mentoring,present
STU0319,2024-12-19,lab,present
STU0319,2025-01-01,lab,present
STU0320,2024-07-30,lab,present
STU0320,2024-08-02,lab,late
STU0320,2024-08-21,lab,present
STU0320,2024-08-27,lecture,present
STU0320,2024-09-20,lecture,absent
STU0320,2024-11-28,mentoring,present
STU0320,2024-12-09,lab,late
STU0320,2024-12-23,mentoring,late
STU0320,2025-01-07,lecture,present
STU0321,2023-03-01,lecture,late
STU0321,2023-03-03,mentoring,present
STU0321,2023-03-16,lab,present
STU0321,2023-03-23,lab,late
STU0321,2023-04-13,mentoring,present
STU0321,2023-04-24,mentoring,present
STU0321,2023-05-03,mentoring,absent
STU0321,2023-05-17,lab,absent
STU0321,2023-05-18,mentoring,present
STU0321,2023-06-14,lecture,present
STU0321,2023-07-04,mentoring,absent
STU0321,2023-07-13,lecture,absent
STU0321,2023-07-26,mentoring,present
STU0321,2023-08-09,lab,present
STU0321,2023-08-28,lab,absent
STU0321,2023-09-18,mentoring,present
STU0321,2023-09-20,lecture,present
STU0321,2023-10-04,lecture,present
STU0321,2023-12-04,lecture,present
STU0321,2024-01-04,mentoring,present
STU0321,2024-01-11,lecture,present
STU0321,2024-01-29,lecture,late
STU0321,2024-02-16,lecture,present
STU0321,2024-02-20,mentoring,present
STU0321,2024-02-29,mentoring,present
STU0321,2024-03-05,mentoring,absent
STU0321,2024-03-07,lab,present
STU0321,2024-05-20,mentoring,present
STU0321,2024-05-21,lecture,present
STU0321,2024-06-12,mentoring,late
STU0321,2024-09-11,mentoring,present
STU0321,2024-10-28,lecture,absent
STU0321,2024-11-12,lecture,late
STU0321,2024-12-16,lab,present
STU0321,2025-01-07,lab,present
STU0322,2023-08-14,lecture,late
STU0322,2023-09-11,lecture,present
STU0322,2023-10-05,mentoring,late
STU0322,2023-10-06,lecture,present
STU0322,2023-10-31,mentoring,absent
STU0322,2023-12-18,lab,absent
STU0322,2024-01-17,lab,present
STU0322,2024-02-01,mentoring,present
STU0322,2024-04-08,lecture,present
STU0322,2024-04-09,lab,present
STU0322,2024-04-11,mentoring,present
STU0322,2024-04-26,mentoring,present
STU0322,2024-05-02,mentoring,present
STU0322,2024-05-20,mentoring,present
STU0322,2024-06-19,lecture,present
STU0322,2024-06-20,lab,present
STU0322,2024-07-02,mentoring,present
STU0322,2024-07-29,lecture,present
STU0322,2024-09-23,lecture,present
STU0322,2024-10-02,mentoring,absent
STU0322,2024-10-29,lecture,present
STU0322,2024-11-05,lecture,present
STU0322,2024-12-10,lab,present
STU0322,2024-12-26,lab,late
STU0323,2024-03-08,lab,present
STU0323,2024-03-15,lab,present
STU0323,2024-03-21,mentoring,present
STU0323,2024-04-01,mentoring,present
STU0323,2024-04-23,lab,present
STU0323,2024-05-01,mentoring,present
STU0323,2024-05-13,mentoring,present
STU0323,2024-05-15,lab,present
STU0323,2024-05-20,mentoring,late
STU0323,2024-06-10,mentoring,present
STU0323,2024-06-18,mentoring,absent
STU0323,2024-06-27,mentoring,present
STU0323,2024-07-09,lecture,present
STU0323,2024-07-22,lab,late
STU0323,2024-08-07,lecture,present
STU0323,2024-08-13,mentoring,present
STU0323,2024-08-14,lecture,present
STU0323,2024-08-28,mentoring,present
STU0323,2024-09-16,lecture,present
STU0323,2024-11-25,lecture,present
STU0323,2024-12-10,mentoring,present
STU0323,2024-12-11,lecture,present
STU0323,2024-12-25,mentoring,present
STU0323,2024-12-26,lecture,present
STU0323,2025-01-09,mentoring,present
STU0323,2025-01-15,mentoring,present
STU0324,2024-09-06,mentoring,present
STU0324,2024-09-16,lab,late
STU0324,2024-09-19,lecture,present
STU0324,2024-09-26,lab,present
STU0324,2024-10-03,mentoring,present
STU0324,2024-10-11,lecture,present
STU0324,2024-10-16,lecture,present
STU0324,2024-10-18,mentoring,present
STU0325,2023-02-09,mentoring,present
STU0325,2023-03-08,mentoring,present
STU0325,2023-04-13,lecture,present
STU0325,2023-06-13,lab,present
STU0325,2023-06-15,lecture,late
STU0325,2023-06-28,lecture,present
STU0325,2023-07-26,lab,present
STU0325,2023-08-11,mentoring,present
STU0325,2023-09-01,lecture,present
STU0325,2023-09-04,lab,absent
STU0325,2023-09-18,lecture,present
STU0325,2023-10-09,mentoring,present
STU0325,2023-10-26,lab,present
STU0325,2023-12-05,mentoring,present
STU0325,2023-12-07,lab,late
STU0325,2023-12-11,lecture,present
STU0325,2024-01-02,lecture,present
STU0325,2024-01-10,lab,present
STU0325,2024-03-01,lecture,present
STU0325,2024-04-17,lecture,present
STU0325,2024-04-19,mentoring,present
STU0325,2024-05-02,lab,present
STU0325,2024-05-07,mentoring,present
STU0325,2024-06-24,lab,present
STU0325,2024-07-01,lab,late
STU0325,2024-07-11,lecture,present
STU0325,2024-08-27,mentoring,late
STU0325,2024-12-02,lecture,present
STU0325,2025-01-14,mentoring,present
STU0326,2023-10-05,lab,present
STU0326,2023-12-06,lab,present
STU0326,2024-03-29,mentoring,present
STU0326,2024-04-29,lab,present
STU0326,2024-05-08,mentoring,present
STU0326,2024-05-31,mentoring,absent
STU0326,2024-06-03,lecture,present
STU0326,2024-06-19,mentoring,present
STU0326,2024-07-18,mentoring,present
STU0326,2024-08-30,lab,present
STU0326,2024-09-02,mentoring,present
STU0326,2024-09-09,lab,present
STU0326,2024-10-22,lecture,present
STU0326,2024-10-25,mentoring,present
STU0326,2024-11-05,mentoring,present
STU0326,2024-12-04,mentoring,present
STU0326,2024-12-11,lab,present
STU0327,2024-02-21,mentoring,late
STU0327,2024-03-04,lab,present
STU0327,2024-03-19,mentoring,present
STU0327,2024-03-20,lecture,present
STU0327,2024-04-01,lab,present
STU0327,2024-05-28,mentoring,present
STU0327,2024-05-29,lecture,present
STU0327,2024-06-24,lab,present
STU0327,2024-06-26,mentoring,present
STU0327,2024-07-15,mentoring,present
STU0327,2024-07-26,lecture,present
STU0327,2024-08-09,lab,present
STU0327,2024-08-12,mentoring,present
STU0327,2024-08-26,lab,present
STU0327,2024-09-12,lab,present
STU0327,2024-09-17,lab,present
STU0327,2024-10-03,lecture,present
STU0327,2024-10-09,lecture,present
STU0327,2024-11-22,lecture,present
STU0327,2024-11-26,lab,present
STU0327,2024-11-29,lecture,absent
STU0327,2024-12-05,lab,present
STU0327,2024-12-18,mentoring,present
STU0327,2024-12-25,lecture,present
STU0327,2025-01-01,lab,present
STU0327,2025-01-08,lab,present
STU0328,2024-10-14,lecture,absent
STU0328,2024-10-29,lab,present
STU0328,2024-11-01,lab,late
STU0328,2024-12-17,lab,present
STU0328,2024-12-20,lab,absent
STU0328,2025-01-10,mentoring,present
STU0329,2023-03-08,lecture,late
STU0329,2023-04-13,lab,present
STU0329,2023-04-24,lecture,present
STU0329,2023-05-22,mentoring,late
STU0329,2023-05-23,lecture,present
STU0329,2023-06-13,lecture,late
STU0329,2023-06-20,mentoring,present
STU0329,2023-06-22,lecture,present
STU0329,2023-08-10,lecture,late
STU0329,2023-08-17,lecture,present
STU0329,2023-10-05,mentoring,present
STU0329,2023-12-06,lab,late
STU0329,2023-12-29,lab,present
STU0329,2024-01-10,mentoring,present
STU0329,2024-01-31,mentoring,absent
STU0329,2024-02-02,lab,present
STU0329,2024-02-07,lab,present
STU0329,2024-02-12,lab,absent
STU0329,2024-03-19,mentoring,absent
STU0329,2024-03-27,lecture,present
STU0329,2024-05-09,lecture,absent
STU0329,2024-05-15,lecture,present
STU0329,2024-05-20,mentoring,present
STU0329,2024-06-07,lab,present
STU0329,2024-06-20,lab,present
STU0329,2024-06-21,mentoring,absent
STU0329,2024-07-05,lab,present
STU0329,2024-08-21,mentoring,present
STU0329,2024-08-28,lab,present
STU0329,2024-09-25,lecture,late
STU0329,2024-09-27,lab,present
STU0329,2024-10-01,mentoring,present
STU0329,2024-11-07,mentoring,present
STU0329,2024-11-08,lecture,present
STU0329,2024-11-15,lecture,present
STU0329,2024-12-26,mentoring,absent
STU0329,2025-01-10,lab,present
STU0329,2025-01-15,lecture,present
STU0330,2023-09-26,mentoring,present
STU0330,2023-10-04,lecture,present
STU0330,2023-10-12,lab,present
STU0330,2023-11-08,lab,present
STU0330,2023-12-04,mentoring,present
STU0330,2024-01-09,mentoring,absent
STU0330,2024-02-02,mentoring,present
STU0330,2024-02-06,lecture,present
STU0330,2024-02-12,lab,present
STU0330,2024-03-19,lab,present
STU0330,2024-04-16,lecture,absent
STU0330,2024-04-25,lecture,absent
STU0330,2024-05-01,lab,present
STU0330,2024-05-09,lab,present
STU0330,2024-05-15,lab,present
STU0330,2024-05-31,lab,absent
STU0330,2024-07-01,lab,present
STU0330,2024-07-24,lab,present
STU0330,2024-07-30,lab,present
STU0330,2024-08-16,lecture,present
STU0330,2024-09-09,mentoring,absent
STU0330,2024-10-14,mentoring,present
STU0330,2024-10-15,lecture,present
STU0330,2024-11-01,mentoring,present
STU0330,2024-11-08,lab,present
STU0330,2024-11-18,lecture,present
STU0330,2024-11-26,lecture,present
STU0330,2024-12-17,lab,present
STU0330,2024-12-19,mentoring,absent
STU0331,2024-03-11,lecture,present
STU0331,2024-04-01,mentoring,present
STU0331,2024-04-12,lab,present
STU0331,2024-05-03,lab,present
STU0331,2024-05-29,lecture,present
STU0331,2024-07-12,mentoring,present
STU0331,2024-09-16,lab,present
STU0331,2024-10-08,lecture,present
STU0331,2024-10-14,lecture,present
STU0331,2024-10-28,lab,absent
STU0331,2024-10-29,mentoring,present
STU0331,2024-11-07,lecture,absent
STU0331,2024-11-26,lecture,present
STU0331,2024-12-06,lab,present
STU0331,2025-01-03,lecture,present
STU0332,2024-09-10,lab,present
STU0332,2024-10-09,lab,present
STU0332,2024-10-16,lab,absent
STU0332,2024-10-25,lecture,late
STU0332,2024-11-12,lecture,late
STU0332,2024-11-21,mentoring,absent
STU0332,2024-11-22,lecture,present
STU0332,2024-12-06,mentoring,present
STU0333,2023-04-26,lecture,present
STU0333,2023-05-10,lab,present
STU0333,2023-06-02,mentoring,absent
STU0333,2023-06-26,lecture,absent
STU0333,2023-06-28,lab,present
STU0333,2023-06-30,lecture,present
STU0333,2023-07-03,lab,present
STU0333,2023-07-12,lab,present
STU0333,2023-08-07,lab,present
STU0333,2023-08-25,lecture,present
STU0333,2023-09-01,mentoring,present
STU0333,2023-09-18,mentoring,absent
STU0333,2023-09-20,lecture,present
STU0333,2023-09-28,lab,present
STU0333,2023-10-16,mentoring,present
STU0333,2023-10-27,lecture,late
STU0333,2023-10-31,lab,present
STU0333,2023-11-21,lab,present
STU0333,2023-11-22,mentoring,present
STU0333,2023-12-04,mentoring,late
STU0333,2023-12-06,lab,present
STU0333,2024-01-10,lecture,present
STU0333,2024-02-02,mentoring,present
STU0333,2024-03-06,lab,present
STU0333,2024-03-13,mentoring,late
STU0333,2024-03-20,mentoring,present
STU0333,2024-04-01,mentoring,present
STU0333,2024-04-08,mentoring,present
STU0333,2024-04-11,lecture,late
STU0333,2024-04-16,mentoring,present
STU0333,2024-04-23,lecture,present
STU0333,2024-05-07,mentoring,late
STU0333,2024-06-11,lecture,absent
STU0333,2024-06-13,lab,present
STU0333,2024-07-01,lecture,present
STU0333,2024-08-21,lab,present
STU0333,2024-09-19,lab,present
STU0333,2024-11-06,lab,present
STU0333,2024-12-23,lab,absent
STU0333,2025-01-07,lab,late
STU0334,2023-09-13,lab,present
STU0334,2023-11-08,lecture,present
STU0334,2023-12-06,lab,late
STU0334,2024-01-09,lab,present
STU0334,2024-02-16,lab,late
STU0334,2024-02-28,lab,present
STU0334,2024-03-06,lab,present
STU0334,2024-05-07,lab,present
STU0334,2024-05-16,lecture,present
STU0334,2024-06-05,mentoring,present
STU0334,2024-07-04,lab,present
STU0334,2024-08-02,lab,present
STU0334,2024-08-21,lecture,present
STU0334,2024-09-03,lab,present
STU0334,2024-09-17,mentoring,present
STU0334,2024-10-23,lab,present
STU0334,2024-11-27,lecture,late
STU0334,2024-12-24,lecture,late
STU0335,2024-03-11,lab,present
STU0335,2024-05-01,lecture,present
STU0335,2024-06-05,mentoring,present
STU0335,2024-06-12,lab,absent
STU0335,2024-06-24,lab,present
STU0335,2024-07-26,mentoring,present
STU0335,2024-08-05,lab,present
STU0335,2024-08-20,mentoring,present
STU0335,2024-10-01,lab,present
STU0335,2024-10-21,lecture,present
STU0335,2024-11-27,lecture,late
STU0335,2024-11-28,lab,present
STU0335,2024-12-11,mentoring,present
STU0335,2024-12-13,lab,present
STU0335,2025-01-02,mentoring,present
STU0335,2025-01-06,lecture,present
STU0335,2025-01-08,mentoring,present
STU0336,2024-07-29,lab,late
STU0336,2024-08-06,lab,absent
STU0336,2024-08-09,lecture,late
STU0336,2024-08-20,mentoring,present
STU0336,2024-09-12,mentoring,present
STU0336,2024-09-19,mentoring,present
STU0336,2024-10-11,mentoring,late
STU0336,2024-10-17,lecture,late
STU0336,2024-11-21,lecture,present
STU0336,2024-11-22,lab,late
STU0336,2024-11-25,mentoring,present
STU0336,2024-12-13,lab,present
STU0336,2025-01-13,lecture,present
STU0337,2023-02-15,lab,absent
STU0337,2023-02-17,mentoring,present
STU0337,2023-03-14,lecture,absent
STU0337,2023-04-21,lecture,absent
STU0337,2023-05-02,lecture,present
STU0337,2023-05-09,lab,absent
STU0337,2023-05-24,lab,present
STU0337,2023-06-02,lecture,late
STU0337,2023-06-08,lab,late
STU0337,2023-06-26,lecture,absent
STU0337,2023-07-07,mentoring,absent
STU0337,2023-07-21,lecture,present
STU0337,2023-07-28,mentoring,present
STU0337,2023-08-07,mentoring,present
STU0337,2023-08-15,mentoring,absent
STU0337,2023-08-21,lecture,present
STU0337,2023-08-28,lecture,present
STU0337,2023-10-03,lecture,absent
STU0337,2023-10-09,lecture,late
STU0337,2023-10-27,lecture,absent
STU0337,2023-11-01,lecture,present
STU0337,2023-11-02,lab,absent
STU0337,2023-11-22,lab,present
STU0337,2023-11-23,mentoring,present
STU0337,2023-12-11,lab,present
STU0337,2024-01-17,mentoring,absent
STU0337,2024-01-26,mentoring,present
STU0337,2024-02-05,lecture,present
STU0337,2024-02-16,lab,absent
STU0337,2024-03-20,lecture,present
STU0337,2024-05-14,lab,present
STU0337,2024-05-22,lecture,late
STU0337,2024-05-30,lecture,present
STU0337,2024-07-03,mentoring,present
STU0337,2024-07-17,lecture,present
STU0337,2024-07-31,mentoring,present
STU0337,2024-08-09,lab,present
STU0337,2024-09-17,lecture,present
STU0337,2024-09-20,mentoring,present
STU0337,2024-10-04,mentoring,present
STU0337,2024-11-25,lecture,late
STU0337,2025-01-08,mentoring,present
STU0338,2023-09-19,lab,present
STU0338,2023-11-16,lab,present
STU0338,2023-12-27,mentoring,present
STU0338,2024-02-12,mentoring,present
STU0338,2024-02-16,mentoring,absent
STU0338,2024-02-23,mentoring,present
STU0338,2024-03-12,lecture,absent
STU0338,2024-03-14,lab,present
STU0338,2024-03-19,lecture,present
STU0338,2024-03-25,lecture,present
STU0338,2024-04-16,lab,present
STU0338,2024-05-07,mentoring,absent
STU0338,2024-06-07,mentoring,present
STU0338,2024-06-21,mentoring,present
STU0338,2024-06-24,lecture,present
STU0338,2024-06-25,lab,present
STU0338,2024-07-05,lecture,late
STU0338,2024-07-12,lab,present
STU0338,2024-07-22,lecture,present
STU0338,2024-07-24,mentoring,present
STU0338,2024-08-26,lab,absent
STU0338,2024-09-03,lecture,absent
STU0338,2024-10-01,lab,present
STU0338,2024-10-17,lab,present
STU0338,2024-10-28,lab,absent
STU0338,2024-12-04,mentoring,present
STU0338,2024-12-06,lab,present
STU0338,2024-12-18,lecture,absent
STU0338,2025-01-10,lab,present
STU0339,2024-03-27,lab,absent
STU0339,2024-04-12,lab,present
STU0339,2024-06-12,lab,late
STU0339,2024-06-20,mentoring,present
STU0339,2024-07-26,lab,present
STU0339,2024-10-07,lab,late
STU0339,2024-11-18,lecture,present
STU0339,2024-12-06,mentoring,present
STU0339,2024-12-12,lab,present
STU0339,2024-12-19,mentoring,late
STU0339,2024-12-24,lab,present
STU0339,2024-12-25,mentoring,present
STU0339,2024-12-30,mentoring,present
STU0340,2024-09-10,lab,present
STU0340,2024-10-08,lecture,late
STU0340,2024-10-28,mentoring,present
STU0340,2024-11-14,mentoring,absent
STU0340,2024-12-16,lecture,present
STU0341,2023-03-03,lecture,present
STU0341,2023-03-14,mentoring,absent
STU0341,2023-04-13,lecture,present
STU0341,2023-05-09,lecture,present
STU0341,2023-06-09,lecture,present
STU0341,2023-06-23,lab,present
STU0341,2023-07-27,lecture,present
STU0341,2023-08-07,lab,present
STU0341,2023-08-10,mentoring,present
STU0341,2023-10-05,lab,present
STU0341,2023-11-02,lab,absent
STU0341,2023-11-09,lab,present
STU0341,2023-12-05,mentoring,present
STU0341,2023-12-15,mentoring,present
STU0341,2024-01-12,lecture,present
STU0341,2024-02-14,lecture,present
STU0341,2024-02-22,lecture,present
STU0341,2024-03-20,mentoring,present
STU0341,2024-04-04,lecture,absent
STU0341,2024-04-05,lab,present
STU0341,2024-04-08,mentoring,late
STU0341,2024-04-10,lecture,present
STU0341,2024-04-19,lab,absent
STU0341,2024-05-03,mentoring,present
STU0341,2024-07-01,lecture,present
STU0341,2024-07-12,lecture,present
STU0341,2024-07-16,mentoring,present
STU0341,2024-07-17,lecture,present
STU0341,2024-08-01,lab,absent
STU0341,2024-08-08,lab,late
STU0341,2024-08-22,lab,present
STU0341,2024-08-30,lab,late
STU0341,2024-09-06,lab,present
STU0341,2025-01-10,lecture,present
STU0342,2023-08-25,mentoring,present
STU0342,2023-09-08,mentoring,present
STU0342,2023-10-26,mentoring,present
STU0342,2023-11-03,lecture,present
STU0342,2023-11-17,lecture,present
STU0342,2023-11-20,lab,present
STU0342,2024-01-01,lecture,present
STU0342,2024-01-29,mentoring,present
STU0342,2024-02-07,lab,late
STU0342,2024-03-29,mentoring,present
STU0342,2024-04-16,mentoring,present
STU0342,2024-05-16,lab,present
STU0342,2024-06-21,lab,present
STU0342,2024-07-17,lab,absent
STU0342,2024-09-10,mentoring,present
STU0342,2024-10-02,mentoring,present
STU0342,2024-10-28,lecture,late
STU0342,2024-11-29,lecture,present
STU0342,2024-12-24,lecture,present
STU0343,2024-04-03,lecture,present
STU0343,2024-04-08,lab,absent
STU0343,2024-04-17,mentoring,present
STU0343,2024-05-01,mentoring,present
STU0343,2024-05-14,lab,present
STU0343,2024-06-21,mentoring,present
STU0343,2024-07-09,lecture,present
STU0343,2024-07-16,lecture,late
STU0343,2024-08-09,mentoring,present
STU0343,2024-09-03,lab,present
STU0343,2024-09-27,lab,absent
STU0343,2024-10-16,lecture,present
STU0343,2024-12-12,mentoring,present
STU0343,2024-12-19,mentoring,present
STU0344,2024-10-07,lecture,late
STU0344,2024-10-15,lecture,late
STU0344,2024-10-31,mentoring,present
STU0344,2024-11-25,mentoring,absent
STU0344,2024-12-03,lecture,absent
STU0344,2024-12-26,lab,present
STU0344,2024-12-30,lecture,present
STU0345,2023-03-15,mentoring,present
STU0345,2023-03-22,lecture,late
STU0345,2023-04-19,mentoring,late
STU0345,2023-05-08,lecture,present
STU0345,2023-05-18,mentoring,present
STU0345,2023-05-25,mentoring,absent
STU0345,2023-06-13,lecture,absent
STU0345,2023-09-01,mentoring,present
STU0345,2023-09-14,lecture,absent
STU0345,2023-09-21,lecture,late
STU0345,2023-10-16,mentoring,present
STU0345,2023-10-25,lab,present
STU0345,2023-11-07,lab,present
STU0345,2023-11-23,lab,present
STU0345,2023-12-12,lab,present
STU0345,2024-01-04,lab,present
STU0345,2024-01-22,lecture,absent
STU0345,2024-02-27,lecture,present
STU0345,2024-03-05,lab,late
STU0345,2024-03-08,lecture,present
STU0345,2024-03-29,lab,present
STU0345,2024-04-02,lecture,present
STU0345,2024-04-24,lab,present
STU0345,2024-05-16,lecture,present
STU0345,2024-06-10,lab,present
STU0345,2024-06-28,lecture,present
STU0345,2024-07-17,mentoring,present
STU0345,2024-08-06,mentoring,late
STU0345,2024-08-30,lecture,present
STU0345,2024-09-27,lab,present
STU0345,2024-09-30,mentoring,present
STU0345,2024-10-02,lecture,present
STU0345,2024-10-08,mentoring,present
STU0345,2024-10-24,mentoring,present
STU0345,2024-11-25,lab,present
STU0345,2025-01-08,lab,present
STU0346,2023-08-14,mentoring,present
STU0346,2023-08-21,mentoring,absent
STU0346,2023-09-07,lab,present
STU0346,2023-09-14,lab,present
STU0346,2023-09-18,lecture,late
STU0346,2023-10-11,lab,present
STU0346,2023-10-16,lab,late
STU0346,2023-10-31,lecture,present
STU0346,2023-11-02,mentoring,absent
STU0346,2023-11-09,lecture,late
STU0346,2023-11-14,mentoring,present
STU0346,2023-11-16,lecture,present
STU0346,2023-11-21,mentoring,late
STU0346,2023-11-24,lab,present
STU0346,2023-12-12,lab,absent
STU0346,2024-01-16,lab,absent
STU0346,2024-01-19,lecture,present
STU0346,2024-03-27,mentoring,present
STU0346,2024-04-05,lab,present
STU0346,2024-05-06,lecture,present
STU0346,2024-07-19,mentoring,present
STU0346,2024-07-24,lecture,present
STU0346,2024-08-09,lab,present
STU0346,2024-08-22,lab,present
STU0346,2024-09-26,lecture,present
STU0346,2024-10-24,lecture,present
STU0346,2024-10-29,lecture,present
STU0346,2024-11-27,lecture,present
STU0346,2024-11-29,lab,present
STU0346,2024-12-17,lab,present
STU0346,2024-12-23,lab,late
STU0346,2024-12-25,lecture,present
STU0346,2024-12-26,lab,absent
STU0346,2024-12-30,mentoring,present
STU0347,2024-01-24,mentoring,present
STU0347,2024-02-02,mentoring,present
STU0347,2024-02-22,lecture,present
STU0347,2024-02-23,lab,absent
STU0347,2024-03-19,mentoring,absent
STU0347,2024-04-11,mentoring,present
STU0347,2024-05-01,lab,present
STU0347,2024-05-23,lecture,late
STU0347,2024-06-03,lecture,present
STU0347,2024-06-19,lecture,present
STU0347,2024-07-16,lab,present
STU0347,2024-07-23,lab,present
STU0347,2024-07-26,mentoring,present
STU0347,2024-07-29,lecture,present
STU0347,2024-08-26,mentoring,present
STU0347,2024-09-04,mentoring,present
STU0347,2024-09-09,lab,present
STU0347,2024-10-08,lab,present
STU0347,2024-10-11,lecture,absent
STU0347,2024-11-01,lecture,present
STU0347,2024-11-08,lecture,present
STU0347,2024-12-02,mentoring,absent
STU0347,2025-01-03,lecture,present
STU0347,2025-01-06,lab,present
STU0348,2024-08-13,lab,absent
STU0348,2024-09-25,lab,present
STU0348,2024-09-27,lecture,present
STU0348,2024-10-15,lecture,present
STU0348,2024-10-22,lecture,late
STU0348,2024-10-23,lab,absent
STU0348,2024-10-30,mentoring,present
STU0348,2024-11-14,lecture,present
STU0348,2024-11-21,mentoring,present
STU0348,2024-12-05,lecture,present
STU0348,2024-12-19,mentoring,present
STU0348,2025-01-08,lecture,present
STU0348,2025-01-09,lab,present
STU0349,2023-03-17,lecture,late
STU0349,2023-05-16,lecture,late
STU0349,2023-05-24,lab,present
STU0349,2023-06-01,lab,present
STU0349,2023-06-20,lecture,present
STU0349,2023-06-23,lab,late
STU0349,2023-09-21,lab,present
STU0349,2023-09-26,mentoring,present
STU0349,2023-11-14,mentoring,late
STU0349,2023-11-22,lab,absent
STU0349,2023-11-29,lecture,present
STU0349,2023-12-22,lecture,present
STU0349,2023-12-25,lab,absent
STU0349,2023-12-27,mentoring,present
STU0349,2024-01-01,lab,present
STU0349,2024-01-02,mentoring,late
STU0349,2024-01-16,lab,present
STU0349,2024-02-06,mentoring,present
STU0349,2024-02-07,lecture,absent
STU0349,2024-02-28,mentoring,late
STU0349,2024-04-04,mentoring,present
STU0349,2024-04-11,lab,present
STU0349,2024-06-03,mentoring,present
STU0349,2024-06-04,lecture,absent
STU0349,2024-06-12,lab,absent
STU0349,2024-07-09,lecture,present
STU0349,2024-07-17,mentoring,present
STU0349,2024-08-29,lab,present
STU0349,2024-09-05,lab,present
STU0349,2024-09-10,mentoring,late
STU0349,2024-09-24,lecture,present
STU0349,2024-11-12,mentoring,absent
STU0349,2024-11-29,lab,late
STU0349,2024-12-16,lecture,present
STU0349,2025-01-03,lecture,present
STU0350,2023-09-04,lecture,late
STU0350,2023-09-14,lecture,late
STU0350,2023-10-06,lab,late
STU0350,2023-11-06,lecture,absent
STU0350,2023-11-29,mentoring,late
STU0350,2023-12-04,lab,absent
STU0350,2023-12-18,lecture,absent
STU0350,2023-12-19,lab,present
STU0350,2023-12-29,lecture,present
STU0350,2024-01-12,lab,late
STU0350,2024-01-19,lab,present
STU0350,2024-02-06,mentoring,present
STU0350,2024-03-22,lecture,present
STU0350,2024-03-29,lab,absent
STU0350,2024-05-07,lecture,present
STU0350,2024-06-07,mentoring,present
STU0350,2024-06-14,lecture,present
STU0350,2024-08-16,lab,present
STU0350,2024-08-23,lecture,present
STU0350,2024-11-06,lecture,present
STU0350,2025-01-09,lecture,present
STU0351,2024-02-08,lecture,absent
STU0351,2024-04-12,lecture,absent
STU0351,2024-04-25,lab,late
STU0351,2024-04-26,mentoring,present
STU0351,2024-05-03,lecture,present
STU0351,2024-05-21,lab,late
STU0351,2024-06-10,lecture,absent
STU0351,2024-06-12,mentoring,present
STU0351,2024-06-14,lecture,present
STU0351,2024-06-19,mentoring,present
STU0351,2024-06-20,lecture,present
STU0351,2024-06-27,lab,present
STU0351,2024-07-04,mentoring,late
STU0351,2024-07-08,lecture,present
STU0351,2024-07-12,lecture,present
STU0351,2024-08-12,lab,late
STU0351,2024-08-23,mentoring,present
STU0351,2024-09-25,mentoring,present
STU0351,2024-09-27,lab,present
STU0351,2024-10-11,lecture,present
STU0351,2024-10-15,mentoring,absent
STU0351,2024-11-07,mentoring,late
STU0351,2024-12-05,lab,late
STU0351,2024-12-10,lecture,absent
STU0351,2024-12-23,lecture,present
STU0352,2024-09-03,lab,absent
STU0352,2024-11-01,lab,present
STU0352,2025-01-13,lab,present
STU0353,2023-01-23,lecture,present
STU0353,2023-01-24,lab,present
STU0353,2023-02-15,mentoring,late
STU0353,2023-02-28,mentoring,late
STU0353,2023-03-01,lecture,late
STU0353,2023-04-07,mentoring,late
STU0353,2023-04-21,mentoring,present
STU0353,2023-04-27,lab,present
STU0353,2023-06-16,lab,absent
STU0353,2023-06-26,lecture,absent
STU0353,2023-07-06,lecture,present
STU0353,2023-07-10,lab,present
STU0353,2023-07-12,lecture,present
STU0353,2023-08-02,lab,present
STU0353,2023-08-21,lab,absent
STU0353,2023-08-29,mentoring,absent
STU0353,2023-08-30,lecture,present
STU0353,2023-09-21,lecture,absent
STU0353,2023-10-11,mentoring,present
STU0353,2023-10-31,lab,present
STU0353,2023-11-08,lab,present
STU0353,2023-11-16,mentoring,absent
STU0353,2023-12-12,lab,absent
STU0353,2023-12-15,lecture,absent
STU0353,2024-01-03,lecture,present
STU0353,2024-01-04,lab,present
STU0353,2024-01-30,lab,present
STU0353,2024-02-26,lecture,present
STU0353,2024-04-09,lecture,present
STU0353,2024-05-01,lab,absent
STU0353,2024-05-07,lecture,present
STU0353,2024-05-09,mentoring,present
STU0353,2024-05-14,mentoring,absent
STU0353,2024-05-16,lab,present
STU0353,2024-05-23,mentoring,late
STU0353,2024-07-18,mentoring,present
STU0353,2024-08-01,lab,present
STU0353,2024-08-02,mentoring,present
STU0353,2024-08-29,mentoring,late
STU0353,2024-09-04,lab,present
STU0353,2024-09-27,lab,present
STU0353,2024-10-11,lab,present
STU0353,2024-10-16,mentoring,present
STU0353,2024-11-05,lab,absent
STU0353,2024-12-04,lecture,absent
STU0353,2024-12-06,lab,present
STU0354,2023-09-18,lecture,late
STU0354,2023-10-06,lab,present
STU0354,2023-10-23,lab,present
STU0354,2023-11-10,lecture,present
STU0354,2023-11-15,mentoring,present
STU0354,2024-01-11,lab,absent
STU0354,2024-03-11,lab,late
STU0354,2024-03-27,mentoring,present
STU0354,2024-03-28,lecture,present
STU0354,2024-04-05,lecture,present
STU0354,2024-05-16,lecture,present
STU0354,2024-06-06,lab,present
STU0354,2024-06-10,mentoring,present
STU0354,2024-09-17,lab,present
STU0354,2024-09-18,mentoring,late
STU0354,2024-09-20,lecture,absent
STU0354,2024-10-07,lecture,present
STU0354,2024-10-30,mentoring,absent
STU0354,2024-10-31,lecture,present
STU0354,2024-12-06,lecture,absent
STU0354,2024-12-17,mentoring,late
STU0354,2024-12-25,mentoring,present
STU0354,2024-12-30,mentoring,present
STU0354,2025-01-06,lab,present
STU0354,2025-01-10,mentoring,present
STU0355,2024-03-13,lab,absent
STU0355,2024-04-02,mentoring,present
STU0355,2024-04-12,mentoring,absent
STU0355,2024-05-01,lecture,absent
STU0355,2024-05-15,lecture,present
STU0355,2024-05-20,lecture,present
STU0355,2024-05-23,mentoring,present
STU0355,2024-06-10,mentoring,present
STU0355,2024-06-19,mentoring,late
STU0355,2024-07-03,mentoring,present
STU0355,2024-07-16,lab,present
STU0355,2024-07-19,lecture,absent
STU0355,2024-10-14,lecture,present
STU0355,2024-10-22,lab,present
STU0355,2024-10-28,lecture,late
STU0355,2024-12-25,lecture,late
STU0356,2024-10-10,lecture,present
STU0356,2024-11-07,lab,present
STU0356,2024-11-18,mentoring,absent
STU0356,2024-11-25,lab,absent
STU0356,2024-11-29,lecture,present
STU0356,2024-12-03,mentoring,present
STU0356,2024-12-25,lecture,late
STU0357,2023-02-27,lecture,present
STU0357,2023-02-28,lab,present
STU0357,2023-03-17,mentoring,present
STU0357,2023-03-29,mentoring,present
STU0357,2023-03-30,lecture,present
STU0357,2023-04-05,mentoring,present
STU0357,2023-04-06,lecture,late
STU0357,2023-05-02,mentoring,present
STU0357,2023-05-08,mentoring,present
STU0357,2023-05-25,mentoring,present
STU0357,2023-05-31,lab,present
STU0357,2023-06-07,lab,present
STU0357,2023-06-23,lecture,present
STU0357,2023-06-30,lecture,present
STU0357,2023-07-13,lab,present
STU0357,2023-08-18,lecture,present
STU0357,2023-09-05,lecture,present
STU0357,2023-10-12,mentoring,present
STU0357,2023-11-03,lecture,present
STU0357,2023-11-07,mentoring,present
STU0357,2023-11-28,mentoring,present
STU0357,2024-01-05,lab,late
STU0357,2024-01-18,mentoring,present
STU0357,2024-03-21,mentoring,absent
STU0357,2024-03-28,lecture,present
STU0357,2024-04-03,lab,absent
STU0357,2024-04-11,lab,present
STU0357,2024-04-24,lecture,present
STU0357,2024-04-25,lab,present
STU0357,2024-05-15,mentoring,late
STU0357,2024-06-28,lecture,present
STU0357,2024-09-13,lecture,present
STU0357,2024-09-20,lab,present
STU0357,2024-09-24,lecture,present
STU0357,2024-09-26,lab,absent
STU0357,2024-10-29,lab,present
STU0357,2024-12-25,lab,absent
STU0357,2024-12-30,mentoring,present
STU0357,2025-01-08,lab,present
STU0358,2023-08-10,mentoring,present
STU0358,2023-08-15,lab,absent
STU0358,2023-09-20,lab,present
STU0358,2023-10-27,lab,present
STU0358,2023-10-30,mentoring,present
STU0358,2023-11-20,lecture,absent
STU0358,2023-12-06,lecture,present
STU0358,2024-01-10,mentoring,present
STU0358,2024-01-16,lecture,present
STU0358,2024-01-25,lecture,absent
STU0358,2024-02-01,lecture,absent
STU0358,2024-04-18,lecture,late
STU0358,2024-04-19,lab,present
STU0358,2024-07-02,mentoring,late
STU0358,2024-07-23,mentoring,present
STU0358,2024-07-29,mentoring,present
STU0358,2024-08-28,mentoring,present
STU0358,2024-09-16,lecture,present
STU0358,2024-10-01,mentoring,present
STU0358,2024-11-04,mentoring,present
STU0358,2024-11-26,lecture,present
STU0358,2024-12-12,lab,present
STU0358,2025-01-03,lecture,present
STU0358,2025-01-15,mentoring,present
STU0359,2024-02-14,lab,absent
STU0359,2024-03-04,lecture,present
STU0359,2024-04-11,lecture,present
STU0359,2024-04-23,lab,present
STU0359,2024-06-12,mentoring,present
STU0359,2024-06-14,lab,late
STU0359,2024-06-25,mentoring,present
STU0359,2024-07-04,mentoring,present
STU0359,2024-07-18,mentoring,late
STU0359,2024-08-19,mentoring,present
STU0359,2024-08-27,mentoring,absent
STU0359,2024-08-30,lab,late
STU0359,2024-09-06,mentoring,present
STU0359,2024-10-23,mentoring,late
STU0359,2024-11-06,lab,present
STU0359,2024-11-11,lab,present
STU0359,2024-11-21,mentoring,present
STU0359,2024-11-22,lecture,present
STU0359,2024-11-27,mentoring,absent
STU0359,2024-12-10,lecture,present
STU0359,2024-12-18,lecture,present
STU0359,2025-01-07,lecture,present
STU0359,2025-01-13,lab,present
STU0360,2024-07-19,mentoring,present
STU0360,2024-08-12,lab,present
STU0360,2024-08-26,lab,present
STU0360,2024-09-05,mentoring,present
STU0360,2024-09-09,lab,present
STU0360,2024-10-07,lab,present
STU0360,2024-10-16,lecture,absent
STU0360,2024-11-04,lecture,present
STU0360,2024-11-14,lecture,late
STU0360,2024-11-20,lecture,late
STU0360,2024-12-05,lab,late
STU0360,2024-12-19,lecture,present
STU0360,2024-12-27,mentoring,present
STU0360,2025-01-07,mentoring,present
STU0360,2025-01-08,lecture,absent
STU0360,2025-01-14,lecture,present
STU0361,2023-03-21,lecture,present
STU0361,2023-03-24,lecture,late
STU0361,2023-05-15,lab,present
STU0361,2023-05-31,mentoring,present
STU0361,2023-06-09,lecture,present
STU0361,2023-07-21,lab,present
STU0361,2023-08-07,mentoring,present
STU0361,2023-08-15,lecture,late
STU0361,2023-08-16,lab,present
STU0361,2023-09-19,lecture,present
STU0361,2023-10-02,lab,present
STU0361,2023-10-04,lecture,absent
STU0361,2023-10-06,mentoring,present
STU0361,2023-10-09,lecture,present
STU0361,2023-10-12,mentoring,late
STU0361,2023-10-30,lab,present
STU0361,2024-01-12,mentoring,present
STU0361,2024-01-30,mentoring,absent
STU0361,2024-01-31,lecture,absent
STU0361,2024-03-08,lecture,present
STU0361,2024-03-13,lab,present
STU0361,2024-03-25,lab,present
STU0361,2024-03-27,lecture,present
STU0361,2024-04-03,lab,present
STU0361,2024-06-03,mentoring,present
STU0361,2024-06-05,lab,present
STU0361,2024-06-12,mentoring,present
STU0361,2024-06-18,lab,late
STU0361,2024-07-08,lab,present
STU0361,2024-07-18,lecture,present
STU0361,2024-07-29,mentoring,present
STU0361,2024-08-09,mentoring,present
STU0361,2024-08-22,mentoring,present
STU0361,2024-08-27,lecture,present
STU0361,2024-09-17,lab,late
STU0361,2024-09-26,lab,present
STU0361,2024-09-30,lecture,absent
STU0361,2024-11-01,lab,absent
STU0361,2024-12-02,lecture,present
STU0361,2024-12-30,mentoring,absent
STU0362,2023-07-21,lab,present
STU0362,2023-07-24,mentoring,late
STU0362,2023-08-01,lab,present
STU0362,2023-08-25,lecture,present
STU0362,2023-08-31,mentoring,absent
STU0362,2023-09-13,mentoring,present
STU0362,2023-10-20,lecture,absent
STU0362,2023-11-01,lab,present
STU0362,2023-11-24,lab,present
STU0362,2023-12-04,lecture,present
STU0362,2024-01-05,lecture,present
STU0362,2024-01-12,lecture,present
STU0362,2024-01-15,lab,present
STU0362,2024-02-27,lab,present
STU0362,2024-03-13,lab,absent
STU0362,2024-03-25,mentoring,present
STU0362,2024-04-02,mentoring,late
STU0362,2024-04-05,lab,present
STU0362,2024-04-15,mentoring,late
STU0362,2024-05-15,lab,present
STU0362,2024-06-03,lecture,late
STU0362,2024-07-01,lecture,absent
STU0362,2024-07-12,mentoring,absent
STU0362,2024-07-17,lab,present
STU0362,2024-08-07,lab,present
STU0362,2024-08-08,mentoring,late
STU0362,2024-08-26,lecture,absent
STU0362,2024-10-03,mentoring,present
STU0362,2025-01-03,lecture,present
STU0363,2024-03-28,mentoring,present
STU0363,2024-04-02,lab,present
STU0363,2024-04-04,lecture,late
STU0363,2024-04-05,lab,present
STU0363,2024-05-07,mentoring,present
STU0363,2024-05-10,lecture,present
STU0363,2024-06-06,lecture,present
STU0363,2024-07-17,lecture,present
STU0363,2024-08-19,lab,late
STU0363,2024-09-03,lecture,absent
STU0363,2024-09-06,lecture,present
STU0363,2024-09-10,lab,present
STU0363,2024-09-23,mentoring,present
STU0363,2024-09-27,mentoring,present
STU0363,2024-10-03,lecture,late
STU0363,2024-10-21,lab,absent
STU0363,2025-01-10,mentoring,present
STU0364,2024-09-25,lab,present
STU0364,2024-09-27,mentoring,present
STU0364,2024-10-10,lab,present
STU0364,2024-11-06,lecture,late
STU0364,2024-12-12,mentoring,present
STU0365,2023-04-21,mentoring,absent
STU0365,2023-04-26,lab,late
STU0365,2023-05-09,mentoring,late
STU0365,2023-05-10,lecture,present
STU0365,2023-05-30,lecture,present
STU0365,2023-06-09,mentoring,late
STU0365,2023-06-14,mentoring,present
STU0365,2023-08-10,lecture,present
STU0365,2023-09-04,mentoring,present
STU0365,2023-09-07,lecture,late
STU0365,2023-09-25,mentoring,present
STU0365,2023-10-11,mentoring,present
STU0365,2023-10-13,lab,present
STU0365,2023-11-30,mentoring,absent
STU0365,2024-01-02,lecture,late
STU0365,2024-01-19,mentoring,present
STU0365,2024-01-22,lecture,present
STU0365,2024-02-23,mentoring,late
STU0365,2024-03-05,lecture,present
STU0365,2024-03-19,lab,present
STU0365,2024-03-22,lecture,present
STU0365,2024-03-29,lab,present
STU0365,2024-04-03,lab,present
STU0365,2024-04-08,lab,present
STU0365,2024-04-17,mentoring,present
STU0365,2024-04-29,mentoring,present
STU0365,2024-05-02,lab,present
STU0365,2024-05-16,mentoring,present
STU0365,2024-07-09,lab,present
STU0365,2024-07-17,lab,present
STU0365,2024-07-19,lecture,present
STU0365,2024-08-06,lab,present
STU0365,2024-08-09,lecture,present
STU0365,2024-08-22,lab,present
STU0365,2024-09-04,lecture,present
STU0365,2024-10-29,lab,present
STU0365,2024-10-31,lecture,present
STU0365,2024-12-13,mentoring,absent
STU0365,2025-01-02,lab,late
STU0365,2025-01-07,lab,present
STU0365,2025-01-10,lecture,late
STU0366,2023-09-04,lab,present
STU0366,2023-09-12,mentoring,late
STU0366,2023-09-14,lab,present
STU0366,2023-11-08,lab,present
STU0366,2023-11-13,lecture,late
STU0366,2023-12-08,mentoring,late
STU0366,2023-12-12,lab,present
STU0366,2024-01-02,lecture,present
STU0366,2024-01-05,mentoring,present
STU0366,2024-02-29,lab,present
STU0366,2024-03-05,mentoring,present
STU0366,2024-03-15,mentoring,present
STU0366,2024-03-21,lab,present
STU0366,2024-03-27,lecture,present
STU0366,2024-04-15,lab,absent
STU0366,2024-05-07,lecture,late
STU0366,2024-05-15,lecture,present
STU0366,2024-06-11,mentoring,present
STU0366,2024-06-17,mentoring,present
STU0366,2024-07-05,mentoring,present
STU0366,2024-08-21,lecture,present
STU0366,2024-10-16,mentoring,absent
STU0366,2024-11-29,lecture,present
STU0366,2024-12-04,mentoring,present
STU0366,2024-12-16,mentoring,present
STU0366,2024-12-23,mentoring,present
STU0367,2024-02-02,lecture,present
STU0367,2024-03-19,lab,present
STU0367,2024-03-20,mentoring,present
STU0367,2024-04-03,lecture,present
STU0367,2024-04-30,lecture,present
STU0367,2024-05-07,lab,present
STU0367,2024-05-09,lecture,present
STU0367,2024-05-21,lab,present
STU0367,2024-07-09,lab,present
STU0367,2024-07-19,lecture,present
STU0367,2024-08-13,lab,late
STU0367,2024-08-20,lecture,absent
STU0367,2024-09-24,lab,present
STU0367,2024-10-01,lab,present
STU0367,2024-10-14,lab,absent
STU0367,2024-10-22,lecture,present
STU0367,2024-11-04,mentoring,late
STU0367,2024-11-28,mentoring,present
STU0367,2024-12-05,lab,present
STU0367,2025-01-01,lab,absent
STU0368,2024-08-08,mentoring,present
STU0368,2024-09-17,mentoring,present
STU0368,2024-09-18,lecture,present
STU0368,2024-10-16,lecture,present
STU0368,2024-10-28,lecture,present
STU0368,2024-11-08,lecture,present
STU0368,2024-11-12,lab,present
STU0368,2024-11-13,mentoring,late
STU0368,2024-12-02,lecture,present
STU0368,2024-12-09,lecture,present
STU0368,2024-12-13,lecture,late
STU0368,2025-01-06,lecture,present
STU0369,2023-02-02,mentoring,late
STU0369,2023-02-28,lab,present
STU0369,2023-03-13,mentoring,late
STU0369,2023-03-27,lab,absent
STU0369,2023-05-29,mentoring,present
STU0369,2023-06-05,mentoring,present
STU0369,2023-06-08,lecture,late
STU0369,2023-06-09,lab,absent
STU0369,2023-09-13,lecture,present
STU0369,2023-09-27,lecture,late
STU0369,2023-10-02,mentoring,present
STU0369,2023-10-03,lecture,present
STU0369,2023-10-06,lecture,late
STU0369,2023-11-10,mentoring,present
STU0369,2023-12-07,lab,absent
STU0369,2023-12-18,lecture,late
STU0369,2024-02-15,lecture,absent
STU0369,2024-03-06,lab,present
STU0369,2024-04-18,lab,present
STU0369,2024-04-29,mentoring,present
STU0369,2024-05-17,lecture,present
STU0369,2024-06-11,lab,present
STU0369,2024-06-12,mentoring,present
STU0369,2024-07-01,lab,present
STU0369,2024-07-03,lecture,present
STU0369,2024-07-11,lab,present
STU0369,2024-08-19,lecture,present
STU0369,2024-10-03,lecture,present
STU0369,2024-10-08,mentoring,present
STU0369,2024-10-30,lecture,present
STU0369,2024-11-05,lecture,present
STU0369,2024-11-07,mentoring,present
STU0369,2024-11-14,lecture,present
STU0369,2024-11-20,lecture,absent
STU0369,2024-12-05,mentoring,present
STU0369,2024-12-10,mentoring,late
STU0369,2024-12-17,mentoring,late
STU0369,2024-12-27,mentoring,present
STU0370,2023-09-12,lab,absent
STU0370,2023-09-13,mentoring,late
STU0370,2023-09-15,lab,present
STU0370,2023-09-20,lab,late
STU0370,2023-10-18,lab,present
STU0370,2023-11-10,mentoring,present
STU0370,2023-11-17,lecture,absent
STU0370,2023-11-30,mentoring,late
STU0370,2023-12-14,mentoring,present
STU0370,2023-12-27,lecture,present
STU0370,2024-01-05,lab,present
STU0370,2024-02-05,mentoring,present
STU0370,2024-02-14,lab,present
STU0370,2024-03-07,lab,present
STU0370,2024-04-05,mentoring,present
STU0370,2024-04-18,lecture,present
STU0370,2024-07-04,mentoring,present
STU0370,2024-07-08,lecture,present
STU0370,2024-07-09,lab,present
STU0370,2024-07-23,mentoring,present
STU0370,2024-08-26,lab,absent
STU0370,2024-09-24,lab,present
STU0370,2024-10-07,lab,absent
STU0370,2024-10-08,mentoring,present
STU0370,2024-10-11,mentoring,late
STU0370,2024-11-18,mentoring,present
STU0370,2024-12-24,mentoring,present
STU0370,2024-12-31,lecture,present
STU0370,2025-01-02,mentoring,present
STU0371,2024-02-05,lecture,late
STU0371,2024-02-22,mentoring,present
STU0371,2024-03-11,lecture,present
STU0371,2024-03-20,mentoring,present
STU0371,2024-05-14,lecture,absent
STU0371,2024-05-23,lab,absent
STU0371,2024-05-31,lecture,present
STU0371,2024-06-07,lecture,late
STU0371,2024-07-11,mentoring,late
STU0371,2024-07-30,mentoring,late
STU0371,2024-08-27,lecture,present
STU0371,2024-09-05,lab,late
STU0371,2024-09-11,lab,late
STU0371,2024-10-17,lecture,present
STU0371,2024-10-29,lecture,present
STU0371,2024-11-05,mentoring,absent
STU0371,2024-11-11,mentoring,absent
STU0371,2024-11-20,mentoring,late
STU0371,2024-12-10,lab,late
STU0371,2025-01-03,lecture,present
STU0371,2025-01-15,lab,present
STU0372,2024-10-03,lecture,late
STU0372,2024-10-16,lab,present
STU0372,2024-10-21,mentoring,present
STU0372,2024-10-22,lecture,present
STU0372,2024-11-07,mentoring,present
STU0372,2024-11-28,lab,present
STU0373,2023-03-28,mentoring,present
STU0373,2023-04-11,lab,present
STU0373,2023-04-18,mentoring,absent
STU0373,2023-04-27,lab,present
STU0373,2023-08-17,mentoring,late
STU0373,2023-09-11,lecture,absent
STU0373,2023-09-19,mentoring,present
STU0373,2023-09-20,lecture,present
STU0373,2023-10-09,mentoring,late
STU0373,2023-10-13,lecture,absent
STU0373,2023-10-23,lecture,present
STU0373,2023-11-01,lecture,present
STU0373,2023-11-07,mentoring,present
STU0373,2023-12-04,lab,present
STU0373,2023-12-19,lecture,present
STU0373,2024-01-12,mentoring,absent
STU0373,2024-01-31,mentoring,present
STU0373,2024-02-06,lecture,absent
STU0373,2024-02-13,mentoring,absent
STU0373,2024-04-10,lab,present
STU0373,2024-04-25,lecture,present
STU0373,2024-04-29,lab,absent
STU0373,2024-05-16,mentoring,present
STU0373,2024-06-12,lecture,present
STU0373,2024-06-21,lab,absent
STU0373,2024-06-24,mentoring,present
STU0373,2024-07-05,lab,present
STU0373,2024-07-19,mentoring,present
STU0373,2024-08-07,lab,late
STU0373,2024-08-21,lab,absent
STU0373,2024-09-05,lab,present
STU0373,2024-09-06,mentoring,present
STU0373,2024-10-30,lecture,absent
STU0373,2024-12-06,mentoring,present
STU0373,2025-01-13,lecture,present
STU0374,2023-08-18,mentoring,present
STU0374,2023-08-22,lecture,late
STU0374,2023-09-04,mentoring,absent
STU0374,2023-09-05,lecture,present
STU0374,2023-10-30,lecture,present
STU0374,2023-11-03,lecture,present
STU0374,2023-11-23,lab,present
STU0374,2023-12-06,lecture,present
STU0374,2023-12-07,lab,absent
STU0374,2023-12-08,mentoring,present
STU0374,2024-02-06,lab,present
STU0374,2024-02-27,mentoring,present
STU0374,2024-04-02,lecture,present
STU0374,2024-04-25,lab,present
STU0374,2024-05-08,lab,present
STU0374,2024-05-21,lecture,present
STU0374,2024-06-28,lab,late
STU0374,2024-07-08,lecture,present
STU0374,2024-08-15,mentoring,present
STU0374,2024-09-02,lab,present
STU0374,2024-09-24,lab,late
STU0374,2024-10-15,lecture,absent
STU0374,2024-10-18,lecture,present
STU0374,2024-11-13,lab,present
STU0374,2024-12-02,lecture,absent
STU0374,2024-12-18,lecture,present
STU0374,2024-12-19,lab,absent
STU0375,2024-03-13,mentoring,absent
STU0375,2024-03-21,mentoring,present
STU0375,2024-03-27,lecture,present
STU0375,2024-04-05,lab,absent
STU0375,2024-04-25,mentoring,present
STU0375,2024-04-26,lecture,present
STU0375,2024-05-07,lab,late
STU0375,2024-05-09,lecture,present
STU0375,2024-06-14,mentoring,late
STU0375,2024-06-26,lab,absent
STU0375,2024-06-28,lecture,present
STU0375,2024-08-20,lab,present
STU0375,2024-09-04,lab,absent
STU0375,2024-09-06,lecture,present
STU0375,2024-09-11,lecture,present
STU0375,2024-10-01,lab,absent
STU0375,2024-12-23,lecture,present
STU0375,2025-01-01,lab,present
STU0375,2025-01-07,mentoring,present
STU0376,2024-09-20,lab,late
STU0376,2024-10-14,lecture,present
STU0376,2024-11-11,mentoring,absent
STU0376,2024-12-09,lecture,present
STU0376,2024-12-12,mentoring,present
STU0376,2024-12-26,mentoring,present
STU0376,2025-01-01,lab,present
STU0377,2023-01-26,lecture,present
STU0377,2023-02-10,mentoring,present
STU0377,2023-03-27,mentoring,present
STU0377,2023-03-28,lecture,absent
STU0377,2023-05-12,lab,present
STU0377,2023-06-21,lab,present
STU0377,2023-06-23,lecture,absent
STU0377,2023-07-20,mentoring,present
STU0377,2023-07-31,lab,present
STU0377,2023-08-08,lab,present
STU0377,2023-08-21,lecture,present
STU0377,2023-09-13,lecture,late
STU0377,2023-09-27,mentoring,late
STU0377,2023-10-03,lecture,absent
STU0377,2023-11-16,lecture,present
STU0377,2023-12-01,mentoring,present
STU0377,2023-12-12,lecture,late
STU0377,2023-12-27,mentoring,late
STU0377,2024-01-05,lecture,present
STU0377,2024-01-24,lab,present
STU0377,2024-02-29,lecture,absent
STU0377,2024-03-12,mentoring,present
STU0377,2024-04-12,mentoring,late
STU0377,2024-05-01,lab,present
STU0377,2024-05-23,lecture,present
STU0377,2024-05-30,mentoring,late
STU0377,2024-07-10,mentoring,present
STU0377,2024-07-19,lab,present
STU0377,2024-08-05,lab,present
STU0377,2024-08-20,lecture,present
STU0377,2024-08-23,lecture,present
STU0377,2024-09-12,lecture,absent
STU0377,2024-10-01,lecture,present
STU0377,2024-11-08,mentoring,present
STU0377,2024-11-19,lab,present
STU0377,2024-11-22,lecture,late
STU0377,2024-12-18,lecture,late
STU0377,2024-12-26,lab,present
STU0378,2023-09-19,mentoring,present
STU0378,2023-09-21,lab,present
STU0378,2023-11-09,mentoring,late
STU0378,2024-01-11,mentoring,present
STU0378,2024-02-06,mentoring,present
STU0378,2024-02-28,lecture,late
STU0378,2024-04-04,mentoring,absent
STU0378,2024-04-08,lecture,present
STU0378,2024-04-22,lecture,present
STU0378,2024-05-02,lecture,present
STU0378,2024-05-15,mentoring,present
STU0378,2024-06-21,mentoring,present
STU0378,2024-06-28,lab,absent
STU0378,2024-07-04,lab,late
STU0378,2024-07-16,lecture,present
STU0378,2024-07-30,mentoring,present
STU0378,2024-08-29,lecture,present
STU0378,2024-09-02,mentoring,late
STU0378,2024-09-30,lecture,present
STU0378,2025-01-09,mentoring,present
STU0379,2024-04-04,lab,late
STU0379,2024-04-22,lab,present
STU0379,2024-05-21,lecture,late
STU0379,2024-05-22,lab,present
STU0379,2024-06-07,mentoring,present
STU0379,2024-08-01,lecture,late
STU0379,2024-09-04,lecture,present
STU0379,2024-09-12,lab,present
STU0379,2024-09-19,lecture,present
STU0379,2024-10-10,lab,present
STU0379,2024-10-17,mentoring,present
STU0379,2024-10-22,lab,late
STU0379,2024-10-25,lab,present
STU0379,2024-11-07,lab,present
STU0379,2024-11-12,lecture,late
STU0379,2024-11-20,mentoring,late
STU0379,2024-11-28,lecture,late
STU0379,2024-12-09,lab,absent
STU0379,2024-12-26,mentoring,present
STU0380,2024-09-05,lecture,absent
STU0380,2024-09-06,lab,present
STU0380,2024-09-09,mentoring,present
STU0380,2024-10-11,mentoring,present
STU0380,2024-10-17,lab,present
STU0380,2024-10-24,lab,present
STU0380,2024-12-16,lab,present
STU0380,2024-12-18,lecture,present
STU0381,2023-04-11,lecture,late
STU0381,2023-04-25,lab,present
STU0381,2023-04-27,lecture,present
STU0381,2023-04-28,lab,absent
STU0381,2023-05-29,lab,absent
STU0381,2023-06-01,lecture,present
STU0381,2023-06-02,lab,present
STU0381,2023-06-15,lab,present
STU0381,2023-07-17,mentoring,present
STU0381,2023-07-26,mentoring,present
STU0381,2023-07-28,lab,absent
STU0381,2023-08-28,lecture,late
STU0381,2023-09-19,mentoring,present
STU0381,2023-09-20,lecture,late
STU0381,2023-10-04,mentoring,present
STU0381,2023-10-05,lecture,present
STU0381,2023-11-10,lecture,late
STU0381,2023-12-28,mentoring,late
STU0381,2024-02-21,mentoring,present
STU0381,2024-02-23,lecture,present
STU0381,2024-02-29,mentoring,present
STU0381,2024-03-05,lecture,present
STU0381,2024-04-01,lecture,late
STU0381,2024-04-18,lecture,present
STU0381,2024-04-26,mentoring,present
STU0381,2024-05-06,mentoring,present
STU0381,2024-05-07,lecture,present
STU0381,2024-06-13,lecture,absent
STU0381,2024-06-17,mentoring,present
STU0381,2024-06-18,lecture,present
STU0381,2024-06-26,mentoring,present
STU0381,2024-07-17,lecture,late
STU0381,2024-07-22,mentoring,present
STU0381,2024-08-15,mentoring,absent
STU0381,2024-09-11,lecture,present
STU0381,2024-10-01,mentoring,present
STU0381,2024-10-09,lecture,present
STU0381,2024-10-25,mentoring,late
STU0381,2024-10-30,mentoring,present
STU0381,2024-11-05,lab,present
STU0381,2024-11-22,mentoring,present
STU0381,2024-11-28,lecture,present
STU0381,2024-12-02,mentoring,present
STU0381,2024-12-03,lecture,late
STU0381,2025-01-01,lecture,absent
STU0381,2025-01-03,lab,present
STU0381,2025-01-15,mentoring,late
STU0382,2023-07-31,lecture,present
STU0382,2023-08-23,lab,absent
STU0382,2023-09-08,lab,present
STU0382,2023-09-11,mentoring,present
STU0382,2023-10-12,lab,present
STU0382,2023-10-27,lecture,late
STU0382,2023-11-06,lecture,present
STU0382,2023-11-24,mentoring,present
STU0382,2023-12-01,mentoring,present
STU0382,2023-12-27,mentoring,absent
STU0382,2023-12-29,lab,absent
STU0382,2024-01-05,mentoring,present
STU0382,2024-01-15,lab,present
STU0382,2024-02-07,lecture,present
STU0382,2024-02-14,mentoring,late
STU0382,2024-02-16,lecture,present
STU0382,2024-02-27,mentoring,late
STU0382,2024-05-16,mentoring,absent
STU0382,2024-06-14,lab,present
STU0382,2024-06-17,mentoring,present
STU0382,2024-07-02,lecture,late
STU0382,2024-07-23,mentoring,present
STU0382,2024-07-31,lab,present
STU0382,2024-08-21,mentoring,present
STU0382,2024-10-02,lab,present
STU0382,2024-10-03,mentoring,present
STU0382,2024-10-11,lecture,present
STU0382,2024-11-12,lab,present
STU0382,2024-11-19,lab,absent
STU0382,2024-12-18,lab,absent
STU0382,2025-01-02,lab,present
STU0383,2024-04-11,lab,present
STU0383,2024-05-06,mentoring,present
STU0383,2024-05-08,lab,present
STU0383,2024-05-22,mentoring,present
STU0383,2024-06-12,mentoring,present
STU0383,2024-06-18,mentoring,present
STU0383,2024-07-01,lecture,late
STU0383,2024-07-03,mentoring,present
STU0383,2024-08-16,lab,late
STU0383,2024-08-28,lab,present
STU0383,2024-09-09,mentoring,present
STU0383,2024-10-03,mentoring,late
STU0383,2024-10-16,mentoring,absent
STU0383,2024-11-04,mentoring,absent
STU0383,2024-11-05,lecture,present
STU0383,2024-11-20,mentoring,present
STU0383,2024-11-22,lecture,present
STU0383,2024-12-18,mentoring,present
STU0383,2024-12-19,lecture,late
STU0383,2024-12-20,lab,present
STU0383,2024-12-25,lecture,present
STU0384,2024-08-06,lecture,present
STU0384,2024-09-20,lecture,late
STU0384,2024-10-02,lecture,present
STU0384,2024-10-15,lab,present
STU0384,2024-11-11,mentoring,absent
STU0384,2024-11-19,lecture,absent
STU0384,2024-11-20,lab,present
STU0384,2024-11-27,lecture,present
STU0384,2024-11-28,lab,present
STU0384,2024-12-16,lecture,late
STU0385,2023-02-01,lab,absent
STU0385,2023-02-08,lab,present
STU0385,2023-03-29,lecture,absent
STU0385,2023-04-10,lab,present
STU0385,2023-04-18,lab,absent
STU0385,2023-05-11,lecture,absent
STU0385,2023-05-16,lab,absent
STU0385,2023-05-19,lab,absent
STU0385,2023-05-31,lecture,present
STU0385,2023-07-13,lecture,present
STU0385,2023-07-20,mentoring,present
STU0385,2023-08-10,mentoring,present
STU0385,2023-09-12,lab,late
STU0385,2023-09-13,mentoring,present
STU0385,2023-10-17,mentoring,present
STU0385,2023-10-24,lab,absent
STU0385,2023-11-08,mentoring,absent
STU0385,2023-11-21,mentoring,present
STU0385,2023-11-27,lecture,late
STU0385,2023-11-28,lab,late
STU0385,2023-12-15,mentoring,present
STU0385,2024-01-26,lecture,present
STU0385,2024-05-31,lecture,late
STU0385,2024-06-28,lecture,present
STU0385,2024-07-16,lab,present
STU0385,2024-08-01,lecture,present
STU0385,2024-08-19,lab,absent
STU0385,2024-09-26,lecture,present
STU0385,2024-10-03,mentoring,late
STU0385,2024-11-15,mentoring,present
STU0385,2024-11-18,lecture,absent
STU0385,2024-11-29,mentoring,absent
STU0385,2024-12-13,lecture,present
STU0385,2025-01-03,lab,late
STU0386,2023-08-28,mentoring,absent
STU0386,2023-09-08,lecture,present
STU0386,2023-09-14,lab,present
STU0386,2023-11-24,lecture,present
STU0386,2023-11-28,mentoring,present
STU0386,2023-12-12,lab,absent
STU0386,2023-12-14,mentoring,present
STU0386,2023-12-25,lecture,present
STU0386,2024-01-10,lab,absent
STU0386,2024-02-12,lecture,late
STU0386,2024-02-19,lecture,present
STU0386,2024-02-23,mentoring,present
STU0386,2024-03-08,lab,present
STU0386,2024-04-08,mentoring,late
STU0386,2024-04-12,lecture,present
STU0386,2024-04-26,mentoring,present
STU0386,2024-05-10,mentoring,present
STU0386,2024-05-15,lab,present
STU0386,2024-05-28,lecture,present
STU0386,2024-05-30,lab,present
STU0386,2024-06-17,lab,present
STU0386,2024-08-09,lab,present
STU0386,2024-08-12,mentoring,present
STU0386,2024-08-27,mentoring,absent
STU0386,2024-09-03,lab,late
STU0386,2024-09-19,lecture,late
STU0386,2024-09-26,lab,absent
STU0386,2024-10-14,lab,present
STU0386,2024-10-25,lecture,present
STU0386,2024-11-25,lecture,present
STU0386,2024-12-19,lecture,present
STU0387,2024-02-09,mentoring,present
STU0387,2024-03-07,lecture,present
STU0387,2024-03-26,lab,present
STU0387,2024-03-28,lecture,present
STU0387,2024-04-11,lab,late
STU0387,2024-04-15,lecture,present
STU0387,2024-04-29,mentoring,present
STU0387,2024-05-01,lab,late
STU0387,2024-05-09,mentoring,late
STU0387,2024-06-14,mentoring,present
STU0387,2024-06-20,lab,present
STU0387,2024-07-19,lecture,late
STU0387,2024-07-24,lecture,present
STU0387,2024-08-21,mentoring,present
STU0387,2024-09-19,lecture,present
STU0387,2024-10-16,mentoring,absent
STU0387,2024-11-27,lab,absent
STU0387,2024-11-28,mentoring,present
STU0387,2024-12-26,mentoring,late
STU0388,2024-08-23,lecture,present
STU0388,2024-08-26,lab,present
STU0388,2024-09-17,lab,present
STU0388,2024-10-01,lecture,present
STU0388,2024-10-10,mentoring,present
STU0388,2024-10-15,lab,late
STU0388,2024-11-12,lab,present
STU0388,2024-11-21,lab,present
STU0388,2024-12-03,mentoring,present
STU0388,2025-01-02,lab,absent
STU0389,2023-02-07,mentoring,present
STU0389,2023-02-08,lecture,present
STU0389,2023-02-23,lecture,present
STU0389,2023-03-24,lecture,present
STU0389,2023-04-11,mentoring,absent
STU0389,2023-04-25,lecture,present
STU0389,2023-04-28,lab,present
STU0389,2023-06-06,lab,present
STU0389,2023-08-31,lecture,absent
STU0389,2023-10-06,mentoring,present
STU0389,2023-10-18,mentoring,present
STU0389,2023-12-18,lecture,present
STU0389,2023-12-21,lab,present
STU0389,2024-01-01,mentoring,present
STU0389,2024-01-25,lab,present
STU0389,2024-01-31,mentoring,present
STU0389,2024-05-14,lecture,present
STU0389,2024-05-24,lab,present
STU0389,2024-06-03,lab,present
STU0389,2024-06-20,lab,present
STU0389,2024-07-05,lecture,absent
STU0389,2024-09-12,mentoring,present
STU0389,2024-10-08,lecture,present
STU0389,2024-12-03,lab,present
STU0389,2024-12-23,lab,late
STU0389,2025-01-15,lecture,present
STU0390,2023-10-03,lab,present
STU0390,2023-10-06,mentoring,present
STU0390,2023-11-06,lab,late
STU0390,2023-12-19,lecture,present
STU0390,2023-12-22,lecture,present
STU0390,2024-02-14,lab,present
STU0390,2024-02-29,lab,present
STU0390,2024-03-06,lecture,present
STU0390,2024-03-08,mentoring,late
STU0390,2024-03-27,lecture,present
STU0390,2024-03-28,lab,present
STU0390,2024-04-23,lab,present
STU0390,2024-05-02,lecture,present
STU0390,2024-05-08,mentoring,present
STU0390,2024-05-27,mentoring,present
STU0390,2024-06-17,lab,present
STU0390,2024-06-27,mentoring,present
STU0390,2024-07-30,lecture,absent
STU0390,2024-08-12,lecture,present
STU0390,2024-08-14,lab,present
STU0390,2024-09-25,mentoring,present
STU0390,2024-10-23,mentoring,absent
STU0390,2024-11-07,lab,present
STU0390,2024-11-20,lab,present
STU0390,2024-12-18,lecture,present
STU0390,2024-12-25,mentoring,present
STU0390,2025-01-03,lab,present
STU0391,2024-03-14,lecture,present
STU0391,2024-04-12,mentoring,present
STU0391,2024-05-16,lab,present
STU0391,2024-05-20,mentoring,absent
STU0391,2024-06-10,mentoring,present
STU0391,2024-07-01,mentoring,present
STU0391,2024-07-22,mentoring,absent
STU0391,2024-08-12,lab,absent
STU0391,2024-08-30,lecture,present
STU0391,2024-09-30,lecture,late
STU0391,2024-10-09,mentoring,absent
STU0391,2024-10-14,mentoring,present
STU0391,2024-11-05,lecture,present
STU0391,2024-11-21,lab,late
STU0391,2024-12-05,lecture,present
STU0391,2025-01-10,lecture,present
STU0392,2024-11-01,lecture,present
STU0392,2024-11-08,lab,present
STU0392,2024-11-11,mentoring,present
STU0392,2024-11-15,mentoring,present
STU0392,2024-12-12,lab,present
STU0392,2024-12-19,lecture,late
STU0392,2024-12-26,lecture,present
STU0392,2025-01-07,mentoring,present
STU0392,2025-01-13,lecture,present
STU0393,2023-03-02,lecture,present
STU0393,2023-04-18,lecture,present
STU0393,2023-04-20,mentoring,late
STU0393,2023-06-21,mentoring,present
STU0393,2023-07-11,lecture,present
STU0393,2023-07-19,lecture,present
STU0393,2023-08-07,mentoring,present
STU0393,2023-09-06,lecture,present
STU0393,2023-09-08,mentoring,present
STU0393,2023-10-26,lab,present
STU0393,2023-10-31,lab,absent
STU0393,2023-11-17,lab,late
STU0393,2023-11-20,mentoring,present
STU0393,2023-11-21,lecture,late
STU0393,2023-11-24,mentoring,present
STU0393,2023-11-27,lecture,late
STU0393,2023-12-08,lab,present
STU0393,2023-12-22,mentoring,present
STU0393,2023-12-28,lecture,present
STU0393,2023-12-29,lab,absent
STU0393,2024-01-03,lecture,present
STU0393,2024-01-12,lab,present
STU0393,2024-02-09,lecture,present
STU0393,2024-02-12,lab,present
STU0393,2024-02-23,mentoring,present
STU0393,2024-03-08,lecture,present
STU0393,2024-03-20,lecture,present
STU0393,2024-04-12,lab,present
STU0393,2024-06-03,mentoring,present
STU0393,2024-06-20,mentoring,present
STU0393,2024-07-01,lab,absent
STU0393,2024-07-22,lecture,present
STU0393,2024-07-24,lab,present
STU0393,2024-08-05,lecture,absent
STU0393,2024-08-09,lecture,present
STU0393,2024-08-29,lab,present
STU0393,2024-09-17,lab,present
STU0393,2024-09-18,mentoring,late
STU0393,2024-10-10,lecture,present
STU0393,2024-10-25,mentoring,present
STU0393,2024-11-07,mentoring,present
STU0393,2024-12-03,lecture,absent
STU0393,2024-12-17,lecture,present
STU0393,2024-12-31,mentoring,late
STU0394,2023-08-28,lab,present
STU0394,2023-09-12,lab,late
STU0394,2023-09-13,mentoring,present
STU0394,2023-09-14,lecture,late
STU0394,2023-10-17,lab,present
STU0394,2023-11-17,lab,present
STU0394,2023-12-06,lab,present
STU0394,2023-12-29,lecture,present
STU0394,2024-01-19,lab,present
STU0394,2024-01-22,mentoring,present
STU0394,2024-01-24,lab,absent
STU0394,2024-03-08,mentoring,present
STU0394,2024-03-13,lab,absent
STU0394,2024-03-14,mentoring,present
STU0394,2024-04-05,mentoring,present
STU0394,2024-05-02,lecture,present
STU0394,2024-05-23,lecture,present
STU0394,2024-06-18,lecture,present
STU0394,2024-07-09,mentoring,late
STU0394,2024-07-31,lab,absent
STU0394,2024-08-09,lab,present
STU0394,2024-08-30,lab,absent
STU0394,2024-09-23,lab,present
STU0394,2024-10-17,mentoring,present
STU0394,2024-11-14,lab,present
STU0394,2024-12-02,lecture,present
STU0394,2024-12-13,lab,late
STU0394,2024-12-25,lecture,absent
STU0394,2025-01-08,lab,absent
STU0395,2024-04-02,lab,present
STU0395,2024-04-17,lab,present
STU0395,2024-06-26,lab,present
STU0395,2024-08-16,lecture,present
STU0395,2024-11-04,mentoring,present
STU0395,2024-11-18,lecture,present
STU0395,2024-11-28,lecture,present
STU0395,2024-12-23,lab,absent
STU0395,2024-12-27,lecture,present
STU0396,2024-09-11,mentoring,present
STU0396,2024-10-25,mentoring,late
STU0396,2024-10-28,lecture,present
STU0396,2024-11-29,lab,absent
STU0396,2024-12-02,mentoring,present
STU0396,2024-12-05,mentoring,present
STU0396,2024-12-31,lecture,present
STU0397,2023-03-22,lecture,present
STU0397,2023-03-30,mentoring,late
STU0397,2023-04-05,lecture,present
STU0397,2023-04-20,lecture,present
STU0397,2023-04-25,mentoring,present
STU0397,2023-06-06,mentoring,present
STU0397,2023-06-22,lecture,late
STU0397,2023-08-03,lab,present
STU0397,2023-09-29,lecture,present
STU0397,2023-10-17,mentoring,present
STU0397,2023-11-08,lab,present
STU0397,2023-11-14,lab,present
STU0397,2024-01-08,lab,absent
STU0397,2024-01-22,mentoring,present
STU0397,2024-01-23,lecture,present
STU0397,2024-03-27,lab,absent
STU0397,2024-04-10,lab,present
STU0397,2024-04-22,mentoring,late
STU0397,2024-05-24,lecture,present
STU0397,2024-06-19,mentoring,present
STU0397,2024-07-01,lab,late
STU0397,2024-07-10,mentoring,late
STU0397,2024-07-17,lab,present
STU0397,2024-07-26,lecture,present
STU0397,2024-08-22,mentoring,present
STU0397,2024-10-09,lab,present
STU0397,2024-11-08,lab,late
STU0397,2024-11-13,lecture,late
STU0397,2024-11-22,lecture,absent
STU0397,2024-12-05,lecture,absent
STU0397,2024-12-13,lecture,present
STU0397,2025-01-14,lab,present
STU0398,2023-09-15,mentoring,present
STU0398,2023-10-04,mentoring,late
STU0398,2023-10-09,lecture,absent
STU0398,2023-10-24,mentoring,present
STU0398,2023-10-31,lecture,late
STU0398,2023-12-06,lecture,late
STU0398,2023-12-11,lab,present
STU0398,2024-01-02,mentoring,present
STU0398,2024-01-04,lecture,present
STU0398,2024-01-12,lecture,present
STU0398,2024-01-18,lecture,present
STU0398,2024-01-25,mentoring,present
STU0398,2024-02-06,lecture,present
STU0398,2024-03-06,mentoring,late
STU0398,2024-03-19,lab,present
STU0398,2024-04-11,lab,late
STU0398,2024-05-27,lecture,present
STU0398,2024-06-11,lecture,present
STU0398,2024-06-24,lecture,present
STU0398,2024-07-23,lecture,late
STU0398,2024-07-24,lab,present
STU0398,2024-08-23,lecture,present
STU0398,2024-09-02,lecture,present
STU0398,2024-09-03,lab,present
STU0398,2024-09-05,lecture,present
STU0398,2024-10-02,lecture,present
STU0398,2024-10-08,mentoring,absent
STU0398,2024-10-21,lecture,present
STU0398,2024-10-25,lecture,present
STU0398,2024-10-31,lab,late
STU0398,2024-11-27,lab,late
STU0398,2024-12-05,mentoring,present
STU0398,2024-12-11,mentoring,present
STU0398,2025-01-09,lab,late
STU0398,2025-01-15,mentoring,present
STU0399,2024-02-27,lab,present
STU0399,2024-03-18,mentoring,present
STU0399,2024-05-01,mentoring,absent
STU0399,2024-05-08,lab,present
STU0399,2024-05-30,lecture,present
STU0399,2024-06-03,mentoring,present
STU0399,2024-07-03,mentoring,present
STU0399,2024-07-10,lab,present
STU0399,2024-08-08,mentoring,present
STU0399,2024-08-30,lab,present
STU0399,2024-09-16,lecture,absent
STU0399,2024-09-17,lab,late
STU0399,2024-09-23,lab,present
STU0399,2024-10-09,lab,present
STU0399,2024-10-21,mentoring,present
STU0399,2024-10-22,lecture,present
STU0399,2024-12-05,lecture,present
STU0399,2024-12-06,lab,present
STU0399,2024-12-13,mentoring,present
STU0399,2025-01-09,lab,absent
STU0400,2024-09-03,lab,late
STU0400,2024-09-06,lab,present
STU0400,2024-10-15,lab,present
STU0400,2024-10-30,lab,absent
STU0400,2024-11-28,lecture,present
STU0400,2024-12-13,lab,absent
STU0400,2024-12-16,mentoring,present
STU0400,2025-01-03,lecture,absent
STU0400,2025-01-10,mentoring,present
STU0401,2023-03-10,mentoring,present
STU0401,2023-03-21,lecture,absent
STU0401,2023-03-22,lab,present
STU0401,2023-04-14,mentoring,present
STU0401,2023-04-21,lab,present
STU0401,2023-04-24,mentoring,present
STU0401,2023-05-10,mentoring,present
STU0401,2023-06-19,lecture,absent
STU0401,2023-06-26,lecture,present
STU0401,2023-06-27,lab,present
STU0401,2023-07-06,lecture,present
STU0401,2023-08-07,lecture,present
STU0401,2023-08-21,lab,late
STU0401,2023-09-01,lecture,present
STU0401,2023-09-27,lecture,present
STU0401,2023-10-09,lab,present
STU0401,2023-10-12,lecture,late
STU0401,2023-10-17,lecture,late
STU0401,2023-10-20,mentoring,present
STU0401,2023-11-09,mentoring,present
STU0401,2023-11-14,lab,present
STU0401,2023-11-21,lecture,present
STU0401,2023-12-19,lab,present
STU0401,2024-01-03,lecture,present
STU0401,2024-01-12,lecture,present
STU0401,2024-01-31,lab,present
STU0401,2024-03-27,lab,present
STU0401,2024-05-07,mentoring,absent
STU0401,2024-05-09,lab,present
STU0401,2024-05-16,mentoring,present
STU0401,2024-06-06,mentoring,late
STU0401,2024-06-13,lab,present
STU0401,2024-06-18,lab,present
STU0401,2024-06-19,mentoring,present
STU0401,2024-07-01,lecture,present
STU0401,2024-07-05,lecture,absent
STU0401,2024-07-12,lecture,late
STU0401,2024-07-17,lecture,present
STU0401,2024-07-22,mentoring,late
STU0401,2024-07-30,lab,present
STU0401,2024-08-14,lecture,absent
STU0401,2024-09-04,lecture,present
STU0401,2024-09-09,lab,present
STU0401,2024-09-11,lecture,present
STU0401,2024-09-16,lab,present
STU0401,2024-10-14,lab,present
STU0401,2024-10-29,mentoring,present
STU0401,2024-11-05,lab,absent
STU0401,2024-11-12,mentoring,absent
STU0401,2024-12-03,mentoring,present
STU0401,2025-01-13,mentoring,present
STU0402,2023-08-07,lecture,present
STU0402,2023-08-09,lab,present
STU0402,2023-10-09,lab,present
STU0402,2023-10-26,mentoring,present
STU0402,2023-12-22,mentoring,absent
STU0402,2024-02-02,mentoring,absent
STU0402,2024-03-20,lab,absent
STU0402,2024-03-22,mentoring,late
STU0402,2024-05-01,mentoring,late
STU0402,2024-05-07,lecture,late
STU0402,2024-05-21,lab,present
STU0402,2024-05-28,lab,present
STU0402,2024-06-21,lab,absent
STU0402,2024-06-28,mentoring,present
STU0402,2024-07-12,lecture,present
STU0402,2024-08-02,lab,late
STU0402,2024-08-15,lecture,present
STU0402,2024-08-16,lab,present
STU0402,2024-09-12,lecture,present
STU0402,2024-12-02,lecture,present
STU0402,2024-12-06,lecture,absent
STU0402,2024-12-10,lab,present
STU0402,2024-12-25,mentoring,absent
STU0402,2025-01-06,lab,present
STU0402,2025-01-15,lecture,late
STU0403,2024-02-02,mentoring,present
STU0403,2024-04-02,lecture,late
STU0403,2024-04-03,lab,present
STU0403,2024-04-08,lab,present
STU0403,2024-05-27,lecture,present
STU0403,2024-06-03,lecture,present
STU0403,2024-06-04,lab,late
STU0403,2024-06-05,mentoring,present
STU0403,2024-06-07,lab,present
STU0403,2024-06-10,mentoring,late
STU0403,2024-06-20,lab,late
STU0403,2024-07-05,lab,absent
STU0403,2024-07-11,mentoring,late
STU0403,2024-07-22,lab,late
STU0403,2024-07-24,lecture,present
STU0403,2024-08-15,lab,present
STU0403,2024-09-04,lab,present
STU0403,2024-11-06,mentoring,present
STU0403,2024-12-09,lecture,present
STU0403,2025-01-06,mentoring,absent
STU0403,2025-01-09,lab,absent
STU0404,2024-09-26,lab,present
STU0404,2024-11-04,mentoring,absent
STU0404,2024-11-21,lecture,absent
STU0404,2024-12-23,lab,late
STU0404,2024-12-25,mentoring,late
STU0404,2025-01-01,lab,absent
STU0405,2023-02-23,lab,present
STU0405,2023-03-17,lab,present
STU0405,2023-03-23,lecture,present
STU0405,2023-04-10,mentoring,present
STU0405,2023-04-27,mentoring,present
STU0405,2023-05-24,mentoring,present
STU0405,2023-06-07,lecture,late
STU0405,2023-08-10,lecture,late
STU0405,2023-09-11,mentoring,late
STU0405,2023-10-25,lab,present
STU0405,2023-10-26,mentoring,present
STU0405,2023-11-01,mentoring,absent
STU0405,2023-11-13,lecture,present
STU0405,2023-11-27,lab,present
STU0405,2023-11-29,mentoring,present
STU0405,2023-12-01,lecture,present
STU0405,2023-12-04,lab,absent
STU0405,2024-02-23,lab,present
STU0405,2024-03-05,mentoring,late
STU0405,2024-03-29,lecture,present
STU0405,2024-04-09,lab,present
STU0405,2024-04-24,lab,absent
STU0405,2024-05-13,mentoring,present
STU0405,2024-05-31,lecture,present
STU0405,2024-06-07,lab,present
STU0405,2024-06-11,mentoring,absent
STU0405,2024-06-27,lab,present
STU0405,2024-07-26,lab,present
STU0405,2024-07-29,mentoring,present
STU0405,2024-08-12,lecture,present
STU0405,2024-08-19,lab,present
STU0405,2024-08-28,lecture,present
STU0405,2024-09-27,lecture,present
STU0405,2024-10-02,lecture,present
STU0405,2024-11-27,mentoring,present
STU0405,2024-11-29,lecture,late
STU0405,2024-12-05,lecture,present
STU0405,2025-01-08,mentoring,present
STU0406,2023-08-16,lab,present
STU0406,2023-08-23,lab,absent
STU0406,2023-09-04,lab,present
STU0406,2023-09-05,mentoring,present
STU0406,2023-10-16,lecture,present
STU0406,2023-11-08,lecture,absent
STU0406,2023-12-04,lecture,present
STU0406,2023-12-07,mentoring,present
STU0406,2023-12-11,lab,present
STU0406,2023-12-15,lab,present
STU0406,2024-01-01,lab,absent
STU0406,2024-01-11,lecture,present
STU0406,2024-02-07,lab,present
STU0406,2024-02-16,lecture,present
STU0406,2024-02-21,lecture,late
STU0406,2024-02-26,mentoring,present
STU0406,2024-03-14,mentoring,present
STU0406,2024-03-15,lecture,present
STU0406,2024-03-22,lab,late
STU0406,2024-05-02,lecture,late
STU0406,2024-05-09,mentoring,present
STU0406,2024-06-06,mentoring,absent
STU0406,2024-06-27,lecture,late
STU0406,2024-07-15,lab,present
STU0406,2024-08-22,lecture,late
STU0406,2024-09-23,mentoring,present
STU0406,2024-10-17,mentoring,absent
STU0406,2024-10-23,lab,absent
STU0406,2024-11-04,mentoring,present
STU0406,2024-11-13,lecture,present
STU0406,2024-11-29,lecture,present
STU0406,2024-12-16,lab,present
STU0406,2025-01-08,mentoring,present
STU0406,2025-01-10,lecture,late
STU0407,2024-01-29,mentoring,late
STU0407,2024-02-23,lecture,present
STU0407,2024-03-04,lecture,present
STU0407,2024-03-08,lab,late
STU0407,2024-04-23,mentoring,present
STU0407,2024-04-29,lecture,present
STU0407,2024-05-02,mentoring,present
STU0407,2024-05-28,mentoring,present
STU0407,2024-07-16,mentoring,present
STU0407,2024-08-09,lecture,present
STU0407,2024-08-20,mentoring,present
STU0407,2024-08-21,lecture,absent
STU0407,2024-08-28,lab,present
STU0407,2024-09-03,lecture,present
STU0407,2024-09-13,mentoring,absent
STU0407,2024-09-30,lab,late
STU0407,2024-10-11,mentoring,late
STU0407,2024-10-18,lab,present
STU0407,2024-11-04,lab,present
STU0407,2024-11-27,lecture,present
STU0407,2024-12-03,lecture,present
STU0407,2024-12-23,lab,present
STU0408,2024-09-17,lab,late
STU0408,2024-09-19,lecture,late
STU0408,2024-09-27,lecture,present
STU0408,2024-10-09,mentoring,late
STU0408,2024-10-10,lecture,late
STU0408,2024-10-21,mentoring,present
STU0408,2024-12-18,lecture,present
STU0408,2024-12-23,mentoring,present
STU0408,2025-01-08,mentoring,late
STU0409,2023-03-16,lab,late
STU0409,2023-05-12,lab,present
STU0409,2023-05-16,lecture,present
STU0409,2023-05-19,mentoring,present
STU0409,2023-05-29,lecture,late
STU0409,2023-08-10,mentoring,present
STU0409,2023-08-30,lecture,absent
STU0409,2023-11-13,lab,late
STU0409,2024-01-16,lab,late
STU0409,2024-01-26,lab,present
STU0409,2024-02-02,lecture,present
STU0409,2024-02-22,mentoring,present
STU0409,2024-03-04,lecture,absent
STU0409,2024-03-29,lab,present
STU0409,2024-04-16,lab,absent
STU0409,2024-04-25,mentoring,present
STU0409,2024-05-02,mentoring,present
STU0409,2024-05-29,lecture,present
STU0409,2024-06-04,lab,late
STU0409,2024-06-11,lab,late
STU0409,2024-06-25,lab,present
STU0409,2024-08-02,lab,present
STU0409,2024-09-05,lecture,absent
STU0409,2024-09-09,lab,absent
STU0409,2024-09-16,lecture,present
STU0409,2024-11-14,lab,present
STU0410,2023-10-04,mentoring,late
STU0410,2023-10-17,lecture,late
STU0410,2023-12-05,mentoring,present
STU0410,2023-12-08,lab,present
STU0410,2023-12-22,mentoring,absent
STU0410,2024-01-10,mentoring,present
STU0410,2024-01-12,lab,present
STU0410,2024-02-09,mentoring,late
STU0410,2024-02-16,mentoring,late
STU0410,2024-03-29,lecture,present
STU0410,2024-04-11,mentoring,present
STU0410,2024-05-24,mentoring,absent
STU0410,2024-06-21,lab,present
STU0410,2024-07-10,lab,present
STU0410,2024-09-26,lab,late
STU0410,2024-10-03,mentoring,present
STU0410,2024-10-07,lab,present
STU0410,2024-11-21,mentoring,absent
STU0410,2025-01-08,mentoring,absent
STU0411,2024-03-06,mentoring,present
STU0411,2024-03-12,mentoring,present
STU0411,2024-04-04,lecture,absent
STU0411,2024-04-23,mentoring,absent
STU0411,2024-05-09,mentoring,present
STU0411,2024-06-20,lab,late
STU0411,2024-07-10,lab,present
STU0411,2024-07-30,mentoring,present
STU0411,2024-08-14,lecture,present
STU0411,2024-08-22,mentoring,late
STU0411,2024-08-27,lecture,absent
STU0411,2024-09-06,lecture,present
STU0411,2024-12-03,mentoring,present
STU0411,2024-12-17,mentoring,present
STU0411,2024-12-19,lab,present
STU0411,2025-01-02,lecture,late
STU0412,2024-10-15,lab,late
STU0412,2024-11-07,mentoring,present
STU0412,2024-11-26,mentoring,present
STU0413,2023-03-02,lab,present
STU0413,2023-03-23,mentoring,absent
STU0413,2023-04-04,lecture,present
STU0413,2023-04-14,lecture,present
STU0413,2023-04-17,lab,late
STU0413,2023-04-25,mentoring,late
STU0413,2023-07-03,lecture,absent
STU0413,2023-07-07,lab,present
STU0413,2023-07-19,mentoring,present
STU0413,2023-07-25,mentoring,late
STU0413,2023-09-06,mentoring,present
STU0413,2023-10-04,mentoring,present
STU0413,2023-10-12,mentoring,present
STU0413,2023-10-18,lab,late
STU0413,2023-10-31,lab,present
STU0413,2023-11-17,lab,late
STU0413,2023-11-29,lab,present
STU0413,2023-12-27,lecture,late
STU0413,2024-01-09,lab,late
STU0413,2024-01-30,lab,late
STU0413,2024-03-07,lecture,late
STU0413,2024-03-11,mentoring,present
STU0413,2024-03-20,lab,present
STU0413,2024-04-02,lecture,present
STU0413,2024-07-05,lecture,present
STU0413,2024-08-02,lab,present
STU0413,2024-08-19,lab,absent
STU0413,2024-10-29,lab,present
STU0413,2024-11-01,lecture,present
STU0413,2024-11-05,mentoring,present
STU0413,2024-11-11,lecture,absent
STU0414,2023-09-19,lecture,present
STU0414,2023-10-03,lab,present
STU0414,2023-10-19,lab,present
STU0414,2023-10-23,lecture,present
STU0414,2023-11-01,lecture,present
STU0414,2023-11-02,lab,present
STU0414,2023-12-28,mentoring,late
STU0414,2024-01-08,lecture,present
STU0414,2024-02-01,lab,present
STU0414,2024-02-09,mentoring,present
STU0414,2024-02-12,lecture,late
STU0414,2024-04-05,lecture,late
STU0414,2024-04-17,lecture,present
STU0414,2024-04-23,lab,late
STU0414,2024-05-13,lab,absent
STU0414,2024-06-05,lecture,present
STU0414,2024-07-19,lab,present
STU0414,2024-07-31,lab,present
STU0414,2024-08-07,mentoring,present
STU0414,2024-09-10,lab,present
STU0414,2024-10-14,mentoring,present
STU0414,2024-11-14,mentoring,present
STU0414,2025-01-06,mentoring,present
STU0414,2025-01-15,lecture,present
STU0415,2024-03-08,lab,present
STU0415,2024-05-10,lab,present
STU0415,2024-06-07,lecture,late
STU0415,2024-06-17,lecture,present
STU0415,2024-06-27,lab,present
STU0415,2024-07-04,lecture,absent
STU0415,2024-07-05,lab,present
STU0415,2024-08-29,mentoring,present
STU0415,2024-09-04,lab,present
STU0415,2024-09-09,lecture,present
STU0415,2024-12-06,mentoring,present
STU0415,2024-12-10,lab,present
STU0415,2024-12-18,lecture,present
STU0415,2025-01-08,lecture,absent
STU0416,2024-09-27,lab,present
STU0416,2024-09-30,mentoring,present
STU0416,2024-10-17,lab,present
STU0416,2024-10-31,lab,absent
STU0416,2024-11-11,lecture,absent
STU0416,2024-12-31,mentoring,present
STU0417,2023-02-08,mentoring,absent
STU0417,2023-03-02,lab,present
STU0417,2023-03-16,mentoring,present
STU0417,2023-03-21,lecture,present
STU0417,2023-06-23,mentoring,present
STU0417,2023-06-26,lecture,late
STU0417,2023-06-28,mentoring,present
STU0417,2023-07-11,lecture,present
STU0417,2023-07-21,lab,absent
STU0417,2023-08-15,lab,present
STU0417,2023-08-22,lab,late
STU0417,2023-08-28,lecture,present
STU0417,2023-08-29,lab,present
STU0417,2023-10-03,lecture,present
STU0417,2023-10-10,lab,absent
STU0417,2023-10-13,lab,present
STU0417,2023-10-17,lecture,present
STU0417,2023-10-31,lab,present
STU0417,2023-11-16,mentoring,present
STU0417,2024-01-01,lab,present
STU0417,2024-01-02,mentoring,present
STU0417,2024-01-04,lab,present
STU0417,2024-01-05,mentoring,late
STU0417,2024-01-17,mentoring,late
STU0417,2024-03-27,lecture,present
STU0417,2024-04-05,lecture,present
STU0417,2024-04-11,lecture,absent
STU0417,2024-04-23,lecture,present
STU0417,2024-05-22,lab,present
STU0417,2024-05-27,lecture,present
STU0417,2024-06-04,mentoring,late
STU0417,2024-06-06,lecture,present
STU0417,2024-06-27,lecture,present
STU0417,2024-07-10,lecture,present
STU0417,2024-07-30,lab,present
STU0417,2024-08-08,lecture,present
STU0417,2024-08-19,lecture,absent
STU0417,2024-08-21,mentoring,present
STU0417,2024-09-09,lab,late
STU0417,2024-09-10,mentoring,present
STU0417,2024-09-16,mentoring,present
STU0417,2024-10-11,lecture,absent
STU0417,2024-10-31,mentoring,present
STU0417,2024-11-08,lecture,absent
STU0417,2024-12-25,lab,present
STU0417,2025-01-10,lab,absent
STU0418,2023-08-14,lab,present
STU0418,2023-08-18,lab,late
STU0418,2023-08-29,lab,present
STU0418,2023-09-08,lab,late
STU0418,2023-10-19,lecture,present
STU0418,2023-11-03,lecture,absent
STU0418,2023-11-29,lab,present
STU0418,2023-12-18,mentoring,present
STU0418,2023-12-20,lab,present
STU0418,2023-12-21,mentoring,late
STU0418,2024-02-01,lab,present
STU0418,2024-02-08,mentoring,late
STU0418,2024-03-12,mentoring,present
STU0418,2024-04-04,mentoring,present
STU0418,2024-04-17,lecture,absent
STU0418,2024-05-31,lecture,absent
STU0418,2024-06-03,lab,late
STU0418,2024-08-08,lab,present
STU0418,2024-08-12,lecture,late
STU0418,2024-09-12,lecture,present
STU0418,2024-09-19,mentoring,present
STU0418,2024-09-24,lab,present
STU0418,2024-11-07,mentoring,late
STU0418,2024-12-10,lab,present
STU0418,2024-12-19,mentoring,present
STU0418,2024-12-20,lecture,absent
STU0418,2024-12-30,mentoring,present
STU0418,2025-01-10,mentoring,present
STU0419,2024-03-20,lecture,present
STU0419,2024-04-15,lab,present
STU0419,2024-04-26,lecture,present
STU0419,2024-05-16,lab,absent
STU0419,2024-05-30,lecture,present
STU0419,2024-06-13,lecture,present
STU0419,2024-06-18,mentoring,present
STU0419,2024-06-20,lab,present
STU0419,2024-06-26,lecture,present
STU0419,2024-07-18,lab,present
STU0419,2024-07-25,lecture,late
STU0419,2024-08-01,lab,present
STU0419,2024-08-22,mentoring,present
STU0419,2024-09-12,mentoring,late
STU0419,2024-09-30,mentoring,late
STU0419,2024-10-08,lecture,present
STU0419,2024-12-04,mentoring,absent
STU0419,2024-12-30,mentoring,present
STU0419,2025-01-14,lab,present
STU0420,2024-08-12,lab,present
STU0420,2024-10-01,mentoring,present
STU0420,2024-11-07,mentoring,present
STU0420,2024-11-13,lab,present
STU0420,2024-12-03,mentoring,present
STU0420,2024-12-05,lab,present
STU0420,2024-12-25,lab,late
STU0420,2024-12-30,lecture,late
STU0421,2023-06-13,lab,absent
STU0421,2023-06-15,mentoring,present
STU0421,2023-06-16,lecture,present
STU0421,2023-06-23,mentoring,absent
STU0421,2023-06-29,mentoring,absent
STU0421,2023-07-14,mentoring,present
STU0421,2023-08-08,mentoring,present
STU0421,2023-08-15,mentoring,present
STU0421,2023-08-18,lecture,present
STU0421,2023-09-14,lab,present
STU0421,2023-09-21,lecture,present
STU0421,2023-10-13,lab,present
STU0421,2023-12-05,lecture,late
STU0421,2023-12-14,mentoring,late
STU0421,2023-12-22,lab,present
STU0421,2024-01-02,lecture,absent
STU0421,2024-03-26,lecture,present
STU0421,2024-03-29,lab,present
STU0421,2024-04-23,mentoring,late
STU0421,2024-05-13,lab,present
STU0421,2024-05-24,mentoring,late
STU0421,2024-05-30,mentoring,present
STU0421,2024-06-19,lab,late
STU0421,2024-06-24,lab,absent
STU0421,2024-07-09,lab,present
STU0421,2024-07-15,lab,absent
STU0421,2024-07-24,lab,present
STU0421,2024-08-14,mentoring,absent
STU0421,2024-10-28,lab,absent
STU0421,2024-12-05,mentoring,present
STU0421,2024-12-20,mentoring,present
STU0422,2023-09-04,mentoring,present
STU0422,2023-09-13,lab,late
STU0422,2023-09-28,lecture,late
STU0422,2023-10-25,lecture,present
STU0422,2023-11-24,lab,absent
STU0422,2023-11-28,lecture,present
STU0422,2023-12-01,mentoring,present
STU0422,2023-12-05,lab,present
STU0422,2023-12-20,mentoring,present
STU0422,2023-12-22,lecture,present
STU0422,2023-12-25,lab,present
STU0422,2023-12-26,mentoring,present
STU0422,2024-01-31,lecture,absent
STU0422,2024-02-28,lecture,present
STU0422,2024-03-06,lecture,present
STU0422,2024-03-14,mentoring,late
STU0422,2024-04-23,lecture,present
STU0422,2024-04-26,mentoring,absent
STU0422,2024-04-29,lecture,absent
STU0422,2024-05-20,mentoring,present
STU0422,2024-06-07,mentoring,late
STU0422,2024-07-08,lecture,present
STU0422,2024-07-25,lecture,present
STU0422,2024-08-19,mentoring,present
STU0422,2024-08-21,lab,present
STU0422,2024-08-26,lab,absent
STU0422,2024-09-02,lecture,present
STU0422,2024-10-18,lecture,present
STU0422,2024-11-12,mentoring,present
STU0422,2024-12-12,lecture,present
STU0422,2024-12-18,lab,late
STU0422,2025-01-09,lecture,absent
STU0422,2025-01-13,mentoring,late
STU0423,2024-03-20,mentoring,present
STU0423,2024-04-03,lecture,present
STU0423,2024-04-04,lab,present
STU0423,2024-04-05,mentoring,late
STU0423,2024-04-15,lecture,present
STU0423,2024-05-13,mentoring,absent
STU0423,2024-05-31,mentoring,present
STU0423,2024-06-04,lab,present
STU0423,2024-06-14,mentoring,present
STU0423,2024-06-19,lecture,present
STU0423,2024-06-24,mentoring,late
STU0423,2024-07-30,lecture,present
STU0423,2024-08-13,lab,late
STU0423,2024-09-20,lab,present
STU0423,2024-10-29,lab,present
STU0423,2024-12-06,mentoring,present
STU0423,2024-12-23,lecture,present
STU0423,2025-01-10,mentoring,present
STU0424,2024-08-01,lecture,present
STU0424,2024-08-09,lecture,present
STU0424,2024-08-19,mentoring,present
STU0424,2024-08-21,lab,present
STU0424,2024-09-13,lecture,present
STU0424,2024-10-04,lecture,present
STU0424,2024-11-15,mentoring,present
STU0424,2024-12-02,lab,present
STU0424,2024-12-09,mentoring,present
STU0424,2024-12-13,mentoring,present
STU0425,2023-02-09,lecture,present
STU0425,2023-02-21,lecture,present
STU0425,2023-02-23,mentoring,present
STU0425,2023-03-13,mentoring,present
STU0425,2023-04-05,lecture,present
STU0425,2023-04-11,lab,present
STU0425,2023-04-20,lecture,present
STU0425,2023-04-28,lecture,present
STU0425,2023-06-16,lecture,present
STU0425,2023-08-01,lecture,absent
STU0425,2023-08-25,lecture,present
STU0425,2023-09-07,lab,present
STU0425,2023-09-19,lecture,late
STU0425,2023-10-25,mentoring,present
STU0425,2023-10-31,mentoring,present
STU0425,2023-12-05,mentoring,present
STU0425,2023-12-11,lecture,present
STU0425,2023-12-22,mentoring,present
STU0425,2024-01-15,lab,late
STU0425,2024-01-17,mentoring,present
STU0425,2024-01-25,lecture,present
STU0425,2024-02-19,lab,present
STU0425,2024-02-22,mentoring,absent
STU0425,2024-03-06,mentoring,absent
STU0425,2024-05-15,lab,present
STU0425,2024-05-17,lecture,absent
STU0425,2024-05-24,lecture,present
STU0425,2024-05-29,mentoring,present
STU0425,2024-09-09,lab,late
STU0425,2024-09-12,lecture,present
STU0425,2024-09-30,lab,present
STU0425,2024-10-10,lab,present
STU0425,2024-11-04,lecture,late
STU0425,2024-11-13,lab,present
STU0425,2024-11-14,mentoring,present
STU0425,2024-12-02,mentoring,absent
STU0425,2024-12-17,mentoring,present
STU0426,2023-09-14,lab,present
STU0426,2023-10-04,lecture,present
STU0426,2023-11-02,lecture,present
STU0426,2023-11-17,lab,present
STU0426,2023-11-22,mentoring,present
STU0426,2023-11-23,lecture,present
STU0426,2023-12-07,lecture,present
STU0426,2023-12-13,mentoring,absent
STU0426,2024-02-21,lab,present
STU0426,2024-03-11,mentoring,present
STU0426,2024-03-19,lab,present
STU0426,2024-03-25,mentoring,present
STU0426,2024-03-27,lab,present
STU0426,2024-03-29,mentoring,present
STU0426,2024-04-15,mentoring,absent
STU0426,2024-05-03,lab,present
STU0426,2024-05-14,lab,present
STU0426,2024-06-12,lecture,present
STU0426,2024-07-23,lecture,late
STU0426,2024-09-18,lecture,late
STU0426,2024-10-09,lab,present
STU0426,2024-10-15,lecture,late
STU0426,2024-10-24,mentoring,present
STU0426,2024-11-01,lab,absent
STU0426,2024-11-07,lab,present
STU0426,2024-12-24,mentoring,present
STU0426,2024-12-27,lab,present
STU0427,2024-03-01,mentoring,present
STU0427,2024-03-05,lecture,present
STU0427,2024-04-22,lab,present
STU0427,2024-04-23,mentoring,present
STU0427,2024-05-29,lab,present
STU0427,2024-06-06,lecture,present
STU0427,2024-06-21,lab,present
STU0427,2024-08-22,lab,present
STU0427,2024-08-28,lecture,present
STU0427,2024-09-02,lab,present
STU0427,2024-09-20,mentoring,present
STU0427,2025-01-03,mentoring,present
STU0428,2024-07-24,mentoring,present
STU0428,2024-08-27,lab,present
STU0428,2024-09-03,lab,present
STU0428,2024-09-23,lecture,present
STU0428,2024-10-03,lecture,present
STU0428,2024-10-15,mentoring,present
STU0428,2024-10-21,mentoring,present
STU0428,2025-01-07,lecture,present
STU0428,2025-01-13,lecture,present
STU0429,2023-03-14,mentoring,present
STU0429,2023-03-21,mentoring,absent
STU0429,2023-03-22,lecture,present
STU0429,2023-04-10,lecture,present
STU0429,2023-05-17,lecture,present
STU0429,2023-06-29,mentoring,present
STU0429,2023-07-05,lab,present
STU0429,2023-08-07,lecture,present
STU0429,2023-08-31,lab,present
STU0429,2023-10-23,lecture,absent
STU0429,2023-10-26,mentoring,present
STU0429,2023-11-27,mentoring,present
STU0429,2023-12-15,mentoring,late
STU0429,2024-02-05,mentoring,absent
STU0429,2024-03-07,lab,absent
STU0429,2024-03-18,lecture,present
STU0429,2024-04-04,lab,present
STU0429,2024-04-09,lab,present
STU0429,2024-05-07,lecture,absent
STU0429,2024-05-10,mentoring,present
STU0429,2024-07-03,lecture,present
STU0429,2024-07-16,lab,late
STU0429,2024-08-29,lab,present
STU0429,2024-09-13,lecture,present
STU0429,2024-10-22,lecture,absent
STU0429,2024-10-23,lab,present
STU0429,2024-11-13,mentoring,present
STU0429,2024-12-04,lecture,absent
STU0429,2024-12-16,mentoring,present
STU0429,2024-12-27,mentoring,present
STU0430,2023-08-30,lecture,present
STU0430,2023-09-08,lab,present
STU0430,2023-09-25,lab,present
STU0430,2023-10-12,mentoring,present
STU0430,2023-11-03,lab,absent
STU0430,2023-12-07,mentoring,present
STU0430,2024-02-01,mentoring,present
STU0430,2024-03-01,lecture,absent
STU0430,2024-03-21,lab,present
STU0430,2024-04-09,mentoring,late
STU0430,2024-05-06,lab,present
STU0430,2024-05-07,mentoring,present
STU0430,2024-05-31,mentoring,present
STU0430,2024-06-07,lecture,absent
STU0430,2024-06-14,mentoring,present
STU0430,2024-07-10,mentoring,present
STU0430,2024-08-05,mentoring,present
STU0430,2024-08-13,lab,present
STU0430,2024-08-16,lecture,present
STU0430,2024-09-05,mentoring,present
STU0430,2024-10-10,lecture,present
STU0430,2024-10-15,lecture,present
STU0430,2024-10-21,mentoring,present
STU0430,2024-11-11,lecture,present
STU0430,2025-01-02,lab,absent
STU0431,2024-03-14,mentoring,present
STU0431,2024-04-05,mentoring,present
STU0431,2024-05-09,mentoring,present
STU0431,2024-05-22,mentoring,present
STU0431,2024-06-05,lab,late
STU0431,2024-06-14,lab,late
STU0431,2024-07-23,lab,present
STU0431,2024-08-14,lecture,present
STU0431,2024-08-19,mentoring,present
STU0431,2024-09-03,lab,late
STU0431,2024-09-09,lab,present
STU0431,2024-10-02,mentoring,late
STU0431,2024-11-12,lab,absent
STU0431,2024-11-21,lecture,present
STU0431,2024-12-05,lecture,present
STU0431,2025-01-14,mentoring,present
STU0432,2024-08-29,lecture,late
STU0432,2024-09-12,lab,absent
STU0432,2024-09-23,mentoring,present
STU0432,2024-10-03,lab,present
STU0432,2024-10-16,lab,late
STU0432,2024-12-05,mentoring,present
STU0432,2024-12-17,lecture,present
STU0432,2024-12-23,lecture,present
STU0432,2025-01-02,lecture,absent
STU0433,2023-04-06,lecture,present
STU0433,2023-04-11,lab,present
STU0433,2023-05-01,lecture,present
STU0433,2023-06-30,mentoring,present
STU0433,2023-07-05,lab,present
STU0433,2023-07-14,mentoring,present
STU0433,2023-07-31,lab,late
STU0433,2023-08-18,mentoring,present
STU0433,2023-10-20,mentoring,late
STU0433,2023-12-20,lecture,present
STU0433,2024-01-30,mentoring,present
STU0433,2024-02-12,lecture,present
STU0433,2024-02-16,mentoring,late
STU0433,2024-02-20,lecture,present
STU0433,2024-03-07,mentoring,present
STU0433,2024-03-13,mentoring,present
STU0433,2024-03-26,lab,late
STU0433,2024-04-08,lab,late
STU0433,2024-04-11,mentoring,late
STU0433,2024-04-24,lab,present
STU0433,2024-06-05,mentoring,present
STU0433,2024-06-10,lab,present
STU0433,2024-06-17,mentoring,present
STU0433,2024-08-16,mentoring,present
STU0433,2024-08-26,lecture,absent
STU0433,2024-09-05,lecture,present
STU0433,2024-09-06,lab,present
STU0433,2024-09-13,lecture,present
STU0433,2024-10-15,lab,present
STU0433,2024-11-05,lecture,present
STU0433,2024-11-08,mentoring,absent
STU0433,2024-11-22,mentoring,present
STU0433,2024-12-20,mentoring,present
STU0434,2023-09-15,lab,present
STU0434,2023-10-12,mentoring,present
STU0434,2023-11-16,mentoring,present
STU0434,2023-11-24,lab,present
STU0434,2024-01-10,mentoring,present
STU0434,2024-02-05,mentoring,absent
STU0434,2024-02-12,lab,present
STU0434,2024-02-28,lab,absent
STU0434,2024-03-12,lab,present
STU0434,2024-04-25,lab,present
STU0434,2024-04-26,mentoring,present
STU0434,2024-05-07,lab,present
STU0434,2024-05-08,mentoring,present
STU0434,2024-05-10,lecture,present
STU0434,2024-05-24,lab,present
STU0434,2024-05-30,lecture,present
STU0434,2024-05-31,lab,present
STU0434,2024-06-25,lecture,absent
STU0434,2024-07-25,lecture,present
STU0434,2024-08-02,lab,present
STU0434,2024-08-16,lecture,present
STU0434,2024-09-03,lab,absent
STU0434,2024-09-04,mentoring,present
STU0434,2024-09-05,lecture,present
STU0434,2024-09-16,lecture,present
STU0434,2024-09-19,mentoring,present
STU0434,2024-10-24,lecture,present
STU0434,2024-11-13,mentoring,late
STU0434,2024-12-04,mentoring,absent
STU0434,2024-12-18,mentoring,late
STU0434,2024-12-19,lecture,present
STU0435,2024-02-20,lab,late
STU0435,2024-03-07,lab,present
STU0435,2024-03-14,lecture,late
STU0435,2024-04-25,lecture,present
STU0435,2024-05-03,lab,present
STU0435,2024-06-06,lab,absent
STU0435,2024-07-16,mentoring,present
STU0435,2024-08-01,lab,absent
STU0435,2024-08-22,mentoring,late
STU0435,2024-11-12,lecture,absent
STU0435,2024-12-24,lecture,present
STU0435,2024-12-25,lab,absent
STU0435,2025-01-02,mentoring,present
STU0435,2025-01-07,lab,late
STU0436,2024-09-26,lab,late
STU0436,2024-11-14,mentoring,late
STU0436,2024-11-18,lecture,present
STU0436,2024-11-22,mentoring,present
STU0436,2024-12-10,lecture,present
STU0437,2023-02-20,lecture,present
STU0437,2023-03-20,mentoring,present
STU0437,2023-03-24,lecture,present
STU0437,2023-04-12,lab,present
STU0437,2023-04-17,lecture,present
STU0437,2023-05-05,lab,absent
STU0437,2023-05-15,mentoring,absent
STU0437,2023-05-23,mentoring,present
STU0437,2023-09-04,mentoring,late
STU0437,2023-09-25,mentoring,present
STU0437,2023-10-13,mentoring,present
STU0437,2023-10-23,mentoring,present
STU0437,2023-10-24,lecture,present
STU0437,2023-11-27,lecture,absent
STU0437,2023-12-04,lecture,present
STU0437,2023-12-08,lecture,absent
STU0437,2023-12-14,mentoring,present
STU0437,2024-01-22,mentoring,late
STU0437,2024-02-23,lab,present
STU0437,2024-03-06,lab,present
STU0437,2024-03-07,mentoring,present
STU0437,2024-04-10,lab,late
STU0437,2024-05-06,lecture,absent
STU0437,2024-05-17,lecture,present
STU0437,2024-05-27,lab,late
STU0437,2024-07-02,lecture,present
STU0437,2024-07-11,mentoring,late
STU0437,2024-11-04,lab,present
STU0437,2024-11-11,lab,present
STU0437,2024-11-12,mentoring,present
STU0438,2023-09-13,lab,late
STU0438,2023-09-14,mentoring,present
STU0438,2023-09-21,lecture,late
STU0438,2023-09-29,mentoring,present
STU0438,2023-10-18,mentoring,absent
STU0438,2023-10-27,lecture,present
STU0438,2023-12-25,lecture,absent
STU0438,2024-01-01,mentoring,present
STU0438,2024-01-03,lecture,present
STU0438,2024-01-04,lab,absent
STU0438,2024-01-23,lecture,present
STU0438,2024-03-15,mentoring,present
STU0438,2024-03-19,lecture,absent
STU0438,2024-04-23,lecture,present
STU0438,2024-06-14,mentoring,absent
STU0438,2024-06-27,lab,absent
STU0438,2024-07-22,lab,present
STU0438,2024-07-26,lecture,present
STU0438,2024-07-30,mentoring,present
STU0438,2024-08-07,lecture,present
STU0438,2024-08-13,lab,absent
STU0438,2024-08-16,lab,present
STU0438,2024-09-04,lab,present
STU0438,2024-09-16,lab,present
STU0438,2024-10-25,lab,present
STU0438,2024-12-16,mentoring,present
STU0439,2024-02-22,lecture,late
STU0439,2024-02-27,mentoring,present
STU0439,2024-03-05,mentoring,present
STU0439,2024-04-10,lecture,present
STU0439,2024-04-16,lab,present
STU0439,2024-05-09,lab,present
STU0439,2024-06-20,mentoring,late
STU0439,2024-06-27,lab,present
STU0439,2024-07-02,lecture,present
STU0439,2024-08-12,mentoring,absent
STU0439,2024-09-18,lecture,present
STU0439,2024-11-08,mentoring,present
STU0439,2024-11-12,lab,late
STU0439,2024-11-14,lecture,absent
STU0439,2024-12-30,mentoring,present
STU0440,2024-10-14,lecture,present
STU0440,2024-10-15,lab,present
STU0440,2024-10-18,lecture,present
STU0440,2024-10-22,mentoring,present
STU0440,2024-11-04,lab,present
STU0440,2024-11-29,mentoring,absent
STU0440,2024-12-06,mentoring,late
STU0440,2024-12-27,lab,present
STU0440,2024-12-30,mentoring,present
STU0441,2023-04-14,lab,present
STU0441,2023-05-17,mentoring,absent
STU0441,2023-05-29,lecture,late
STU0441,2023-06-06,lecture,absent
STU0441,2023-06-15,lab,present
STU0441,2023-08-11,lecture,present
STU0441,2023-08-18,lab,present
STU0441,2023-09-11,lab,present
STU0441,2023-09-14,lecture,absent
STU0441,2023-10-16,lab,present
STU0441,2023-10-24,mentoring,absent
STU0441,2023-10-25,lecture,present
STU0441,2023-11-06,mentoring,present
STU0441,2023-11-07,lecture,absent
STU0441,2023-12-07,lab,present
STU0441,2024-01-15,mentoring,absent
STU0441,2024-01-31,lab,present
STU0441,2024-02-02,mentoring,present
STU0441,2024-02-19,mentoring,present
STU0441,2024-02-21,lecture,absent
STU0441,2024-04-09,lab,present
STU0441,2024-04-25,lecture,present
STU0441,2024-05-31,mentoring,present
STU0441,2024-06-07,mentoring,present
STU0441,2024-06-17,lab,present
STU0441,2024-06-25,lecture,present
STU0441,2024-08-09,mentoring,late
STU0441,2024-08-19,lecture,present
STU0441,2024-08-29,lab,present
STU0441,2024-09-24,mentoring,present
STU0441,2024-10-02,lecture,absent
STU0441,2024-10-10,lecture,present
STU0441,2024-10-31,lecture,present
STU0441,2024-11-06,lecture,present
STU0441,2024-11-20,mentoring,present
STU0441,2024-12-02,mentoring,present
STU0441,2024-12-17,lab,present
STU0441,2024-12-26,lab,present
STU0441,2024-12-27,mentoring,present
STU0441,2025-01-09,lab,present
STU0442,2023-09-06,mentoring,present
STU0442,2023-09-11,mentoring,present
STU0442,2023-09-20,mentoring,present
STU0442,2023-09-25,lab,present
STU0442,2023-10-09,lecture,late
STU0442,2023-11-09,lecture,present
STU0442,2023-11-21,lecture,late
STU0442,2023-11-28,lab,present
STU0442,2023-12-05,lecture,present
STU0442,2023-12-20,lecture,late
STU0442,2024-01-31,lab,present
STU0442,2024-02-27,lab,present
STU0442,2024-03-01,lecture,present
STU0442,2024-03-20,mentoring,present
STU0442,2024-03-21,lecture,present
STU0442,2024-03-27,lecture,absent
STU0442,2024-04-23,lab,present
STU0442,2024-04-30,mentoring,absent
STU0442,2024-05-02,lab,late
STU0442,2024-07-12,lecture,present
STU0442,2024-07-15,lab,absent
STU0442,2024-07-19,mentoring,present
STU0442,2024-07-26,mentoring,late
STU0442,2024-07-31,mentoring,absent
STU0442,2024-08-05,lab,present
STU0442,2024-08-09,lab,absent
STU0442,2024-09-03,lecture,late
STU0442,2024-10-01,lecture,absent
STU0442,2024-10-14,lab,absent
STU0442,2024-10-17,lecture,absent
STU0442,2024-11-01,lecture,late
STU0442,2024-11-06,lecture,present
STU0442,2024-11-21,lecture,present
STU0442,2024-12-26,lecture,present
STU0442,2025-01-14,mentoring,present
STU0442,2025-01-15,lecture,present
STU0443,2024-03-04,lecture,present
STU0443,2024-04-03,lecture,present
STU0443,2024-04-29,lab,present
STU0443,2024-05-16,lab,present
STU0443,2024-05-24,lecture,absent
STU0443,2024-05-28,mentoring,absent
STU0443,2024-07-01,mentoring,present
STU0443,2024-07-09,lecture,present
STU0443,2024-07-16,mentoring,late
STU0443,2024-07-23,mentoring,present
STU0443,2024-08-27,lecture,present
STU0443,2024-09-16,mentoring,present
STU0443,2024-09-23,mentoring,late
STU0443,2024-09-30,lab,present
STU0443,2024-10-25,lab,absent
STU0443,2024-11-13,lecture,late
STU0443,2024-11-22,lab,present
STU0443,2024-11-25,mentoring,present
STU0443,2025-01-15,lab,present
STU0444,2024-09-12,mentoring,present
STU0444,2024-10-04,mentoring,present
STU0444,2024-10-16,mentoring,present
STU0444,2024-12-13,lab,late
STU0444,2024-12-18,lecture,late
STU0444,2024-12-19,lab,late
STU0444,2024-12-20,mentoring,present
STU0444,2024-12-23,lecture,present
STU0444,2025-01-09,lecture,late
STU0445,2023-02-06,lab,late
STU0445,2023-02-24,mentoring,absent
STU0445,2023-03-31,lecture,absent
STU0445,2023-05-09,lab,present
STU0445,2023-05-31,lab,present
STU0445,2023-06-26,mentoring,absent
STU0445,2023-08-04,lab,present
STU0445,2023-08-07,mentoring,absent
STU0445,2023-09-04,lecture,present
STU0445,2023-09-11,lab,present
STU0445,2023-09-29,lab,present
STU0445,2023-10-05,lab,present
STU0445,2023-11-07,mentoring,present
STU0445,2023-11-28,lecture,present
STU0445,2023-12-05,lab,present
STU0445,2024-01-22,mentoring,present
STU0445,2024-02-01,lab,present
STU0445,2024-02-02,mentoring,present
STU0445,2024-02-14,mentoring,present
STU0445,2024-03-04,mentoring,present
STU0445,2024-04-02,lab,present
STU0445,2024-04-12,mentoring,absent
STU0445,2024-04-18,mentoring,present
STU0445,2024-04-24,lab,present
STU0445,2024-05-28,lab,absent
STU0445,2024-06-14,lecture,present
STU0445,2024-07-17,lab,present
STU0445,2024-07-19,lecture,present
STU0445,2024-08-12,lab,present
STU0445,2024-08-13,mentoring,present
STU0445,2024-08-14,lecture,present
STU0445,2024-09-23,lab,absent
STU0445,2024-10-10,mentoring,present
STU0445,2024-10-14,lab,late
STU0445,2024-10-24,mentoring,present
STU0445,2024-11-15,mentoring,present
STU0445,2024-12-06,lecture,absent
STU0445,2024-12-19,lecture,present
STU0445,2024-12-25,lecture,present
STU0446,2023-09-06,lab,absent
STU0446,2023-09-25,lab,present
STU0446,2023-10-02,lab,present
STU0446,2023-11-07,mentoring,present
STU0446,2023-11-27,mentoring,late
STU0446,2023-12-11,lab,absent
STU0446,2023-12-22,mentoring,present
STU0446,2023-12-25,lecture,present
STU0446,2024-01-12,lecture,present
STU0446,2024-01-24,mentoring,present
STU0446,2024-03-01,lab,absent
STU0446,2024-03-12,mentoring,present
STU0446,2024-03-18,lab,present
STU0446,2024-04-24,lab,present
STU0446,2024-06-04,lecture,present
STU0446,2024-06-06,lab,late
STU0446,2024-07-03,lab,present
STU0446,2024-07-08,lab,absent
STU0446,2024-07-25,lab,present
STU0446,2024-08-27,lecture,present
STU0446,2024-09-02,lab,present
STU0446,2024-09-03,mentoring,present
STU0446,2024-09-05,lab,absent
STU0446,2024-09-10,lab,present
STU0446,2024-09-19,mentoring,absent
STU0446,2024-09-27,lecture,present
STU0446,2024-10-08,mentoring,present
STU0446,2024-10-18,lecture,present
STU0446,2024-11-05,mentoring,present
STU0446,2024-12-12,mentoring,present
STU0447,2024-03-08,lab,present
STU0447,2024-04-02,mentoring,present
STU0447,2024-04-09,mentoring,absent
STU0447,2024-06-21,lecture,present
STU0447,2024-06-27,lecture,present
STU0447,2024-07-30,lab,present
STU0447,2024-08-15,mentoring,present
STU0447,2024-10-11,lab,late
STU0447,2024-10-18,mentoring,present
STU0447,2024-12-17,mentoring,present
STU0448,2024-08-19,mentoring,late
STU0448,2024-08-23,lecture,late
STU0448,2024-08-27,mentoring,absent
STU0448,2024-09-11,lecture,present
STU0448,2024-10-17,mentoring,absent
STU0448,2024-10-22,mentoring,present
STU0448,2024-10-24,lab,present
STU0448,2024-10-28,lecture,absent
STU0448,2024-11-11,mentoring,present
STU0448,2024-11-12,lecture,late
STU0448,2024-11-18,mentoring,present
STU0448,2024-12-12,lab,present
STU0448,2024-12-17,lab,present
STU0448,2024-12-23,lecture,late
STU0448,2025-01-02,lecture,present
STU0449,2023-02-17,lab,present
STU0449,2023-02-22,lecture,present
STU0449,2023-05-17,lab,present
STU0449,2023-05-31,mentoring,present
STU0449,2023-06-05,mentoring,late
STU0449,2023-06-14,mentoring,present
STU0449,2023-06-16,lab,present
STU0449,2023-06-22,lecture,present
STU0449,2023-06-26,lab,present
STU0449,2023-07-21,lab,late
STU0449,2023-07-27,lab,present
STU0449,2023-08-04,lab,present
STU0449,2023-08-07,mentoring,present
STU0449,2023-08-16,mentoring,present
STU0449,2023-09-01,lab,present
STU0449,2023-09-08,lab,present
STU0449,2023-09-18,lab,present
STU0449,2023-09-25,lab,present
STU0449,2023-11-09,mentoring,present
STU0449,2023-11-16,lecture,late
STU0449,2023-11-21,lecture,present
STU0449,2023-11-28,lab,absent
STU0449,2023-12-19,lecture,present
STU0449,2024-01-24,lab,present
STU0449,2024-02-09,mentoring,present
STU0449,2024-04-08,mentoring,present
STU0449,2024-06-24,mentoring,present
STU0449,2024-06-27,mentoring,present
STU0449,2024-07-23,mentoring,late
STU0449,2024-08-16,lab,present
STU0449,2024-09-10,lab,present
STU0449,2024-09-11,mentoring,late
STU0449,2024-10-08,lab,present
STU0449,2024-10-11,lecture,present
STU0449,2024-10-17,lab,present
STU0449,2024-10-24,mentoring,present
STU0449,2024-10-30,mentoring,present
STU0449,2024-10-31,lecture,present
STU0449,2024-11-15,lab,present
STU0449,2024-12-11,lecture,present
STU0449,2024-12-23,lecture,present
STU0450,2023-10-24,lecture,present
STU0450,2023-11-14,lecture,present
STU0450,2023-11-21,mentoring,present
STU0450,2023-12-08,mentoring,present
STU0450,2023-12-12,lecture,present
STU0450,2023-12-18,lecture,present
STU0450,2024-01-22,lecture,present
STU0450,2024-02-05,lecture,present
STU0450,2024-02-07,mentoring,present
STU0450,2024-02-21,lecture,present
STU0450,2024-03-25,mentoring,late
STU0450,2024-03-27,lecture,present
STU0450,2024-04-04,lab,present
STU0450,2024-04-16,lab,absent
STU0450,2024-05-15,lecture,present
STU0450,2024-05-23,lab,late
STU0450,2024-05-30,mentoring,present
STU0450,2024-07-17,lecture,present
STU0450,2024-07-22,mentoring,present
STU0450,2024-08-06,lecture,late
STU0450,2024-08-12,lab,present
STU0450,2024-08-22,lecture,present
STU0450,2024-09-23,lab,absent
STU0450,2024-09-30,lecture,absent
STU0450,2024-11-19,lecture,present
STU0450,2024-11-21,lab,present
STU0451,2024-03-15,lab,present
STU0451,2024-04-15,lab,absent
STU0451,2024-04-16,mentoring,late
STU0451,2024-05-20,lecture,late
STU0451,2024-05-22,lab,present
STU0451,2024-06-06,lecture,present
STU0451,2024-07-11,lab,present
STU0451,2024-07-12,mentoring,present
STU0451,2024-07-25,lab,present
STU0451,2024-08-23,lecture,present
STU0451,2024-09-18,lab,absent
STU0451,2024-09-26,lab,present
STU0451,2024-10-04,lecture,present
STU0451,2024-11-05,lecture,present
STU0451,2024-11-06,lab,present
STU0451,2024-11-12,lecture,present
STU0451,2024-12-02,lecture,present
STU0451,2024-12-25,lab,present
STU0452,2024-07-23,lab,late
STU0452,2024-08-05,lecture,present
STU0452,2024-08-15,mentoring,late
STU0452,2024-08-16,lecture,present
STU0452,2024-09-25,lab,present
STU0452,2024-10-23,lecture,present
STU0452,2024-10-28,mentoring,present
STU0452,2024-11-14,mentoring,present
STU0452,2024-12-11,lab,present
STU0453,2023-03-17,mentoring,late
STU0453,2023-05-05,lab,present
STU0453,2023-05-12,lab,present
STU0453,2023-07-11,lecture,present
STU0453,2023-07-31,mentoring,present
STU0453,2023-08-09,lab,present
STU0453,2023-08-30,mentoring,present
STU0453,2023-09-21,mentoring,present
STU0453,2023-09-22,lecture,late
STU0453,2023-11-17,mentoring,present
STU0453,2023-11-24,lecture,present
STU0453,2023-12-21,lab,present
STU0453,2023-12-28,lecture,late
STU0453,2024-02-02,lecture,present
STU0453,2024-02-21,lecture,late
STU0453,2024-03-13,mentoring,present
STU0453,2024-05-28,lecture,absent
STU0453,2024-05-30,mentoring,absent
STU0453,2024-05-31,lecture,present
STU0453,2024-06-19,lab,late
STU0453,2024-07-29,mentoring,present
STU0453,2024-08-23,mentoring,late
STU0453,2024-09-13,lecture,absent
STU0453,2024-10-03,lab,present
STU0453,2024-11-07,lecture,present
STU0453,2024-11-18,mentoring,present
STU0453,2024-11-20,lecture,present
STU0453,2024-12-20,lab,present
STU0453,2025-01-06,lab,present
STU0454,2023-08-14,lab,absent
STU0454,2023-09-12,lecture,present
STU0454,2023-10-23,mentoring,late
STU0454,2023-10-30,lecture,present
STU0454,2023-11-14,mentoring,present
STU0454,2023-11-15,lecture,late
STU0454,2023-12-13,mentoring,present
STU0454,2023-12-18,mentoring,present
STU0454,2023-12-27,lab,present
STU0454,2024-01-01,mentoring,present
STU0454,2024-01-18,mentoring,present
STU0454,2024-02-15,lab,present
STU0454,2024-02-23,lab,late
STU0454,2024-03-07,lab,present
STU0454,2024-03-15,mentoring,present
STU0454,2024-04-04,lecture,late
STU0454,2024-04-08,lab,present
STU0454,2024-04-18,mentoring,present
STU0454,2024-04-23,lab,present
STU0454,2024-06-04,lab,present
STU0454,2024-06-19,lab,absent
STU0454,2024-07-19,mentoring,present
STU0454,2024-08-21,mentoring,absent
STU0454,2024-09-18,lab,present
STU0454,2024-10-24,lecture,present
STU0454,2024-11-22,lecture,present
STU0454,2024-12-13,lab,present
STU0454,2024-12-27,lecture,present
STU0455,2024-04-23,lab,present
STU0455,2024-05-02,mentoring,present
STU0455,2024-05-09,mentoring,present
STU0455,2024-07-05,mentoring,present
STU0455,2024-07-15,lecture,present
STU0455,2024-08-22,lecture,present
STU0455,2024-09-11,lecture,late
STU0455,2024-09-16,lab,present
STU0455,2024-12-06,mentoring,present
STU0456,2024-07-26,mentoring,absent
STU0456,2024-08-06,lecture,late
STU0456,2024-08-12,lecture,present
STU0456,2024-09-13,lecture,present
STU0456,2024-10-11,lecture,present
STU0456,2024-10-25,lecture,present
STU0456,2024-11-29,lecture,present
STU0456,2025-01-06,lab,late
STU0457,2023-03-02,lab,present
STU0457,2023-03-13,mentoring,present
STU0457,2023-03-20,lab,present
STU0457,2023-04-11,lab,present
STU0457,2023-04-20,mentoring,present
STU0457,2023-04-24,lab,present
STU0457,2023-04-26,lecture,absent
STU0457,2023-04-28,lab,absent
STU0457,2023-05-03,lab,present
STU0457,2023-05-18,mentoring,present
STU0457,2023-05-26,lab,present
STU0457,2023-05-29,mentoring,present
STU0457,2023-06-07,lecture,present
STU0457,2023-06-20,lecture,present
STU0457,2023-07-27,mentoring,present
STU0457,2023-08-21,lab,late
STU0457,2023-09-19,lecture,absent
STU0457,2023-10-05,mentoring,absent
STU0457,2023-10-11,mentoring,present
STU0457,2023-10-25,mentoring,absent
STU0457,2023-11-03,lab,present
STU0457,2023-11-17,lab,present
STU0457,2023-11-24,lab,present
STU0457,2023-12-07,mentoring,absent
STU0457,2024-01-03,lab,present
STU0457,2024-01-24,mentoring,present
STU0457,2024-04-10,mentoring,present
STU0457,2024-05-23,lecture,absent
STU0457,2024-05-24,lab,absent
STU0457,2024-05-31,lab,present
STU0457,2024-06-03,mentoring,present
STU0457,2024-07-15,mentoring,present
STU0457,2024-08-07,mentoring,present
STU0457,2024-08-22,lecture,present
STU0457,2024-09-17,mentoring,absent
STU0457,2024-10-04,mentoring,present
STU0457,2024-10-09,mentoring,present
STU0457,2024-11-06,lab,present
STU0457,2025-01-13,mentoring,present
STU0458,2023-08-04,lab,present
STU0458,2023-08-25,mentoring,present
STU0458,2023-09-01,lab,present
STU0458,2023-09-08,lecture,present
STU0458,2023-09-27,lecture,present
STU0458,2023-10-04,lecture,present
STU0458,2023-11-03,lecture,present
STU0458,2023-12-14,lecture,absent
STU0458,2024-01-05,lecture,present
STU0458,2024-01-26,mentoring,present
STU0458,2024-02-07,mentoring,present
STU0458,2024-03-20,lecture,absent
STU0458,2024-03-21,lab,absent
STU0458,2024-04-08,mentoring,present
STU0458,2024-04-25,lecture,present
STU0458,2024-05-01,mentoring,present
STU0458,2024-05-08,lecture,late
STU0458,2024-05-22,mentoring,present
STU0458,2024-06-07,mentoring,late
STU0458,2024-07-11,mentoring,absent
STU0458,2024-07-24,mentoring,late
STU0458,2024-07-25,lecture,present
STU0458,2024-09-09,lab,absent
STU0458,2024-10-18,lecture,late
STU0458,2024-10-22,mentoring,present
STU0458,2024-12-09,mentoring,present
STU0458,2024-12-13,lab,present
STU0458,2024-12-17,lecture,present
STU0458,2025-01-13,mentoring,late
STU0459,2024-02-26,lab,present
STU0459,2024-03-29,mentoring,present
STU0459,2024-05-09,mentoring,present
STU0459,2024-05-23,lab,late
STU0459,2024-06-25,lab,late
STU0459,2024-08-05,mentoring,present
STU0459,2024-08-07,lecture,late
STU0459,2024-08-15,mentoring,present
STU0459,2024-09-10,lab,absent
STU0459,2024-11-01,lecture,present
STU0459,2024-12-25,mentoring,present
STU0459,2024-12-30,lab,absent
STU0459,2025-01-07,lab,present
STU0459,2025-01-08,mentoring,present
STU0459,2025-01-14,mentoring,present
STU0460,2024-08-19,lecture,absent
STU0460,2024-08-21,lab,present
STU0460,2024-08-23,mentoring,present
STU0460,2024-09-12,lab,present
STU0460,2024-10-17,mentoring,late
STU0460,2024-10-21,lab,absent
STU0460,2024-11-14,lab,absent
STU0460,2024-11-19,lecture,late
STU0460,2024-12-03,lecture,present
STU0460,2024-12-09,mentoring,present
STU0461,2023-01-23,lecture,present
STU0461,2023-01-27,mentoring,present
STU0461,2023-02-09,lab,present
STU0461,2023-02-27,lecture,absent
STU0461,2023-03-10,lecture,present
STU0461,2023-03-21,lecture,present
STU0461,2023-03-30,mentoring,present
STU0461,2023-04-04,lab,present
STU0461,2023-04-25,lecture,present
STU0461,2023-05-19,lecture,absent
STU0461,2023-06-20,lecture,present
STU0461,2023-06-26,mentoring,absent
STU0461,2023-07-14,lecture,present
STU0461,2023-08-17,lecture,present
STU0461,2023-09-05,lecture,present
STU0461,2023-10-27,mentoring,late
STU0461,2023-10-31,lecture,present
STU0461,2024-01-01,lecture,present
STU0461,2024-01-18,mentoring,late
STU0461,2024-01-19,lecture,present
STU0461,2024-02-02,lab,late
STU0461,2024-02-27,lecture,present
STU0461,2024-03-21,lecture,absent
STU0461,2024-04-05,lab,present
STU0461,2024-04-11,mentoring,present
STU0461,2024-04-15,lecture,present
STU0461,2024-04-22,lab,late
STU0461,2024-05-10,lab,present
STU0461,2024-05-14,mentoring,present
STU0461,2024-06-17,mentoring,present
STU0461,2024-07-22,mentoring,absent
STU0461,2024-07-31,mentoring,present
STU0461,2024-08-12,mentoring,late
STU0461,2024-09-05,mentoring,absent
STU0461,2024-09-13,mentoring,late
STU0461,2024-09-19,lecture,present
STU0462,2023-08-22,lecture,present
STU0462,2023-08-24,mentoring,late
STU0462,2023-11-08,lab,present
STU0462,2023-12-22,mentoring,present
STU0462,2023-12-26,lab,present
STU0462,2023-12-29,lecture,late
STU0462,2024-01-09,mentoring,late
STU0462,2024-01-11,lab,absent
STU0462,2024-01-18,mentoring,present
STU0462,2024-02-08,mentoring,present
STU0462,2024-03-06,lecture,absent
STU0462,2024-03-13,mentoring,present
STU0462,2024-04-08,lecture,present
STU0462,2024-04-10,mentoring,absent
STU0462,2024-04-12,lab,present
STU0462,2024-05-14,lab,present
STU0462,2024-05-16,lecture,present
STU0462,2024-06-25,lab,present
STU0462,2024-07-08,mentoring,late
STU0462,2024-07-16,lecture,present
STU0462,2024-07-24,lab,present
STU0462,2024-07-26,mentoring,present
STU0462,2024-08-15,mentoring,present
STU0462,2024-09-02,lecture,present
STU0462,2024-10-08,mentoring,present
STU0462,2024-10-14,lab,present
STU0462,2024-10-23,mentoring,absent
STU0462,2024-12-19,lecture,present
STU0462,2024-12-26,lecture,present
STU0463,2024-03-13,lab,present
STU0463,2024-03-29,lab,present
STU0463,2024-05-13,lab,present
STU0463,2024-05-20,lecture,present
STU0463,2024-09-12,mentoring,present
STU0463,2024-10-02,mentoring,late
STU0463,2024-10-16,mentoring,present
STU0463,2024-11-28,mentoring,present
STU0463,2025-01-02,lab,late
STU0463,2025-01-06,mentoring,present
STU0464,2024-08-15,mentoring,present
STU0464,2024-08-29,lecture,present
STU0464,2024-09-02,mentoring,present
STU0464,2024-09-16,lecture,present
STU0464,2024-10-16,lab,present
STU0464,2024-10-17,mentoring,present
STU0464,2024-11-18,lab,present
STU0464,2024-11-29,mentoring,present
STU0464,2024-12-03,lab,late
STU0464,2024-12-18,mentoring,present
STU0464,2024-12-31,mentoring,late
STU0464,2025-01-02,lecture,late
STU0464,2025-01-03,lab,present
STU0465,2023-03-09,lab,present
STU0465,2023-03-22,lecture,present
STU0465,2023-05-03,lab,late
STU0465,2023-05-08,lecture,present
STU0465,2023-05-31,mentoring,present
STU0465,2023-06-14,lab,late
STU0465,2023-07-12,mentoring,present
STU0465,2023-08-24,mentoring,present
STU0465,2023-08-30,mentoring,present
STU0465,2023-09-05,lecture,absent
STU0465,2023-11-30,lecture,present
STU0465,2024-01-04,lab,present
STU0465,2024-02-05,mentoring,present
STU0465,2024-03-12,lecture,present
STU0465,2024-03-19,mentoring,present
STU0465,2024-03-22,lab,absent
STU0465,2024-04-02,lab,present
STU0465,2024-04-05,lecture,present
STU0465,2024-04-26,mentoring,present
STU0465,2024-06-06,lecture,present
STU0465,2024-06-28,lecture,present
STU0465,2024-07-02,lab,present
STU0465,2024-07-31,lecture,present
STU0465,2024-09-25,lecture,present
STU0465,2024-10-02,lab,present
STU0465,2024-10-04,lecture,late
STU0465,2024-11-06,lab,present
STU0465,2024-11-15,lecture,present
STU0465,2024-11-27,mentoring,present
STU0465,2024-12-06,lecture,present
STU0465,2025-01-06,lecture,present
STU0466,2023-08-30,mentoring,present
STU0466,2023-09-04,lecture,present
STU0466,2023-10-12,lab,late
STU0466,2023-10-24,lecture,present
STU0466,2023-11-02,mentoring,present
STU0466,2023-11-20,mentoring,absent
STU0466,2023-11-28,lab,present
STU0466,2023-12-06,lecture,present
STU0466,2023-12-19,mentoring,present
STU0466,2023-12-21,lecture,late
STU0466,2023-12-25,lab,late
STU0466,2024-01-08,lab,present
STU0466,2024-03-20,lecture,late
STU0466,2024-03-29,lab,present
STU0466,2024-04-03,mentoring,present
STU0466,2024-05-22,lecture,present
STU0466,2024-06-10,lab,present
STU0466,2024-06-28,lecture,absent
STU0466,2024-07-11,lab,present
STU0466,2024-07-15,lecture,present
STU0466,2024-11-28,lab,present
STU0466,2024-12-31,lab,present
STU0466,2025-01-02,lecture,present
STU0466,2025-01-03,lab,late
STU0466,2025-01-15,mentoring,present
STU0467,2024-02-06,lecture,present
STU0467,2024-02-09,lab,present
STU0467,2024-02-12,mentoring,present
STU0467,2024-03-04,lecture,present
STU0467,2024-03-07,lecture,absent
STU0467,2024-04-12,lecture,absent
STU0467,2024-04-25,lab,present
STU0467,2024-05-06,lab,present
STU0467,2024-07-03,lecture,absent
STU0467,2024-07-12,lab,present
STU0467,2024-07-15,mentoring,present
STU0467,2024-07-26,lab,late
STU0467,2024-08-02,mentoring,present
STU0467,2024-08-08,lecture,present
STU0467,2024-09-04,mentoring,late
STU0467,2024-10-03,lecture,present
STU0467,2024-10-17,mentoring,present
STU0467,2025-01-03,lecture,present
STU0468,2024-09-13,lecture,present
STU0468,2024-10-22,lecture,present
STU0468,2024-12-19,mentoring,present
STU0468,2025-01-01,lab,present
STU0468,2025-01-10,mentoring,present
STU0469,2023-01-26,lab,late
STU0469,2023-01-31,lab,present
STU0469,2023-02-01,mentoring,present
STU0469,2023-04-20,mentoring,present
STU0469,2023-06-27,lab,present
STU0469,2023-06-30,lecture,present
STU0469,2023-08-08,lab,late
STU0469,2023-08-14,lab,present
STU0469,2023-09-12,mentoring,absent
STU0469,2023-10-05,lecture,late
STU0469,2023-11-16,lecture,absent
STU0469,2023-11-22,lab,present
STU0469,2023-11-27,lecture,present
STU0469,2023-11-28,lab,present
STU0469,2023-12-18,lecture,absent
STU0469,2024-01-18,lecture,present
STU0469,2024-01-24,lecture,absent
STU0469,2024-01-25,lab,present
STU0469,2024-02-26,mentoring,present
STU0469,2024-03-07,mentoring,present
STU0469,2024-03-25,lecture,present
STU0469,2024-03-26,lab,late
STU0469,2024-04-02,lab,present
STU0469,2024-04-24,lab,late
STU0469,2024-06-18,mentoring,present
STU0469,2024-07-29,lecture,present
STU0469,2024-08-21,lecture,present
STU0469,2024-09-03,lecture,present
STU0469,2024-09-06,mentoring,present
STU0469,2024-09-24,lecture,absent
STU0469,2024-10-08,lecture,present
STU0469,2024-11-07,lecture,present
STU0469,2024-11-15,lecture,present
STU0469,2024-12-18,lecture,absent
STU0470,2023-08-14,lab,absent
STU0470,2023-09-04,mentoring,present
STU0470,2023-09-27,lab,present
STU0470,2023-10-02,lecture,present
STU0470,2023-10-13,lab,present
STU0470,2023-10-16,mentoring,present
STU0470,2023-11-09,mentoring,late
STU0470,2023-12-05,mentoring,absent
STU0470,2023-12-14,lecture,present
STU0470,2023-12-28,lab,present
STU0470,2024-01-11,lecture,present
STU0470,2024-01-18,mentoring,present
STU0470,2024-01-31,lecture,present
STU0470,2024-03-05,mentoring,present
STU0470,2024-03-11,lab,present
STU0470,2024-04-10,lecture,present
STU0470,2024-04-15,mentoring,absent
STU0470,2024-06-07,lab,present
STU0470,2024-06-12,lab,present
STU0470,2024-06-13,mentoring,present
STU0470,2024-06-19,mentoring,present
STU0470,2024-07-11,mentoring,present
STU0470,2024-08-13,mentoring,present
STU0470,2024-09-16,lab,present
STU0470,2024-11-26,mentoring,late
STU0470,2024-12-19,mentoring,absent
STU0471,2024-02-07,lecture,present
STU0471,2024-03-15,lab,present
STU0471,2024-04-26,lab,present
STU0471,2024-05-28,mentoring,present
STU0471,2024-06-26,lab,absent
STU0471,2024-07-02,lab,present
STU0471,2024-07-03,mentoring,present
STU0471,2024-07-26,lecture,present
STU0471,2024-07-31,lecture,present
STU0471,2024-08-29,lab,present
STU0471,2024-10-07,mentoring,present
STU0471,2024-12-04,lecture,present
STU0471,2024-12-12,lab,present
STU0471,2024-12-18,lab,present
STU0471,2025-01-08,lecture,absent
STU0471,2025-01-15,mentoring,present
STU0472,2024-08-23,lab,present
STU0472,2024-09-04,lecture,present
STU0472,2024-09-12,lecture,absent
STU0472,2024-09-25,mentoring,present
STU0472,2024-10-18,lab,present
STU0472,2024-11-11,lab,late
STU0472,2024-11-13,mentoring,present
STU0472,2024-11-18,lab,present
STU0472,2025-01-06,lab,absent
STU0472,2025-01-09,mentoring,present
STU0473,2023-02-20,mentoring,present
STU0473,2023-03-22,lecture,late
STU0473,2023-03-30,mentoring,absent
STU0473,2023-04-14,mentoring,late
STU0473,2023-04-17,lecture,present
STU0473,2023-04-18,lab,absent
STU0473,2023-05-15,mentoring,present
STU0473,2023-07-11,lecture,present
STU0473,2023-07-19,lab,present
STU0473,2023-07-26,lab,absent
STU0473,2023-08-25,mentoring,present
STU0473,2023-09-27,lab,late
STU0473,2023-10-17,lecture,present
STU0473,2023-11-27,lecture,present
STU0473,2023-12-06,lecture,present
STU0473,2023-12-08,lab,present
STU0473,2023-12-14,lab,late
STU0473,2023-12-27,lab,present
STU0473,2024-01-11,lab,present
STU0473,2024-01-15,mentoring,late
STU0473,2024-02-01,mentoring,present
STU0473,2024-02-16,mentoring,present
STU0473,2024-02-19,lecture,present
STU0473,2024-02-28,lab,present
STU0473,2024-03-06,mentoring,late
STU0473,2024-03-20,lab,absent
STU0473,2024-03-27,lab,present
STU0473,2024-05-16,lecture,present
STU0473,2024-07-25,lecture,late
STU0473,2024-09-19,lecture,present
STU0473,2024-09-25,lecture,present
STU0473,2024-10-04,lecture,absent
STU0473,2024-10-09,lab,present
STU0473,2024-11-27,lab,present
STU0473,2024-12-02,mentoring,present
STU0473,2024-12-11,lab,present
STU0474,2023-09-26,mentoring,present
STU0474,2023-10-16,lab,late
STU0474,2023-10-17,mentoring,late
STU0474,2023-11-03,lecture,absent
STU0474,2023-12-01,mentoring,present
STU0474,2023-12-07,mentoring,present
STU0474,2024-01-04,lecture,present
STU0474,2024-03-04,lab,present
STU0474,2024-03-21,mentoring,late
STU0474,2024-03-27,lab,present
STU0474,2024-03-29,mentoring,present
STU0474,2024-04-09,lecture,absent
STU0474,2024-05-03,mentoring,present
STU0474,2024-05-07,lab,present
STU0474,2024-05-28,lab,present
STU0474,2024-06-04,lecture,absent
STU0474,2024-06-21,lecture,present
STU0474,2024-07-29,lab,late
STU0474,2024-08-14,lab,absent
STU0474,2024-08-28,lecture,present
STU0474,2024-09-11,mentoring,present
STU0474,2024-10-07,lecture,present
STU0474,2024-10-30,lab,present
STU0474,2024-11-04,lab,present
STU0474,2024-12-04,mentoring,late
STU0474,2024-12-16,mentoring,present
STU0474,2025-01-14,lecture,late
STU0475,2024-03-07,mentoring,absent
STU0475,2024-03-21,mentoring,present
STU0475,2024-04-23,lecture,present
STU0475,2024-04-25,lab,present
STU0475,2024-08-01,lab,absent
STU0475,2024-08-14,lab,late
STU0475,2024-08-20,lab,present
STU0475,2024-08-23,mentoring,present
STU0475,2024-10-10,lecture,late
STU0475,2024-11-01,lecture,absent
STU0475,2024-11-07,lecture,present
STU0475,2024-11-13,lecture,present
STU0475,2024-12-11,lecture,present
STU0475,2024-12-18,lecture,absent
STU0475,2025-01-01,lecture,late
STU0476,2024-08-16,lab,present
STU0476,2024-09-09,lecture,present
STU0476,2024-12-04,lecture,late
STU0476,2024-12-24,lab,present
STU0476,2024-12-27,lab,present
STU0476,2025-01-02,mentoring,present
STU0476,2025-01-08,lab,absent
STU0477,2023-02-20,lecture,present
STU0477,2023-02-22,mentoring,absent
STU0477,2023-04-05,lecture,present
STU0477,2023-04-11,lecture,present
STU0477,2023-04-14,lab,present
STU0477,2023-04-28,lecture,absent
STU0477,2023-05-22,lab,present
STU0477,2023-05-24,mentoring,late
STU0477,2023-06-13,mentoring,present
STU0477,2023-06-14,lecture,present
STU0477,2023-06-23,mentoring,late
STU0477,2023-07-14,lab,late
STU0477,2023-08-04,lecture,late
STU0477,2023-08-17,lab,late
STU0477,2023-08-22,lab,late
STU0477,2023-09-06,lab,absent
STU0477,2023-09-22,mentoring,absent
STU0477,2023-10-10,lecture,present
STU0477,2023-10-27,lecture,late
STU0477,2023-10-30,lab,present
STU0477,2023-10-31,mentoring,present
STU0477,2023-11-29,lecture,present
STU0477,2023-12-13,lab,present
STU0477,2023-12-28,lab,late
STU0477,2023-12-29,mentoring,absent
STU0477,2024-01-16,lab,present
STU0477,2024-01-17,mentoring,late
STU0477,2024-01-19,lecture,present
STU0477,2024-01-22,lab,present
STU0477,2024-02-29,lecture,present
STU0477,2024-03-01,lab,present
STU0477,2024-03-26,mentoring,absent
STU0477,2024-04-09,mentoring,present
STU0477,2024-04-10,lecture,absent
STU0477,2024-05-13,lecture,present
STU0477,2024-05-22,lecture,present
STU0477,2024-05-23,lab,present
STU0477,2024-05-28,lecture,present
STU0477,2024-07-03,lecture,present
STU0477,2024-07-19,lab,present
STU0477,2024-07-24,lab,present
STU0477,2024-08-13,lab,present
STU0477,2024-09-05,lecture,absent
STU0477,2024-09-13,mentoring,present
STU0477,2024-09-19,mentoring,present
STU0477,2024-09-23,lecture,present
STU0477,2024-10-04,lecture,absent
STU0477,2024-10-16,mentoring,late
STU0477,2024-11-21,lecture,present
STU0477,2025-01-06,lecture,late
STU0478,2023-08-14,lecture,present
STU0478,2023-08-21,lab,absent
STU0478,2023-09-04,mentoring,present
STU0478,2023-09-08,mentoring,present
STU0478,2023-09-14,mentoring,present
STU0478,2023-10-19,lab,present
STU0478,2023-11-08,lecture,absent
STU0478,2023-12-26,lab,present
STU0478,2023-12-28,lecture,present
STU0478,2024-01-16,lecture,late
STU0478,2024-02-26,lab,present
STU0478,2024-03-01,lab,present
STU0478,2024-03-14,lab,present
STU0478,2024-03-21,lecture,present
STU0478,2024-03-28,lab,absent
STU0478,2024-04-19,mentoring,present
STU0478,2024-05-13,lab,present
STU0478,2024-05-14,mentoring,late
STU0478,2024-05-16,lab,late
STU0478,2024-07-15,lab,present
STU0478,2024-08-26,lab,present
STU0478,2024-08-28,mentoring,present
STU0478,2024-12-19,mentoring,present
STU0478,2025-01-03,lecture,present
STU0479,2024-02-07,mentoring,present
STU0479,2024-02-29,lab,present
STU0479,2024-03-01,mentoring,present
STU0479,2024-03-06,lab,absent
STU0479,2024-03-19,lecture,present
STU0479,2024-04-29,mentoring,present
STU0479,2024-05-01,lab,present
STU0479,2024-05-03,mentoring,present
STU0479,2024-05-06,lecture,present
STU0479,2024-06-12,lab,present
STU0479,2024-06-20,lecture,late
STU0479,2024-08-01,mentoring,present
STU0479,2024-08-21,lab,present
STU0479,2024-11-05,lecture,present
STU0479,2024-11-13,lab,late
STU0479,2024-12-11,mentoring,present
STU0479,2025-01-09,lecture,absent
STU0480,2024-09-24,lab,present
STU0480,2024-09-30,lab,present
STU0480,2024-10-24,mentoring,late
STU0480,2024-11-04,lab,present
STU0480,2024-11-13,lab,present
STU0480,2024-12-13,mentoring,present
STU0480,2024-12-27,mentoring,present
STU0480,2025-01-06,mentoring,present
STU0480,2025-01-08,lab,absent
STU0481,2023-02-14,lecture,present
STU0481,2023-02-16,lab,present
STU0481,2023-03-14,lecture,present
STU0481,2023-03-21,lab,present
STU0481,2023-04-11,mentoring,present
STU0481,2023-04-28,mentoring,present
STU0481,2023-05-10,lecture,late
STU0481,2023-05-23,lab,present
STU0481,2023-05-26,lecture,present
STU0481,2023-06-02,lecture,present
STU0481,2023-06-28,lecture,present
STU0481,2023-07-07,lab,late
STU0481,2023-07-11,lecture,present
STU0481,2023-07-20,lecture,present
STU0481,2023-07-31,lab,present
STU0481,2023-08-03,lecture,late
STU0481,2023-08-04,lab,present
STU0481,2023-08-29,lecture,present
STU0481,2023-10-18,mentoring,late
STU0481,2024-01-10,mentoring,present
STU0481,2024-02-15,lab,present
STU0481,2024-02-16,mentoring,late
STU0481,2024-06-20,lab,present
STU0481,2024-06-24,lecture,present
STU0481,2024-07-15,lecture,present
STU0481,2024-07-17,mentoring,present
STU0481,2024-07-22,mentoring,absent
STU0481,2024-07-25,lab,present
STU0481,2024-07-30,lecture,late
STU0481,2024-08-01,lab,present
STU0481,2024-08-16,lab,present
STU0481,2024-09-13,lab,present
STU0481,2024-10-21,lab,present
STU0481,2024-10-24,lecture,absent
STU0481,2024-10-25,lab,late
STU0481,2024-10-30,lab,present
STU0481,2024-11-01,mentoring,present
STU0481,2024-11-25,mentoring,present
STU0481,2024-11-27,lecture,present
STU0481,2024-12-10,lecture,present
STU0481,2024-12-27,mentoring,present
STU0481,2025-01-02,mentoring,present
STU0482,2023-08-30,mentoring,absent
STU0482,2023-09-18,lecture,present
STU0482,2023-10-03,lab,present
STU0482,2023-10-31,mentoring,present
STU0482,2023-11-13,lab,present
STU0482,2024-02-02,mentoring,absent
STU0482,2024-02-27,lab,late
STU0482,2024-03-29,lab,absent
STU0482,2024-04-17,lab,absent
STU0482,2024-04-22,mentoring,present
STU0482,2024-04-23,lecture,present
STU0482,2024-05-08,lab,present
STU0482,2024-05-10,lecture,present
STU0482,2024-05-15,lab,absent
STU0482,2024-05-20,lab,late
STU0482,2024-06-03,lab,present
STU0482,2024-06-28,lab,present
STU0482,2024-07-30,mentoring,late
STU0482,2024-08-05,mentoring,present
STU0482,2024-08-20,lecture,absent
STU0482,2024-08-21,lab,present
STU0482,2024-09-03,lab,present
STU0482,2024-09-17,mentoring,present
STU0482,2024-09-18,lecture,absent
STU0482,2024-10-03,lab,present
STU0482,2024-10-30,lab,present
STU0482,2024-11-04,lab,late
STU0482,2024-11-29,lab,present
STU0482,2024-12-26,lecture,late
STU0483,2024-02-16,mentoring,present
STU0483,2024-04-25,lab,present
STU0483,2024-06-07,lab,present
STU0483,2024-06-10,mentoring,absent
STU0483,2024-07-05,lecture,present
STU0483,2024-07-12,mentoring,late
STU0483,2024-08-02,lab,present
STU0483,2024-08-20,lab,present
STU0483,2024-09-03,mentoring,absent
STU0483,2024-09-24,lecture,late
STU0483,2024-09-25,lab,absent
STU0483,2024-09-27,mentoring,present
STU0483,2024-10-02,lab,present
STU0483,2024-10-24,mentoring,present
STU0483,2024-11-05,lecture,present
STU0483,2024-11-19,lab,present
STU0483,2024-11-21,lecture,present
STU0483,2024-11-27,lab,late
STU0483,2024-12-06,lecture,absent
STU0483,2024-12-20,lab,present
STU0483,2025-01-07,mentoring,present
STU0483,2025-01-15,lab,present
STU0484,2024-09-23,lecture,present
STU0484,2024-09-26,mentoring,late
STU0484,2024-10-16,mentoring,present
STU0484,2024-11-06,lab,present
STU0484,2024-11-22,lecture,present
STU0484,2024-12-10,lab,late
STU0484,2025-01-06,lecture,present
STU0485,2023-03-23,lab,present
STU0485,2023-04-12,lab,present
STU0485,2023-05-17,lecture,late
STU0485,2023-06-13,mentoring,absent
STU0485,2023-06-30,lab,present
STU0485,2023-07-14,lecture,present
STU0485,2023-07-18,lab,present
STU0485,2023-07-19,mentoring,present
STU0485,2023-09-27,lab,present
STU0485,2023-11-03,lab,present
STU0485,2023-12-20,lab,present
STU0485,2024-01-03,mentoring,present
STU0485,2024-02-29,lecture,late
STU0485,2024-03-01,lab,present
STU0485,2024-03-05,mentoring,present
STU0485,2024-03-12,lab,present
STU0485,2024-04-29,lecture,absent
STU0485,2024-06-12,mentoring,present
STU0485,2024-08-20,mentoring,present
STU0485,2024-08-21,lecture,present
STU0485,2024-08-27,mentoring,present
STU0485,2024-09-02,lecture,late
STU0485,2024-09-18,lecture,present
STU0485,2024-10-29,lab,present
STU0485,2024-11-06,mentoring,present
STU0485,2024-11-26,lecture,present
STU0486,2023-11-02,lab,present
STU0486,2023-11-29,lecture,present
STU0486,2023-12-06,lecture,absent
STU0486,2023-12-29,mentoring,present
STU0486,2024-01-10,mentoring,present
STU0486,2024-02-12,lecture,absent
STU0486,2024-03-08,lecture,present
STU0486,2024-03-11,lab,present
STU0486,2024-04-15,mentoring,present
STU0486,2024-09-09,lecture,absent
STU0486,2024-09-13,lab,present
STU0486,2024-10-21,lecture,absent
STU0486,2024-10-23,mentoring,present
STU0486,2024-10-31,mentoring,late
STU0486,2024-11-01,lecture,present
STU0486,2024-11-13,lab,present
STU0486,2024-12-06,lab,present
STU0486,2024-12-26,lecture,present
STU0487,2024-03-20,lecture,present
STU0487,2024-03-21,lab,absent
STU0487,2024-04-10,mentoring,present
STU0487,2024-04-11,lecture,present
STU0487,2024-04-25,lecture,late
STU0487,2024-05-23,lecture,late
STU0487,2024-06-05,mentoring,absent
STU0487,2024-07-19,lecture,late
STU0487,2024-07-29,lecture,absent
STU0487,2024-09-04,mentoring,absent
STU0487,2024-09-11,lecture,present
STU0487,2024-10-18,lab,present
STU0487,2024-10-21,mentoring,present
STU0487,2024-10-31,mentoring,present
STU0487,2024-11-04,lab,late
STU0487,2024-11-06,mentoring,present
STU0487,2024-11-18,mentoring,present
STU0487,2024-12-24,lab,present
STU0488,2024-08-16,lab,present
STU0488,2024-09-18,mentoring,late
STU0488,2024-10-15,mentoring,absent
STU0488,2024-12-20,lecture,present
STU0488,2024-12-26,lab,absent
STU0488,2024-12-27,mentoring,present
STU0488,2025-01-01,mentoring,present
STU0488,2025-01-10,lab,late
STU0489,2023-04-17,lab,present
STU0489,2023-04-27,lab,present
STU0489,2023-06-29,lab,present
STU0489,2023-07-20,lecture,absent
STU0489,2023-07-24,mentoring,present
STU0489,2023-08-21,lecture,present
STU0489,2023-09-21,lab,present
STU0489,2023-10-20,lecture,present
STU0489,2023-11-03,lecture,present
STU0489,2023-11-06,lab,present
STU0489,2023-11-21,mentoring,present
STU0489,2023-11-27,mentoring,present
STU0489,2023-12-25,lab,late
STU0489,2024-01-01,lecture,late
STU0489,2024-01-11,lecture,absent
STU0489,2024-01-23,lecture,present
STU0489,2024-01-26,lecture,late
STU0489,2024-03-04,mentoring,present
STU0489,2024-03-13,mentoring,present
STU0489,2024-04-11,lecture,present
STU0489,2024-06-18,lecture,present
STU0489,2024-06-26,lab,late
STU0489,2024-07-02,lab,present
STU0489,2024-07-04,lecture,present
STU0489,2024-07-10,mentoring,present
STU0489,2024-08-09,lecture,present
STU0489,2024-09-25,lab,present
STU0489,2024-10-03,lecture,present
STU0489,2024-11-07,mentoring,present
STU0489,2024-11-27,lab,present
STU0489,2024-12-27,lecture,present
STU0489,2025-01-14,lecture,present
STU0490,2023-07-19,lecture,present
STU0490,2023-08-18,lecture,late
STU0490,2023-10-03,lab,present
STU0490,2023-11-15,mentoring,present
STU0490,2023-12-22,mentoring,present
STU0490,2024-01-09,lab,present
STU0490,2024-01-29,lab,present
STU0490,2024-02-19,lecture,present
STU0490,2024-03-13,mentoring,present
STU0490,2024-03-20,lecture,absent
STU0490,2024-03-26,lecture,late
STU0490,2024-05-06,lab,present
STU0490,2024-06-05,lab,late
STU0490,2024-07-10,lecture,present
STU0490,2024-07-25,mentoring,present
STU0490,2024-07-29,lab,present
STU0490,2024-07-31,lecture,present
STU0490,2024-08-12,lab,present
STU0490,2024-08-13,mentoring,present
STU0490,2024-09-12,mentoring,present
STU0490,2024-09-30,lab,present
STU0490,2024-10-07,mentoring,absent
STU0490,2024-12-09,lecture,present
STU0490,2024-12-17,lab,late
STU0490,2024-12-24,lecture,present
STU0490,2024-12-27,lecture,present
STU0491,2024-03-22,lab,present
STU0491,2024-05-10,lab,absent
STU0491,2024-06-19,mentoring,present
STU0491,2024-07-02,mentoring,late
STU0491,2024-07-18,lecture,present
STU0491,2024-08-26,lab,present
STU0491,2024-09-06,mentoring,present
STU0491,2024-10-07,lab,late
STU0491,2024-10-28,lab,present
STU0491,2024-12-04,lab,present
STU0491,2024-12-09,lab,present
STU0491,2025-01-01,lecture,present
STU0491,2025-01-08,lab,present
STU0491,2025-01-15,lecture,present
STU0492,2024-09-26,mentoring,late
STU0492,2024-12-31,mentoring,present
STU0492,2025-01-10,lab,present
STU0493,2023-03-29,lecture,present
STU0493,2023-04-17,mentoring,present
STU0493,2023-05-08,lab,present
STU0493,2023-05-26,lecture,absent
STU0493,2023-06-19,lab,late
STU0493,2023-06-20,mentoring,absent
STU0493,2023-06-22,lecture,absent
STU0493,2023-07-13,lecture,present
STU0493,2023-08-08,lab,absent
STU0493,2023-10-13,lecture,present
STU0493,2023-10-17,lab,late
STU0493,2023-11-01,lecture,present
STU0493,2023-12-12,lab,present
STU0493,2024-01-03,lecture,late
STU0493,2024-01-11,lab,present
STU0493,2024-01-16,lecture,present
STU0493,2024-01-22,mentoring,present
STU0493,2024-02-08,lab,late
STU0493,2024-02-15,lab,present
STU0493,2024-03-12,lecture,absent
STU0493,2024-03-26,mentoring,absent
STU0493,2024-04-16,lecture,late
STU0493,2024-04-19,lab,present
STU0493,2024-04-24,lecture,present
STU0493,2024-05-06,lab,late
STU0493,2024-05-17,lecture,present
STU0493,2024-06-17,mentoring,present
STU0493,2024-06-20,lab,absent
STU0493,2024-06-21,mentoring,present
STU0493,2024-07-09,lab,present
STU0493,2024-07-11,mentoring,present
STU0493,2024-08-29,lab,present
STU0493,2024-09-18,mentoring,late
STU0493,2024-09-19,lecture,present
STU0493,2024-10-03,mentoring,present
STU0493,2024-10-17,mentoring,present
STU0493,2024-10-21,lab,present
STU0493,2024-10-30,lecture,present
STU0493,2024-11-01,mentoring,present
STU0493,2024-11-05,lecture,late
STU0493,2024-11-08,mentoring,present
STU0493,2024-11-19,lecture,present
STU0493,2024-12-09,lab,absent
STU0493,2024-12-20,lab,present
STU0493,2024-12-23,mentoring,present
STU0493,2025-01-09,lecture,late
STU0493,2025-01-15,mentoring,present
STU0494,2023-08-25,lab,late
STU0494,2023-09-14,lecture,present
STU0494,2023-09-21,lecture,present
STU0494,2023-10-09,lab,present
STU0494,2023-10-16,lab,absent
STU0494,2023-11-03,lab,present
STU0494,2023-11-22,lecture,present
STU0494,2023-12-19,mentoring,present
STU0494,2023-12-22,lab,present
STU0494,2023-12-28,lab,present
STU0494,2024-04-08,lab,present
STU0494,2024-04-11,lecture,absent
STU0494,2024-04-24,lecture,present
STU0494,2024-04-30,lecture,present
STU0494,2024-07-04,lab,present
STU0494,2024-07-17,lecture,present
STU0494,2024-08-15,mentoring,present
STU0494,2024-08-16,lecture,present
STU0494,2024-08-20,lab,present
STU0494,2024-08-23,mentoring,late
STU0494,2024-08-26,lecture,absent
STU0494,2024-08-30,lab,present
STU0494,2024-09-12,lecture,present
STU0494,2024-11-11,mentoring,present
STU0494,2024-11-15,lab,present
STU0494,2024-12-03,lecture,present
STU0494,2024-12-19,lecture,present
STU0494,2025-01-07,lecture,present
STU0495,2024-01-24,lab,late
STU0495,2024-01-26,mentoring,late
STU0495,2024-02-05,mentoring,present
STU0495,2024-02-26,lab,late
STU0495,2024-03-22,lecture,present
STU0495,2024-04-10,lab,present
STU0495,2024-04-26,lab,present
STU0495,2024-05-09,lab,present
STU0495,2024-05-24,lab,present
STU0495,2024-05-29,mentoring,late
STU0495,2024-07-30,lab,absent
STU0495,2024-08-06,lab,absent
STU0495,2024-08-08,lecture,present
STU0495,2024-10-28,mentoring,late
STU0495,2024-12-03,lab,late
STU0495,2024-12-20,lab,present
STU0496,2024-08-05,mentoring,present
STU0496,2024-08-07,lab,present
STU0496,2024-08-19,lab,absent
STU0496,2024-10-25,lab,absent
STU0496,2024-10-28,mentoring,present
STU0496,2024-11-15,lecture,late
STU0496,2024-12-09,lecture,present
STU0496,2025-01-15,lab,present
STU0497,2023-03-20,mentoring,present
STU0497,2023-04-04,lab,absent
STU0497,2023-04-17,lab,absent
STU0497,2023-06-30,lecture,present
STU0497,2023-07-03,lab,present
STU0497,2023-09-04,lecture,present
STU0497,2023-09-20,mentoring,absent
STU0497,2023-10-03,mentoring,present
STU0497,2023-10-25,mentoring,present
STU0497,2023-11-20,mentoring,present
STU0497,2023-12-27,lab,late
STU0497,2024-01-03,mentoring,present
STU0497,2024-01-11,mentoring,absent
STU0497,2024-03-26,mentoring,present
STU0497,2024-04-16,mentoring,present
STU0497,2024-04-25,lab,absent
STU0497,2024-05-21,lab,absent
STU0497,2024-05-28,lecture,present
STU0497,2024-05-31,lecture,absent
STU0497,2024-06-03,lab,absent
STU0497,2024-06-21,lab,late
STU0497,2024-06-24,mentoring,absent
STU0497,2024-07-01,lab,late
STU0497,2024-07-12,lecture,present
STU0497,2024-07-16,lab,late
STU0497,2024-08-22,mentoring,present
STU0497,2024-08-27,lab,present
STU0497,2024-09-10,mentoring,present
STU0497,2024-09-13,mentoring,present
STU0497,2024-09-17,lecture,late
STU0497,2024-09-18,lab,present
STU0497,2024-09-30,mentoring,present
STU0497,2024-10-07,lab,present
STU0497,2024-10-31,lecture,present
STU0497,2024-11-12,mentoring,late
STU0497,2024-11-19,lab,present
STU0497,2024-12-03,lecture,absent
STU0497,2024-12-23,lecture,late
STU0497,2024-12-26,mentoring,absent
STU0498,2023-09-14,lecture,present
STU0498,2023-09-28,lecture,present
STU0498,2023-11-02,lecture,present
STU0498,2023-11-16,mentoring,absent
STU0498,2024-01-11,lecture,present
STU0498,2024-01-31,lecture,present
STU0498,2024-03-13,mentoring,late
STU0498,2024-03-20,lecture,present
STU0498,2024-04-18,lab,present
STU0498,2024-05-20,lab,late
STU0498,2024-07-04,lecture,present
STU0498,2024-07-16,lecture,absent
STU0498,2024-07-31,lecture,present
STU0498,2024-08-02,mentoring,present
STU0498,2024-08-07,lecture,present
STU0498,2024-08-15,lecture,present
STU0498,2024-09-19,lab,present
STU0498,2024-11-19,lecture,absent
STU0498,2024-11-20,lab,present
STU0498,2024-12-11,lab,present
STU0498,2024-12-17,lab,late
STU0498,2024-12-18,mentoring,present
STU0498,2024-12-31,lecture,late
STU0499,2024-02-13,mentoring,present
STU0499,2024-02-15,lecture,present
STU0499,2024-03-22,mentoring,absent
STU0499,2024-04-03,lecture,late
STU0499,2024-05-23,lecture,absent
STU0499,2024-06-18,lab,present
STU0499,2024-07-01,lab,present
STU0499,2024-07-30,lab,present
STU0499,2024-08-07,lab,absent
STU0499,2024-08-16,lab,absent
STU0499,2024-08-19,mentoring,present
STU0499,2024-08-29,lecture,present
STU0499,2024-09-02,mentoring,late
STU0499,2024-09-09,lab,present
STU0499,2024-09-13,mentoring,absent
STU0499,2024-09-24,mentoring,present
STU0499,2024-11-22,lab,present
STU0499,2024-12-11,lab,present
STU0499,2024-12-20,mentoring,present
STU0499,2024-12-31,mentoring,late
STU0500,2024-09-13,mentoring,absent
STU0500,2024-10-30,lecture,absent
STU0500,2024-12-03,lecture,absent
STU0500,2024-12-17,lab,late
STU0500,2024-12-23,lab,present
STU0500,2025-01-02,lab,present
STU0500,2025-01-07,lecture,late
STU0500,2025-01-14,lab,present
STU0501,2023-02-24,mentoring,late
STU0501,2023-03-02,mentoring,late
STU0501,2023-04-04,lab,present
STU0501,2023-04-27,lab,present
STU0501,2023-05-09,lab,present
STU0501,2023-06-06,lab,present
STU0501,2023-06-13,mentoring,present
STU0501,2023-09-19,mentoring,present
STU0501,2023-09-20,lecture,present
STU0501,2023-12-06,mentoring,present
STU0501,2024-02-21,lab,late
STU0501,2024-05-10,lab,present
STU0501,2024-06-10,lab,late
STU0501,2024-06-12,lecture,absent
STU0501,2024-06-14,lab,present
STU0501,2024-07-16,lab,present
STU0501,2024-07-19,mentoring,present
STU0501,2024-07-24,lecture,late
STU0501,2024-08-08,lab,late
STU0501,2024-09-04,lab,present
STU0501,2024-10-01,mentoring,present
STU0501,2024-10-03,lecture,present
STU0501,2024-11-08,lab,absent
STU0501,2024-12-10,lecture,present
STU0501,2024-12-12,lab,late
STU0502,2023-08-24,lab,present
STU0502,2023-09-22,lecture,present
STU0502,2023-10-13,lab,present
STU0502,2023-10-25,lecture,present
STU0502,2023-11-03,lecture,present
STU0502,2023-11-08,mentoring,present
STU0502,2023-11-22,mentoring,absent
STU0502,2023-12-07,lecture,present
STU0502,2023-12-25,lecture,present
STU0502,2023-12-28,mentoring,present
STU0502,2023-12-29,lecture,present
STU0502,2024-01-04,lab,present
STU0502,2024-02-01,lab,present
STU0502,2024-02-16,lecture,present
STU0502,2024-02-27,mentoring,present
STU0502,2024-03-04,lecture,present
STU0502,2024-03-08,lecture,present
STU0502,2024-03-14,lab,present
STU0502,2024-03-20,lab,absent
STU0502,2024-04-05,mentoring,absent
STU0502,2024-04-15,lab,present
STU0502,2024-04-17,lecture,present
STU0502,2024-04-19,lab,present
STU0502,2024-05-01,lecture,present
STU0502,2024-05-31,lecture,present
STU0502,2024-07-01,lecture,present
STU0502,2024-07-12,lab,present
STU0502,2024-07-23,lab,late
STU0502,2024-08-09,lab,present
STU0502,2024-09-04,lab,present
STU0502,2024-09-11,lab,present
STU0502,2024-09-13,mentoring,late
STU0502,2024-09-24,lab,present
STU0502,2024-09-30,mentoring,absent
STU0502,2024-10-10,lecture,present
STU0502,2024-11-01,lecture,present
STU0502,2024-11-05,lab,present
STU0502,2024-11-18,mentoring,present
STU0502,2024-12-06,lab,absent
STU0503,2024-03-08,lecture,present
STU0503,2024-03-14,lecture,absent
STU0503,2024-04-16,lab,late
STU0503,2024-04-24,lecture,present
STU0503,2024-05-02,lecture,present
STU0503,2024-05-28,mentoring,late
STU0503,2024-05-30,lecture,late
STU0503,2024-07-03,lecture,present
STU0503,2024-07-18,lab,present
STU0503,2024-07-30,lab,present
STU0503,2024-08-14,lab,late
STU0503,2024-08-21,lab,late
STU0503,2024-09-13,mentoring,present
STU0503,2024-09-26,lab,present
STU0503,2024-11-18,lecture,present
STU0503,2024-11-27,lecture,present
STU0503,2024-11-29,lab,absent
STU0503,2024-12-13,lab,present
STU0503,2025-01-01,mentoring,present
STU0504,2024-08-05,lecture,absent
STU0504,2024-08-15,lecture,present
STU0504,2024-08-27,lab,present
STU0504,2024-09-06,lab,present
STU0504,2024-10-03,lab,present
STU0504,2024-10-14,mentoring,present
STU0504,2024-10-24,lab,present
STU0504,2024-10-30,lab,absent
STU0504,2024-12-09,lecture,present
STU0504,2025-01-10,mentoring,present
STU0505,2023-03-09,mentoring,present
STU0505,2023-03-10,lecture,present
STU0505,2023-03-30,lab,present
STU0505,2023-04-04,lecture,late
STU0505,2023-04-13,mentoring,absent
STU0505,2023-04-17,lab,late
STU0505,2023-04-19,mentoring,late
STU0505,2023-04-20,lecture,present
STU0505,2023-04-26,lecture,present
STU0505,2023-05-08,lecture,late
STU0505,2023-06-14,lecture,late
STU0505,2023-06-27,lecture,present
STU0505,2023-06-28,lab,present
STU0505,2023-07-20,lab,present
STU0505,2023-07-24,mentoring,absent
STU0505,2023-07-27,lab,present
STU0505,2023-07-31,mentoring,present
STU0505,2023-08-09,lecture,present
STU0505,2023-08-30,mentoring,present
STU0505,2023-09-07,mentoring,present
STU0505,2023-10-27,lab,present
STU0505,2023-10-31,lecture,present
STU0505,2023-11-07,mentoring,late
STU0505,2023-11-21,lab,present
STU0505,2023-12-01,mentoring,late
STU0505,2023-12-18,lab,present
STU0505,2023-12-21,lecture,present
STU0505,2024-01-18,lab,present
STU0505,2024-01-19,mentoring,absent
STU0505,2024-01-29,lecture,present
STU0505,2024-02-09,lecture,present
STU0505,2024-02-26,mentoring,late
STU0505,2024-03-12,mentoring,present
STU0505,2024-03-29,mentoring,present
STU0505,2024-04-12,lecture,absent
STU0505,2024-04-25,lecture,absent
STU0505,2024-04-29,mentoring,present
STU0505,2024-05-28,lecture,late
STU0505,2024-05-29,lab,present
STU0505,2024-06-06,lecture,present
STU0505,2024-06-14,mentoring,present
STU0505,2024-06-25,mentoring,present
STU0505,2024-09-27,mentoring,late
STU0505,2024-10-21,mentoring,late
STU0505,2024-12-10,lab,present
STU0505,2025-01-06,lecture,present
STU0505,2025-01-10,lecture,present
STU0505,2025-01-15,mentoring,absent
STU0506,2023-08-22,lab,present
STU0506,2023-10-09,lecture,present
STU0506,2023-10-24,mentoring,absent
STU0506,2023-11-21,lab,present
STU0506,2023-12-04,lab,present
STU0506,2024-02-08,lecture,present
STU0506,2024-02-14,lab,present
STU0506,2024-02-15,mentoring,present
STU0506,2024-02-27,lecture,present
STU0506,2024-04-24,lecture,absent
STU0506,2024-05-16,lab,present
STU0506,2024-05-22,lab,late
STU0506,2024-05-29,lecture,present
STU0506,2024-06-03,mentoring,present
STU0506,2024-06-07,mentoring,present
STU0506,2024-06-10,lecture,present
STU0506,2024-07-02,lecture,present
STU0506,2024-07-17,lecture,absent
STU0506,2024-08-19,lab,present
STU0506,2024-08-29,lab,present
STU0506,2024-09-03,lab,late
STU0506,2024-10-08,lab,present
STU0506,2024-10-16,lab,present
STU0506,2024-10-24,mentoring,present
STU0506,2024-10-31,lab,present
STU0506,2024-12-04,mentoring,present
STU0507,2024-03-29,lab,late
STU0507,2024-05-17,lecture,present
STU0507,2024-08-09,lecture,present
STU0507,2024-08-15,mentoring,present
STU0507,2024-08-30,lecture,present
STU0507,2024-10-10,lecture,present
STU0507,2024-11-20,lab,present
STU0507,2024-11-29,lab,present
STU0507,2024-12-05,lecture,absent
STU0507,2024-12-25,mentoring,present
STU0507,2025-01-15,lecture,present
STU0508,2024-09-12,lecture,present
STU0508,2024-10-02,lab,late
STU0508,2024-10-16,lecture,present
STU0508,2024-11-07,lecture,present
STU0508,2024-11-25,lab,present
STU0508,2024-12-11,mentoring,present
STU0508,2024-12-16,lab,present
STU0508,2024-12-19,lecture,late
STU0508,2024-12-24,lecture,absent
STU0508,2025-01-02,lab,present
STU0509,2023-01-26,mentoring,present
STU0509,2023-02-09,lecture,present
STU0509,2023-04-14,mentoring,late
STU0509,2023-04-21,lecture,present
STU0509,2023-04-26,lecture,late
STU0509,2023-04-27,lab,present
STU0509,2023-06-29,lecture,absent
STU0509,2023-07-03,lab,present
STU0509,2023-08-09,lecture,present
STU0509,2023-09-04,lecture,present
STU0509,2023-09-18,mentoring,present
STU0509,2023-09-19,lecture,present
STU0509,2023-09-21,lab,present
STU0509,2023-10-24,lab,late
STU0509,2024-01-02,lecture,late
STU0509,2024-01-08,lab,present
STU0509,2024-01-10,lecture,present
STU0509,2024-01-17,lab,present
STU0509,2024-03-08,lab,absent
STU0509,2024-03-18,lab,late
STU0509,2024-03-26,lab,present
STU0509,2024-05-21,mentoring,present
STU0509,2024-05-24,lecture,absent
STU0509,2024-05-28,lab,present
STU0509,2024-06-17,lab,late
STU0509,2024-06-26,mentoring,absent
STU0509,2024-07-29,lecture,present
STU0509,2024-09-11,mentoring,present
STU0509,2024-09-24,lecture,absent
STU0509,2024-11-12,mentoring,present
STU0509,2024-11-21,mentoring,present
STU0509,2024-12-02,lecture,absent
STU0509,2024-12-10,mentoring,late
STU0509,2024-12-11,lecture,present
STU0509,2024-12-12,lab,present
STU0509,2024-12-20,mentoring,late
STU0509,2025-01-13,mentoring,present
STU0510,2023-09-19,mentoring,present
STU0510,2023-10-16,mentoring,present
STU0510,2023-11-08,mentoring,present
STU0510,2023-12-06,lecture,present
STU0510,2023-12-12,lecture,present
STU0510,2023-12-21,mentoring,present
STU0510,2024-01-17,lab,present
STU0510,2024-01-19,mentoring,present
STU0510,2024-01-25,lab,absent
STU0510,2024-02-21,mentoring,present
STU0510,2024-03-04,lab,late
STU0510,2024-03-26,mentoring,present
STU0510,2024-04-18,mentoring,present
STU0510,2024-04-25,lecture,present
STU0510,2024-05-02,lab,present
STU0510,2024-05-09,mentoring,late
STU0510,2024-05-30,lab,present
STU0510,2024-06-13,lab,absent
STU0510,2024-06-20,lab,present
STU0510,2024-09-12,lecture,present
STU0510,2024-09-24,lecture,late
STU0510,2024-10-10,lab,present
STU0510,2024-10-18,mentoring,present
STU0510,2024-10-22,lecture,present
STU0510,2024-11-19,lecture,present
STU0510,2024-11-20,lab,late
STU0510,2024-12-20,lab,present
STU0511,2024-04-01,mentoring,absent
STU0511,2024-04-03,lab,present
STU0511,2024-04-12,lecture,present
STU0511,2024-04-23,mentoring,present
STU0511,2024-05-09,lecture,present
STU0511,2024-05-13,mentoring,present
STU0511,2024-05-21,lab,present
STU0511,2024-05-23,mentoring,present
STU0511,2024-05-28,lecture,present
STU0511,2024-07-26,lecture,present
STU0511,2024-08-01,mentoring,late
STU0511,2024-09-06,mentoring,present
STU0511,2024-09-11,lab,present
STU0511,2024-11-11,lab,present
STU0511,2024-11-20,mentoring,present
STU0511,2024-12-10,lecture,present
STU0511,2024-12-19,lecture,present
STU0511,2025-01-03,lab,present
STU0511,2025-01-09,lecture,present
STU0512,2024-10-15,lecture,present
STU0512,2024-10-18,mentoring,present
STU0512,2024-10-22,lab,present
STU0512,2024-10-24,lecture,present
STU0512,2024-11-18,lecture,present
STU0512,2024-11-27,mentoring,present
STU0512,2024-11-28,lecture,present
STU0512,2024-12-04,mentoring,absent
STU0512,2024-12-10,lecture,absent
STU0512,2025-01-14,lecture,present
STU0513,2023-04-19,lab,present
STU0513,2023-05-02,lab,present
STU0513,2023-05-05,lecture,late
STU0513,2023-05-17,mentoring,late
STU0513,2023-05-25,mentoring,present
STU0513,2023-08-01,lecture,present
STU0513,2023-08-15,lab,present
STU0513,2023-09-01,mentoring,present
STU0513,2023-09-19,mentoring,late
STU0513,2023-10-06,lecture,absent
STU0513,2023-10-27,mentoring,present
STU0513,2023-12-14,lecture,absent
STU0513,2023-12-20,mentoring,present
STU0513,2023-12-26,lab,present
STU0513,2024-01-02,lab,present
STU0513,2024-02-21,lab,present
STU0513,2024-03-07,mentoring,present
STU0513,2024-03-22,lab,present
STU0513,2024-04-11,lab,present
STU0513,2024-04-16,lab,present
STU0513,2024-05-23,mentoring,present
STU0513,2024-05-28,lab,present
STU0513,2024-06-10,lab,present
STU0513,2024-06-11,mentoring,present
STU0513,2024-07-03,lab,present
STU0513,2024-07-17,mentoring,present
STU0513,2024-09-09,lecture,absent
STU0513,2024-09-17,mentoring,present
STU0513,2024-10-17,lab,present
STU0513,2024-11-26,mentoring,present
STU0513,2024-12-04,lecture,present
STU0513,2025-01-02,lecture,present
STU0514,2023-09-12,lecture,present
STU0514,2023-10-03,mentoring,absent
STU0514,2023-10-23,lab,late
STU0514,2023-11-01,mentoring,present
STU0514,2023-11-20,lecture,late
STU0514,2023-12-13,mentoring,present
STU0514,2023-12-26,mentoring,absent
STU0514,2024-02-02,mentoring,absent
STU0514,2024-02-08,mentoring,present
STU0514,2024-04-08,mentoring,absent
STU0514,2024-04-24,lecture,present
STU0514,2024-05-01,lecture,late
STU0514,2024-05-31,lab,late
STU0514,2024-07-08,lab,present
STU0514,2024-08-02,mentoring,present
STU0514,2024-08-13,lecture,present
STU0514,2024-08-20,lecture,present
STU0514,2024-08-26,lab,present
STU0514,2024-09-26,lab,present
STU0514,2024-10-01,lecture,present
STU0514,2024-10-07,mentoring,late
STU0514,2024-10-18,lecture,present
STU0515,2024-02-07,lab,late
STU0515,2024-03-13,lab,present
STU0515,2024-03-15,lecture,present
STU0515,2024-03-21,lab,late
STU0515,2024-04-01,lab,late
STU0515,2024-04-02,mentoring,present
STU0515,2024-04-08,lecture,late
STU0515,2024-04-16,mentoring,present
STU0515,2024-04-17,lecture,present
STU0515,2024-04-18,lab,present
STU0515,2024-05-02,lecture,present
STU0515,2024-05-24,lecture,late
STU0515,2024-05-27,lab,present
STU0515,2024-07-10,mentoring,present
STU0515,2024-07-12,lecture,present
STU0515,2024-07-16,mentoring,present
STU0515,2024-07-24,lecture,late
STU0515,2024-08-02,mentoring,present
STU0515,2024-10-22,mentoring,present
STU0515,2024-11-18,mentoring,absent
STU0515,2024-11-28,lecture,present
STU0515,2024-12-03,mentoring,present
STU0515,2024-12-06,mentoring,present
STU0515,2024-12-18,lecture,present
STU0515,2024-12-24,lab,late
STU0515,2024-12-25,mentoring,present
STU0516,2024-08-02,mentoring,present
STU0516,2024-08-07,lab,present
STU0516,2024-08-15,lab,present
STU0516,2024-09-04,lecture,absent
STU0516,2024-09-17,lab,present
STU0516,2024-09-19,mentoring,absent
STU0516,2024-09-27,lab,absent
STU0516,2024-10-18,mentoring,present
STU0516,2024-11-07,mentoring,present
STU0516,2024-11-14,lab,present
STU0516,2024-11-19,mentoring,late
STU0516,2024-12-03,lecture,late
STU0516,2024-12-11,lab,present
STU0516,2025-01-03,mentoring,present
STU0516,2025-01-06,lecture,late
STU0516,2025-01-09,lecture,absent
STU0517,2023-02-08,lecture,late
STU0517,2023-02-09,lab,present
STU0517,2023-02-16,mentoring,present
STU0517,2023-02-23,lecture,late
STU0517,2023-03-27,mentoring,present
STU0517,2023-04-27,lab,present
STU0517,2023-05-17,lecture,present
STU0517,2023-06-06,lecture,present
STU0517,2023-06-13,lecture,present
STU0517,2023-06-15,mentoring,absent
STU0517,2023-06-30,mentoring,absent
STU0517,2023-07-17,lab,present
STU0517,2023-07-25,lecture,absent
STU0517,2023-09-21,lab,present
STU0517,2023-10-24,lecture,present
STU0517,2023-11-09,lecture,late
STU0517,2023-11-16,lecture,late
STU0517,2023-12-12,mentoring,present
STU0517,2023-12-13,lecture,present
STU0517,2023-12-21,lecture,absent
STU0517,2023-12-27,lab,present
STU0517,2023-12-28,mentoring,present
STU0517,2024-01-16,lab,present
STU0517,2024-02-05,mentoring,present
STU0517,2024-03-20,lab,present
STU0517,2024-03-21,mentoring,present
STU0517,2024-05-07,mentoring,late
STU0517,2024-05-16,mentoring,present
STU0517,2024-06-06,lecture,absent
STU0517,2024-06-07,lab,absent
STU0517,2024-06-11,mentoring,present
STU0517,2024-06-18,mentoring,present
STU0517,2024-06-27,lab,present
STU0517,2024-07-10,mentoring,present
STU0517,2024-08-06,lecture,present
STU0517,2024-08-09,lecture,absent
STU0517,2024-08-22,mentoring,present
STU0517,2024-08-27,mentoring,absent
STU0517,2024-09-03,lecture,present
STU0517,2024-09-04,lab,present
STU0517,2024-09-06,lecture,absent
STU0517,2024-09-27,lecture,present
STU0517,2024-10-01,mentoring,late
STU0517,2024-11-07,mentoring,present
STU0517,2024-11-18,mentoring,late
STU0517,2024-11-19,lecture,absent
STU0517,2024-12-09,lab,present
STU0517,2024-12-12,lab,late
STU0517,2024-12-17,lab,present
STU0517,2024-12-20,lab,late
STU0517,2024-12-25,mentoring,present
STU0517,2025-01-06,lecture,present
STU0518,2023-09-05,lab,late
STU0518,2023-09-07,mentoring,present
STU0518,2023-09-14,mentoring,present
STU0518,2023-12-08,lecture,present
STU0518,2023-12-14,lab,absent
STU0518,2023-12-15,mentoring,present
STU0518,2023-12-26,mentoring,present
STU0518,2024-01-05,lab,present
STU0518,2024-01-16,lecture,present
STU0518,2024-02-28,mentoring,late
STU0518,2024-03-05,lab,present
STU0518,2024-04-09,lecture,present
STU0518,2024-05-02,lab,present
STU0518,2024-05-09,mentoring,absent
STU0518,2024-05-24,lab,present
STU0518,2024-06-05,mentoring,present
STU0518,2024-06-14,lecture,absent
STU0518,2024-06-25,lab,present
STU0518,2024-07-02,lecture,present
STU0518,2024-07-08,lecture,absent
STU0518,2024-07-17,lecture,present
STU0518,2024-08-19,lab,present
STU0518,2024-09-05,lab,present
STU0518,2024-09-12,mentoring,present
STU0518,2024-11-06,lab,present
STU0519,2024-07-09,lab,present
STU0519,2024-07-11,mentoring,present
STU0519,2024-07-17,lecture,present
STU0519,2024-07-25,mentoring,present
STU0519,2024-09-10,mentoring,absent
STU0520,2024-08-13,lab,present
STU0520,2024-08-27,lab,present
STU0520,2024-08-29,lecture,present
STU0520,2024-10-15,mentoring,present
STU0520,2024-11-01,lab,present
STU0521,2023-03-09,lab,absent
STU0521,2023-04-03,lab,absent
STU0521,2023-04-18,mentoring,present
STU0521,2023-04-24,lab,late
STU0521,2023-05-01,lecture,present
STU0521,2023-05-05,mentoring,present
STU0521,2023-05-25,mentoring,late
STU0521,2023-06-27,mentoring,present
STU0521,2023-06-28,lecture,present
STU0521,2023-08-08,lab,absent
STU0521,2023-08-10,lecture,absent
STU0521,2023-08-30,lab,present
STU0521,2023-10-19,lecture,present
STU0521,2023-11-13,lab,late
STU0521,2023-11-15,mentoring,present
STU0521,2023-12-15,lab,present
STU0521,2023-12-21,lab,present
STU0521,2024-01-08,lab,absent
STU0521,2024-01-11,mentoring,present
STU0521,2024-01-16,lab,present
STU0521,2024-01-19,mentoring,present
STU0521,2024-03-05,lab,present
STU0521,2024-03-07,mentoring,present
STU0521,2024-03-14,lecture,absent
STU0521,2024-04-12,lecture,present
STU0521,2024-05-16,mentoring,present
STU0521,2024-06-03,lecture,present
STU0521,2024-06-05,mentoring,present
STU0521,2024-06-14,lecture,present
STU0521,2024-07-15,lab,present
STU0521,2024-08-09,lab,absent
STU0521,2024-08-26,mentoring,present
STU0521,2024-09-12,mentoring,present
STU0521,2024-09-13,lecture,present
STU0521,2024-10-03,lab,present
STU0521,2024-12-10,lab,late
STU0521,2024-12-23,lecture,present
STU0521,2024-12-24,lab,present
STU0521,2024-12-26,mentoring,present
STU0521,2025-01-08,lab,present
STU0522,2023-09-01,mentoring,present
STU0522,2023-09-11,lab,present
STU0522,2023-10-02,lab,absent
STU0522,2023-10-13,lab,absent
STU0522,2023-11-06,lab,late
STU0522,2023-11-08,mentoring,present
STU0522,2023-11-30,mentoring,present
STU0522,2023-12-12,mentoring,absent
STU0522,2024-01-22,lab,absent
STU0522,2024-02-14,lecture,late
STU0522,2024-02-23,mentoring,present
STU0522,2024-02-26,lecture,absent
STU0522,2024-02-28,lab,present
STU0522,2024-04-10,lecture,present
STU0522,2024-04-12,mentoring,present
STU0522,2024-05-09,lab,present
STU0522,2024-05-15,mentoring,present
STU0522,2024-07-05,lecture,absent
STU0522,2024-08-06,mentoring,present
STU0522,2024-08-30,mentoring,absent
STU0522,2024-09-13,lecture,absent
STU0522,2024-10-10,lecture,absent
STU0522,2024-10-14,lab,present
STU0522,2024-11-01,mentoring,present
STU0522,2024-12-03,lecture,late
STU0522,2024-12-24,mentoring,absent
STU0522,2024-12-27,lab,present
STU0523,2024-02-08,lab,present
STU0523,2024-02-22,mentoring,absent
STU0523,2024-03-12,mentoring,present
STU0523,2024-04-09,lab,present
STU0523,2024-05-01,lab,present
STU0523,2024-05-16,lab,present
STU0523,2024-05-17,mentoring,present
STU0523,2024-06-12,lecture,present
STU0523,2024-06-13,lab,absent
STU0523,2024-06-25,lab,present
STU0523,2024-07-24,lab,present
STU0523,2024-08-07,mentoring,absent
STU0523,2024-08-09,lecture,present
STU0523,2024-08-13,mentoring,present
STU0523,2024-09-13,lab,present
STU0523,2024-09-25,lecture,present
STU0523,2024-10-10,lab,late
STU0523,2024-10-21,lab,present
STU0523,2024-10-24,mentoring,present
STU0523,2024-11-12,mentoring,present
STU0523,2024-11-18,lecture,present
STU0523,2024-11-29,mentoring,late
STU0523,2025-01-07,lab,late
STU0523,2025-01-13,lab,present
STU0524,2024-08-22,lab,present
STU0524,2024-09-04,mentoring,late
STU0524,2024-09-10,mentoring,present
STU0524,2024-12-26,lecture,present
STU0524,2025-01-10,lecture,present
STU0525,2023-03-13,lab,late
STU0525,2023-03-30,mentoring,present
STU0525,2023-04-18,mentoring,present
STU0525,2023-05-08,lab,present
STU0525,2023-05-09,mentoring,absent
STU0525,2023-05-23,lab,present
STU0525,2023-05-24,mentoring,late
STU0525,2023-06-05,mentoring,present
STU0525,2023-08-16,lecture,present
STU0525,2023-08-17,lab,present
STU0525,2023-08-18,mentoring,present
STU0525,2023-08-23,mentoring,present
STU0525,2023-10-16,lab,absent
STU0525,2023-10-20,lab,present
STU0525,2023-12-05,mentoring,present
STU0525,2023-12-21,mentoring,present
STU0525,2024-01-17,lab,present
STU0525,2024-02-14,mentoring,present
STU0525,2024-03-19,lab,absent
STU0525,2024-04-02,mentoring,present
STU0525,2024-06-25,lab,present
STU0525,2024-06-26,mentoring,present
STU0525,2024-07-03,lecture,present
STU0525,2024-08-15,lab,present
STU0525,2024-09-12,mentoring,present
STU0525,2024-09-18,lecture,late
STU0525,2024-10-17,lecture,present
STU0525,2024-10-22,mentoring,present
STU0526,2023-09-04,lecture,present
STU0526,2023-09-08,mentoring,present
STU0526,2023-09-21,lab,present
STU0526,2023-09-25,mentoring,present
STU0526,2023-10-04,lab,present
STU0526,2023-10-09,lecture,present
STU0526,2023-10-17,lecture,present
STU0526,2024-02-09,lab,present
STU0526,2024-02-15,lab,absent
STU0526,2024-02-16,mentoring,present
STU0526,2024-02-22,mentoring,present
STU0526,2024-04-02,mentoring,present
STU0526,2024-04-04,lecture,present
STU0526,2024-05-21,mentoring,absent
STU0526,2024-06-25,mentoring,present
STU0526,2024-07-08,mentoring,present
STU0526,2024-07-15,mentoring,present
STU0526,2024-08-26,mentoring,present
STU0526,2024-11-13,mentoring,present
STU0526,2024-11-19,lecture,absent
STU0526,2025-01-03,mentoring,absent
STU0527,2024-01-23,lecture,present
STU0527,2024-01-31,lecture,absent
STU0527,2024-02-16,mentoring,absent
STU0527,2024-02-28,lab,absent
STU0527,2024-03-08,mentoring,present
STU0527,2024-03-12,lab,present
STU0527,2024-03-14,lecture,late
STU0527,2024-03-20,lecture,present
STU0527,2024-04-11,mentoring,late
STU0527,2024-05-06,lab,present
STU0527,2024-05-07,mentoring,present
STU0527,2024-05-09,lab,late
STU0527,2024-06-19,lab,present
STU0527,2024-07-01,lecture,present
STU0527,2024-07-29,lecture,present
STU0527,2024-07-30,lab,absent
STU0527,2024-08-14,lab,present
STU0527,2024-08-19,lecture,late
STU0527,2024-08-22,mentoring,present
STU0527,2024-11-19,lab,present
STU0527,2024-11-22,mentoring,present
STU0527,2024-12-09,lab,present
STU0527,2024-12-30,lab,present
STU0527,2025-01-02,lab,present
STU0527,2025-01-06,lecture,present
STU0528,2024-09-06,lab,present
STU0528,2024-09-13,mentoring,late
STU0528,2024-09-18,lab,present
STU0528,2024-09-24,lab,present
STU0528,2024-10-09,lecture,absent
STU0528,2024-10-15,lab,present
STU0528,2024-10-22,lab,present
STU0528,2024-11-27,mentoring,present
STU0528,2024-12-26,lab,present
STU0528,2025-01-01,lecture,present
STU0529,2023-03-14,lecture,present
STU0529,2023-03-30,mentoring,present
STU0529,2023-04-10,lecture,present
STU0529,2023-04-24,mentoring,present
STU0529,2023-05-01,mentoring,present
STU0529,2023-05-02,lecture,late
STU0529,2023-05-04,mentoring,absent
STU0529,2023-05-08,lecture,present
STU0529,2023-05-10,lab,present
STU0529,2023-05-22,lecture,present
STU0529,2023-05-24,mentoring,present
STU0529,2023-05-25,lecture,late
STU0529,2023-05-30,lab,late
STU0529,2023-08-09,mentoring,present
STU0529,2023-08-31,lecture,late
STU0529,2023-09-01,lab,present
STU0529,2023-09-04,mentoring,present
STU0529,2023-10-05,lecture,absent
STU0529,2023-10-11,lecture,absent
STU0529,2023-11-01,lab,present
STU0529,2023-11-15,mentoring,present
STU0529,2023-12-11,mentoring,present
STU0529,2023-12-14,mentoring,absent
STU0529,2023-12-26,mentoring,absent
STU0529,2024-01-19,lab,present
STU0529,2024-01-29,lecture,present
STU0529,2024-02-27,lecture,late
STU0529,2024-03-06,lecture,late
STU0529,2024-04-11,lecture,late
STU0529,2024-04-24,lab,present
STU0529,2024-05-02,lecture,absent
STU0529,2024-06-19,lab,late
STU0529,2024-07-01,lecture,present
STU0529,2024-08-02,mentoring,present
STU0529,2024-08-12,mentoring,present
STU0529,2024-08-23,lecture,present
STU0529,2024-08-28,mentoring,present
STU0529,2024-09-13,lecture,present
STU0529,2024-09-18,lecture,present
STU0529,2024-11-07,lecture,present
STU0529,2024-11-11,mentoring,absent
STU0529,2024-11-22,lecture,late
STU0529,2024-11-25,lab,present
STU0530,2023-09-27,lab,present
STU0530,2023-12-14,lab,absent
STU0530,2024-02-20,lecture,absent
STU0530,2024-02-27,lab,absent
STU0530,2024-03-06,lab,present
STU0530,2024-03-14,lecture,present
STU0530,2024-03-19,lecture,present
STU0530,2024-03-25,lab,absent
STU0530,2024-05-06,lecture,late
STU0530,2024-05-09,lecture,present
STU0530,2024-05-24,mentoring,present
STU0530,2024-05-29,lab,present
STU0530,2024-05-30,mentoring,present
STU0530,2024-06-14,mentoring,present
STU0530,2024-06-18,lecture,present
STU0530,2024-06-28,mentoring,present
STU0530,2024-08-14,lab,absent
STU0530,2024-09-16,lecture,present
STU0530,2024-10-16,mentoring,present
STU0530,2024-10-28,mentoring,present
STU0530,2024-10-29,lecture,present
STU0530,2024-11-11,mentoring,absent
STU0530,2024-11-14,lab,present
STU0530,2024-11-26,lab,present
STU0530,2024-12-09,lecture,present
STU0530,2025-01-14,mentoring,absent
STU0531,2024-04-24,lab,present
STU0531,2024-05-03,lecture,present
STU0531,2024-05-14,lecture,present
STU0531,2024-06-17,lab,present
STU0531,2024-06-27,mentoring,present
STU0531,2024-07-09,lecture,present
STU0531,2024-08-01,lab,absent
STU0531,2024-09-27,lecture,late
STU0531,2024-11-19,lab,present
STU0531,2024-11-26,lecture,late
STU0531,2024-12-18,lab,present
STU0531,2024-12-23,lecture,absent
STU0531,2024-12-26,mentoring,present
STU0532,2024-08-09,lab,absent
STU0532,2024-08-15,mentoring,present
STU0532,2024-08-23,lecture,present
STU0532,2024-10-02,lecture,present
STU0532,2024-10-03,lab,late
STU0532,2024-12-09,lab,present
STU0532,2024-12-25,mentoring,present
STU0532,2025-01-14,mentoring,present
STU0533,2023-03-06,mentoring,present
STU0533,2023-03-07,lecture,present
STU0533,2023-04-07,lab,late
STU0533,2023-04-11,lecture,present
STU0533,2023-04-18,mentoring,present
STU0533,2023-04-25,lab,present
STU0533,2023-05-04,mentoring,present
STU0533,2023-05-09,mentoring,present
STU0533,2023-05-30,lab,present
STU0533,2023-06-14,mentoring,late
STU0533,2023-06-15,lecture,present
STU0533,2023-06-20,lab,present
STU0533,2023-06-26,mentoring,present
STU0533,2023-07-12,lecture,present
STU0533,2023-07-21,lab,late
STU0533,2023-07-26,lecture,absent
STU0533,2023-08-29,lecture,late
STU0533,2023-09-01,lab,present
STU0533,2023-09-05,lecture,absent
STU0533,2023-09-29,mentoring,present
STU0533,2023-10-26,lab,present
STU0533,2023-12-18,lecture,present
STU0533,2024-01-01,lab,present
STU0533,2024-01-11,lab,absent
STU0533,2024-01-17,lab,present
STU0533,2024-01-29,lab,late
STU0533,2024-02-15,lecture,present
STU0533,2024-04-24,mentoring,present
STU0533,2024-05-27,lab,present
STU0533,2024-06-24,mentoring,late
STU0533,2024-06-27,lab,present
STU0533,2024-10-15,lab,present
STU0533,2024-10-25,lecture,present
STU0533,2024-11-18,lab,present
STU0533,2024-11-26,lab,present
STU0533,2024-11-28,mentoring,present
STU0533,2025-01-01,lecture,late
STU0534,2023-10-05,lab,present
STU0534,2023-10-17,lecture,present
STU0534,2023-11-02,mentoring,present
STU0534,2024-02-06,lecture,present
STU0534,2024-02-14,lecture,late
STU0534,2024-02-20,mentoring,absent
STU0534,2024-03-22,mentoring,present
STU0534,2024-03-25,lecture,late
STU0534,2024-04-19,lab,present
STU0534,2024-05-02,lab,present
STU0534,2024-05-20,mentoring,present
STU0534,2024-05-29,lecture,present
STU0534,2024-07-12,lecture,present
STU0534,2024-08-05,lab,absent
STU0534,2024-08-19,lab,present
STU0534,2024-09-30,mentoring,absent
STU0534,2024-11-19,mentoring,present
STU0534,2024-12-05,lecture,present
STU0534,2024-12-12,lab,present
STU0534,2024-12-17,lab,present
STU0535,2024-02-21,mentoring,late
STU0535,2024-03-07,lab,late
STU0535,2024-03-14,lecture,absent
STU0535,2024-03-25,mentoring,present
STU0535,2024-04-24,mentoring,late
STU0535,2024-06-28,lab,present
STU0535,2024-07-25,mentoring,absent
STU0535,2024-08-19,lecture,present
STU0535,2024-08-20,lab,absent
STU0535,2024-09-04,lecture,present
STU0535,2024-09-26,mentoring,late
STU0535,2024-09-30,lecture,present
STU0536,2024-08-30,lab,present
STU0536,2024-09-04,lecture,present
STU0536,2024-09-19,mentoring,present
STU0536,2024-09-30,mentoring,present
STU0536,2024-10-29,lab,present
STU0536,2024-10-30,mentoring,present
STU0536,2024-10-31,lecture,present
STU0536,2024-11-01,lab,present
STU0536,2024-11-06,lecture,present
STU0536,2024-11-07,lab,present
STU0536,2024-11-21,lab,present
STU0536,2024-11-28,lab,absent
STU0536,2024-12-12,mentoring,present
STU0536,2025-01-09,mentoring,present
STU0536,2025-01-15,lecture,present
STU0537,2023-03-27,lab,present
STU0537,2023-04-04,lab,present
STU0537,2023-05-16,mentoring,late
STU0537,2023-06-05,lab,late
STU0537,2023-07-28,lecture,present
STU0537,2023-08-17,lecture,late
STU0537,2023-08-28,lecture,absent
STU0537,2023-09-05,mentoring,present
STU0537,2023-09-26,lab,present
STU0537,2023-10-12,lab,present
STU0537,2023-10-25,mentoring,late
STU0537,2023-10-26,lecture,absent
STU0537,2023-10-30,lab,present
STU0537,2023-11-01,mentoring,late
STU0537,2023-11-28,lab,present
STU0537,2023-12-11,lecture,late
STU0537,2023-12-19,lecture,present
STU0537,2023-12-27,lab,present
STU0537,2024-02-19,lab,late
STU0537,2024-02-22,mentoring,late
STU0537,2024-03-04,lecture,present
STU0537,2024-03-15,mentoring,present
STU0537,2024-03-20,mentoring,present
STU0537,2024-03-25,lab,present
STU0537,2024-04-02,lecture,present
STU0537,2024-05-09,lab,present
STU0537,2024-05-21,lecture,present
STU0537,2024-06-07,lab,present
STU0537,2024-06-12,lecture,present
STU0537,2024-06-18,lab,present
STU0537,2024-06-27,mentoring,present
STU0537,2024-07-01,lab,present
STU0537,2024-07-04,lab,present
STU0537,2024-07-05,mentoring,present
STU0537,2024-07-09,lab,present
STU0537,2024-07-25,lecture,late
STU0537,2024-08-16,lab,present
STU0537,2024-08-27,mentoring,late
STU0537,2024-09-30,lab,absent
STU0537,2024-10-07,lecture,present
STU0537,2024-10-09,mentoring,present
STU0537,2024-10-14,mentoring,present
STU0537,2024-10-15,lecture,late
STU0537,2024-11-12,mentoring,present
STU0537,2024-11-20,lecture,present
STU0537,2024-11-21,lab,absent
STU0537,2024-11-28,lecture,present
STU0537,2024-12-02,lab,present
STU0537,2024-12-04,mentoring,present
STU0537,2024-12-11,lecture,present
STU0537,2024-12-12,lab,present
STU0537,2024-12-31,mentoring,present
STU0538,2023-08-28,mentoring,present
STU0538,2023-09-19,mentoring,present
STU0538,2023-09-27,mentoring,present
STU0538,2023-10-06,lab,absent
STU0538,2023-10-11,mentoring,present
STU0538,2023-10-18,lab,present
STU0538,2023-11-15,lab,present
STU0538,2023-12-20,lab,present
STU0538,2023-12-25,lecture,present
STU0538,2024-01-02,lab,present
STU0538,2024-01-11,lab,present
STU0538,2024-02-15,mentoring,present
STU0538,2024-03-18,lecture,late
STU0538,2024-03-29,lecture,present
STU0538,2024-05-06,lab,present
STU0538,2024-06-17,lecture,present
STU0538,2024-07-22,lab,present
STU0538,2024-08-01,mentoring,present
STU0538,2024-09-03,lecture,absent
STU0538,2024-10-01,lecture,late
STU0538,2024-10-03,mentoring,present
STU0538,2024-10-17,lab,present
STU0538,2024-10-23,lab,absent
STU0538,2024-11-21,mentoring,present
STU0538,2024-11-29,lab,present
STU0538,2024-12-02,mentoring,present
STU0538,2024-12-17,lab,absent
STU0538,2024-12-20,lab,present
STU0538,2025-01-06,lecture,late
STU0539,2024-04-18,mentoring,present
STU0539,2024-04-26,mentoring,late
STU0539,2024-06-13,mentoring,present
STU0539,2024-07-04,lecture,present
STU0539,2024-08-01,lab,present
STU0539,2024-09-26,lab,present
STU0539,2024-10-25,lecture,late
STU0539,2024-11-06,lecture,present
STU0539,2024-11-11,mentoring,present
STU0539,2024-11-21,mentoring,present
STU0539,2024-12-24,lab,absent
STU0539,2025-01-02,mentoring,present
STU0540,2024-08-09,lecture,present
STU0540,2024-08-16,lab,present
STU0540,2024-09-18,lecture,present
STU0540,2024-09-30,lecture,late
STU0540,2024-10-30,mentoring,present
STU0540,2024-12-05,lecture,present
STU0540,2024-12-18,lecture,absent
STU0540,2024-12-20,mentoring,present
STU0541,2023-04-07,lecture,present
STU0541,2023-04-24,mentoring,late
STU0541,2023-04-26,lecture,late
STU0541,2023-06-19,lab,present
STU0541,2023-08-10,lecture,present
STU0541,2023-08-18,lecture,present
STU0541,2023-08-25,lab,present
STU0541,2023-09-18,lab,present
STU0541,2023-09-21,lecture,present
STU0541,2023-10-03,lecture,present
STU0541,2023-10-16,lecture,present
STU0541,2023-10-20,lab,present
STU0541,2023-12-12,lab,absent
STU0541,2023-12-13,mentoring,absent
STU0541,2023-12-21,lab,present
STU0541,2024-02-02,mentoring,present
STU0541,2024-02-05,lecture,present
STU0541,2024-02-15,lecture,late
STU0541,2024-03-07,lecture,present
STU0541,2024-05-06,lecture,present
STU0541,2024-05-29,lab,present
STU0541,2024-06-27,lecture,present
STU0541,2024-07-30,lecture,present
STU0541,2024-08-14,lecture,absent
STU0541,2024-08-16,mentoring,present
STU0541,2024-08-30,lab,absent
STU0541,2024-10-22,lecture,present
STU0541,2024-10-24,mentoring,absent
STU0541,2024-11-14,lab,present
STU0541,2024-11-20,lab,present
STU0541,2024-12-06,lab,absent
STU0541,2024-12-31,lab,present
STU0541,2025-01-14,lab,absent
STU0542,2023-08-21,lecture,late
STU0542,2023-09-13,mentoring,present
STU0542,2023-11-02,mentoring,present
STU0542,2023-11-15,lecture,present
STU0542,2023-12-08,lecture,present
STU0542,2023-12-19,mentoring,present
STU0542,2023-12-29,mentoring,absent
STU0542,2024-01-08,mentoring,present
STU0542,2024-01-16,lecture,absent
STU0542,2024-01-31,lecture,absent
STU0542,2024-02-02,mentoring,present
STU0542,2024-02-06,lab,present
STU0542,2024-02-14,lab,present
STU0542,2024-02-22,lecture,present
STU0542,2024-05-15,lecture,present
STU0542,2024-06-07,lecture,present
STU0542,2024-06-17,lecture,present
STU0542,2024-06-26,lab,present
STU0542,2024-06-28,mentoring,late
STU0542,2024-07-05,lecture,present
STU0542,2024-07-22,mentoring,present
STU0542,2024-08-01,lecture,present
STU0542,2024-08-02,lab,present
STU0542,2024-08-12,lab,late
STU0542,2024-10-17,lab,present
STU0542,2024-10-23,lab,present
STU0542,2024-11-01,lecture,absent
STU0542,2024-11-28,lecture,present
STU0542,2024-11-29,lab,absent
STU0542,2024-12-24,lab,present
STU0542,2025-01-06,lecture,present
STU0542,2025-01-09,mentoring,present
STU0543,2024-04-08,mentoring,absent
STU0543,2024-05-30,lecture,absent
STU0543,2024-06-11,mentoring,present
STU0543,2024-06-12,lecture,present
STU0543,2024-07-19,mentoring,present
STU0543,2024-07-23,lecture,present
STU0543,2024-07-30,lecture,present
STU0543,2024-08-26,lab,absent
STU0543,2024-08-29,lab,present
STU0543,2024-11-06,lecture,late
STU0543,2024-11-21,lecture,late
STU0543,2024-12-05,mentoring,present
STU0543,2024-12-13,lecture,absent
STU0544,2024-07-24,lab,absent
STU0544,2024-07-26,mentoring,present
STU0544,2024-09-06,lecture,absent
STU0544,2024-09-23,lab,present
STU0544,2024-10-03,lecture,present
STU0544,2024-10-17,lab,present
STU0544,2024-10-30,mentoring,present
STU0544,2024-10-31,lecture,absent
STU0544,2024-11-07,lecture,late
STU0544,2024-11-27,lecture,present
STU0544,2024-12-04,lab,present
STU0544,2024-12-24,lab,present
STU0545,2023-02-21,lecture,absent
STU0545,2023-03-03,mentoring,present
STU0545,2023-04-07,lab,absent
STU0545,2023-04-12,lab,absent
STU0545,2023-04-19,lab,present
STU0545,2023-05-04,lecture,late
STU0545,2023-05-05,lab,present
STU0545,2023-05-11,lab,present
STU0545,2023-05-23,mentoring,late
STU0545,2023-06-07,lecture,present
STU0545,2023-07-25,mentoring,present
STU0545,2023-08-30,lecture,present
STU0545,2023-09-04,mentoring,late
STU0545,2023-09-06,lecture,absent
STU0545,2023-09-11,mentoring,absent
STU0545,2023-09-13,lab,present
STU0545,2023-09-26,mentoring,late
STU0545,2023-10-02,mentoring,present
STU0545,2023-11-07,mentoring,present
STU0545,2023-12-13,lab,present
STU0545,2024-01-11,lab,absent
STU0545,2024-01-12,mentoring,present
STU0545,2024-01-23,mentoring,present
STU0545,2024-01-25,lab,present
STU0545,2024-02-13,mentoring,present
STU0545,2024-03-22,lab,present
STU0545,2024-04-08,lab,present
STU0545,2024-04-17,lab,present
STU0545,2024-05-20,lab,late
STU0545,2024-05-27,lecture,absent
STU0545,2024-06-06,lab,present
STU0545,2024-06-17,mentoring,present
STU0545,2024-07-08,lab,present
STU0545,2024-07-24,mentoring,present
STU0545,2024-07-26,lecture,present
STU0545,2024-08-02,lecture,present
STU0545,2024-08-12,lab,absent
STU0545,2024-08-19,mentoring,absent
STU0545,2024-09-05,lab,present
STU0545,2024-09-13,mentoring,absent
STU0545,2024-09-30,lab,present
STU0545,2024-10-09,lecture,present
STU0545,2024-11-11,lab,present
STU0545,2024-11-22,mentoring,present
STU0545,2025-01-03,lecture,present
STU0545,2025-01-08,mentoring,present
STU0546,2023-07-25,lecture,present
STU0546,2023-08-22,lecture,present
STU0546,2023-09-08,lecture,late
STU0546,2023-09-19,lab,absent
STU0546,2023-09-21,mentoring,present
STU0546,2023-10-10,lecture,present
STU0546,2023-11-24,mentoring,late
STU0546,2023-11-30,lecture,present
STU0546,2023-12-21,lecture,present
STU0546,2024-01-10,mentoring,present
STU0546,2024-02-29,mentoring,present
STU0546,2024-03-08,lecture,present
STU0546,2024-04-22,mentoring,present
STU0546,2024-04-30,lab,absent
STU0546,2024-05-07,mentoring,present
STU0546,2024-05-14,mentoring,present
STU0546,2024-07-02,lecture,absent
STU0546,2024-07-10,lab,present
STU0546,2024-07-17,mentoring,late
STU0546,2024-07-25,mentoring,present
STU0546,2024-08-21,lab,present
STU0546,2024-10-01,mentoring,present
STU0546,2024-10-22,lab,present
STU0547,2024-03-06,lecture,absent
STU0547,2024-03-08,mentoring,present
STU0547,2024-03-11,lecture,late
STU0547,2024-03-18,lab,present
STU0547,2024-05-09,lecture,present
STU0547,2024-05-22,mentoring,present
STU0547,2024-07-02,mentoring,present
STU0547,2024-08-02,lab,late
STU0547,2024-08-13,mentoring,present
STU0547,2024-08-23,lab,absent
STU0547,2024-09-17,lecture,present
STU0547,2024-09-20,lab,present
STU0547,2024-10-31,mentoring,present
STU0547,2024-11-04,lab,absent
STU0547,2024-11-25,lecture,absent
STU0547,2024-11-27,mentoring,present
STU0547,2024-12-12,lecture,absent
STU0547,2025-01-08,mentoring,present
STU0548,2024-08-09,mentoring,present
STU0548,2024-08-26,lab,late
STU0548,2024-08-27,mentoring,absent
STU0548,2024-08-30,lab,present
STU0548,2024-09-06,lab,present
STU0548,2024-09-17,lab,present
STU0548,2024-10-29,lab,present
STU0548,2024-11-21,lab,present
STU0548,2024-12-27,lecture,present
STU0549,2023-03-14,lecture,present
STU0549,2023-04-11,mentoring,present
STU0549,2023-06-19,lecture,late
STU0549,2023-06-21,lab,present
STU0549,2023-07-12,lab,present
STU0549,2023-07-13,mentoring,late
STU0549,2023-08-02,mentoring,late
STU0549,2023-10-13,lab,present
STU0549,2023-10-24,lab,present
STU0549,2023-10-25,mentoring,present
STU0549,2023-11-07,lab,present
STU0549,2023-12-12,mentoring,absent
STU0549,2024-01-26,lab,present
STU0549,2024-01-31,lecture,present
STU0549,2024-02-07,mentoring,absent
STU0549,2024-02-21,lecture,present
STU0549,2024-04-08,mentoring,present
STU0549,2024-04-30,mentoring,absent
STU0549,2024-05-16,mentoring,present
STU0549,2024-06-17,mentoring,present
STU0549,2024-07-01,lab,present
STU0549,2024-07-04,mentoring,present
STU0549,2024-07-18,lab,present
STU0549,2024-07-31,mentoring,present
STU0549,2024-08-01,lecture,present
STU0549,2024-10-31,lecture,present
STU0549,2024-11-12,mentoring,absent
STU0549,2024-11-29,mentoring,present
STU0549,2024-12-02,lecture,present
STU0549,2024-12-03,lab,present
STU0549,2024-12-23,lab,present
STU0549,2025-01-09,mentoring,present
STU0550,2023-09-22,lecture,present
STU0550,2023-09-27,mentoring,absent
STU0550,2023-10-19,lecture,present
STU0550,2023-11-03,lab,absent
STU0550,2023-11-15,mentoring,late
STU0550,2023-11-21,mentoring,present
STU0550,2023-11-23,lab,late
STU0550,2023-12-05,lab,absent
STU0550,2024-01-10,lab,present
STU0550,2024-01-15,lecture,late
STU0550,2024-03-29,lab,present
STU0550,2024-04-16,lecture,present
STU0550,2024-04-23,mentoring,absent
STU0550,2024-05-03,lab,absent
STU0550,2024-05-20,lecture,present
STU0550,2024-06-04,mentoring,absent
STU0550,2024-06-11,lab,late
STU0550,2024-06-14,lab,present
STU0550,2024-06-17,mentoring,absent
STU0550,2024-07-31,lecture,present
STU0550,2024-08-05,mentoring,present
STU0550,2024-08-08,lab,present
STU0550,2024-08-14,lab,absent
STU0550,2024-08-22,lecture,present
STU0550,2024-09-11,mentoring,present
STU0550,2024-09-27,mentoring,late
STU0550,2024-10-18,mentoring,present
STU0550,2024-10-31,mentoring,present
STU0550,2024-12-02,mentoring,present
STU0550,2024-12-04,lab,present
STU0550,2024-12-19,mentoring,present
STU0551,2024-03-29,mentoring,present
STU0551,2024-04-11,lecture,present
STU0551,2024-04-17,lecture,late
STU0551,2024-05-14,mentoring,present
STU0551,2024-05-17,lab,absent
STU0551,2024-05-23,mentoring,late
STU0551,2024-05-29,lecture,late
STU0551,2024-08-08,mentoring,present
STU0551,2024-09-16,mentoring,present
STU0551,2024-09-26,lecture,present
STU0551,2024-10-04,lab,present
STU0551,2024-10-25,lab,absent
STU0551,2024-10-30,lecture,late
STU0551,2024-11-06,mentoring,present
STU0551,2024-11-12,lab,present
STU0551,2024-11-20,lab,present
STU0551,2024-12-24,lab,present
STU0552,2024-08-06,lecture,present
STU0552,2024-08-09,mentoring,late
STU0552,2024-10-30,mentoring,late
STU0552,2024-12-25,lecture,late
STU0552,2025-01-06,mentoring,late
STU0552,2025-01-13,lecture,late
STU0553,2023-02-20,lab,present
STU0553,2023-02-24,lab,absent
STU0553,2023-03-03,lab,late
STU0553,2023-04-06,mentoring,present
STU0553,2023-04-14,mentoring,present
STU0553,2023-04-18,lab,present
STU0553,2023-05-11,lab,absent
STU0553,2023-05-15,mentoring,absent
STU0553,2023-06-05,lab,present
STU0553,2023-06-09,lab,present
STU0553,2023-06-26,lecture,present
STU0553,2023-07-06,lecture,late
STU0553,2023-08-09,mentoring,present
STU0553,2023-08-18,lab,absent
STU0553,2023-08-23,lab,present
STU0553,2023-09-05,lab,present
STU0553,2023-10-09,lab,present
STU0553,2023-10-12,lecture,present
STU0553,2023-10-18,lab,absent
STU0553,2023-11-30,mentoring,present
STU0553,2023-12-07,lecture,present
STU0553,2023-12-08,lab,present
STU0553,2023-12-12,lecture,present
STU0553,2023-12-14,lab,absent
STU0553,2024-02-07,mentoring,present
STU0553,2024-05-20,lab,late
STU0553,2024-06-28,lab,present
STU0553,2024-08-06,lab,late
STU0553,2024-08-14,mentoring,present
STU0553,2024-09-03,mentoring,absent
STU0553,2024-09-09,mentoring,present
STU0553,2024-10-29,lecture,late
STU0553,2024-11-11,lab,present
STU0553,2024-11-20,lab,present
STU0553,2024-12-16,mentoring,present
STU0553,2025-01-03,lecture,present
STU0554,2023-09-29,lecture,absent
STU0554,2023-10-03,mentoring,present
STU0554,2023-10-11,mentoring,present
STU0554,2023-10-16,lab,present
STU0554,2023-10-24,lab,present
STU0554,2023-10-25,mentoring,present
STU0554,2023-11-09,mentoring,present
STU0554,2023-12-27,lecture,present
STU0554,2023-12-28,lab,present
STU0554,2024-01-05,lecture,absent
STU0554,2024-01-29,lab,late
STU0554,2024-02-06,mentoring,present
STU0554,2024-02-22,lab,late
STU0554,2024-02-28,lecture,present
STU0554,2024-03-04,mentoring,absent
STU0554,2024-03-06,lecture,present
STU0554,2024-05-02,mentoring,present
STU0554,2024-05-07,mentoring,present
STU0554,2024-05-09,lab,present
STU0554,2024-05-14,lecture,present
STU0554,2024-06-20,lecture,present
STU0554,2024-08-29,lecture,present
STU0554,2024-09-13,mentoring,present
STU0554,2024-11-12,lecture,present
STU0554,2024-12-04,mentoring,present
STU0555,2024-04-17,lab,present
STU0555,2024-06-24,mentoring,late
STU0555,2024-06-25,lecture,present
STU0555,2024-08-14,mentoring,late
STU0555,2024-10-04,lab,present
STU0555,2024-10-08,mentoring,absent
STU0555,2024-10-10,lecture,present
STU0555,2024-10-11,lab,present
STU0555,2024-10-16,mentoring,present
STU0555,2024-12-03,lab,absent
STU0555,2025-01-10,lecture,present
STU0556,2024-08-30,mentoring,absent
STU0556,2024-10-03,lab,present
STU0556,2024-10-30,lecture,present
STU0556,2024-11-05,mentoring,late
STU0556,2024-11-08,lab,present
STU0556,2024-11-12,lecture,absent
STU0556,2024-11-20,lab,present
STU0556,2024-12-06,lab,late
STU0556,2024-12-11,lecture,present
STU0556,2024-12-13,lab,late
STU0556,2024-12-31,lecture,late
STU0557,2023-02-23,mentoring,present
STU0557,2023-03-17,mentoring,present
STU0557,2023-03-20,lecture,present
STU0557,2023-03-21,lab,present
STU0557,2023-05-26,lecture,absent
STU0557,2023-06-07,lecture,present
STU0557,2023-06-09,mentoring,present
STU0557,2023-07-26,mentoring,present
STU0557,2023-08-17,mentoring,present
STU0557,2023-08-31,lecture,present
STU0557,2023-10-13,lab,present
STU0557,2023-10-19,lecture,present
STU0557,2023-12-05,mentoring,present
STU0557,2023-12-06,lecture,present
STU0557,2023-12-19,lab,present
STU0557,2024-01-05,mentoring,absent
STU0557,2024-01-24,mentoring,present
STU0557,2024-02-05,lecture,present
STU0557,2024-02-29,mentoring,present
STU0557,2024-05-15,lab,present
STU0557,2024-05-16,mentoring,present
STU0557,2024-05-23,lecture,present
STU0557,2024-06-07,lab,present
STU0557,2024-06-17,mentoring,late
STU0557,2024-07-31,lab,present
STU0557,2024-08-06,lecture,present
STU0557,2024-08-22,lecture,present
STU0557,2024-09-13,mentoring,present
STU0557,2024-09-16,lecture,present
STU0557,2024-09-17,lab,present
STU0557,2024-10-11,lecture,late
STU0557,2024-11-18,mentoring,present
STU0557,2025-01-07,lab,present
STU0558,2023-10-16,mentoring,absent
STU0558,2023-10-23,lab,absent
STU0558,2023-10-26,lecture,absent
STU0558,2023-11-13,mentoring,absent
STU0558,2023-11-23,mentoring,late
STU0558,2023-12-20,mentoring,late
STU0558,2024-02-13,lecture,present
STU0558,2024-02-27,mentoring,present
STU0558,2024-03-18,mentoring,present
STU0558,2024-04-01,mentoring,absent
STU0558,2024-04-12,lecture,late
STU0558,2024-05-01,lab,present
STU0558,2024-05-15,mentoring,present
STU0558,2024-05-31,mentoring,present
STU0558,2024-06-05,mentoring,present
STU0558,2024-06-06,lecture,present
STU0558,2024-06-11,lab,absent
STU0558,2024-07-08,lecture,absent
STU0558,2024-07-16,lecture,present
STU0558,2024-09-25,lab,present
STU0558,2024-10-01,mentoring,late
STU0558,2024-10-14,lecture,present
STU0558,2024-12-02,lab,present
STU0558,2024-12-11,lecture,present
STU0558,2024-12-17,mentoring,present
STU0559,2024-03-06,lecture,present
STU0559,2024-03-28,lab,absent
STU0559,2024-05-01,mentoring,present
STU0559,2024-05-14,lab,present
STU0559,2024-05-27,lab,present
STU0559,2024-05-31,mentoring,present
STU0559,2024-06-27,mentoring,present
STU0559,2024-08-02,lecture,absent
STU0559,2024-08-12,lab,present
STU0559,2024-08-20,mentoring,present
STU0559,2024-08-28,mentoring,late
STU0559,2024-11-13,lab,present
STU0559,2024-11-29,mentoring,present
STU0559,2024-12-05,mentoring,present
STU0559,2024-12-30,lecture,present
STU0560,2024-08-01,lecture,present
STU0560,2024-08-08,lecture,present
STU0560,2024-08-19,mentoring,present
STU0560,2024-09-05,lecture,present
STU0560,2024-09-10,mentoring,late
STU0560,2024-09-18,mentoring,present
STU0560,2024-10-10,mentoring,present
STU0560,2024-11-12,lab,present
STU0560,2024-11-19,lab,present
STU0560,2024-12-09,mentoring,present
STU0561,2023-05-17,lab,present
STU0561,2023-06-20,lecture,present
STU0561,2023-06-29,mentoring,present
STU0561,2023-07-14,lab,absent
STU0561,2023-07-21,lab,present
STU0561,2023-08-08,lab,absent
STU0561,2023-09-12,mentoring,present
STU0561,2023-10-19,lab,absent
STU0561,2023-10-24,mentoring,present
STU0561,2023-10-25,lecture,present
STU0561,2023-11-02,lab,late
STU0561,2023-11-03,mentoring,absent
STU0561,2023-11-07,lab,present
STU0561,2023-11-08,mentoring,present
STU0561,2023-12-07,lab,present
STU0561,2023-12-22,lab,present
STU0561,2024-01-03,lecture,present
STU0561,2024-01-22,lab,late
STU0561,2024-02-14,lab,present
STU0561,2024-02-28,mentoring,absent
STU0561,2024-03-13,mentoring,late
STU0561,2024-03-19,mentoring,present
STU0561,2024-03-25,lecture,present
STU0561,2024-05-01,lecture,present
STU0561,2024-05-28,mentoring,late
STU0561,2024-05-30,lab,present
STU0561,2024-06-25,lab,absent
STU0561,2024-07-10,mentoring,present
STU0561,2024-07-22,lecture,present
STU0561,2024-07-29,lecture,present
STU0561,2024-08-13,lab,present
STU0561,2024-08-16,lecture,present
STU0561,2024-09-02,mentoring,present
STU0561,2024-09-05,lab,absent
STU0561,2024-09-09,lecture,present
STU0561,2024-09-17,mentoring,present
STU0561,2024-09-19,lab,present
STU0561,2024-10-11,mentoring,absent
STU0561,2024-10-15,lecture,present
STU0561,2024-12-24,mentoring,absent
STU0562,2023-09-28,lab,present
STU0562,2023-10-11,mentoring,present
STU0562,2023-11-24,mentoring,present
STU0562,2024-01-01,mentoring,absent
STU0562,2024-01-02,lecture,present
STU0562,2024-01-05,mentoring,present
STU0562,2024-02-01,lecture,late
STU0562,2024-03-07,mentoring,absent
STU0562,2024-03-13,mentoring,present
STU0562,2024-04-10,mentoring,present
STU0562,2024-05-07,lecture,late
STU0562,2024-05-09,lab,present
STU0562,2024-05-13,lecture,present
STU0562,2024-07-05,lab,absent
STU0562,2024-07-22,lab,present
STU0562,2024-09-05,lecture,absent
STU0562,2024-09-16,mentoring,present
STU0562,2024-10-08,mentoring,present
STU0562,2024-10-28,mentoring,absent
STU0562,2024-10-31,lecture,absent
STU0562,2024-11-18,lecture,present
STU0562,2024-11-22,lecture,absent
STU0562,2024-12-23,mentoring,present
STU0563,2024-03-11,mentoring,present
STU0563,2024-05-20,lab,present
STU0563,2024-07-02,lecture,present
STU0563,2024-07-03,lab,present
STU0563,2024-07-15,lecture,present
STU0563,2024-07-16,lab,absent
STU0563,2024-08-12,mentoring,present
STU0563,2024-08-20,lecture,present
STU0563,2024-08-28,mentoring,late
STU0563,2024-10-22,lecture,present
STU0563,2024-12-17,lecture,late
STU0563,2025-01-15,lecture,present
STU0564,2024-09-25,lecture,present
STU0564,2024-09-26,lab,present
STU0564,2024-10-03,lecture,present
STU0564,2024-10-24,lab,absent
STU0564,2024-11-18,lab,present
STU0564,2024-11-28,lab,present
STU0564,2024-12-18,mentoring,late
STU0564,2025-01-06,lecture,present
STU0564,2025-01-09,lecture,present
STU0565,2023-01-31,lecture,present
STU0565,2023-02-21,lab,present
STU0565,2023-03-14,lab,absent
STU0565,2023-03-30,lecture,late
STU0565,2023-05-02,lab,present
STU0565,2023-05-16,lab,present
STU0565,2023-05-25,mentoring,late
STU0565,2023-06-07,mentoring,present
STU0565,2023-06-19,lecture,present
STU0565,2023-06-23,lab,present
STU0565,2023-06-30,lab,present
STU0565,2023-07-14,lecture,present
STU0565,2023-07-27,mentoring,present
STU0565,2023-08-23,lab,absent
STU0565,2023-09-11,lecture,present
STU0565,2023-09-15,lecture,present
STU0565,2023-10-25,lab,present
STU0565,2023-10-27,lecture,present
STU0565,2023-10-30,lab,present
STU0565,2023-12-08,lecture,absent
STU0565,2023-12-19,lab,present
STU0565,2023-12-26,lab,present
STU0565,2023-12-27,mentoring,present
STU0565,2024-01-09,lecture,absent
STU0565,2024-02-01,lab,present
STU0565,2024-02-08,lab,present
STU0565,2024-02-12,lecture,present
STU0565,2024-02-13,lab,absent
STU0565,2024-02-15,lecture,present
STU0565,2024-02-29,mentoring,absent
STU0565,2024-03-13,lecture,present
STU0565,2024-03-21,lecture,present
STU0565,2024-05-31,mentoring,present
STU0565,2024-06-10,lecture,present
STU0565,2024-06-27,mentoring,present
STU0565,2024-07-11,mentoring,absent
STU0565,2024-07-15,lab,present
STU0565,2024-07-24,lecture,present
STU0565,2024-07-30,lecture,late
STU0565,2024-07-31,lab,present
STU0565,2024-08-19,lecture,present
STU0565,2024-08-29,lab,present
STU0565,2024-09-02,mentoring,present
STU0565,2024-09-06,lecture,present
STU0565,2024-10-16,lecture,absent
STU0565,2024-10-22,lecture,present
STU0565,2024-10-31,lab,late
STU0565,2024-12-03,mentoring,late
STU0565,2024-12-16,lecture,present
STU0565,2024-12-18,mentoring,absent
STU0565,2025-01-07,lecture,late
STU0566,2023-10-09,lab,present
STU0566,2023-11-23,mentoring,late
STU0566,2023-12-15,lecture,absent
STU0566,2023-12-26,lab,late
STU0566,2024-02-07,lab,present
STU0566,2024-02-26,lecture,present
STU0566,2024-03-22,mentoring,present
STU0566,2024-04-04,lab,present
STU0566,2024-04-18,lab,present
STU0566,2024-04-23,mentoring,present
STU0566,2024-05-14,mentoring,present
STU0566,2024-05-24,lab,present
STU0566,2024-05-28,mentoring,present
STU0566,2024-06-05,lecture,present
STU0566,2024-06-19,lab,present
STU0566,2024-07-12,lab,present
STU0566,2024-08-02,mentoring,present
STU0566,2024-08-12,lecture,late
STU0566,2024-08-21,lab,present
STU0566,2024-08-23,mentoring,late
STU0566,2024-08-26,lecture,present
STU0566,2024-12-02,mentoring,present
STU0566,2024-12-10,mentoring,present
STU0566,2024-12-11,lecture,present
STU0566,2024-12-26,mentoring,present
STU0567,2024-02-20,mentoring,absent
STU0567,2024-03-27,mentoring,absent
STU0567,2024-04-01,lab,present
STU0567,2024-04-05,lab,absent
STU0567,2024-04-24,mentoring,late
STU0567,2024-05-02,lab,present
STU0567,2024-07-08,lecture,late
STU0567,2024-07-12,mentoring,present
STU0567,2024-07-19,lecture,present
STU0567,2024-08-13,lab,present
STU0567,2024-09-11,lecture,present
STU0567,2024-09-18,lab,present
STU0567,2024-09-19,mentoring,late
STU0567,2024-09-25,mentoring,absent
STU0567,2024-10-21,lab,present
STU0567,2024-11-21,lab,present
STU0567,2024-11-29,lab,present
STU0567,2024-12-11,mentoring,absent
STU0568,2024-08-29,mentoring,absent
STU0568,2024-11-05,mentoring,present
STU0568,2024-11-13,mentoring,present
STU0568,2024-11-14,lecture,late
STU0568,2024-11-15,lab,present
STU0568,2024-12-09,lecture,present
STU0568,2024-12-25,lab,present
STU0568,2025-01-01,lab,present
STU0568,2025-01-03,lecture,present
STU0569,2023-02-27,lab,present
STU0569,2023-03-20,lab,late
STU0569,2023-04-27,lecture,present
STU0569,2023-05-01,lab,present
STU0569,2023-06-12,lab,present
STU0569,2023-07-28,lab,present
STU0569,2023-08-16,lecture,present
STU0569,2023-08-23,lab,present
STU0569,2023-09-19,lecture,late
STU0569,2023-10-06,lecture,present
STU0569,2023-10-27,mentoring,present
STU0569,2023-11-03,lab,present
STU0569,2023-11-09,lecture,present
STU0569,2023-12-14,mentoring,present
STU0569,2023-12-19,mentoring,present
STU0569,2023-12-27,mentoring,present
STU0569,2024-03-26,lecture,present
STU0569,2024-03-29,mentoring,present
STU0569,2024-04-15,lecture,present
STU0569,2024-05-10,mentoring,late
STU0569,2024-05-15,lecture,present
STU0569,2024-05-27,lecture,present
STU0569,2024-06-07,mentoring,present
STU0569,2024-08-13,lab,present
STU0569,2024-09-02,lecture,present
STU0569,2024-09-13,lecture,late
STU0569,2024-10-17,lab,present
STU0569,2024-11-06,lab,present
STU0569,2024-11-13,lecture,present
STU0569,2024-11-18,mentoring,absent
STU0569,2024-11-21,lab,present
STU0569,2024-12-09,lab,absent
STU0570,2023-08-09,lecture,late
STU0570,2023-08-16,lecture,present
STU0570,2023-09-14,lab,present
STU0570,2023-10-16,lab,present
STU0570,2023-10-31,lecture,present
STU0570,2023-11-23,lab,present
STU0570,2023-11-27,lecture,present
STU0570,2023-12-14,mentoring,present
STU0570,2023-12-15,lecture,present
STU0570,2023-12-27,lecture,present
STU0570,2024-01-05,lab,present
STU0570,2024-01-29,mentoring,absent
STU0570,2024-02-05,lab,late
STU0570,2024-02-07,mentoring,absent
STU0570,2024-02-21,mentoring,present
STU0570,2024-02-27,lecture,present
STU0570,2024-03-08,lecture,late
STU0570,2024-03-15,lab,present
STU0570,2024-03-26,lecture,late
STU0570,2024-04-11,mentoring,present
STU0570,2024-06-13,lecture,present
STU0570,2024-07-02,lab,present
STU0570,2024-07-31,mentoring,present
STU0570,2024-08-05,mentoring,present
STU0570,2024-09-24,mentoring,present
STU0570,2024-09-26,lab,present
STU0570,2024-10-15,lecture,present
STU0570,2024-11-01,mentoring,present
STU0570,2024-11-11,mentoring,present
STU0570,2024-11-21,mentoring,present
STU0570,2024-12-30,lab,present
STU0570,2025-01-09,lecture,present
STU0570,2025-01-10,lab,present
STU0571,2024-03-07,lecture,present
STU0571,2024-03-19,lab,present
STU0571,2024-05-08,mentoring,present
STU0571,2024-05-09,lecture,late
STU0571,2024-06-27,lab,present
STU0571,2024-07-10,lab,late
STU0571,2024-07-17,lab,present
STU0571,2024-07-19,mentoring,present
STU0571,2024-07-25,mentoring,present
STU0571,2024-08-07,mentoring,absent
STU0571,2024-09-25,mentoring,present
STU0571,2024-09-26,lecture,present
STU0571,2024-10-01,mentoring,present
STU0571,2024-10-02,lecture,absent
STU0571,2024-10-24,lecture,present
STU0571,2024-11-08,lab,present
STU0571,2024-11-13,lab,present
STU0571,2024-11-27,lab,late
STU0571,2024-12-25,lecture,present
STU0571,2024-12-26,lab,present
STU0571,2024-12-31,lecture,absent
STU0572,2024-09-12,lecture,present
STU0572,2024-09-18,lab,present
STU0572,2024-10-24,lecture,present
STU0572,2024-10-31,lab,present
STU0572,2024-11-06,mentoring,present
STU0572,2024-11-29,mentoring,absent
STU0572,2024-12-26,lecture,present
STU0573,2023-03-03,lecture,present
STU0573,2023-04-13,mentoring,late
STU0573,2023-04-28,mentoring,present
STU0573,2023-05-01,lecture,present
STU0573,2023-05-03,mentoring,present
STU0573,2023-05-16,lecture,present
STU0573,2023-05-17,lab,present
STU0573,2023-05-24,lab,absent
STU0573,2023-05-25,mentoring,present
STU0573,2023-06-08,lab,present
STU0573,2023-06-14,lab,present
STU0573,2023-06-28,mentoring,late
STU0573,2023-08-11,lab,present
STU0573,2023-09-28,lecture,present
STU0573,2023-10-10,mentoring,present
STU0573,2023-10-16,lab,absent
STU0573,2023-10-18,mentoring,present
STU0573,2023-10-30,lecture,present
STU0573,2023-11-24,mentoring,absent
STU0573,2024-01-03,lab,present
STU0573,2024-02-05,mentoring,late
STU0573,2024-02-07,lecture,late
STU0573,2024-02-13,mentoring,present
STU0573,2024-05-22,mentoring,present
STU0573,2024-06-03,lecture,absent
STU0573,2024-06-04,lab,present
STU0573,2024-08-16,mentoring,absent
STU0573,2024-08-26,mentoring,late
STU0573,2024-09-24,lab,present
STU0573,2024-12-16,lab,present
STU0574,2023-10-27,mentoring,present
STU0574,2023-11-06,lecture,present
STU0574,2023-12-28,lab,present
STU0574,2024-01-29,lecture,absent
STU0574,2024-02-27,lab,present
STU0574,2024-03-19,lab,present
STU0574,2024-04-08,mentoring,present
STU0574,2024-05-24,lab,present
STU0574,2024-06-04,mentoring,present
STU0574,2024-07-02,mentoring,present
STU0574,2024-07-03,lecture,present
STU0574,2024-07-22,lecture,present
STU0574,2024-08-02,lab,absent
STU0574,2024-08-12,lab,present
STU0574,2024-08-21,mentoring,absent
STU0574,2024-09-04,lecture,present
STU0574,2024-09-18,mentoring,present
STU0574,2024-10-02,mentoring,present
STU0574,2024-11-12,lecture,present
STU0574,2024-12-16,lecture,late
STU0574,2025-01-09,lecture,present
STU0575,2024-02-12,lecture,absent
STU0575,2024-02-15,lecture,late
STU0575,2024-02-23,lecture,present
STU0575,2024-03-01,mentoring,late
STU0575,2024-04-10,lab,present
STU0575,2024-05-21,mentoring,present
STU0575,2024-05-27,lab,late
STU0575,2024-05-30,lecture,present
STU0575,2024-06-10,lecture,late
STU0575,2024-06-12,mentoring,absent
STU0575,2024-06-26,lab,present
STU0575,2024-08-08,mentoring,present
STU0575,2024-08-21,lecture,present
STU0575,2024-09-11,lab,present
STU0575,2024-09-18,lecture,present
STU0575,2024-10-22,mentoring,absent
STU0575,2024-11-08,lecture,present
STU0575,2024-11-25,mentoring,late
STU0575,2024-11-28,lab,present
STU0575,2024-12-24,lecture,present
STU0575,2024-12-30,lab,present
STU0576,2024-08-21,lab,absent
STU0576,2024-08-28,lecture,late
STU0576,2024-09-06,lecture,present
STU0576,2024-09-12,lab,present
STU0576,2024-10-22,lecture,late
STU0576,2024-12-30,lab,present
STU0576,2025-01-08,lab,present
STU0577,2023-03-14,mentoring,present
STU0577,2023-03-17,mentoring,absent
STU0577,2023-04-13,mentoring,present
STU0577,2023-05-16,lab,present
STU0577,2023-05-26,mentoring,present
STU0577,2023-06-05,lab,present
STU0577,2023-06-29,mentoring,present
STU0577,2023-07-25,mentoring,present
STU0577,2023-08-14,lecture,present
STU0577,2023-09-28,lecture,present
STU0577,2023-10-13,lecture,present
STU0577,2023-11-10,lab,present
STU0577,2023-11-28,lab,absent
STU0577,2023-12-28,lab,present
STU0577,2024-01-22,mentoring,present
STU0577,2024-01-26,lecture,late
STU0577,2024-02-09,lecture,present
STU0577,2024-02-22,mentoring,present
STU0577,2024-03-13,lab,absent
STU0577,2024-03-20,mentoring,late
STU0577,2024-04-12,lecture,present
STU0577,2024-04-16,mentoring,present
STU0577,2024-04-29,mentoring,present
STU0577,2024-05-16,lecture,absent
STU0577,2024-05-17,lab,present
STU0577,2024-05-23,lab,absent
STU0577,2024-05-31,mentoring,absent
STU0577,2024-06-14,lab,present
STU0577,2024-06-27,lecture,absent
STU0577,2024-07-04,lab,present
STU0577,2024-07-05,mentoring,present
STU0577,2024-07-16,lecture,present
STU0577,2024-09-11,lab,present
STU0577,2024-09-17,lecture,present
STU0577,2024-10-17,mentoring,absent
STU0577,2024-11-04,lab,present
STU0577,2024-11-22,mentoring,present
STU0577,2024-12-05,mentoring,present
STU0577,2024-12-11,mentoring,present
STU0578,2023-10-31,mentoring,present
STU0578,2023-11-01,lecture,present
STU0578,2023-11-27,lab,late
STU0578,2023-12-12,lab,present
STU0578,2024-01-29,lecture,present
STU0578,2024-02-09,lecture,present
STU0578,2024-03-05,lecture,present
STU0578,2024-03-14,lecture,late
STU0578,2024-03-18,mentoring,present
STU0578,2024-05-06,mentoring,absent
STU0578,2024-05-08,lab,present
STU0578,2024-05-28,lecture,present
STU0578,2024-05-29,lab,present
STU0578,2024-05-30,mentoring,late
STU0578,2024-06-07,mentoring,late
STU0578,2024-06-14,lab,present
STU0578,2024-06-19,lab,present
STU0578,2024-07-01,mentoring,late
STU0578,2024-07-23,mentoring,present
STU0578,2024-07-31,lab,absent
STU0578,2024-08-02,mentoring,present
STU0578,2024-08-20,mentoring,late
STU0578,2024-09-05,mentoring,absent
STU0578,2024-11-12,mentoring,late
STU0578,2024-12-17,mentoring,late
STU0578,2025-01-07,lecture,present
STU0579,2024-03-28,lecture,present
STU0579,2024-04-10,lecture,present
STU0579,2024-04-25,lecture,present
STU0579,2024-05-14,mentoring,present
STU0579,2024-05-21,lab,present
STU0579,2024-05-31,mentoring,present
STU0579,2024-11-06,lecture,absent
STU0579,2024-11-07,lab,absent
STU0579,2024-11-13,mentoring,present
STU0579,2024-11-20,mentoring,absent
STU0579,2024-11-29,mentoring,absent
STU0579,2024-12-05,lab,present
STU0579,2024-12-11,lab,late
STU0579,2024-12-25,mentoring,present
STU0580,2024-08-09,lecture,present
STU0580,2024-08-26,lecture,present
STU0580,2024-09-09,lab,absent
STU0580,2024-09-17,lecture,present
STU0580,2024-10-16,mentoring,present
STU0580,2024-12-11,lecture,late
STU0581,2023-02-07,lab,absent
STU0581,2023-02-22,mentoring,present
STU0581,2023-02-27,lab,present
STU0581,2023-03-09,lab,present
STU0581,2023-04-21,mentoring,absent
STU0581,2023-04-25,lab,present
STU0581,2023-05-02,lab,present
STU0581,2023-06-28,lecture,present
STU0581,2023-07-12,lecture,present
STU0581,2023-09-06,mentoring,present
STU0581,2023-09-22,lecture,present
STU0581,2023-10-16,lecture,absent
STU0581,2023-11-06,lab,present
STU0581,2023-12-08,lecture,present
STU0581,2023-12-11,lab,late
STU0581,2023-12-20,lecture,present
STU0581,2023-12-28,lecture,absent
STU0581,2023-12-29,lab,present
STU0581,2024-01-22,lab,late
STU0581,2024-01-30,lecture,present
STU0581,2024-02-06,lab,present
STU0581,2024-02-13,lab,present
STU0581,2024-03-11,mentoring,late
STU0581,2024-03-14,lecture,absent
STU0581,2024-03-25,lecture,present
STU0581,2024-03-28,mentoring,present
STU0581,2024-05-06,mentoring,present
STU0581,2024-05-16,mentoring,present
STU0581,2024-05-22,lecture,present
STU0581,2024-05-30,lab,present
STU0581,2024-06-10,mentoring,present
STU0581,2024-06-17,mentoring,absent
STU0581,2024-07-03,mentoring,present
STU0581,2024-07-05,lecture,present
STU0581,2024-07-26,lab,present
STU0581,2024-09-05,mentoring,absent
STU0581,2024-10-03,lab,present
STU0581,2024-10-17,mentoring,present
STU0581,2024-11-14,mentoring,absent
STU0581,2024-11-19,mentoring,present
STU0581,2024-12-06,mentoring,late
STU0581,2024-12-31,lab,present
STU0582,2023-10-05,mentoring,present
STU0582,2023-10-18,mentoring,late
STU0582,2023-10-20,lecture,absent
STU0582,2023-10-30,mentoring,present
STU0582,2023-11-03,lab,late
STU0582,2023-11-08,lecture,present
STU0582,2023-11-10,mentoring,absent
STU0582,2023-11-17,lab,present
STU0582,2023-11-21,lecture,present
STU0582,2023-12-28,mentoring,present
STU0582,2024-01-01,lab,late
STU0582,2024-01-10,mentoring,present
STU0582,2024-01-16,lab,absent
STU0582,2024-01-17,mentoring,present
STU0582,2024-02-06,lab,present
STU0582,2024-03-12,lecture,present
STU0582,2024-03-21,lecture,present
STU0582,2024-03-27,mentoring,present
STU0582,2024-04-02,lab,present
STU0582,2024-04-09,lecture,late
STU0582,2024-05-15,mentoring,present
STU0582,2024-06-04,mentoring,present
STU0582,2024-07-01,mentoring,present
STU0582,2024-09-09,mentoring,present
STU0582,2024-09-16,lecture,present
STU0582,2024-10-15,mentoring,present
STU0582,2024-10-22,lab,absent
STU0582,2024-11-28,lab,present
STU0582,2024-12-13,lab,present
STU0582,2025-01-01,mentoring,present
STU0583,2024-02-08,lecture,late
STU0583,2024-02-26,mentoring,late
STU0583,2024-02-28,lab,absent
STU0583,2024-03-14,lecture,late
STU0583,2024-04-22,mentoring,absent
STU0583,2024-06-13,mentoring,present
STU0583,2024-07-08,lecture,absent
STU0583,2024-07-18,mentoring,present
STU0583,2024-07-22,lab,absent
STU0583,2024-07-30,lecture,late
STU0583,2024-08-01,lab,late
STU0583,2024-08-08,lab,late
STU0583,2024-08-15,lab,absent
STU0583,2024-08-21,lab,present
STU0583,2024-08-28,lab,present
STU0583,2024-09-24,lecture,present
STU0583,2024-10-04,lab,present
STU0583,2024-10-23,mentoring,present
STU0583,2024-11-19,lecture,present
STU0583,2024-11-27,mentoring,present
STU0583,2024-11-29,lecture,present
STU0583,2024-12-04,mentoring,present
STU0583,2024-12-09,lab,present
STU0584,2024-10-14,lab,present
STU0584,2024-11-06,lab,present
STU0584,2024-11-28,mentoring,present
STU0584,2024-12-20,lecture,present
STU0584,2025-01-06,mentoring,present
STU0585,2023-03-31,lab,absent
STU0585,2023-05-12,lecture,present
STU0585,2023-05-23,lab,present
STU0585,2023-07-06,lecture,late
STU0585,2023-07-11,mentoring,present
STU0585,2023-07-14,lab,present
STU0585,2023-08-22,lecture,present
STU0585,2023-10-03,mentoring,present
STU0585,2023-10-12,mentoring,absent
STU0585,2023-11-27,lab,present
STU0585,2023-12-22,lab,present
STU0585,2024-01-08,lab,present
STU0585,2024-01-18,lecture,present
STU0585,2024-02-23,lab,present
STU0585,2024-02-27,mentoring,present
STU0585,2024-03-15,lab,present
STU0585,2024-04-08,mentoring,present
STU0585,2024-05-07,lecture,present
STU0585,2024-05-14,mentoring,absent
STU0585,2024-05-17,lab,present
STU0585,2024-06-18,lecture,present
STU0585,2024-06-25,lecture,present
STU0585,2024-07-08,lecture,present
STU0585,2024-08-05,lecture,present
STU0585,2024-08-13,lab,late
STU0585,2024-09-05,mentoring,present
STU0585,2024-09-23,lecture,present
STU0585,2024-11-01,lab,present
STU0585,2024-12-30,lecture,absent
STU0586,2023-07-31,lecture,present
STU0586,2023-09-25,lecture,present
STU0586,2023-11-06,lecture,late
STU0586,2023-11-13,lecture,present
STU0586,2024-01-04,lecture,present
STU0586,2024-01-29,lecture,absent
STU0586,2024-02-05,lecture,late
STU0586,2024-03-07,lab,present
STU0586,2024-03-08,mentoring,late
STU0586,2024-03-18,mentoring,present
STU0586,2024-03-21,lecture,late
STU0586,2024-04-15,lab,absent
STU0586,2024-05-14,mentoring,present
STU0586,2024-06-05,lab,present
STU0586,2024-07-05,lab,present
STU0586,2024-07-31,mentoring,present
STU0586,2024-08-09,lab,late
STU0586,2024-08-14,lecture,present
STU0586,2024-08-23,lecture,present
STU0586,2024-09-09,lab,present
STU0586,2024-09-17,lecture,present
STU0586,2024-09-18,lab,present
STU0586,2024-09-30,lab,present
STU0586,2024-10-08,mentoring,present
STU0586,2024-10-22,mentoring,present
STU0586,2024-10-28,lab,present
STU0586,2024-11-14,mentoring,present
STU0586,2024-12-13,mentoring,present
STU0586,2024-12-18,lecture,present
STU0586,2024-12-26,mentoring,present
STU0586,2024-12-27,lecture,present
STU0586,2024-12-31,lab,present
STU0587,2024-01-18,lecture,present
STU0587,2024-02-06,lecture,absent
STU0587,2024-02-09,mentoring,present
STU0587,2024-03-01,mentoring,present
STU0587,2024-04-23,lab,present
STU0587,2024-04-25,mentoring,absent
STU0587,2024-05-07,lab,late
STU0587,2024-05-20,mentoring,present
STU0587,2024-06-07,lecture,absent
STU0587,2024-06-27,lecture,late
STU0587,2024-07-25,lab,absent
STU0587,2024-08-14,mentoring,present
STU0587,2024-08-20,lecture,present
STU0587,2024-09-05,lecture,late
STU0587,2024-09-06,lab,present
STU0587,2024-10-28,lab,late
STU0587,2024-10-29,mentoring,present
STU0587,2024-10-30,lecture,present
STU0587,2024-11-19,lecture,present
STU0587,2024-11-27,lab,late
STU0587,2024-12-05,mentoring,late
STU0587,2025-01-09,lab,late
STU0587,2025-01-13,lecture,absent
STU0588,2024-09-16,mentoring,late
STU0588,2024-10-08,lecture,late
STU0588,2024-10-14,mentoring,present
STU0588,2025-01-01,lab,late
STU0588,2025-01-10,mentoring,late
STU0589,2023-02-14,lab,late
STU0589,2023-02-15,mentoring,present
STU0589,2023-02-28,lecture,present
STU0589,2023-03-02,lab,present
STU0589,2023-03-30,lab,present
STU0589,2023-05-30,lab,present
STU0589,2023-06-26,mentoring,present
STU0589,2023-07-14,lecture,present
STU0589,2023-08-31,lecture,present
STU0589,2023-09-20,mentoring,absent
STU0589,2023-10-11,lecture,present
STU0589,2023-10-17,mentoring,present
STU0589,2023-11-09,lecture,present
STU0589,2023-11-10,lab,present
STU0589,2023-11-28,mentoring,present
STU0589,2023-12-20,mentoring,present
STU0589,2023-12-22,lab,late
STU0589,2024-02-05,lab,present
STU0589,2024-02-21,lecture,present
STU0589,2024-03-04,mentoring,absent
STU0589,2024-03-21,mentoring,present
STU0589,2024-04-01,lab,present
STU0589,2024-04-05,mentoring,present
STU0589,2024-05-21,lab,absent
STU0589,2024-05-22,mentoring,absent
STU0589,2024-05-23,lecture,present
STU0589,2024-05-24,lab,present
STU0589,2024-05-30,mentoring,present
STU0589,2024-05-31,lecture,late
STU0589,2024-06-20,mentoring,present
STU0589,2024-07-26,lecture,absent
STU0589,2024-09-06,mentoring,present
STU0589,2024-09-19,lecture,present
STU0589,2024-10-03,lecture,late
STU0589,2024-10-10,mentoring,present
STU0589,2024-10-24,mentoring,present
STU0589,2024-11-04,lecture,present
STU0589,2024-11-12,lecture,absent
STU0589,2024-11-21,mentoring,late
STU0590,2023-07-26,mentoring,absent
STU0590,2023-07-27,lecture,absent
STU0590,2023-08-16,mentoring,present
STU0590,2023-08-25,mentoring,present
STU0590,2023-09-06,lab,present
STU0590,2023-09-11,lecture,late
STU0590,2023-09-21,lab,present
STU0590,2023-09-29,mentoring,present
STU0590,2023-10-31,mentoring,present
STU0590,2023-11-17,mentoring,present
STU0590,2023-11-23,lab,present
STU0590,2024-01-12,mentoring,late
STU0590,2024-02-15,lecture,present
STU0590,2024-02-19,mentoring,late
STU0590,2024-02-21,lab,present
STU0590,2024-03-08,lab,present
STU0590,2024-03-18,lab,present
STU0590,2024-04-05,lecture,present
STU0590,2024-05-02,lab,absent
STU0590,2024-05-15,lecture,present
STU0590,2024-06-05,lab,late
STU0590,2024-06-11,lab,present
STU0590,2024-06-13,mentoring,present
STU0590,2024-06-20,mentoring,present
STU0590,2024-08-16,lab,late
STU0590,2024-09-06,lecture,present
STU0590,2024-09-24,lab,present
STU0590,2024-10-11,mentoring,present
STU0590,2024-11-05,mentoring,present
STU0590,2024-11-06,lecture,absent
STU0590,2024-11-11,lecture,present
STU0590,2024-11-14,mentoring,late
STU0590,2024-11-15,lecture,present
STU0590,2024-11-27,lecture,present
STU0590,2024-12-18,mentoring,absent
STU0590,2024-12-24,mentoring,present
STU0590,2025-01-14,lab,late
STU0591,2024-02-01,mentoring,present
STU0591,2024-02-08,mentoring,absent
STU0591,2024-02-20,lab,present
STU0591,2024-02-23,lab,present
STU0591,2024-03-18,mentoring,present
STU0591,2024-03-20,lab,present
STU0591,2024-05-17,lecture,present
STU0591,2024-05-23,lecture,present
STU0591,2024-05-28,mentoring,present
STU0591,2024-06-05,mentoring,present
STU0591,2024-06-13,lecture,present
STU0591,2024-06-27,mentoring,present
STU0591,2024-07-26,lecture,present
STU0591,2024-09-16,mentoring,late
STU0591,2024-09-17,lecture,absent
STU0591,2024-11-06,lab,present
STU0591,2024-11-12,mentoring,present
STU0591,2024-11-18,mentoring,present
STU0591,2024-12-10,lab,present
STU0591,2024-12-30,lab,present
STU0591,2025-01-03,lecture,present
STU0592,2024-08-28,lecture,present
STU0592,2024-08-29,lab,late
STU0592,2024-09-23,lecture,present
STU0592,2024-10-08,mentoring,present
STU0592,2024-12-13,mentoring,late
STU0592,2024-12-19,lecture,absent
STU0593,2023-02-28,lecture,absent
STU0593,2023-03-14,lab,present
STU0593,2023-03-16,mentoring,present
STU0593,2023-03-24,lecture,late
STU0593,2023-04-12,lecture,present
STU0593,2023-04-26,lecture,present
STU0593,2023-05-04,lecture,present
STU0593,2023-05-19,lab,late
STU0593,2023-05-26,lecture,present
STU0593,2023-06-30,lecture,present
STU0593,2023-07-07,lab,late
STU0593,2023-07-10,mentoring,present
STU0593,2023-08-17,lab,present
STU0593,2023-08-21,mentoring,present
STU0593,2023-09-13,lab,present
STU0593,2023-09-19,lecture,present
STU0593,2023-10-02,mentoring,absent
STU0593,2023-10-17,lecture,present
STU0593,2023-11-24,lab,present
STU0593,2023-12-22,lecture,present
STU0593,2024-02-05,lab,present
STU0593,2024-02-23,mentoring,absent
STU0593,2024-03-05,lab,present
STU0593,2024-03-15,lecture,late
STU0593,2024-06-05,lab,late
STU0593,2024-08-15,mentoring,present
STU0593,2024-08-26,mentoring,present
STU0593,2024-10-08,mentoring,present
STU0593,2024-10-21,lecture,present
STU0593,2024-10-30,lab,absent
STU0593,2024-11-28,lab,present
STU0593,2024-12-25,lecture,present
STU0594,2023-10-18,lecture,absent
STU0594,2023-10-27,lecture,present
STU0594,2023-11-03,mentoring,absent
STU0594,2023-11-09,lecture,present
STU0594,2023-12-13,lab,present
STU0594,2023-12-19,mentoring,present
STU0594,2023-12-22,lecture,present
STU0594,2023-12-25,lab,absent
STU0594,2024-01-04,lab,late
STU0594,2024-01-10,lecture,present
STU0594,2024-02-07,mentoring,late
STU0594,2024-03-04,mentoring,present
STU0594,2024-03-27,mentoring,present
STU0594,2024-03-29,lab,present
STU0594,2024-04-23,lab,absent
STU0594,2024-04-24,mentoring,present
STU0594,2024-05-02,lab,present
STU0594,2024-05-16,lecture,present
STU0594,2024-06-03,mentoring,late
STU0594,2024-08-01,lab,present
STU0594,2024-08-02,mentoring,absent
STU0594,2024-08-12,lecture,late
STU0594,2024-09-02,lab,present
STU0594,2024-09-09,lab,present
STU0594,2024-09-12,lab,present
STU0594,2024-09-19,mentoring,present
STU0594,2024-09-24,mentoring,present
STU0594,2024-10-17,lecture,present
STU0594,2024-10-29,lecture,present
STU0594,2024-10-30,lab,present
STU0594,2024-11-20,mentoring,absent
STU0594,2024-11-26,lab,present
STU0594,2024-12-06,mentoring,late
STU0595,2024-03-18,lecture,present
STU0595,2024-03-20,lab,absent
STU0595,2024-04-11,lab,present
STU0595,2024-05-17,mentoring,present
STU0595,2024-06-21,lecture,present
STU0595,2024-07-02,lab,present
STU0595,2024-07-17,mentoring,present
STU0595,2024-08-13,mentoring,present
STU0595,2024-08-19,mentoring,late
STU0595,2024-08-29,lecture,late
STU0595,2024-08-30,lab,present
STU0595,2024-09-02,mentoring,absent
STU0595,2024-09-24,mentoring,present
STU0595,2024-09-30,lab,present
STU0595,2024-10-11,lecture,late
STU0595,2024-10-15,mentoring,present
STU0595,2024-12-04,mentoring,late
STU0595,2024-12-06,lecture,present
STU0595,2024-12-27,lecture,late
STU0596,2024-08-05,lecture,late
STU0596,2024-09-24,lecture,absent
STU0596,2024-10-02,mentoring,present
STU0596,2024-10-08,lab,present
STU0596,2024-10-22,mentoring,absent
STU0596,2024-10-24,lab,present
STU0596,2024-10-30,lecture,absent
STU0596,2024-11-14,lab,present
STU0596,2024-11-21,lecture,absent
STU0596,2024-11-28,mentoring,absent
STU0596,2024-12-03,lab,present
STU0596,2024-12-13,lecture,present
STU0596,2024-12-19,lab,present
STU0596,2025-01-02,mentoring,present
STU0596,2025-01-14,lecture,present
STU0597,2023-02-09,lab,present
STU0597,2023-03-09,lecture,present
STU0597,2023-03-20,mentoring,present
STU0597,2023-03-22,lab,present
STU0597,2023-05-02,lab,absent
STU0597,2023-07-06,lecture,present
STU0597,2023-07-21,lecture,late
STU0597,2023-08-23,lecture,absent
STU0597,2023-08-24,lab,late
STU0597,2023-08-29,lecture,present
STU0597,2023-09-15,lab,present
STU0597,2023-09-22,lecture,present
STU0597,2023-10-12,mentoring,present
STU0597,2023-10-27,lecture,present
STU0597,2023-11-23,lab,present
STU0597,2023-12-08,lecture,late
STU0597,2024-01-02,mentoring,present
STU0597,2024-01-19,lab,present
STU0597,2024-02-07,mentoring,present
STU0597,2024-02-09,lab,present
STU0597,2024-02-14,lab,absent
STU0597,2024-02-28,mentoring,present
STU0597,2024-04-15,lab,present
STU0597,2024-05-13,mentoring,present
STU0597,2024-06-12,lecture,late
STU0597,2024-07-03,lecture,absent
STU0597,2024-07-08,lecture,late
STU0597,2024-09-20,mentoring,late
STU0597,2024-10-14,lecture,present
STU0597,2024-11-20,mentoring,late
STU0597,2024-11-21,lecture,present
STU0597,2024-11-22,lab,present
STU0597,2024-12-26,lecture,late
STU0597,2025-01-14,lab,late
STU0598,2023-08-14,mentoring,present
STU0598,2023-08-15,lecture,present
STU0598,2023-09-05,lecture,absent
STU0598,2023-10-16,lab,present
STU0598,2023-10-23,lecture,present
STU0598,2023-10-30,mentoring,present
STU0598,2023-11-09,mentoring,present
STU0598,2023-11-14,lab,present
STU0598,2023-12-04,mentoring,present
STU0598,2024-02-05,lecture,present
STU0598,2024-02-12,lecture,present
STU0598,2024-02-16,lab,present
STU0598,2024-05-24,lab,present
STU0598,2024-05-27,mentoring,absent
STU0598,2024-06-11,lecture,late
STU0598,2024-07-25,mentoring,absent
STU0598,2024-08-13,lecture,present
STU0598,2024-10-11,mentoring,present
STU0598,2024-10-16,lab,present
STU0598,2024-11-07,mentoring,absent
STU0598,2024-11-11,lab,late
STU0598,2024-11-13,mentoring,present
STU0598,2024-11-19,lab,present
STU0598,2024-12-23,mentoring,present
STU0598,2025-01-06,lecture,present
STU0599,2024-02-28,lab,absent
STU0599,2024-04-01,lecture,present
STU0599,2024-04-09,lab,present
STU0599,2024-05-01,lecture,absent
STU0599,2024-06-14,lecture,present
STU0599,2024-06-17,lab,present
STU0599,2024-06-24,lecture,present
STU0599,2024-06-27,lecture,present
STU0599,2024-06-28,lab,late
STU0599,2024-07-05,lab,present
STU0599,2024-08-06,lab,present
STU0599,2024-08-08,mentoring,present
STU0599,2024-09-20,lab,absent
STU0599,2024-10-11,lecture,present
STU0599,2024-10-16,mentoring,late
STU0599,2024-10-22,lab,present
STU0599,2024-10-30,mentoring,present
STU0599,2025-01-02,mentoring,absent
STU0600,2024-09-19,lab,late
STU0600,2024-11-08,lecture,present
STU0600,2025-01-02,lecture,present
STU0601,2023-03-07,lecture,present
STU0601,2023-03-16,lab,present
STU0601,2023-03-24,mentoring,present
STU0601,2023-04-13,lab,absent
STU0601,2023-04-26,lecture,absent
STU0601,2023-05-09,lab,present
STU0601,2023-05-29,lecture,present
STU0601,2023-05-30,lab,present
STU0601,2023-06-07,mentoring,late
STU0601,2023-06-19,lab,late
STU0601,2023-06-21,lecture,present
STU0601,2023-06-22,lab,late
STU0601,2023-06-28,lecture,late
STU0601,2023-07-13,lecture,present
STU0601,2023-07-25,lecture,late
STU0601,2023-07-28,lecture,late
STU0601,2023-08-03,mentoring,absent
STU0601,2023-08-17,mentoring,present
STU0601,2023-09-21,mentoring,present
STU0601,2023-09-28,mentoring,present
STU0601,2023-10-18,mentoring,present
STU0601,2023-11-27,lab,present
STU0601,2023-12-06,lab,late
STU0601,2023-12-14,lab,present
STU0601,2023-12-22,mentoring,present
STU0601,2024-01-04,lecture,present
STU0601,2024-01-08,mentoring,present
STU0601,2024-01-16,lab,present
STU0601,2024-01-31,lecture,late
STU0601,2024-02-14,lab,present
STU0601,2024-02-27,lecture,present
STU0601,2024-03-18,mentoring,present
STU0601,2024-03-19,lecture,present
STU0601,2024-03-21,mentoring,present
STU0601,2024-06-04,mentoring,absent
STU0601,2024-06-06,lab,present
STU0601,2024-06-27,lab,present
STU0601,2024-07-02,lab,present
STU0601,2024-07-04,lecture,present
STU0601,2024-08-23,lecture,late
STU0601,2024-09-06,mentoring,present
STU0601,2024-09-09,lecture,present
STU0601,2024-09-16,lecture,present
STU0601,2024-10-17,lab,present
STU0601,2024-11-07,lab,present
STU0601,2024-12-30,lecture,absent
STU0602,2023-09-18,lecture,absent
STU0602,2023-09-20,lab,absent
STU0602,2023-10-27,lecture,present
STU0602,2023-11-01,lecture,present
STU0602,2023-11-02,lab,absent
STU0602,2023-12-11,lecture,present
STU0602,2024-01-04,mentoring,absent
STU0602,2024-01-09,lecture,absent
STU0602,2024-01-12,lab,absent
STU0602,2024-01-16,mentoring,present
STU0602,2024-02-02,lab,late
STU0602,2024-02-08,lab,present
STU0602,2024-02-09,mentoring,present
STU0602,2024-03-15,lab,present
STU0602,2024-04-16,mentoring,absent
STU0602,2024-04-29,lab,present
STU0602,2024-05-07,mentoring,late
STU0602,2024-06-17,lecture,late
STU0602,2024-06-20,lecture,present
STU0602,2024-06-25,mentoring,present
STU0602,2024-07-08,lecture,present
STU0602,2024-08-12,lab,present
STU0602,2024-08-22,mentoring,present
STU0602,2024-08-29,lab,present
STU0602,2024-09-19,mentoring,present
STU0602,2024-10-16,lab,late
STU0602,2024-11-20,lecture,late
STU0602,2025-01-10,lab,present
STU0603,2024-03-21,lab,present
STU0603,2024-05-01,lecture,present
STU0603,2024-05-31,lecture,absent
STU0603,2024-06-07,lab,present
STU0603,2024-06-19,lab,present
STU0603,2024-07-02,lab,present
STU0603,2024-07-08,lecture,present
STU0603,2024-10-16,lecture,present
STU0603,2024-10-29,mentoring,present
STU0603,2024-11-01,lecture,present
STU0603,2024-11-13,lecture,late
STU0603,2024-11-15,mentoring,absent
STU0603,2024-11-25,lab,present
STU0603,2024-12-10,lab,present
STU0603,2024-12-19,lab,present
STU0603,2025-01-01,mentoring,absent
STU0603,2025-01-02,lecture,present
STU0604,2024-09-11,lab,present
STU0604,2024-09-23,lecture,absent
STU0604,2024-10-17,mentoring,present
STU0604,2024-11-28,lab,present
STU0604,2024-12-04,lab,late
STU0605,2023-01-24,lecture,late
STU0605,2023-03-01,lecture,present
STU0605,2023-03-21,lecture,late
STU0605,2023-04-03,lecture,late
STU0605,2023-04-25,lab,present
STU0605,2023-06-01,mentoring,present
STU0605,2023-06-02,lecture,present
STU0605,2023-07-06,mentoring,present
STU0605,2023-07-21,lab,present
STU0605,2023-07-31,lab,late
STU0605,2023-08-09,mentoring,present
STU0605,2023-08-17,lecture,present
STU0605,2023-08-23,lecture,present
STU0605,2023-09-12,lab,present
STU0605,2023-09-18,lecture,present
STU0605,2023-10-17,mentoring,absent
STU0605,2023-10-19,lecture,late
STU0605,2023-11-22,lab,present
STU0605,2023-12-05,lab,late
STU0605,2023-12-06,mentoring,absent
STU0605,2023-12-25,mentoring,late
STU0605,2024-01-09,lecture,present
STU0605,2024-01-11,lab,present
STU0605,2024-01-22,lecture,late
STU0605,2024-02-12,lab,present
STU0605,2024-03-15,lecture,present
STU0605,2024-03-22,mentoring,present
STU0605,2024-03-25,lecture,present
STU0605,2024-04-04,mentoring,present
STU0605,2024-04-08,lecture,present
STU0605,2024-04-09,lab,present
STU0605,2024-04-19,lecture,present
STU0605,2024-04-25,mentoring,late
STU0605,2024-05-28,mentoring,present
STU0605,2024-06-05,mentoring,present
STU0605,2024-06-14,mentoring,present
STU0605,2024-07-22,lab,present
STU0605,2024-08-20,lecture,late
STU0605,2024-08-21,lab,present
STU0605,2024-09-25,mentoring,present
STU0605,2024-10-07,mentoring,late
STU0605,2024-10-16,lecture,present
STU0605,2024-10-21,mentoring,late
STU0605,2024-10-31,lecture,present
STU0605,2024-11-06,mentoring,absent
STU0605,2024-11-08,lab,present
STU0605,2024-11-12,mentoring,present
STU0606,2023-08-15,lab,present
STU0606,2023-08-25,lab,present
STU0606,2023-09-26,lecture,present
STU0606,2023-09-27,lab,present
STU0606,2023-10-03,mentoring,late
STU0606,2023-10-10,lab,present
STU0606,2023-10-17,lab,absent
STU0606,2023-10-23,lecture,present
STU0606,2023-11-14,lecture,present
STU0606,2023-12-26,lab,present
STU0606,2024-01-09,lecture,present
STU0606,2024-02-05,lecture,late
STU0606,2024-02-26,lecture,present
STU0606,2024-04-01,mentoring,present
STU0606,2024-05-15,lecture,absent
STU0606,2024-05-27,mentoring,present
STU0606,2024-06-13,mentoring,present
STU0606,2024-07-01,lecture,present
STU0606,2024-08-06,lab,present
STU0606,2024-10-31,mentoring,present
STU0606,2024-11-11,lab,present
STU0606,2024-11-20,mentoring,absent
STU0606,2025-01-13,lecture,absent
STU0606,2025-01-14,lab,present
STU0607,2024-03-28,mentoring,absent
STU0607,2024-04-03,lab,present
STU0607,2024-04-10,mentoring,present
STU0607,2024-04-23,lecture,present
STU0607,2024-05-10,mentoring,late
STU0607,2024-05-20,mentoring,present
STU0607,2024-05-27,lab,present
STU0607,2024-06-27,lecture,late
STU0607,2024-07-03,lab,absent
STU0607,2024-10-28,lab,present
STU0607,2024-10-29,mentoring,present
STU0607,2024-11-14,lab,absent
STU0607,2025-01-15,lecture,present
STU0608,2024-08-05,lab,present
STU0608,2024-08-12,lecture,present
STU0608,2024-08-19,lab,absent
STU0608,2024-08-21,mentoring,absent
STU0608,2024-08-22,lecture,present
STU0608,2024-09-20,lecture,present
STU0608,2025-01-01,mentoring,present
STU0609,2023-03-20,lecture,present
STU0609,2023-04-03,mentoring,present
STU0609,2023-04-12,lab,present
STU0609,2023-04-28,lecture,absent
STU0609,2023-05-08,lecture,present
STU0609,2023-06-28,lecture,present
STU0609,2023-07-20,mentoring,absent
STU0609,2023-08-15,lab,present
STU0609,2023-08-18,lecture,absent
STU0609,2023-09-06,lab,present
STU0609,2023-09-25,mentoring,present
STU0609,2023-10-03,lab,present
STU0609,2023-10-10,mentoring,present
STU0609,2023-11-01,mentoring,present
STU0609,2023-11-30,mentoring,present
STU0609,2023-12-28,lab,absent
STU0609,2024-01-01,mentoring,present
STU0609,2024-01-04,mentoring,absent
STU0609,2024-01-30,lab,absent
STU0609,2024-02-21,mentoring,late
STU0609,2024-03-29,lab,absent
STU0609,2024-04-02,mentoring,present
STU0609,2024-04-12,lecture,present
STU0609,2024-05-28,lecture,present
STU0609,2024-05-31,lecture,late
STU0609,2024-07-05,lab,absent
STU0609,2024-08-13,lecture,present
STU0609,2024-08-30,mentoring,late
STU0609,2024-09-10,mentoring,present
STU0609,2024-09-17,lecture,absent
STU0609,2024-10-02,mentoring,present
STU0609,2024-10-23,mentoring,absent
STU0609,2024-11-05,lecture,present
STU0609,2024-12-05,lab,absent
STU0609,2024-12-30,lecture,present
STU0609,2025-01-10,mentoring,late
STU0609,2025-01-15,lecture,present
STU0610,2023-09-13,mentoring,absent
STU0610,2023-11-02,lecture,absent
STU0610,2023-11-16,mentoring,absent
STU0610,2023-11-22,mentoring,absent
STU0610,2023-11-30,lab,present
STU0610,2023-12-25,lecture,present
STU0610,2024-01-02,lecture,absent
STU0610,2024-01-26,lecture,present
STU0610,2024-03-05,mentoring,present
STU0610,2024-03-22,lecture,present
STU0610,2024-04-05,lab,present
STU0610,2024-04-11,lab,late
STU0610,2024-05-08,lecture,absent
STU0610,2024-05-13,lecture,present
STU0610,2024-05-28,mentoring,present
STU0610,2024-06-03,lab,present
STU0610,2024-06-20,lecture,late
STU0610,2024-06-24,lab,absent
STU0610,2024-07-03,mentoring,late
STU0610,2024-08-01,lecture,present
STU0610,2024-08-06,mentoring,present
STU0610,2024-08-19,lecture,present
STU0610,2024-08-27,lab,present
STU0610,2024-08-29,lecture,present
STU0610,2024-08-30,lab,present
STU0610,2024-09-09,lecture,present
STU0610,2024-09-30,lab,present
STU0610,2024-10-03,mentoring,present
STU0610,2024-10-29,mentoring,late
STU0610,2024-11-01,lab,late
STU0610,2024-11-05,mentoring,late
STU0610,2024-11-19,mentoring,present
STU0610,2024-11-20,lecture,absent
STU0610,2024-12-06,lab,present
STU0610,2024-12-09,mentoring,present
STU0610,2025-01-10,lecture,present
STU0611,2024-06-13,lab,present
STU0611,2024-06-21,lab,late
STU0611,2024-07-31,lecture,present
STU0611,2024-08-01,lab,late
STU0611,2024-08-05,lecture,present
STU0611,2024-08-14,lab,present
STU0611,2024-08-20,lab,late
STU0611,2024-08-29,mentoring,present
STU0611,2024-09-03,mentoring,absent
STU0611,2024-09-05,lecture,present
STU0611,2024-09-24,lab,present
STU0611,2024-09-25,mentoring,present
STU0611,2024-10-24,mentoring,present
STU0611,2024-11-12,lab,present
STU0611,2024-11-20,lecture,present
STU0611,2024-11-25,mentoring,present
STU0611,2024-12-02,lecture,present
STU0611,2024-12-18,lab,present
STU0611,2024-12-24,lab,present
STU0611,2025-01-06,lab,present
STU0611,2025-01-08,lecture,absent
STU0612,2024-08-14,mentoring,absent
STU0612,2024-08-22,lab,present
STU0612,2024-09-02,mentoring,present
STU0612,2024-09-03,lecture,present
STU0612,2024-10-11,lecture,present
STU0612,2024-10-31,lab,late
STU0612,2024-11-14,mentoring,present
STU0612,2024-11-18,lab,late
STU0612,2024-12-17,lecture,present
STU0612,2024-12-25,lab,absent
STU0612,2025-01-14,mentoring,present
STU0613,2023-03-08,lab,present
STU0613,2023-04-04,lecture,present
STU0613,2023-05-31,lab,late
STU0613,2023-06-16,lecture,late
STU0613,2023-07-20,mentoring,late
STU0613,2023-08-10,mentoring,present
STU0613,2023-08-22,lab,present
STU0613,2023-08-24,mentoring,present
STU0613,2023-08-29,mentoring,present
STU0613,2023-09-08,lab,late
STU0613,2023-09-12,mentoring,absent
STU0613,2023-10-12,lecture,present
STU0613,2023-10-26,lecture,present
STU0613,2023-11-03,mentoring,present
STU0613,2023-12-12,lecture,present
STU0613,2024-01-02,mentoring,late
STU0613,2024-03-04,lecture,present
STU0613,2024-03-19,lab,absent
STU0613,2024-04-01,mentoring,present
STU0613,2024-04-03,lab,present
STU0613,2024-05-21,lab,present
STU0613,2024-05-22,mentoring,present
STU0613,2024-06-26,lab,present
STU0613,2024-07-02,lab,absent
STU0613,2024-07-18,lab,present
STU0613,2024-08-16,mentoring,absent
STU0613,2024-08-28,lecture,present
STU0613,2024-09-06,lecture,present
STU0613,2024-10-04,mentoring,present
STU0613,2024-10-09,lab,present
STU0613,2024-10-15,lecture,present
STU0613,2024-11-06,lecture,present
STU0613,2024-11-08,lab,present
STU0613,2024-11-14,lecture,present
STU0613,2024-11-19,mentoring,absent
STU0613,2024-11-25,lecture,late
STU0613,2024-12-06,lab,late
STU0614,2023-09-08,lab,present
STU0614,2023-09-27,mentoring,present
STU0614,2023-11-08,lecture,present
STU0614,2023-11-10,lab,late
STU0614,2023-11-22,lecture,present
STU0614,2023-12-14,lab,present
STU0614,2024-01-22,mentoring,late
STU0614,2024-03-22,lecture,present
STU0614,2024-04-22,lecture,absent
STU0614,2024-04-24,mentoring,present
STU0614,2024-05-02,lecture,present
STU0614,2024-05-03,lab,absent
STU0614,2024-05-20,mentoring,present
STU0614,2024-05-23,lab,late
STU0614,2024-05-24,mentoring,absent
STU0614,2024-06-03,lab,absent
STU0614,2024-06-10,lecture,present
STU0614,2024-06-17,mentoring,present
STU0614,2024-06-18,lecture,present
STU0614,2024-06-27,mentoring,absent
STU0614,2024-06-28,lecture,present
STU0614,2024-07-24,lab,present
STU0614,2024-07-29,lecture,present
STU0614,2024-08-02,lecture,present
STU0614,2024-08-07,lab,present
STU0614,2024-08-14,lab,present
STU0614,2024-08-19,lab,present
STU0614,2024-08-21,lecture,present
STU0614,2024-09-19,lecture,present
STU0614,2024-10-10,lecture,present
STU0614,2024-11-01,mentoring,present
STU0614,2024-11-07,mentoring,present
STU0614,2024-11-18,mentoring,present
STU0614,2024-12-12,lab,late
STU0614,2025-01-09,mentoring,present
STU0615,2024-03-26,mentoring,present
STU0615,2024-04-18,mentoring,present
STU0615,2024-05-20,lab,late
STU0615,2024-05-23,lab,present
STU0615,2024-06-14,lecture,present
STU0615,2024-06-26,mentoring,absent
STU0615,2024-07-11,mentoring,late
STU0615,2024-07-22,lab,present
STU0615,2024-07-23,mentoring,present
STU0615,2024-08-05,lecture,present
STU0615,2024-08-27,lab,present
STU0615,2024-09-11,lecture,present
STU0615,2024-09-23,lab,present
STU0615,2024-10-02,mentoring,present
STU0615,2024-10-22,mentoring,absent
STU0615,2024-11-07,lab,absent
STU0615,2024-11-26,lab,present
STU0615,2024-11-28,mentoring,absent
STU0615,2024-12-24,lab,absent
STU0615,2024-12-26,lecture,absent
STU0616,2024-08-19,lecture,present
STU0616,2024-09-25,lecture,present
STU0616,2024-10-07,lecture,late
STU0616,2024-10-10,mentoring,present
STU0616,2024-10-18,mentoring,present
STU0616,2024-10-28,lecture,present
STU0616,2024-11-06,mentoring,absent
STU0616,2024-11-20,mentoring,present
STU0616,2024-12-17,lecture,absent
STU0616,2024-12-18,lab,present
STU0616,2024-12-24,lab,present
STU0616,2025-01-14,lecture,present
STU0616,2025-01-15,lab,present
STU0617,2023-01-24,lecture,present
STU0617,2023-01-27,mentoring,present
STU0617,2023-06-01,mentoring,absent
STU0617,2023-06-20,lecture,present
STU0617,2023-07-18,mentoring,present
STU0617,2023-08-07,lab,present
STU0617,2023-08-08,mentoring,absent
STU0617,2023-09-06,lecture,present
STU0617,2023-09-20,lab,present
STU0617,2023-09-27,mentoring,present
STU0617,2023-10-02,lecture,absent
STU0617,2023-10-10,lab,present
STU0617,2023-11-17,lecture,present
STU0617,2024-01-10,mentoring,present
STU0617,2024-01-18,lab,present
STU0617,2024-03-01,lab,present
STU0617,2024-03-19,mentoring,present
STU0617,2024-06-05,lab,present
STU0617,2024-06-14,lab,absent
STU0617,2024-06-27,mentoring,present
STU0617,2024-07-01,lecture,late
STU0617,2024-07-19,mentoring,present
STU0617,2024-08-21,mentoring,present
STU0617,2024-09-04,lab,present
STU0617,2024-09-10,lab,late
STU0617,2024-09-16,lab,present
STU0617,2024-11-06,lab,present
STU0617,2024-11-22,lecture,late
STU0617,2024-12-04,mentoring,present
STU0617,2024-12-09,lab,present
STU0617,2024-12-20,mentoring,present
STU0617,2025-01-10,mentoring,late
STU0618,2023-08-11,lab,late
STU0618,2023-08-31,lecture,present
STU0618,2023-09-18,lecture,present
STU0618,2023-10-02,lecture,late
STU0618,2023-10-13,mentoring,present
STU0618,2023-11-28,lab,present
STU0618,2023-12-01,lab,present
STU0618,2023-12-14,mentoring,present
STU0618,2023-12-22,mentoring,late
STU0618,2023-12-26,lab,present
STU0618,2024-01-05,mentoring,present
STU0618,2024-01-29,mentoring,present
STU0618,2024-02-12,lecture,absent
STU0618,2024-02-15,mentoring,present
STU0618,2024-03-14,lab,present
STU0618,2024-03-15,mentoring,late
STU0618,2024-04-17,mentoring,present
STU0618,2024-06-24,lecture,present
STU0618,2024-07-30,mentoring,present
STU0618,2024-09-05,mentoring,late
STU0618,2024-09-11,lab,present
STU0618,2024-09-12,mentoring,present
STU0618,2024-09-23,lecture,present
STU0618,2024-09-30,lab,present
STU0618,2024-10-02,mentoring,present
STU0618,2024-10-23,lab,present
STU0618,2024-11-21,lecture,present
STU0618,2024-12-02,lab,present
STU0618,2025-01-02,lecture,late
STU0618,2025-01-08,mentoring,present
STU0619,2024-03-26,lecture,present
STU0619,2024-04-03,lab,present
STU0619,2024-04-19,mentoring,present
STU0619,2024-05-10,lab,present
STU0619,2024-05-30,lab,present
STU0619,2024-06-07,lecture,present
STU0619,2024-06-25,lab,absent
STU0619,2024-09-06,lab,present
STU0619,2024-09-10,lecture,present
STU0619,2024-09-12,mentoring,absent
STU0619,2024-10-30,lecture,absent
STU0619,2024-11-22,lecture,present
STU0619,2024-12-04,mentoring,late
STU0619,2024-12-20,lecture,present
STU0619,2024-12-30,lecture,present
STU0619,2025-01-15,mentoring,present
STU0620,2024-08-02,lab,present
STU0620,2024-08-27,mentoring,present
STU0620,2024-10-10,lab,present
STU0620,2024-12-06,mentoring,absent
STU0620,2024-12-31,lab,present
STU0620,2025-01-01,mentoring,present
STU0621,2023-02-24,lecture,absent
STU0621,2023-03-01,mentoring,present
STU0621,2023-03-08,lecture,late
STU0621,2023-03-16,mentoring,present
STU0621,2023-04-04,mentoring,absent
STU0621,2023-04-05,lecture,absent
STU0621,2023-04-28,mentoring,late
STU0621,2023-05-03,mentoring,absent
STU0621,2023-05-05,lab,present
STU0621,2023-05-08,mentoring,present
STU0621,2023-05-26,lab,present
STU0621,2023-05-31,lecture,late
STU0621,2023-06-02,mentoring,present
STU0621,2023-06-27,lab,present
STU0621,2023-07-04,mentoring,present
STU0621,2023-07-31,mentoring,absent
STU0621,2023-08-02,lecture,absent
STU0621,2023-08-16,lecture,present
STU0621,2023-08-25,mentoring,present
STU0621,2023-09-01,mentoring,present
STU0621,2023-10-11,lab,present
STU0621,2023-12-12,mentoring,present
STU0621,2024-01-17,mentoring,present
STU0621,2024-02-08,lecture,present
STU0621,2024-04-09,mentoring,late
STU0621,2024-04-10,lecture,late
STU0621,2024-05-03,lecture,late
STU0621,2024-05-10,lecture,absent
STU0621,2024-06-07,lab,present
STU0621,2024-06-21,mentoring,present
STU0621,2024-06-28,mentoring,absent
STU0621,2024-07-12,lab,absent
STU0621,2024-07-17,lab,present
STU0621,2024-07-26,lecture,present
STU0621,2024-08-08,mentoring,present
STU0621,2024-08-14,lecture,present
STU0621,2024-08-15,lab,present
STU0621,2024-08-23,lecture,present
STU0621,2024-09-13,mentoring,present
STU0621,2024-09-19,mentoring,present
STU0621,2024-10-04,mentoring,present
STU0621,2024-11-22,lecture,present
STU0621,2024-12-06,lecture,present
STU0621,2024-12-10,lab,present
STU0621,2024-12-16,mentoring,absent
STU0621,2024-12-23,lecture,present
STU0621,2024-12-27,lecture,absent
STU0621,2025-01-09,mentoring,present
STU0622,2023-10-31,mentoring,present
STU0622,2024-01-03,lecture,present
STU0622,2024-01-31,lab,absent
STU0622,2024-02-20,mentoring,absent
STU0622,2024-02-22,lab,present
STU0622,2024-04-01,lecture,present
STU0622,2024-04-15,mentoring,present
STU0622,2024-04-16,lecture,present
STU0622,2024-05-10,lab,present
STU0622,2024-05-27,lab,present
STU0622,2024-07-03,mentoring,present
STU0622,2024-07-29,mentoring,present
STU0622,2024-08-13,mentoring,late
STU0622,2024-08-22,lecture,late
STU0622,2024-09-05,lab,present
STU0622,2024-09-11,lecture,present
STU0622,2024-09-16,mentoring,present
STU0622,2024-09-25,lecture,absent
STU0622,2024-10-07,lab,absent
STU0622,2024-11-01,lecture,present
STU0622,2024-11-07,lab,present
STU0622,2024-11-11,mentoring,late
STU0622,2024-11-12,lecture,present
STU0622,2024-11-18,lecture,present
STU0622,2024-11-22,lecture,present
STU0622,2024-11-25,lab,late
STU0622,2025-01-03,lecture,present
STU0623,2024-03-15,mentoring,present
STU0623,2024-03-20,lab,late
STU0623,2024-03-26,lab,present
STU0623,2024-04-12,lab,present
STU0623,2024-05-06,mentoring,present
STU0623,2024-05-28,lab,late
STU0623,2024-07-24,lecture,present
STU0623,2024-09-12,lab,late
STU0623,2024-09-25,lecture,present
STU0623,2024-10-17,lab,absent
STU0623,2024-11-14,lecture,present
STU0623,2024-12-18,lecture,present
STU0623,2025-01-09,mentoring,present
STU0624,2024-08-19,mentoring,present
STU0624,2024-09-04,lab,present
STU0624,2024-10-24,lab,present
STU0624,2024-10-25,mentoring,absent
STU0624,2024-12-26,lecture,absent
STU0624,2025-01-15,lab,present
STU0625,2023-03-20,mentoring,present
STU0625,2023-03-21,lecture,present
STU0625,2023-03-31,lab,present
STU0625,2023-04-18,lecture,late
STU0625,2023-05-24,lab,present
STU0625,2023-06-27,lecture,absent
STU0625,2023-07-04,mentoring,present
STU0625,2023-07-14,lab,present
STU0625,2023-07-20,mentoring,present
STU0625,2023-07-26,lecture,present
STU0625,2023-09-12,lab,present
STU0625,2023-10-17,lab,present
STU0625,2023-12-07,lab,present
STU0625,2023-12-29,mentoring,present
STU0625,2024-01-04,mentoring,late
STU0625,2024-01-15,mentoring,absent
STU0625,2024-01-16,lecture,present
STU0625,2024-02-01,lecture,absent
STU0625,2024-03-08,mentoring,present
STU0625,2024-04-10,lab,present
STU0625,2024-04-16,lecture,absent
STU0625,2024-04-17,lab,present
STU0625,2024-07-12,mentoring,present
STU0625,2024-07-16,lab,present
STU0625,2024-08-22,lecture,present
STU0625,2024-08-27,lecture,present
STU0625,2024-09-13,lab,present
STU0625,2024-09-18,lecture,present
STU0625,2024-10-23,lab,present
STU0625,2024-10-24,mentoring,late
STU0625,2024-10-25,lecture,present
STU0625,2024-11-04,lab,present
STU0625,2024-11-15,lecture,present
STU0625,2025-01-10,mentoring,present
STU0626,2023-08-30,lecture,absent
STU0626,2023-09-04,lecture,absent
STU0626,2023-09-28,lecture,present
STU0626,2023-10-12,mentoring,absent
STU0626,2023-11-02,lecture,present
STU0626,2023-11-10,mentoring,present
STU0626,2023-11-17,lecture,present
STU0626,2023-11-20,lab,present
STU0626,2023-11-27,mentoring,absent
STU0626,2023-12-08,lecture,present
STU0626,2023-12-18,lab,present
STU0626,2023-12-25,lab,present
STU0626,2024-01-05,lab,late
STU0626,2024-01-08,mentoring,absent
STU0626,2024-01-15,lab,present
STU0626,2024-01-26,lecture,present
STU0626,2024-02-01,lecture,present
STU0626,2024-02-09,lab,present
STU0626,2024-04-03,lab,present
STU0626,2024-04-04,mentoring,present
STU0626,2024-05-06,mentoring,present
STU0626,2024-06-04,mentoring,late
STU0626,2024-06-25,mentoring,absent
STU0626,2024-08-26,mentoring,present
STU0626,2024-08-27,lecture,present
STU0626,2024-09-23,mentoring,present
STU0626,2024-10-03,mentoring,present
STU0626,2024-10-07,lab,late
STU0626,2024-10-08,mentoring,present
STU0626,2024-11-25,lecture,absent
STU0626,2024-12-31,lab,present
STU0626,2025-01-09,mentoring,present
STU0627,2024-03-11,lab,present
STU0627,2024-03-22,lab,present
STU0627,2024-05-09,lecture,present
STU0627,2024-05-10,lab,present
STU0627,2024-05-17,lab,present
STU0627,2024-05-30,lab,present
STU0627,2024-06-26,mentoring,present
STU0627,2024-09-05,lecture,present
STU0627,2024-09-11,lecture,absent
STU0627,2024-09-18,lecture,absent
STU0627,2024-10-17,lab,present
STU0627,2024-10-21,mentoring,late
STU0627,2024-10-25,mentoring,present
STU0627,2024-11-21,mentoring,late
STU0627,2024-12-02,mentoring,absent
STU0628,2024-12-26,lab,late
STU0629,2023-02-20,lab,absent
STU0629,2023-02-21,mentoring,late
STU0629,2023-03-15,lab,late
STU0629,2023-04-06,mentoring,present
STU0629,2023-04-14,lecture,present
STU0629,2023-04-25,lecture,present
STU0629,2023-05-11,lecture,present
STU0629,2023-05-31,mentoring,present
STU0629,2023-06-01,lecture,absent
STU0629,2023-06-13,lab,present
STU0629,2023-07-10,lecture,late
STU0629,2023-08-09,lecture,present
STU0629,2023-08-31,lab,present
STU0629,2023-09-05,lecture,present
STU0629,2023-09-11,lecture,present
STU0629,2023-09-14,mentoring,present
STU0629,2023-09-19,lab,absent
STU0629,2023-10-20,lecture,present
STU0629,2023-11-09,mentoring,absent
STU0629,2023-11-15,lecture,present
STU0629,2023-11-22,mentoring,late
STU0629,2023-11-23,lecture,absent
STU0629,2024-01-09,lab,present
STU0629,2024-03-08,mentoring,absent
STU0629,2024-03-25,lab,present
STU0629,2024-04-03,lab,present
STU0629,2024-04-09,lab,late
STU0629,2024-04-11,mentoring,present
STU0629,2024-05-07,mentoring,present
STU0629,2024-06-26,mentoring,present
STU0629,2024-06-27,lecture,present
STU0629,2024-06-28,lab,present
STU0629,2024-07-02,mentoring,present
STU0629,2024-07-03,lecture,present
STU0629,2024-07-10,lecture,present
STU0629,2024-07-11,lab,present
STU0629,2024-07-29,lecture,present
STU0629,2024-08-12,mentoring,present
STU0629,2024-09-05,mentoring,absent
STU0629,2024-09-24,mentoring,absent
STU0629,2024-11-05,mentoring,present
STU0629,2024-12-09,lecture,present
STU0629,2024-12-30,mentoring,present
STU0629,2025-01-13,mentoring,present
STU0630,2023-08-14,mentoring,present
STU0630,2023-08-15,lecture,absent
STU0630,2023-08-16,lab,present
STU0630,2023-09-07,lecture,present
STU0630,2023-09-29,mentoring,present
STU0630,2023-10-04,lecture,absent
STU0630,2023-12-11,lecture,present
STU0630,2024-01-05,lab,present
STU0630,2024-01-09,mentoring,present
STU0630,2024-01-17,mentoring,present
STU0630,2024-02-12,lab,present
STU0630,2024-03-04,lecture,absent
STU0630,2024-03-25,lab,present
STU0630,2024-04-16,lecture,present
STU0630,2024-05-06,lecture,absent
STU0630,2024-05-29,mentoring,late
STU0630,2024-06-20,lab,present
STU0630,2024-07-03,mentoring,present
STU0630,2024-07-15,lab,present
STU0630,2024-08-02,mentoring,present
STU0630,2024-08-26,lab,present
STU0630,2024-08-28,mentoring,absent
STU0630,2024-10-08,lecture,late
STU0630,2024-10-17,mentoring,present
STU0630,2024-10-30,lab,present
STU0630,2024-11-05,lab,present
STU0630,2024-11-08,lab,present
STU0630,2024-11-13,lecture,present
STU0630,2024-11-21,lab,present
STU0630,2024-12-27,mentoring,absent
STU0630,2024-12-31,lab,present
STU0631,2024-02-02,mentoring,present
STU0631,2024-03-11,mentoring,present
STU0631,2024-03-15,mentoring,present
STU0631,2024-04-15,lecture,absent
STU0631,2024-04-24,lab,present
STU0631,2024-05-31,lecture,present
STU0631,2024-07-29,mentoring,present
STU0631,2024-08-05,lecture,present
STU0631,2024-08-08,lecture,present
STU0631,2024-08-14,lecture,present
STU0631,2024-08-16,lab,present
STU0631,2024-09-09,mentoring,present
STU0631,2024-09-12,lab,absent
STU0631,2024-09-23,mentoring,late
STU0631,2024-10-10,lab,present
STU0631,2024-11-06,lab,present
STU0631,2024-11-11,mentoring,absent
STU0631,2024-11-13,lab,present
STU0631,2024-11-20,lab,present
STU0631,2024-12-27,lecture,absent
STU0631,2025-01-06,lab,present
STU0632,2024-08-14,lab,present
STU0632,2024-09-06,lab,absent
STU0632,2024-09-09,mentoring,present
STU0632,2024-09-12,lab,present
STU0632,2024-09-13,mentoring,late
STU0632,2024-09-25,lecture,present
STU0632,2024-10-11,lecture,present
STU0632,2024-10-25,lecture,late
STU0632,2024-12-06,lab,present
STU0632,2024-12-16,lecture,absent
STU0632,2025-01-06,lecture,late
STU0633,2023-03-01,lecture,present
STU0633,2023-03-06,mentoring,present
STU0633,2023-03-31,lecture,present
STU0633,2023-04-11,lab,present
STU0633,2023-05-01,lab,absent
STU0633,2023-05-03,lecture,present
STU0633,2023-05-05,lab,present
STU0633,2023-05-19,mentoring,present
STU0633,2023-07-26,lecture,present
STU0633,2023-08-01,lecture,present
STU0633,2023-08-22,lab,present
STU0633,2023-09-04,lab,present
STU0633,2023-10-02,lecture,present
STU0633,2023-10-03,lab,present
STU0633,2023-10-11,lab,present
STU0633,2023-10-12,mentoring,late
STU0633,2023-10-17,lecture,present
STU0633,2023-10-20,mentoring,present
STU0633,2023-11-30,lab,present
STU0633,2023-12-01,mentoring,present
STU0633,2024-01-10,lab,present
STU0633,2024-01-12,mentoring,late
STU0633,2024-01-19,lecture,present
STU0633,2024-01-29,lecture,late
STU0633,2024-02-22,lecture,late
STU0633,2024-02-26,mentoring,present
STU0633,2024-03-06,lecture,present
STU0633,2024-03-18,mentoring,present
STU0633,2024-03-28,lab,late
STU0633,2024-04-29,lab,present
STU0633,2024-04-30,mentoring,present
STU0633,2024-06-03,mentoring,present
STU0633,2024-06-13,lab,present
STU0633,2024-07-05,lab,absent
STU0633,2024-07-08,mentoring,present
STU0633,2024-07-10,lab,present
STU0633,2024-07-15,lab,present
STU0633,2024-07-22,lab,absent
STU0633,2024-07-25,lecture,present
STU0633,2024-08-02,lab,present
STU0633,2024-08-14,lab,present
STU0633,2024-09-23,lab,present
STU0633,2024-10-16,mentoring,present
STU0633,2024-11-05,lecture,absent
STU0633,2024-11-06,lab,late
STU0633,2024-11-26,lab,present
STU0633,2024-11-29,lecture,present
STU0633,2024-12-03,mentoring,present
STU0633,2024-12-16,lecture,present
STU0634,2023-08-02,lecture,present
STU0634,2023-09-07,lab,late
STU0634,2023-09-18,mentoring,absent
STU0634,2023-09-22,mentoring,present
STU0634,2023-10-06,lab,late
STU0634,2023-10-19,lab,present
STU0634,2023-10-24,lab,present
STU0634,2023-11-02,lab,absent
STU0634,2023-11-17,lecture,present
STU0634,2023-11-21,mentoring,late
STU0634,2023-12-25,lab,absent
STU0634,2024-01-03,lecture,present
STU0634,2024-01-11,lecture,present
STU0634,2024-02-12,lecture,late
STU0634,2024-04-25,lecture,present
STU0634,2024-05-02,lecture,present
STU0634,2024-05-15,lab,present
STU0634,2024-05-27,lab,present
STU0634,2024-06-07,mentoring,present
STU0634,2024-06-11,lab,late
STU0634,2024-06-13,lecture,absent
STU0634,2024-06-26,lab,present
STU0634,2024-07-23,lecture,present
STU0634,2024-07-31,mentoring,present
STU0634,2024-08-14,mentoring,present
STU0634,2024-08-23,lab,present
STU0634,2024-10-01,mentoring,present
STU0634,2024-10-08,lab,present
STU0634,2024-10-23,lecture,late
STU0634,2024-10-28,lecture,present
STU0634,2024-10-30,lab,present
STU0634,2024-11-12,mentoring,late
STU0634,2024-12-25,lecture,present
STU0634,2024-12-26,lab,absent
STU0635,2024-03-04,mentoring,present
STU0635,2024-03-13,lab,present
STU0635,2024-03-14,mentoring,present
STU0635,2024-06-04,lab,present
STU0635,2024-06-14,lecture,present
STU0635,2024-07-18,lab,present
STU0635,2024-08-22,lab,absent
STU0635,2024-10-29,lecture,present
STU0635,2024-10-31,lab,absent
STU0635,2024-11-15,lab,present
STU0635,2024-11-19,lecture,present
STU0635,2024-11-29,lab,present
STU0635,2024-12-20,mentoring,present
STU0635,2024-12-25,lab,present
STU0636,2024-10-17,lab,present
STU0636,2024-11-27,lecture,late
STU0636,2025-01-02,lecture,late
STU0637,2023-04-20,lecture,absent
STU0637,2023-05-30,mentoring,late
STU0637,2023-06-02,mentoring,present
STU0637,2023-06-12,lecture,present
STU0637,2023-06-20,lab,late
STU0637,2023-07-31,lecture,late
STU0637,2023-09-15,lecture,present
STU0637,2023-10-03,lab,present
STU0637,2023-10-09,lecture,absent
STU0637,2023-10-17,lecture,present
STU0637,2023-11-07,lecture,absent
STU0637,2023-11-22,lecture,present
STU0637,2023-12-01,mentoring,present
STU0637,2023-12-19,mentoring,absent
STU0637,2024-01-01,lab,present
STU0637,2024-01-23,lab,present
STU0637,2024-02-13,mentoring,present
STU0637,2024-02-22,lab,present
STU0637,2024-03-21,lab,present
STU0637,2024-05-10,lab,present
STU0637,2024-08-16,lecture,present
STU0637,2024-10-16,lab,present
STU0637,2024-11-04,lab,absent
STU0637,2024-11-14,mentoring,present
STU0637,2024-11-27,lab,present
STU0637,2024-12-09,mentoring,present
STU0638,2023-09-07,lecture,present
STU0638,2023-09-14,lab,late
STU0638,2023-09-15,mentoring,present
STU0638,2023-11-07,lecture,present
STU0638,2023-11-09,mentoring,absent
STU0638,2023-11-21,lecture,present
STU0638,2023-12-08,lab,present
STU0638,2023-12-19,lecture,present
STU0638,2024-01-08,mentoring,absent
STU0638,2024-01-29,mentoring,present
STU0638,2024-02-07,mentoring,present
STU0638,2024-03-01,lab,absent
STU0638,2024-05-09,mentoring,present
STU0638,2024-05-15,lab,absent
STU0638,2024-07-12,lab,present
STU0638,2024-08-19,lecture,late
STU0638,2024-08-23,mentoring,present
STU0638,2024-09-25,mentoring,present
STU0638,2024-09-30,mentoring,present
STU0638,2024-10-02,lecture,late
STU0638,2024-12-09,lab,present
STU0638,2024-12-12,lecture,late
STU0638,2024-12-24,lab,late
STU0638,2025-01-13,lecture,late
STU0639,2024-03-11,lab,present
STU0639,2024-05-02,lab,present
STU0639,2024-06-21,lab,present
STU0639,2024-08-05,lecture,late
STU0639,2024-08-16,lecture,present
STU0639,2024-09-09,lab,present
STU0639,2024-09-18,lab,present
STU0639,2024-09-25,lab,present
STU0639,2024-09-26,mentoring,present
STU0639,2024-10-10,lecture,present
STU0639,2024-10-18,lecture,absent
STU0639,2024-11-07,lab,present
STU0639,2024-11-15,mentoring,present
STU0639,2024-11-20,lecture,present
STU0639,2024-11-22,mentoring,present
STU0639,2024-11-27,lab,late
STU0639,2024-12-05,mentoring,present
STU0639,2024-12-18,lecture,present
STU0639,2024-12-26,lab,late
STU0639,2025-01-06,lecture,present
STU0640,2024-08-07,lab,present
STU0640,2024-09-17,lab,present
STU0640,2024-09-27,lecture,present
STU0640,2024-11-25,lecture,present
STU0640,2024-12-04,mentoring,present
STU0640,2025-01-02,lab,present
STU0640,2025-01-06,lecture,present
STU0641,2023-01-19,lecture,present
STU0641,2023-01-25,mentoring,present
STU0641,2023-01-27,lab,present
STU0641,2023-01-31,mentoring,present
STU0641,2023-02-01,lecture,present
STU0641,2023-02-10,mentoring,present
STU0641,2023-02-13,lecture,absent
STU0641,2023-02-27,mentoring,late
STU0641,2023-03-09,lecture,late
STU0641,2023-03-17,lab,present
STU0641,2023-04-25,mentoring,present
STU0641,2023-04-27,lecture,late
STU0641,2023-05-17,mentoring,absent
STU0641,2023-06-05,lab,present
STU0641,2023-06-09,mentoring,present
STU0641,2023-06-22,lab,present
STU0641,2023-06-23,mentoring,present
STU0641,2023-06-30,mentoring,present
STU0641,2023-07-04,lab,absent
STU0641,2023-08-28,lab,present
STU0641,2023-09-12,lab,late
STU0641,2023-10-24,lab,late
STU0641,2023-11-02,lecture,present
STU0641,2023-12-07,lab,present
STU0641,2023-12-11,lecture,present
STU0641,2023-12-20,lab,present
STU0641,2023-12-22,mentoring,present
STU0641,2023-12-25,lecture,present
STU0641,2023-12-27,lab,present
STU0641,2024-01-16,lecture,late
STU0641,2024-01-22,mentoring,present
STU0641,2024-01-24,lab,present
STU0641,2024-02-27,lecture,present
STU0641,2024-04-04,lecture,absent
STU0641,2024-04-18,lecture,absent
STU0641,2024-05-08,lab,present
STU0641,2024-05-23,lab,present
STU0641,2024-06-20,mentoring,present
STU0641,2024-07-04,lab,present
STU0641,2024-07-23,mentoring,present
STU0641,2024-08-02,mentoring,present
STU0641,2024-08-29,mentoring,present
STU0641,2024-09-02,lab,late
STU0641,2024-09-30,lecture,present
STU0641,2024-10-07,mentoring,absent
STU0641,2024-10-24,lab,absent
STU0641,2024-11-07,lecture,present
STU0641,2024-12-10,mentoring,absent
STU0641,2024-12-25,mentoring,absent
STU0641,2025-01-13,lecture,present
STU0642,2023-09-07,mentoring,present
STU0642,2023-09-12,mentoring,present
STU0642,2023-10-09,mentoring,present
STU0642,2023-10-12,lab,present
STU0642,2023-11-15,lab,present
STU0642,2024-01-08,lecture,present
STU0642,2024-01-25,lab,present
STU0642,2024-02-16,lecture,late
STU0642,2024-04-03,lab,present
STU0642,2024-04-16,lab,present
STU0642,2024-05-21,lab,present
STU0642,2024-05-31,lab,present
STU0642,2024-07-05,mentoring,present
STU0642,2024-07-09,lecture,absent
STU0642,2024-07-29,mentoring,present
STU0642,2024-08-15,mentoring,absent
STU0642,2024-09-04,lab,present
STU0642,2024-09-10,lab,present
STU0642,2024-10-08,mentoring,late
STU0642,2024-11-18,lab,present
STU0643,2024-03-07,lab,present
STU0643,2024-03-08,mentoring,present
STU0643,2024-03-25,lecture,present
STU0643,2024-03-28,lecture,absent
STU0643,2024-04-29,lecture,present
STU0643,2024-06-05,lab,present
STU0643,2024-06-11,lecture,present
STU0643,2024-07-03,lecture,late
STU0643,2024-07-05,lab,absent
STU0643,2024-07-09,lecture,absent
STU0643,2024-07-23,lecture,absent
STU0643,2024-07-30,lecture,present
STU0643,2024-09-09,lab,present
STU0643,2024-09-12,lab,late
STU0643,2024-10-14,mentoring,absent
STU0643,2024-11-07,mentoring,present
STU0643,2024-11-08,lecture,present
STU0643,2024-11-13,lecture,late
STU0643,2024-11-25,lecture,late
STU0643,2024-12-02,lecture,present
STU0643,2024-12-24,mentoring,present
STU0643,2025-01-02,lab,present
STU0643,2025-01-13,lecture,present
STU0644,2024-10-07,lab,late
STU0644,2024-10-22,mentoring,present
STU0644,2024-10-25,mentoring,present
STU0644,2024-10-28,lecture,absent
STU0644,2024-11-21,mentoring,present
STU0644,2024-11-29,lecture,present
STU0644,2024-12-03,mentoring,present
STU0644,2025-01-01,mentoring,present
STU0645,2023-02-08,lecture,absent
STU0645,2023-02-14,lecture,present
STU0645,2023-03-15,mentoring,present
STU0645,2023-03-30,mentoring,present
STU0645,2023-03-31,lecture,absent
STU0645,2023-04-13,lecture,present
STU0645,2023-04-24,lecture,present
STU0645,2023-05-15,lecture,present
STU0645,2023-05-30,lab,present
STU0645,2023-05-31,mentoring,absent
STU0645,2023-06-13,lab,present
STU0645,2023-06-16,lecture,absent
STU0645,2023-08-31,mentoring,present
STU0645,2023-09-06,mentoring,absent
STU0645,2023-09-15,lecture,present
STU0645,2023-10-03,lecture,absent
STU0645,2023-11-09,mentoring,absent
STU0645,2023-12-22,lab,present
STU0645,2024-01-05,lab,absent
STU0645,2024-02-15,lab,absent
STU0645,2024-03-04,lecture,present
STU0645,2024-03-08,lab,absent
STU0645,2024-03-13,lab,late
STU0645,2024-03-20,lab,absent
STU0645,2024-04-01,lecture,present
STU0645,2024-06-06,lab,late
STU0645,2024-07-26,lab,present
STU0645,2024-08-09,lab,late
STU0645,2024-08-12,mentoring,present
STU0645,2024-08-14,lecture,present
STU0645,2024-10-23,mentoring,present
STU0645,2024-11-21,lecture,late
STU0645,2024-11-22,lab,present
STU0645,2024-12-04,lab,present
STU0645,2024-12-27,lecture,present
STU0645,2025-01-02,mentoring,absent
STU0645,2025-01-03,lecture,present
STU0646,2023-09-27,mentoring,present
STU0646,2023-09-29,lecture,present
STU0646,2023-10-10,lab,present
STU0646,2023-10-23,lab,present
STU0646,2023-11-14,lecture,present
STU0646,2023-11-23,lab,present
STU0646,2023-12-26,mentoring,present
STU0646,2023-12-28,lecture,late
STU0646,2023-12-29,lab,late
STU0646,2024-01-10,lecture,absent
STU0646,2024-02-13,lab,present
STU0646,2024-02-14,mentoring,present
STU0646,2024-02-20,lab,absent
STU0646,2024-03-12,lecture,present
STU0646,2024-03-14,mentoring,present
STU0646,2024-04-10,lecture,present
STU0646,2024-05-03,mentoring,present
STU0646,2024-05-14,mentoring,present
STU0646,2024-06-24,mentoring,present
STU0646,2024-07-17,mentoring,present
STU0646,2024-07-25,lab,present
STU0646,2024-08-01,lab,late
STU0646,2024-08-07,lab,present
STU0646,2024-08-19,lecture,present
STU0646,2024-09-10,lecture,present
STU0646,2024-09-19,lab,late
STU0646,2024-09-24,lab,present
STU0646,2024-10-02,lecture,late
STU0646,2024-10-18,mentoring,late
STU0646,2024-10-28,mentoring,absent
STU0646,2024-11-20,lab,present
STU0646,2024-11-29,lab,absent
STU0646,2025-01-07,lecture,present
STU0646,2025-01-14,lecture,present
STU0646,2025-01-15,lab,present
STU0647,2024-02-02,mentoring,present
STU0647,2024-03-27,lab,late
STU0647,2024-04-03,lab,present
STU0647,2024-04-25,lecture,present
STU0647,2024-05-21,mentoring,late
STU0647,2024-05-31,lab,present
STU0647,2024-07-24,lab,present
STU0647,2024-07-30,lecture,present
STU0647,2024-08-26,mentoring,present
STU0647,2024-08-30,mentoring,absent
STU0647,2024-09-18,mentoring,late
STU0647,2024-09-23,mentoring,present
STU0647,2024-10-01,lab,present
STU0647,2024-10-02,mentoring,present
STU0647,2024-10-11,mentoring,present
STU0647,2024-12-10,lecture,present
STU0647,2024-12-30,mentoring,present
STU0648,2024-07-30,mentoring,present
STU0648,2024-08-05,lecture,present
STU0648,2024-08-13,lecture,absent
STU0648,2024-08-30,lecture,present
STU0648,2024-09-30,lecture,present
STU0648,2024-10-15,lab,present
STU0648,2024-10-30,lab,present
STU0648,2024-11-27,mentoring,late
STU0648,2024-12-19,lecture,present
STU0648,2025-01-08,lecture,present
STU0649,2023-02-27,lab,present
STU0649,2023-03-09,lab,present
STU0649,2023-04-11,mentoring,late
STU0649,2023-05-08,mentoring,present
STU0649,2023-05-09,lecture,present
STU0649,2023-05-15,lecture,present
STU0649,2023-05-16,lab,present
STU0649,2023-05-17,mentoring,present
STU0649,2023-05-22,lab,present
STU0649,2023-06-21,lab,late
STU0649,2023-07-04,lab,late
STU0649,2023-07-19,mentoring,present
STU0649,2023-07-21,lecture,present
STU0649,2023-08-10,lab,present
STU0649,2023-08-21,mentoring,present
STU0649,2023-08-31,lecture,absent
STU0649,2023-09-26,lab,present
STU0649,2023-10-16,lecture,present
STU0649,2023-10-18,mentoring,late
STU0649,2023-11-01,mentoring,present
STU0649,2023-11-08,mentoring,present
STU0649,2023-11-13,mentoring,present
STU0649,2023-11-29,lab,present
STU0649,2023-12-13,lab,present
STU0649,2023-12-15,lecture,present
STU0649,2024-01-08,lab,present
STU0649,2024-01-12,lecture,present
STU0649,2024-01-19,mentoring,present
STU0649,2024-02-19,mentoring,present
STU0649,2024-04-08,lab,late
STU0649,2024-04-10,lecture,absent
STU0649,2024-06-10,lecture,present
STU0649,2024-06-24,mentoring,present
STU0649,2024-07-16,mentoring,present
STU0649,2024-07-22,lecture,present
STU0649,2024-07-26,lecture,present
STU0649,2024-09-06,lecture,present
STU0649,2024-09-13,mentoring,late
STU0649,2024-10-21,lecture,present
STU0649,2024-11-08,mentoring,present
STU0649,2024-12-02,lab,present
STU0649,2024-12-04,lecture,present
STU0649,2024-12-16,mentoring,present
STU0649,2024-12-23,mentoring,late
STU0649,2025-01-01,lecture,present
STU0649,2025-01-09,lecture,present
STU0650,2023-08-30,lab,late
STU0650,2023-09-27,mentoring,present
STU0650,2023-10-17,lecture,late
STU0650,2023-11-03,mentoring,present
STU0650,2023-11-07,lecture,present
STU0650,2023-11-08,lab,present
STU0650,2023-11-28,lab,present
STU0650,2023-12-07,lecture,late
STU0650,2023-12-19,mentoring,absent
STU0650,2023-12-26,mentoring,present
STU0650,2024-03-11,lab,present
STU0650,2024-03-18,lecture,present
STU0650,2024-06-06,lecture,present
STU0650,2024-06-07,lab,present
STU0650,2024-06-13,lecture,present
STU0650,2024-06-24,mentoring,present
STU0650,2024-07-19,lab,late
STU0650,2024-07-22,mentoring,present
STU0650,2024-07-26,lecture,present
STU0650,2024-08-28,mentoring,absent
STU0650,2024-09-17,lab,absent
STU0650,2024-10-16,lab,present
STU0650,2024-10-31,mentoring,present
STU0650,2024-11-08,lecture,late
STU0650,2024-11-15,mentoring,present
STU0650,2024-12-19,lecture,present
STU0650,2025-01-06,lab,present
STU0650,2025-01-07,mentoring,present
STU0651,2024-01-29,lecture,present
STU0651,2024-02-02,lab,present
STU0651,2024-02-15,lab,present
STU0651,2024-02-16,mentoring,present
STU0651,2024-02-21,lab,present
STU0651,2024-03-15,lecture,present
STU0651,2024-05-08,mentoring,absent
STU0651,2024-05-14,lecture,present
STU0651,2024-05-27,lab,present
STU0651,2024-06-05,mentoring,present
STU0651,2024-06-17,lab,present
STU0651,2024-06-18,mentoring,present
STU0651,2024-06-21,lab,absent
STU0651,2024-06-26,lecture,present
STU0651,2024-06-28,mentoring,absent
STU0651,2024-07-05,lab,present
STU0651,2024-07-17,mentoring,absent
STU0651,2024-07-29,lecture,present
STU0651,2024-07-30,lab,present
STU0651,2024-08-02,mentoring,present
STU0651,2024-10-14,lecture,absent
STU0651,2024-10-16,mentoring,absent
STU0651,2024-11-18,mentoring,present
STU0651,2024-12-11,lab,present
STU0651,2024-12-19,lab,late
STU0651,2024-12-30,lecture,present
STU0652,2024-09-23,lecture,present
STU0652,2024-10-01,lecture,present
STU0652,2024-10-23,lab,present
STU0652,2024-11-14,mentoring,present
STU0652,2024-12-03,lecture,absent
STU0652,2024-12-09,mentoring,present
STU0652,2024-12-13,mentoring,present
STU0652,2024-12-19,lab,present
STU0653,2023-03-10,mentoring,late
STU0653,2023-03-16,lab,late
STU0653,2023-04-21,mentoring,present
STU0653,2023-04-25,lab,present
STU0653,2023-05-11,lab,late
STU0653,2023-06-12,mentoring,late
STU0653,2023-06-22,lecture,present
STU0653,2023-06-23,lab,present
STU0653,2023-07-17,lab,late
STU0653,2023-08-02,lecture,present
STU0653,2023-08-24,lab,present
STU0653,2023-09-08,lab,absent
STU0653,2023-09-11,mentoring,absent
STU0653,2023-10-09,lecture,present
STU0653,2023-11-02,mentoring,absent
STU0653,2023-12-12,lecture,present
STU0653,2023-12-19,lab,present
STU0653,2023-12-27,lecture,present
STU0653,2024-01-16,mentoring,present
STU0653,2024-01-17,lecture,present
STU0653,2024-01-30,mentoring,present
STU0653,2024-02-07,lecture,absent
STU0653,2024-02-16,lab,present
STU0653,2024-02-26,lab,absent
STU0653,2024-03-21,lab,present
STU0653,2024-04-05,mentoring,present
STU0653,2024-04-17,lecture,present
STU0653,2024-05-08,lecture,present
STU0653,2024-05-29,lecture,present
STU0653,2024-06-06,lecture,absent
STU0653,2024-06-11,lecture,present
STU0653,2024-07-26,lecture,present
STU0653,2024-08-08,mentoring,present
STU0653,2024-08-22,lecture,present
STU0653,2024-09-04,mentoring,present
STU0653,2024-10-17,mentoring,present
STU0653,2024-11-19,lecture,absent
STU0653,2024-12-05,lecture,present
STU0654,2023-07-24,lecture,present
STU0654,2023-09-22,lecture,absent
STU0654,2023-09-25,lab,present
STU0654,2023-10-05,mentoring,present
STU0654,2023-10-11,lecture,present
STU0654,2023-11-29,lab,present
STU0654,2024-01-18,lecture,present
STU0654,2024-02-15,mentoring,absent
STU0654,2024-03-01,lecture,present
STU0654,2024-03-19,lecture,late
STU0654,2024-03-26,mentoring,present
STU0654,2024-04-02,lab,present
STU0654,2024-04-04,mentoring,present
STU0654,2024-05-24,mentoring,present
STU0654,2024-05-31,lecture,present
STU0654,2024-06-10,lab,present
STU0654,2024-06-14,mentoring,late
STU0654,2024-07-12,lecture,present
STU0654,2024-08-07,lecture,present
STU0654,2024-09-13,lab,late
STU0654,2024-09-16,mentoring,present
STU0654,2024-10-04,lab,present
STU0654,2024-10-25,lab,present
STU0654,2024-10-28,mentoring,absent
STU0654,2024-11-01,lecture,absent
STU0654,2024-11-26,lecture,present
STU0654,2024-12-06,mentoring,late
STU0654,2024-12-12,mentoring,present
STU0655,2024-02-26,mentoring,absent
STU0655,2024-03-01,lecture,present
STU0655,2024-03-15,lab,absent
STU0655,2024-04-08,mentoring,absent
STU0655,2024-06-13,lab,present
STU0655,2024-08-27,mentoring,late
STU0655,2024-08-30,lab,present
STU0655,2024-09-11,lab,present
STU0655,2024-10-23,mentoring,present
STU0655,2024-10-25,lecture,present
STU0655,2024-11-14,lecture,present
STU0655,2024-12-09,lab,present
STU0655,2024-12-10,mentoring,present
STU0655,2024-12-27,mentoring,present
STU0655,2025-01-02,lab,late
STU0656,2024-09-17,lecture,present
STU0656,2024-10-21,lab,present
STU0656,2024-11-05,lab,present
STU0656,2024-11-15,lab,present
STU0656,2024-11-22,lecture,present
STU0656,2024-12-09,lecture,present
STU0656,2024-12-25,mentoring,absent
STU0657,2023-03-21,mentoring,present
STU0657,2023-05-11,lecture,present
STU0657,2023-05-16,mentoring,present
STU0657,2023-05-25,lecture,present
STU0657,2023-06-08,lab,present
STU0657,2023-08-23,mentoring,late
STU0657,2023-08-24,lecture,present
STU0657,2023-09-04,mentoring,present
STU0657,2023-09-26,lab,late
STU0657,2023-10-04,lecture,present
STU0657,2023-10-11,lab,present
STU0657,2023-11-03,lab,present
STU0657,2023-11-07,mentoring,absent
STU0657,2023-12-14,lecture,present
STU0657,2024-01-03,lab,present
STU0657,2024-01-04,mentoring,present
STU0657,2024-01-26,lab,present
STU0657,2024-02-06,mentoring,present
STU0657,2024-04-01,lab,present
STU0657,2024-04-09,lecture,present
STU0657,2024-05-01,lecture,late
STU0657,2024-06-05,lab,present
STU0657,2024-07-12,lecture,absent
STU0657,2024-08-16,lab,present
STU0657,2024-09-24,lab,late
STU0657,2024-09-30,lecture,present
STU0657,2024-10-07,lab,present
STU0657,2024-12-03,lecture,present
STU0657,2024-12-09,lab,present
STU0657,2024-12-31,lab,present
STU0657,2025-01-08,lecture,late
STU0658,2023-09-29,mentoring,present
STU0658,2023-10-04,mentoring,present
STU0658,2024-01-05,mentoring,present
STU0658,2024-01-16,mentoring,present
STU0658,2024-01-19,lecture,absent
STU0658,2024-02-28,lab,present
STU0658,2024-03-19,lab,present
STU0658,2024-03-28,lab,present
STU0658,2024-05-10,mentoring,present
STU0658,2024-05-13,lecture,present
STU0658,2024-05-16,lecture,present
STU0658,2024-06-07,lecture,present
STU0658,2024-07-26,lab,present
STU0658,2024-07-30,lecture,late
STU0658,2024-08-14,lecture,late
STU0658,2024-08-19,lecture,late
STU0658,2024-10-03,lecture,absent
STU0658,2024-11-11,lecture,present
STU0658,2024-11-13,mentoring,absent
STU0658,2024-12-10,lecture,late
STU0658,2024-12-11,lab,present
STU0658,2024-12-19,mentoring,present
STU0658,2024-12-26,lecture,late
STU0659,2024-03-05,lecture,absent
STU0659,2024-03-07,mentoring,present
STU0659,2024-04-01,lab,present
STU0659,2024-05-17,lecture,present
STU0659,2024-05-29,mentoring,absent
STU0659,2024-06-13,mentoring,absent
STU0659,2024-06-26,lecture,present
STU0659,2024-08-14,lecture,present
STU0659,2024-08-28,mentoring,absent
STU0659,2024-10-01,mentoring,present
STU0659,2024-10-29,lecture,absent
STU0659,2024-11-28,mentoring,absent
STU0659,2024-12-13,lecture,present
STU0659,2024-12-23,lecture,present
STU0659,2024-12-31,lecture,absent
STU0660,2024-07-30,lab,absent
STU0660,2024-09-06,lecture,late
STU0660,2024-09-18,mentoring,present
STU0660,2024-09-26,lecture,late
STU0660,2024-10-16,lecture,present
STU0660,2024-10-28,lab,present
STU0660,2024-11-25,lecture,present
STU0660,2024-11-27,lab,present
STU0661,2023-03-14,lab,present
STU0661,2023-05-15,lecture,late
STU0661,2023-06-05,lab,present
STU0661,2023-06-20,lecture,absent
STU0661,2023-06-29,lecture,present
STU0661,2023-07-05,lecture,present
STU0661,2023-09-11,lab,present
STU0661,2023-11-08,lecture,present
STU0661,2023-11-16,lab,absent
STU0661,2023-11-28,mentoring,present
STU0661,2023-12-15,lecture,late
STU0661,2024-01-25,lecture,absent
STU0661,2024-01-31,lecture,late
STU0661,2024-02-15,mentoring,present
STU0661,2024-02-19,lecture,present
STU0661,2024-02-29,lecture,present
STU0661,2024-04-09,mentoring,late
STU0661,2024-05-17,lab,present
STU0661,2024-05-24,lecture,absent
STU0661,2024-05-31,lecture,present
STU0661,2024-06-04,mentoring,present
STU0661,2024-06-28,lecture,present
STU0661,2024-08-09,lab,present
STU0661,2024-08-15,mentoring,present
STU0661,2024-09-04,lecture,present
STU0661,2024-09-09,lecture,present
STU0661,2024-09-13,lecture,present
STU0661,2024-09-27,lecture,present
STU0661,2024-10-11,mentoring,present
STU0661,2024-10-31,lab,present
STU0661,2024-11-08,mentoring,present
STU0661,2024-11-12,lab,absent
STU0661,2024-11-19,mentoring,absent
STU0661,2024-11-27,mentoring,present
STU0661,2024-12-10,lecture,late
STU0661,2024-12-12,lab,absent
STU0662,2023-08-07,lecture,present
STU0662,2023-08-17,mentoring,present
STU0662,2023-09-01,mentoring,present
STU0662,2023-09-08,mentoring,present
STU0662,2023-09-18,mentoring,present
STU0662,2023-09-20,lecture,present
STU0662,2023-09-27,lab,present
STU0662,2023-10-12,lecture,present
STU0662,2023-11-09,lab,present
STU0662,2023-11-22,lab,present
STU0662,2024-02-07,lecture,late
STU0662,2024-02-08,lab,late
STU0662,2024-02-15,lecture,present
STU0662,2024-04-01,lab,present
STU0662,2024-04-11,lecture,present
STU0662,2024-05-03,mentoring,present
STU0662,2024-05-28,mentoring,late
STU0662,2024-06-24,lecture,late
STU0662,2024-07-09,lab,present
STU0662,2024-07-15,lab,present
STU0662,2024-08-26,mentoring,present
STU0662,2024-09-03,lab,present
STU0662,2024-09-13,lecture,present
STU0662,2024-09-20,lecture,present
STU0662,2024-11-14,lecture,present
STU0662,2024-11-21,mentoring,absent
STU0662,2024-11-29,lecture,late
STU0662,2025-01-03,lecture,present
STU0663,2024-03-08,lecture,present
STU0663,2024-03-27,lab,present
STU0663,2024-04-16,mentoring,absent
STU0663,2024-05-16,mentoring,present
STU0663,2024-05-17,lecture,late
STU0663,2024-06-10,mentoring,absent
STU0663,2024-06-14,lab,present
STU0663,2024-08-01,lab,present
STU0663,2024-10-11,mentoring,present
STU0663,2024-10-17,lecture,present
STU0663,2024-11-05,lab,present
STU0663,2024-12-03,lecture,present
STU0663,2024-12-17,lab,present
STU0663,2024-12-19,mentoring,present
STU0663,2024-12-23,lab,present
STU0664,2024-08-20,lab,present
STU0664,2024-09-04,lecture,absent
STU0664,2024-10-18,lab,present
STU0664,2024-10-24,lab,present
STU0664,2024-10-25,mentoring,present
STU0664,2024-11-04,lab,present
STU0664,2024-12-27,lecture,present
STU0664,2025-01-01,mentoring,present
STU0665,2023-02-02,lab,present
STU0665,2023-03-09,lecture,late
STU0665,2023-04-27,mentoring,present
STU0665,2023-05-05,lecture,present
STU0665,2023-05-19,mentoring,late
STU0665,2023-06-07,lecture,present
STU0665,2023-07-24,mentoring,late
STU0665,2023-08-30,lecture,present
STU0665,2023-09-04,lab,present
STU0665,2023-09-14,lab,present
STU0665,2023-09-22,lab,present
STU0665,2023-09-29,lab,present
STU0665,2023-10-02,mentoring,present
STU0665,2023-11-29,lab,late
STU0665,2024-03-05,lab,absent
STU0665,2024-04-01,lecture,present
STU0665,2024-04-02,lab,present
STU0665,2024-04-12,mentoring,present
STU0665,2024-04-24,lab,present
STU0665,2024-05-02,mentoring,present
STU0665,2024-06-06,lab,present
STU0665,2024-06-07,mentoring,absent
STU0665,2024-07-09,mentoring,absent
STU0665,2024-07-26,mentoring,present
STU0665,2024-08-30,lab,present
STU0665,2024-09-12,lecture,late
STU0665,2024-09-16,mentoring,present
STU0665,2024-09-27,lecture,present
STU0665,2024-10-09,mentoring,present
STU0665,2024-10-11,lecture,present
STU0665,2024-11-07,lab,present
STU0665,2024-11-14,mentoring,present
STU0665,2024-12-06,mentoring,present
STU0665,2024-12-25,lab,absent
STU0665,2024-12-31,lecture,late
STU0665,2025-01-14,lab,absent
STU0666,2023-09-13,mentoring,present
STU0666,2023-09-19,mentoring,present
STU0666,2023-11-16,mentoring,absent
STU0666,2024-01-03,mentoring,present
STU0666,2024-01-16,mentoring,present
STU0666,2024-03-06,lab,present
STU0666,2024-04-04,mentoring,present
STU0666,2024-05-15,lecture,absent
STU0666,2024-06-14,lab,present
STU0666,2024-06-27,lab,present
STU0666,2024-08-01,lecture,absent
STU0666,2024-08-27,mentoring,present
STU0666,2024-09-26,lab,present
STU0666,2024-09-30,mentoring,absent
STU0666,2024-10-10,lecture,present
STU0666,2024-10-15,lab,late
STU0666,2024-10-17,mentoring,present
STU0666,2024-11-05,lab,present
STU0666,2024-11-13,lab,present
STU0666,2024-12-03,mentoring,late
STU0666,2024-12-06,mentoring,present
STU0666,2024-12-18,mentoring,present
STU0666,2024-12-24,mentoring,present
STU0667,2024-03-27,lecture,present
STU0667,2024-04-22,lecture,absent
STU0667,2024-04-29,lecture,late
STU0667,2024-05-10,lab,present
STU0667,2024-06-25,lab,absent
STU0667,2024-07-01,lab,present
STU0667,2024-07-24,lab,late
STU0667,2024-08-01,mentoring,present
STU0667,2024-08-14,lab,present
STU0667,2024-08-15,mentoring,absent
STU0667,2024-08-27,lecture,present
STU0667,2024-10-07,lab,late
STU0667,2024-11-13,lecture,present
STU0667,2024-11-21,mentoring,present
STU0667,2024-11-27,lab,present
STU0667,2024-12-16,mentoring,absent
STU0668,2024-10-01,mentoring,present
STU0668,2024-10-02,lecture,present
STU0668,2024-10-25,lab,present
STU0668,2024-11-19,lab,present
STU0668,2024-11-22,lecture,present
STU0668,2024-11-26,mentoring,present
STU0668,2024-12-04,lab,present
STU0669,2023-01-23,lecture,present
STU0669,2023-01-25,mentoring,present
STU0669,2023-01-26,lecture,present
STU0669,2023-02-03,lab,present
STU0669,2023-02-10,mentoring,present
STU0669,2023-02-15,mentoring,present
STU0669,2023-02-20,lecture,present
STU0669,2023-02-21,lab,present
STU0669,2023-02-23,mentoring,present
STU0669,2023-03-07,mentoring,present
STU0669,2023-03-14,lecture,present
STU0669,2023-05-05,lab,present
STU0669,2023-05-10,lab,late
STU0669,2023-05-17,mentoring,present
STU0669,2023-06-07,lecture,present
STU0669,2023-06-08,lab,present
STU0669,2023-06-13,lecture,present
STU0669,2023-06-15,mentoring,present
STU0669,2023-06-29,lab,late
STU0669,2023-06-30,mentoring,present
STU0669,2023-07-05,mentoring,present
STU0669,2023-07-12,lecture,present
STU0669,2023-07-14,lab,present
STU0669,2023-07-27,lecture,present
STU0669,2023-08-01,mentoring,present
STU0669,2023-08-21,lecture,present
STU0669,2023-09-18,lecture,late
STU0669,2023-09-27,lab,present
STU0669,2023-10-05,lecture,absent
STU0669,2023-10-25,mentoring,present
STU0669,2023-10-31,lecture,present
STU0669,2023-11-23,mentoring,present
STU0669,2023-12-19,lecture,present
STU0669,2024-01-09,lecture,late
STU0669,2024-02-02,mentoring,present
STU0669,2024-03-14,mentoring,present
STU0669,2024-03-21,lab,present
STU0669,2024-04-04,lecture,present
STU0669,2024-04-15,lab,present
STU0669,2024-05-06,mentoring,present
STU0669,2024-05-10,mentoring,present
STU0669,2024-05-13,lecture,present
STU0669,2024-05-30,lab,present
STU0669,2024-06-24,lecture,absent
STU0669,2024-06-26,lab,present
STU0669,2024-09-05,lecture,late
STU0669,2024-09-23,lab,absent
STU0669,2024-09-24,mentoring,present
STU0669,2024-10-23,mentoring,present
STU0669,2024-11-08,mentoring,present
STU0669,2024-11-21,lab,late
STU0669,2025-01-10,mentoring,absent
STU0670,2023-08-22,lab,absent
STU0670,2023-08-31,lab,present
STU0670,2023-09-04,lecture,absent
STU0670,2023-09-26,lecture,present
STU0670,2023-10-20,mentoring,present
STU0670,2023-11-08,lab,absent
STU0670,2023-11-09,mentoring,present
STU0670,2024-01-02,mentoring,present
STU0670,2024-01-22,mentoring,absent
STU0670,2024-02-01,lab,present
STU0670,2024-02-29,mentoring,absent
STU0670,2024-03-06,lecture,absent
STU0670,2024-03-18,lab,present
STU0670,2024-03-27,mentoring,present
STU0670,2024-04-05,mentoring,present
STU0670,2024-05-13,mentoring,present
STU0670,2024-05-16,lab,present
STU0670,2024-08-22,lecture,late
STU0670,2024-08-28,lab,present
STU0670,2024-09-26,lecture,present
STU0670,2024-10-28,lecture,present
STU0670,2024-10-31,mentoring,present
STU0670,2024-11-01,lecture,present
STU0670,2024-11-14,lab,late
STU0670,2024-12-02,lecture,absent
STU0670,2024-12-03,lab,present
STU0670,2024-12-05,mentoring,absent
STU0670,2024-12-06,lecture,present
STU0670,2024-12-27,lab,present
STU0670,2025-01-10,mentoring,present
STU0670,2025-01-14,lecture,present
STU0671,2024-03-14,lab,present
STU0671,2024-04-29,mentoring,present
STU0671,2024-05-02,lecture,present
STU0671,2024-05-06,lab,present
STU0671,2024-05-10,lab,absent
STU0671,2024-06-11,mentoring,present
STU0671,2024-07-08,lecture,present
STU0671,2024-08-26,mentoring,absent
STU0671,2024-09-13,mentoring,present
STU0671,2024-09-18,lab,late
STU0671,2024-09-24,mentoring,present
STU0671,2024-10-01,lecture,absent
STU0671,2024-10-31,lecture,absent
STU0671,2024-12-05,mentoring,present
STU0671,2025-01-02,lecture,present
STU0672,2024-10-03,lecture,present
STU0672,2024-10-14,lab,present
STU0672,2024-10-28,lab,present
STU0672,2024-10-31,lecture,present
STU0672,2024-11-01,lab,present
STU0672,2024-11-20,lecture,late
STU0672,2024-11-25,lecture,late
STU0672,2024-12-05,mentoring,present
STU0672,2024-12-06,lecture,present
STU0672,2024-12-10,mentoring,late
STU0672,2024-12-11,lecture,present
STU0672,2024-12-16,lecture,late
STU0672,2024-12-20,lecture,present
STU0672,2025-01-09,lecture,present
STU0673,2023-02-13,lecture,present
STU0673,2023-02-17,mentoring,present
STU0673,2023-04-05,lab,present
STU0673,2023-04-12,mentoring,present
STU0673,2023-04-18,mentoring,present
STU0673,2023-04-26,mentoring,late
STU0673,2023-06-09,lab,present
STU0673,2023-06-21,lab,late
STU0673,2023-06-29,mentoring,present
STU0673,2023-08-14,mentoring,present
STU0673,2023-08-25,lab,present
STU0673,2023-09-05,lab,present
STU0673,2023-09-22,mentoring,present
STU0673,2023-11-08,lecture,present
STU0673,2023-12-07,lecture,present
STU0673,2024-01-23,lab,present
STU0673,2024-02-01,lecture,present
STU0673,2024-02-05,mentoring,absent
STU0673,2024-02-26,mentoring,present
STU0673,2024-02-28,lab,present
STU0673,2024-04-05,mentoring,present
STU0673,2024-05-02,lab,late
STU0673,2024-05-24,lecture,present
STU0673,2024-05-27,lab,present
STU0673,2024-06-11,lab,present
STU0673,2024-06-14,lecture,present
STU0673,2024-06-24,mentoring,absent
STU0673,2024-07-18,lecture,present
STU0673,2024-08-05,lab,present
STU0673,2024-08-21,lecture,present
STU0673,2024-08-28,lecture,present
STU0673,2024-10-11,mentoring,present
STU0673,2024-10-16,mentoring,late
STU0673,2024-12-05,lecture,present
STU0673,2025-01-03,mentoring,late
STU0674,2023-08-24,lecture,late
STU0674,2023-09-25,lab,late
STU0674,2023-10-02,mentoring,present
STU0674,2023-10-27,mentoring,present
STU0674,2023-11-23,lab,present
STU0674,2023-12-11,mentoring,present
STU0674,2023-12-12,lecture,present
STU0674,2023-12-15,lab,present
STU0674,2023-12-21,lab,present
STU0674,2024-01-01,lecture,present
STU0674,2024-01-11,lab,absent
STU0674,2024-02-05,lab,present
STU0674,2024-02-07,mentoring,absent
STU0674,2024-02-20,mentoring,late
STU0674,2024-03-11,mentoring,present
STU0674,2024-04-11,lecture,present
STU0674,2024-04-24,lab,late
STU0674,2024-05-28,lab,late
STU0674,2024-06-06,mentoring,present
STU0674,2024-06-11,lab,present
STU0674,2024-07-11,lab,present
STU0674,2024-08-14,lecture,late
STU0674,2024-09-04,lab,present
STU0674,2024-09-20,lab,present
STU0674,2024-09-26,mentoring,present
STU0674,2024-09-27,lecture,present
STU0674,2024-10-10,lab,present
STU0674,2024-10-15,mentoring,present
STU0674,2024-10-22,mentoring,present
STU0674,2024-10-29,mentoring,present
STU0674,2024-11-25,lecture,present
STU0674,2024-12-17,mentoring,present
STU0675,2024-01-24,mentoring,present
STU0675,2024-02-14,mentoring,late
STU0675,2024-02-20,mentoring,present
STU0675,2024-03-08,mentoring,absent
STU0675,2024-03-21,mentoring,present
STU0675,2024-03-22,lecture,present
STU0675,2024-04-09,lecture,present
STU0675,2024-04-25,mentoring,present
STU0675,2024-05-02,mentoring,present
STU0675,2024-05-06,lab,present
STU0675,2024-05-08,mentoring,present
STU0675,2024-08-22,lecture,absent
STU0675,2024-09-30,lab,present
STU0675,2024-10-10,mentoring,absent
STU0675,2024-11-14,lecture,present
STU0675,2024-12-18,lab,present
STU0675,2024-12-19,mentoring,present
STU0675,2024-12-26,lecture,absent
STU0676,2024-07-24,lecture,present
STU0676,2024-08-14,lab,absent
STU0676,2024-09-13,lecture,present
STU0676,2024-09-20,mentoring,present
STU0676,2024-09-24,lab,present
STU0676,2024-09-30,lecture,present
STU0676,2024-10-02,lab,present
STU0676,2024-10-14,lecture,present
STU0676,2024-10-25,lab,present
STU0676,2024-10-30,lecture,absent
STU0676,2024-12-25,mentoring,late
STU0676,2024-12-27,lab,present
STU0677,2023-02-22,lab,present
STU0677,2023-03-24,mentoring,present
STU0677,2023-03-30,lab,present
STU0677,2023-03-31,mentoring,present
STU0677,2023-04-26,lab,present
STU0677,2023-05-02,lecture,present
STU0677,2023-05-30,lecture,present
STU0677,2023-07-14,lecture,late
STU0677,2023-07-25,lab,present
STU0677,2023-08-07,lecture,present
STU0677,2023-09-21,mentoring,present
STU0677,2023-10-11,lab,present
STU0677,2023-10-13,lecture,present
STU0677,2023-11-03,lab,late
STU0677,2023-11-14,lab,present
STU0677,2023-11-16,lecture,present
STU0677,2023-12-04,lab,present
STU0677,2023-12-27,lecture,present
STU0677,2023-12-29,mentoring,late
STU0677,2024-01-05,mentoring,present
STU0677,2024-01-12,lecture,late
STU0677,2024-02-06,lecture,present
STU0677,2024-03-21,mentoring,present
STU0677,2024-05-16,mentoring,present
STU0677,2024-05-31,lab,absent
STU0677,2024-07-18,mentoring,present
STU0677,2024-07-26,lab,present
STU0677,2024-08-13,lab,present
STU0677,2024-08-19,lab,present
STU0677,2024-10-22,lecture,absent
STU0677,2024-11-20,lab,present
STU0677,2024-11-21,mentoring,present
STU0677,2024-12-19,mentoring,absent
STU0678,2023-08-07,lab,late
STU0678,2023-08-09,mentoring,late
STU0678,2023-09-26,mentoring,present
STU0678,2023-10-12,lab,present
STU0678,2023-10-17,lecture,absent
STU0678,2023-10-30,lab,present
STU0678,2023-11-01,lecture,late
STU0678,2023-11-08,lab,late
STU0678,2023-11-21,mentoring,present
STU0678,2023-12-01,lab,present
STU0678,2023-12-22,mentoring,present
STU0678,2023-12-29,lecture,present
STU0678,2024-01-12,lab,present
STU0678,2024-01-18,mentoring,present
STU0678,2024-03-05,lab,absent
STU0678,2024-03-14,mentoring,absent
STU0678,2024-03-19,mentoring,absent
STU0678,2024-04-12,mentoring,present
STU0678,2024-04-15,lecture,present
STU0678,2024-04-19,mentoring,present
STU0678,2024-05-20,lab,present
STU0678,2024-07-19,lecture,present
STU0678,2024-07-25,mentoring,absent
STU0678,2024-08-07,mentoring,absent
STU0678,2024-08-09,lab,present
STU0678,2024-08-19,mentoring,present
STU0678,2024-08-26,lecture,absent
STU0678,2024-09-17,lecture,late
STU0678,2024-11-20,lecture,present
STU0678,2024-11-27,lecture,present
STU0678,2024-12-16,mentoring,present
STU0678,2024-12-26,lecture,present
STU0678,2025-01-09,lecture,present
STU0679,2024-03-15,lab,present
STU0679,2024-03-22,lecture,present
STU0679,2024-04-23,mentoring,present
STU0679,2024-04-29,lecture,present
STU0679,2024-04-30,lab,present
STU0679,2024-05-27,lecture,late
STU0679,2024-06-20,lab,present
STU0679,2024-08-07,lecture,present
STU0679,2024-08-27,lecture,present
STU0679,2024-08-28,lab,present
STU0679,2024-09-12,lecture,present
STU0679,2024-09-20,lecture,present
STU0679,2024-09-23,lab,late
STU0679,2024-10-07,lecture,present
STU0679,2024-10-25,lab,present
STU0679,2024-11-26,mentoring,present
STU0679,2025-01-13,lab,present
STU0680,2024-08-05,lecture,present
STU0680,2024-08-15,mentoring,present
STU0680,2024-08-21,lecture,present
STU0680,2024-08-22,lab,late
STU0680,2024-09-30,mentoring,present
STU0680,2024-10-04,lab,absent
STU0680,2024-10-10,lab,present
STU0680,2024-10-28,lecture,present
STU0680,2024-11-15,mentoring,present
STU0680,2024-12-10,mentoring,present
STU0680,2024-12-13,mentoring,absent
STU0680,2024-12-18,mentoring,present
STU0680,2024-12-20,lecture,absent
STU0680,2025-01-09,lecture,present
STU0680,2025-01-15,lecture,present
STU0681,2023-01-19,lecture,present
STU0681,2023-02-07,lab,late
STU0681,2023-02-16,lab,late
STU0681,2023-02-22,lab,present
STU0681,2023-03-07,lab,absent
STU0681,2023-03-15,lecture,present
STU0681,2023-06-05,mentoring,late
STU0681,2023-06-06,lecture,present
STU0681,2023-06-19,mentoring,present
STU0681,2023-08-07,lecture,present
STU0681,2023-08-15,lecture,present
STU0681,2023-08-22,lab,present
STU0681,2023-09-08,lab,present
STU0681,2023-09-14,mentoring,present
STU0681,2023-10-27,lab,present
STU0681,2023-11-03,lab,absent
STU0681,2023-11-09,mentoring,late
STU0681,2023-11-15,lab,absent
STU0681,2023-11-16,mentoring,late
STU0681,2023-12-01,mentoring,present
STU0681,2023-12-08,mentoring,present
STU0681,2023-12-20,lab,present
STU0681,2024-01-18,mentoring,present
STU0681,2024-02-21,mentoring,absent
STU0681,2024-03-26,lab,present
STU0681,2024-04-18,lecture,late
STU0681,2024-05-31,lab,late
STU0681,2024-06-05,lecture,present
STU0681,2024-06-07,lab,present
STU0681,2024-06-11,mentoring,present
STU0681,2024-06-21,mentoring,present
STU0681,2024-08-28,lab,present
STU0681,2024-09-16,mentoring,late
STU0681,2024-10-01,mentoring,present
STU0681,2024-10-02,lecture,present
STU0681,2024-11-01,mentoring,present
STU0681,2024-11-21,lab,present
STU0681,2024-11-28,lab,present
STU0681,2024-12-23,lab,present
STU0681,2024-12-26,lecture,present
STU0681,2025-01-09,lab,present
STU0682,2023-07-25,lab,present
STU0682,2023-08-01,mentoring,present
STU0682,2023-08-11,lab,present
STU0682,2023-08-25,lecture,late
STU0682,2023-09-01,mentoring,present
STU0682,2023-09-27,lab,absent
STU0682,2023-10-03,lab,absent
STU0682,2023-10-16,lecture,present
STU0682,2023-10-19,lecture,present
STU0682,2023-10-24,mentoring,present
STU0682,2023-11-13,mentoring,present
STU0682,2023-11-20,lab,late
STU0682,2023-12-20,mentoring,present
STU0682,2023-12-22,lecture,present
STU0682,2023-12-25,lab,absent
STU0682,2023-12-29,lab,present
STU0682,2024-01-04,lab,present
STU0682,2024-01-29,lab,present
STU0682,2024-01-31,mentoring,present
STU0682,2024-03-01,lab,present
STU0682,2024-03-04,mentoring,present
STU0682,2024-03-05,lecture,late
STU0682,2024-03-29,mentoring,late
STU0682,2024-04-11,lecture,present
STU0682,2024-04-29,lab,present
STU0682,2024-06-05,lecture,present
STU0682,2024-07-25,lecture,present
STU0682,2024-09-02,mentoring,present
STU0682,2024-09-26,lab,absent
STU0682,2024-10-16,mentoring,present
STU0682,2024-10-29,mentoring,absent
STU0682,2024-11-06,mentoring,absent
STU0682,2024-11-08,lecture,present
STU0682,2024-12-03,lab,absent
STU0682,2024-12-17,mentoring,present
STU0682,2024-12-25,mentoring,present
STU0682,2025-01-06,mentoring,present
STU0683,2024-02-14,lecture,present
STU0683,2024-02-27,mentoring,present
STU0683,2024-03-29,lecture,present
STU0683,2024-05-16,lab,present
STU0683,2024-06-07,mentoring,present
STU0683,2024-07-04,lab,late
STU0683,2024-07-09,lecture,present
STU0683,2024-07-19,lab,present
STU0683,2024-08-07,mentoring,present
STU0683,2024-08-20,mentoring,present
STU0683,2024-08-29,mentoring,present
STU0683,2024-08-30,lecture,present
STU0683,2024-09-24,mentoring,absent
STU0683,2024-09-25,lecture,present
STU0683,2024-10-28,lecture,present
STU0683,2024-11-15,lab,late
STU0683,2024-11-29,lab,present
STU0684,2024-09-18,lab,present
STU0684,2024-10-03,lecture,present
STU0684,2024-10-11,mentoring,late
STU0684,2024-11-14,lab,present
STU0684,2024-12-11,lecture,late
STU0684,2025-01-02,lecture,present
STU0684,2025-01-14,mentoring,present
STU0685,2023-04-26,lab,late
STU0685,2023-08-21,lecture,present
STU0685,2023-09-12,lecture,present
STU0685,2023-09-14,mentoring,present
STU0685,2023-09-20,mentoring,absent
STU0685,2023-10-27,mentoring,late
STU0685,2023-11-06,lecture,present
STU0685,2023-11-08,mentoring,present
STU0685,2023-11-16,lab,absent
STU0685,2023-11-22,lecture,present
STU0685,2023-11-27,lab,absent
STU0685,2023-11-29,lecture,late
STU0685,2024-02-21,mentoring,absent
STU0685,2024-03-01,lecture,present
STU0685,2024-05-07,mentoring,late
STU0685,2024-05-08,lecture,present
STU0685,2024-05-15,lecture,present
STU0685,2024-06-27,lecture,present
STU0685,2024-07-04,lecture,present
STU0685,2024-07-17,mentoring,absent
STU0685,2024-08-08,lecture,late
STU0685,2024-08-14,lab,present
STU0685,2024-09-04,lecture,absent
STU0685,2024-09-24,mentoring,late
STU0685,2024-10-14,lecture,present
STU0685,2024-10-17,mentoring,present
STU0685,2024-12-18,lab,absent
STU0686,2023-09-07,lecture,present
STU0686,2023-10-10,lecture,present
STU0686,2023-11-13,mentoring,present
STU0686,2023-11-14,lecture,present
STU0686,2023-12-21,lab,present
STU0686,2024-01-10,lecture,present
STU0686,2024-02-20,lecture,present
STU0686,2024-04-01,mentoring,present
STU0686,2024-04-05,mentoring,present
STU0686,2024-04-08,lecture,absent
STU0686,2024-04-16,lecture,present
STU0686,2024-05-31,lecture,absent
STU0686,2024-06-07,mentoring,present
STU0686,2024-06-28,lecture,present
STU0686,2024-07-05,mentoring,late
STU0686,2024-08-12,lab,present
STU0686,2024-08-29,lab,absent
STU0686,2024-09-17,lab,present
STU0686,2024-10-03,lab,present
STU0686,2024-10-04,mentoring,present
STU0686,2024-10-07,lecture,present
STU0686,2024-11-07,lab,present
STU0686,2024-12-30,lecture,present
STU0686,2024-12-31,lab,present
STU0686,2025-01-14,lab,present
STU0687,2024-03-22,mentoring,absent
STU0687,2024-03-26,lab,present
STU0687,2024-04-08,lab,present
STU0687,2024-04-10,lecture,present
STU0687,2024-05-03,lab,present
STU0687,2024-06-03,lecture,present
STU0687,2024-06-07,lecture,present
STU0687,2024-07-17,mentoring,present
STU0687,2024-07-24,lab,present
STU0687,2024-08-23,lab,present
STU0687,2024-08-29,lecture,present
STU0687,2024-10-18,lab,present
STU0687,2024-11-13,lecture,absent
STU0687,2024-11-14,lab,late
STU0687,2024-11-19,lab,present
STU0687,2024-11-26,mentoring,present
STU0687,2024-12-13,mentoring,present
STU0687,2024-12-20,mentoring,present
STU0687,2025-01-13,lab,present
STU0688,2024-07-22,lab,absent
STU0688,2024-07-31,lab,present
STU0688,2024-08-23,mentoring,absent
STU0688,2024-08-28,lab,present
STU0688,2024-09-03,lecture,present
STU0688,2024-09-04,lab,present
STU0688,2024-09-17,lecture,present
STU0688,2024-10-07,lecture,absent
STU0688,2024-10-11,mentoring,present
STU0688,2024-11-04,mentoring,absent
STU0688,2024-12-03,lab,present
STU0688,2024-12-06,lecture,present
STU0689,2023-02-28,mentoring,present
STU0689,2023-04-11,mentoring,present
STU0689,2023-05-10,lecture,present
STU0689,2023-05-23,lab,present
STU0689,2023-05-31,lecture,absent
STU0689,2023-06-15,lab,present
STU0689,2023-08-01,mentoring,present
STU0689,2023-08-28,lecture,present
STU0689,2023-11-07,lab,absent
STU0689,2023-11-10,lecture,present
STU0689,2023-11-23,lab,absent
STU0689,2023-11-29,mentoring,present
STU0689,2024-01-15,lab,late
STU0689,2024-01-17,mentoring,late
STU0689,2024-01-23,mentoring,late
STU0689,2024-02-05,lab,present
STU0689,2024-02-23,lecture,present
STU0689,2024-04-02,lecture,present
STU0689,2024-04-09,lecture,present
STU0689,2024-04-23,lecture,present
STU0689,2024-05-03,lab,absent
STU0689,2024-05-23,mentoring,present
STU0689,2024-05-28,lecture,present
STU0689,2024-06-07,mentoring,absent
STU0689,2024-06-14,lecture,present
STU0689,2024-07-10,lab,present
STU0689,2024-07-17,lecture,present
STU0689,2024-07-19,lab,late
STU0689,2024-08-06,mentoring,present
STU0689,2024-08-15,mentoring,present
STU0689,2024-08-22,mentoring,absent
STU0689,2024-08-26,lab,late
STU0689,2024-08-28,lecture,present
STU0689,2024-09-20,lecture,late
STU0689,2024-09-23,lab,present
STU0689,2024-11-01,lecture,present
STU0689,2024-11-19,lecture,present
STU0689,2024-11-25,lab,present
STU0689,2024-12-09,lab,present
STU0689,2025-01-09,lab,late
STU0690,2023-09-15,lab,present
STU0690,2023-10-04,mentoring,present
STU0690,2023-10-13,mentoring,present
STU0690,2023-11-09,mentoring,present
STU0690,2024-02-09,lab,present
STU0690,2024-04-11,mentoring,late
STU0690,2024-04-19,lab,present
STU0690,2024-04-23,lecture,present
STU0690,2024-05-10,lecture,present
STU0690,2024-06-18,lecture,present
STU0690,2024-06-24,lab,present
STU0690,2024-06-25,mentoring,present
STU0690,2024-07-03,mentoring,absent
STU0690,2024-07-23,mentoring,absent
STU0690,2024-10-07,lab,absent
STU0690,2024-10-11,lab,present
STU0690,2024-10-14,mentoring,present
STU0690,2024-10-18,mentoring,present
STU0690,2024-11-04,lecture,present
STU0690,2024-11-22,lab,absent
STU0690,2024-12-09,lab,absent
STU0690,2024-12-25,lab,present
STU0690,2024-12-30,lecture,late
STU0691,2024-02-05,lecture,late
STU0691,2024-02-26,lecture,present
STU0691,2024-03-25,mentoring,late
STU0691,2024-05-20,lecture,late
STU0691,2024-07-03,lecture,present
STU0691,2024-07-08,lecture,present
STU0691,2024-07-10,lab,late
STU0691,2024-07-16,lab,late
STU0691,2024-08-07,lecture,present
STU0691,2024-08-26,lab,present
STU0691,2024-09-30,mentoring,present
STU0691,2024-10-02,lecture,present
STU0691,2024-10-17,mentoring,late
STU0691,2024-11-07,lecture,present
STU0691,2024-11-14,lecture,present
STU0691,2024-12-03,mentoring,present
STU0691,2024-12-06,lab,absent
STU0691,2024-12-26,lecture,present
STU0691,2025-01-02,lecture,present
STU0691,2025-01-03,lab,present
STU0691,2025-01-14,mentoring,present
STU0692,2024-10-15,mentoring,present
STU0692,2024-11-14,mentoring,present
STU0692,2024-12-11,mentoring,present
STU0692,2024-12-25,lab,present
STU0692,2025-01-06,mentoring,present
STU0693,2023-03-27,mentoring,absent
STU0693,2023-05-05,lab,absent
STU0693,2023-05-31,mentoring,late
STU0693,2023-06-01,lecture,present
STU0693,2023-06-08,lab,absent
STU0693,2023-06-12,mentoring,present
STU0693,2023-06-16,lab,late
STU0693,2023-06-28,lecture,late
STU0693,2023-06-30,mentoring,present
STU0693,2023-07-12,mentoring,present
STU0693,2023-08-01,lecture,late
STU0693,2023-08-10,mentoring,present
STU0693,2023-08-15,lab,present
STU0693,2023-09-28,lecture,present
STU0693,2023-09-29,lab,present
STU0693,2023-10-09,mentoring,absent
STU0693,2023-10-11,lab,present
STU0693,2023-12-04,lab,present
STU0693,2024-01-16,lecture,present
STU0693,2024-01-18,mentoring,present
STU0693,2024-01-25,mentoring,absent
STU0693,2024-01-30,lab,present
STU0693,2024-03-29,lab,present
STU0693,2024-05-14,mentoring,present
STU0693,2024-06-10,lecture,present
STU0693,2024-07-04,mentoring,present
STU0693,2024-07-12,lecture,late
STU0693,2024-09-19,mentoring,late
STU0693,2024-09-24,mentoring,present
STU0693,2024-10-28,mentoring,present
STU0693,2024-10-31,lecture,present
STU0693,2024-11-07,lecture,present
STU0693,2024-12-16,lab,present
STU0694,2023-08-24,mentoring,absent
STU0694,2023-09-08,mentoring,late
STU0694,2023-11-06,lecture,present
STU0694,2023-11-16,lecture,present
STU0694,2024-01-03,mentoring,present
STU0694,2024-02-22,mentoring,present
STU0694,2024-02-23,lecture,present
STU0694,2024-02-29,lecture,present
STU0694,2024-03-06,lab,present
STU0694,2024-03-29,lecture,present
STU0694,2024-04-01,lab,present
STU0694,2024-06-03,lab,absent
STU0694,2024-06-11,mentoring,present
STU0694,2024-06-19,lecture,present
STU0694,2024-08-20,mentoring,late
STU0694,2024-08-23,lecture,late
STU0694,2024-08-28,lecture,present
STU0694,2024-09-11,mentoring,present
STU0694,2024-09-30,lab,present
STU0694,2024-10-10,mentoring,present
STU0694,2024-10-18,mentoring,present
STU0694,2024-10-24,mentoring,late
STU0694,2024-11-01,mentoring,absent
STU0694,2024-11-11,lab,present
STU0694,2024-11-21,mentoring,present
STU0694,2024-12-27,mentoring,absent
STU0694,2025-01-14,lab,present
STU0695,2024-03-07,lecture,present
STU0695,2024-03-08,lab,present
STU0695,2024-04-03,lecture,present
STU0695,2024-04-22,lab,present
STU0695,2024-04-26,lab,present
STU0695,2024-05-13,lab,present
STU0695,2024-07-22,lecture,late
STU0695,2024-07-23,lab,present
STU0695,2024-08-29,lecture,present
STU0695,2024-09-23,mentoring,present
STU0695,2024-10-09,lab,present
STU0695,2024-11-18,mentoring,present
STU0695,2024-11-26,lab,present
STU0695,2024-12-02,mentoring,present
STU0695,2024-12-25,lab,present
STU0695,2024-12-31,mentoring,present
STU0695,2025-01-01,lecture,present
STU0695,2025-01-06,lecture,late
STU0696,2024-07-19,lab,present
STU0696,2024-07-23,lecture,present
STU0696,2024-10-16,lab,present
STU0696,2024-11-26,lab,present
STU0696,2024-12-10,lecture,absent
STU0696,2024-12-23,lecture,present
STU0696,2024-12-26,mentoring,present
STU0696,2024-12-27,lecture,present
STU0697,2023-03-17,lecture,present
STU0697,2023-04-03,mentoring,present
STU0697,2023-04-04,lecture,present
STU0697,2023-04-07,mentoring,present
STU0697,2023-04-24,lab,present
STU0697,2023-06-02,lecture,present
STU0697,2023-06-06,mentoring,present
STU0697,2023-06-08,lab,absent
STU0697,2023-06-15,mentoring,present
STU0697,2023-06-28,lecture,present
STU0697,2023-07-20,lecture,present
STU0697,2023-07-24,mentoring,late
STU0697,2023-08-14,lab,absent
STU0697,2023-09-06,mentoring,late
STU0697,2023-10-05,mentoring,present
STU0697,2023-10-06,lecture,present
STU0697,2023-10-26,lecture,present
STU0697,2023-11-06,lab,present
STU0697,2023-11-07,mentoring,absent
STU0697,2023-11-28,lecture,late
STU0697,2024-03-07,mentoring,present
STU0697,2024-03-11,lab,present
STU0697,2024-03-25,mentoring,present
STU0697,2024-05-30,mentoring,present
STU0697,2024-06-21,mentoring,absent
STU0697,2024-07-11,mentoring,late
STU0697,2024-08-09,lab,present
STU0697,2024-08-14,lecture,present
STU0697,2024-09-04,mentoring,late
STU0697,2024-10-29,lab,present
STU0697,2024-11-18,lecture,present
STU0697,2024-12-10,lab,absent
STU0697,2025-01-15,mentoring,late
STU0698,2023-09-04,mentoring,present
STU0698,2023-09-18,lab,present
STU0698,2023-10-23,lecture,present
STU0698,2023-11-09,lecture,present
STU0698,2023-12-08,mentoring,absent
STU0698,2024-01-02,lecture,present
STU0698,2024-01-19,lab,present
STU0698,2024-01-23,lecture,present
STU0698,2024-02-02,lab,present
STU0698,2024-02-19,mentoring,present
STU0698,2024-03-27,lab,present
STU0698,2024-04-09,lecture,absent
STU0698,2024-06-05,mentoring,late
STU0698,2024-07-09,lab,absent
STU0698,2024-07-24,lab,present
STU0698,2024-08-09,mentoring,present
STU0698,2024-08-13,lecture,present
STU0698,2024-08-16,mentoring,absent
STU0698,2024-08-20,lecture,present
STU0698,2024-08-26,mentoring,present
STU0698,2024-08-27,lecture,present
STU0698,2024-09-03,lab,present
STU0698,2024-09-04,mentoring,present
STU0698,2024-09-27,lecture,present
STU0698,2024-10-04,mentoring,absent
STU0698,2024-10-11,lab,present
STU0698,2024-11-06,lecture,present
STU0698,2024-11-20,lab,present
STU0698,2024-11-25,lab,late
STU0698,2024-12-11,lab,present
STU0698,2024-12-18,mentoring,present
STU0698,2025-01-10,lab,absent
STU0698,2025-01-13,mentoring,late
STU0699,2024-02-23,lecture,present
STU0699,2024-03-14,lab,present
STU0699,2024-05-06,lecture,late
STU0699,2024-07-25,mentoring,present
STU0699,2024-07-30,lab,late
STU0699,2024-08-01,lecture,present
STU0699,2024-08-08,lab,present
STU0699,2024-08-09,mentoring,present
STU0699,2024-08-23,mentoring,absent
STU0699,2024-08-26,lecture,present
STU0699,2024-08-28,mentoring,present
STU0699,2024-09-23,lecture,late
STU0699,2024-12-05,mentoring,present
STU0699,2024-12-23,mentoring,present
STU0699,2025-01-09,mentoring,present
STU0700,2024-09-06,lab,present
STU0700,2024-09-24,lab,present
STU0700,2024-11-04,lab,present
STU0700,2024-11-12,lecture,present
STU0700,2024-11-20,mentoring,late
STU0700,2025-01-07,lecture,present
STU0701,2023-02-01,lecture,present
STU0701,2023-03-27,mentoring,present
STU0701,2023-06-26,lecture,present
STU0701,2023-06-28,mentoring,absent
STU0701,2023-06-30,lab,absent
STU0701,2023-07-24,mentoring,absent
STU0701,2023-07-25,lecture,present
STU0701,2023-08-15,lab,present
STU0701,2023-08-25,mentoring,present
STU0701,2023-10-10,mentoring,present
STU0701,2023-10-12,lecture,present
STU0701,2023-10-20,lab,present
STU0701,2023-11-06,mentoring,present
STU0701,2023-11-07,lecture,present
STU0701,2023-11-14,mentoring,present
STU0701,2023-11-15,lecture,late
STU0701,2023-12-04,lecture,present
STU0701,2023-12-21,lecture,present
STU0701,2024-02-05,lecture,present
STU0701,2024-02-16,lecture,present
STU0701,2024-04-29,mentoring,present
STU0701,2024-05-24,mentoring,present
STU0701,2024-07-02,lab,late
STU0701,2024-07-10,mentoring,absent
STU0701,2024-07-29,mentoring,present
STU0701,2024-08-15,lecture,present
STU0701,2024-08-27,lecture,absent
STU0701,2024-08-30,lab,present
STU0701,2024-09-11,lab,late
STU0701,2024-11-22,mentoring,late
STU0701,2024-12-05,lab,late
STU0702,2023-07-27,lab,present
STU0702,2023-07-28,mentoring,present
STU0702,2023-08-17,mentoring,present
STU0702,2023-10-04,lecture,present
STU0702,2023-10-11,mentoring,late
STU0702,2023-10-13,lab,late
STU0702,2023-12-26,mentoring,present
STU0702,2024-01-26,lab,present
STU0702,2024-02-19,lecture,present
STU0702,2024-02-20,lab,late
STU0702,2024-02-22,mentoring,late
STU0702,2024-07-02,mentoring,present
STU0702,2024-07-17,lecture,present
STU0702,2024-09-13,lab,late
STU0702,2024-10-07,mentoring,absent
STU0702,2024-10-29,lecture,late
STU0702,2024-12-09,lab,absent
STU0702,2025-01-06,lecture,present
STU0703,2024-04-12,lecture,late
STU0703,2024-04-23,mentoring,present
STU0703,2024-04-30,lecture,present
STU0703,2024-05-07,lab,absent
STU0703,2024-06-11,lecture,late
STU0703,2024-06-18,lab,absent
STU0703,2024-08-02,lecture,present
STU0703,2024-08-23,lab,present
STU0703,2024-10-23,lecture,late
STU0703,2024-11-11,lab,present
STU0703,2024-11-21,lecture,present
STU0703,2024-12-31,lecture,present
STU0703,2025-01-02,lab,present
STU0704,2024-07-26,lecture,present
STU0704,2024-08-14,mentoring,present
STU0704,2024-08-23,mentoring,present
STU0704,2024-09-02,mentoring,present
STU0704,2024-09-12,lecture,present
STU0704,2024-09-17,lecture,present
STU0704,2024-09-20,lecture,absent
STU0704,2024-10-15,lecture,present
STU0704,2024-10-16,lab,late
STU0704,2024-11-05,mentoring,absent
STU0704,2024-11-12,mentoring,absent
STU0704,2024-12-06,lecture,present
STU0704,2024-12-24,mentoring,absent
STU0705,2023-03-14,lab,present
STU0705,2023-05-05,lab,late
STU0705,2023-06-15,mentoring,present
STU0705,2023-07-05,lecture,present
STU0705,2023-07-11,lecture,present
STU0705,2023-07-14,lecture,late
STU0705,2023-07-26,lab,present
STU0705,2023-08-28,lecture,present
STU0705,2023-11-03,lecture,present
STU0705,2023-11-27,mentoring,present
STU0705,2024-01-09,mentoring,present
STU0705,2024-01-16,lecture,present
STU0705,2024-02-13,mentoring,present
STU0705,2024-02-20,lecture,absent
STU0705,2024-02-27,lab,present
STU0705,2024-03-01,lecture,present
STU0705,2024-03-14,lab,present
STU0705,2024-04-10,mentoring,present
STU0705,2024-06-12,lab,present
STU0705,2024-07-22,mentoring,present
STU0705,2024-07-25,lab,present
STU0705,2024-08-15,lab,present
STU0705,2024-08-27,mentoring,present
STU0705,2024-09-09,mentoring,present
STU0705,2024-10-18,mentoring,late
STU0705,2024-10-29,mentoring,present
STU0705,2024-12-30,mentoring,present
STU0706,2023-08-09,lab,late
STU0706,2023-08-24,lecture,absent
STU0706,2023-08-29,mentoring,present
STU0706,2023-09-21,lab,present
STU0706,2023-10-03,mentoring,late
STU0706,2023-10-31,lab,present
STU0706,2023-11-03,lecture,late
STU0706,2023-11-06,lab,present
STU0706,2023-11-15,lab,late
STU0706,2023-12-08,mentoring,present
STU0706,2024-01-23,lab,present
STU0706,2024-03-27,lab,present
STU0706,2024-05-15,mentoring,present
STU0706,2024-06-10,mentoring,present
STU0706,2024-06-12,lecture,absent
STU0706,2024-06-18,lab,present
STU0706,2024-06-24,lecture,present
STU0706,2024-07-08,lab,present
STU0706,2024-08-05,mentoring,absent
STU0706,2024-08-27,lab,absent
STU0706,2024-09-10,mentoring,present
STU0706,2024-09-20,lecture,present
STU0706,2024-09-25,mentoring,present
STU0706,2024-10-31,lecture,absent
STU0706,2024-11-14,lab,absent
STU0706,2024-12-13,mentoring,present
STU0706,2025-01-08,lecture,present
STU0707,2024-02-05,lecture,present
STU0707,2024-02-26,mentoring,absent
STU0707,2024-04-01,lab,present
STU0707,2024-05-13,lecture,present
STU0707,2024-05-27,lecture,late
STU0707,2024-06-05,lab,present
STU0707,2024-07-01,lab,present
STU0707,2024-07-16,lab,present
STU0707,2024-07-18,mentoring,present
STU0707,2024-08-02,lab,present
STU0707,2024-08-09,mentoring,absent
STU0707,2024-08-13,lab,present
STU0707,2024-08-28,lecture,present
STU0707,2024-09-02,mentoring,present
STU0707,2024-09-12,lab,present
STU0707,2024-10-14,lecture,late
STU0707,2024-10-29,mentoring,absent
STU0707,2024-10-30,lecture,present
STU0707,2024-11-18,lecture,present
STU0708,2024-08-21,lecture,present
STU0708,2024-09-03,mentoring,present
STU0708,2024-10-10,mentoring,present
STU0708,2024-11-19,mentoring,present
STU0708,2024-11-21,lab,absent
STU0708,2024-11-29,lab,absent
STU0709,2023-01-27,lab,absent
STU0709,2023-02-16,mentoring,present
STU0709,2023-03-14,lab,present
STU0709,2023-04-24,lecture,present
STU0709,2023-04-26,lab,absent
STU0709,2023-05-11,mentoring,present
STU0709,2023-05-29,lab,late
STU0709,2023-06-02,lecture,present
STU0709,2023-06-12,lecture,present
STU0709,2023-07-10,lab,present
STU0709,2023-07-12,lecture,late
STU0709,2023-07-19,lecture,present
STU0709,2023-07-24,lecture,present
STU0709,2023-07-25,lab,present
STU0709,2023-08-03,lab,absent
STU0709,2023-08-16,lab,present
STU0709,2023-09-13,mentoring,late
STU0709,2023-10-04,lab,present
STU0709,2023-10-18,lab,absent
STU0709,2023-10-25,lecture,absent
STU0709,2023-12-11,mentoring,present
STU0709,2023-12-19,lecture,present
STU0709,2023-12-22,lab,present
STU0709,2023-12-29,lab,late
STU0709,2024-01-15,mentoring,present
STU0709,2024-01-16,lecture,present
STU0709,2024-01-26,lab,present
STU0709,2024-04-29,lab,present
STU0709,2024-05-10,mentoring,late
STU0709,2024-05-29,lecture,present
STU0709,2024-06-07,mentoring,present
STU0709,2024-06-17,mentoring,present
STU0709,2024-06-18,lecture,absent
STU0709,2024-06-24,lecture,present
STU0709,2024-06-25,lab,present
STU0709,2024-07-30,lecture,present
STU0709,2024-08-02,mentoring,present
STU0709,2024-08-26,lecture,present
STU0709,2024-09-27,mentoring,present
STU0709,2024-10-29,mentoring,present
STU0709,2024-11-08,lab,present
STU0709,2024-11-13,lecture,present
STU0709,2024-11-20,mentoring,present
STU0709,2024-12-19,lecture,present
STU0709,2024-12-25,mentoring,absent
STU0710,2023-09-06,lecture,absent
STU0710,2023-09-08,mentoring,present
STU0710,2023-10-19,lecture,present
STU0710,2024-01-08,lab,late
STU0710,2024-01-19,lab,present
STU0710,2024-01-30,lecture,late
STU0710,2024-01-31,lab,present
STU0710,2024-02-02,mentoring,present
STU0710,2024-02-05,lecture,present
STU0710,2024-02-16,lab,late
STU0710,2024-03-08,lab,absent
STU0710,2024-03-15,lab,absent
STU0710,2024-03-22,mentoring,present
STU0710,2024-03-27,lab,present
STU0710,2024-04-05,lab,late
STU0710,2024-04-10,lecture,absent
STU0710,2024-05-17,lab,present
STU0710,2024-06-17,lecture,present
STU0710,2024-06-21,mentoring,present
STU0710,2024-06-28,lab,absent
STU0710,2024-07-15,mentoring,absent
STU0710,2024-08-02,lecture,absent
STU0710,2024-08-09,lecture,absent
STU0710,2024-08-12,lab,present
STU0710,2024-09-12,lecture,present
STU0710,2024-10-03,lecture,late
STU0710,2024-10-08,mentoring,present
STU0710,2024-10-09,lecture,absent
STU0710,2024-10-29,lecture,present
STU0710,2024-11-14,lab,present
STU0710,2024-11-29,lecture,present
STU0710,2024-12-04,mentoring,present
STU0710,2025-01-13,mentoring,present
STU0711,2024-05-31,lab,present
STU0711,2024-06-07,mentoring,present
STU0711,2024-06-14,mentoring,present
STU0711,2024-07-24,mentoring,late
STU0711,2024-08-05,mentoring,late
STU0711,2024-09-02,lab,absent
STU0711,2024-09-04,lecture,present
STU0711,2024-09-17,lab,present
STU0711,2024-10-03,lecture,present
STU0711,2024-10-17,lecture,absent
STU0711,2024-10-29,lab,present
STU0711,2024-11-21,mentoring,absent
STU0711,2024-12-06,lecture,present
STU0711,2024-12-12,lecture,present
STU0711,2025-01-06,lab,present
STU0711,2025-01-07,mentoring,present
STU0712,2024-09-06,lecture,present
STU0712,2024-11-25,lecture,late
STU0712,2024-12-03,mentoring,present
STU0712,2025-01-15,mentoring,present
STU0713,2023-03-02,mentoring,present
STU0713,2023-03-14,lecture,present
STU0713,2023-04-10,mentoring,present
STU0713,2023-04-26,mentoring,present
STU0713,2023-05-15,lecture,present
STU0713,2023-05-18,lab,present
STU0713,2023-06-28,lecture,present
STU0713,2023-08-08,mentoring,absent
STU0713,2023-09-13,lab,present
STU0713,2023-09-15,mentoring,late
STU0713,2023-09-27,lecture,late
STU0713,2023-10-02,lecture,present
STU0713,2023-10-03,lab,present
STU0713,2023-10-13,lab,late
STU0713,2023-10-16,mentoring,present
STU0713,2023-10-20,lecture,late
STU0713,2023-11-02,mentoring,present
STU0713,2023-11-22,lecture,absent
STU0713,2024-01-09,lab,present
STU0713,2024-01-11,mentoring,absent
STU0713,2024-01-29,lab,present
STU0713,2024-02-05,lab,present
STU0713,2024-02-20,lab,present
STU0713,2024-02-26,lecture,late
STU0713,2024-03-12,lab,present
STU0713,2024-03-14,lecture,present
STU0713,2024-03-25,lab,present
STU0713,2024-04-04,lab,present
STU0713,2024-04-15,lecture,present
STU0713,2024-04-17,lab,present
STU0713,2024-05-08,lecture,present
STU0713,2024-05-15,lab,present
STU0713,2024-05-31,lab,present
STU0713,2024-06-12,mentoring,absent
STU0713,2024-06-19,mentoring,present
STU0713,2024-08-06,lecture,present
STU0713,2024-08-07,lab,late
STU0713,2024-09-24,lecture,present
STU0713,2024-10-15,mentoring,late
STU0713,2024-11-05,mentoring,present
STU0713,2024-11-06,lecture,present
STU0713,2024-11-26,lecture,present
STU0713,2024-12-25,lab,present
STU0714,2023-08-18,lecture,present
STU0714,2023-08-23,lecture,present
STU0714,2023-08-28,lecture,present
STU0714,2023-09-04,lecture,present
STU0714,2023-09-13,lecture,present
STU0714,2023-09-18,mentoring,present
STU0714,2023-10-27,mentoring,present
STU0714,2023-10-30,lecture,late
STU0714,2023-12-11,lecture,present
STU0714,2023-12-19,lab,present
STU0714,2024-01-05,mentoring,late
STU0714,2024-01-26,lecture,present
STU0714,2024-02-23,mentoring,present
STU0714,2024-03-27,lab,present
STU0714,2024-04-01,mentoring,present
STU0714,2024-04-09,lab,present
STU0714,2024-05-15,mentoring,present
STU0714,2024-06-13,mentoring,absent
STU0714,2024-06-18,mentoring,late
STU0714,2024-07-15,lecture,present
STU0714,2024-07-22,lecture,present
STU0714,2024-08-23,lecture,present
STU0714,2024-09-26,lab,late
STU0714,2024-10-14,lab,absent
STU0714,2024-10-15,mentoring,present
STU0714,2024-11-04,mentoring,late
STU0715,2024-02-28,lab,absent
STU0715,2024-03-11,mentoring,present
STU0715,2024-04-11,lab,present
STU0715,2024-05-03,lab,present
STU0715,2024-06-07,lab,present
STU0715,2024-07-03,lab,present
STU0715,2024-07-26,lab,present
STU0715,2024-07-29,mentoring,present
STU0715,2024-07-30,lecture,present
STU0715,2024-08-07,lecture,present
STU0715,2024-09-13,mentoring,present
STU0715,2024-10-24,mentoring,late
STU0715,2024-11-13,lecture,present
STU0715,2024-11-15,mentoring,present
STU0715,2024-11-28,lecture,late
STU0715,2024-12-02,mentoring,present
STU0715,2024-12-03,lecture,present
STU0715,2025-01-01,lab,present
STU0716,2024-08-29,lecture,present
STU0716,2024-10-02,lecture,absent
STU0716,2024-10-14,lecture,absent
STU0716,2024-11-08,lab,present
STU0716,2024-11-15,mentoring,present
STU0716,2024-12-19,lecture,present
STU0716,2024-12-31,lab,absent
STU0716,2025-01-10,mentoring,absent
STU0716,2025-01-15,lecture,present
STU0717,2023-03-15,lab,present
STU0717,2023-03-17,lecture,present
STU0717,2023-03-28,mentoring,late
STU0717,2023-04-20,mentoring,present
STU0717,2023-05-15,lab,present
STU0717,2023-05-26,lecture,present
STU0717,2023-06-05,mentoring,present
STU0717,2023-10-20,mentoring,late
STU0717,2023-11-17,mentoring,present
STU0717,2023-12-08,mentoring,present
STU0717,2024-01-02,lecture,present
STU0717,2024-02-05,lecture,absent
STU0717,2024-03-26,lecture,present
STU0717,2024-04-10,mentoring,absent
STU0717,2024-04-15,mentoring,present
STU0717,2024-04-17,lecture,present
STU0717,2024-04-18,lab,absent
STU0717,2024-04-23,lecture,present
STU0717,2024-04-26,mentoring,present
STU0717,2024-05-29,mentoring,late
STU0717,2024-06-04,lab,absent
STU0717,2024-06-17,lecture,present
STU0717,2024-07-03,mentoring,present
STU0717,2024-08-14,lab,present
STU0717,2024-08-26,lecture,present
STU0717,2024-09-24,lab,present
STU0717,2024-09-30,lab,present
STU0717,2024-10-07,mentoring,late
STU0717,2024-11-13,mentoring,present
STU0717,2024-11-19,lab,late
STU0717,2024-12-26,lab,present
STU0717,2025-01-03,lecture,late
STU0718,2023-08-31,lab,present
STU0718,2023-09-04,lecture,late
STU0718,2023-09-12,lecture,late
STU0718,2023-10-06,lecture,present
STU0718,2023-10-24,mentoring,present
STU0718,2023-11-21,lecture,late
STU0718,2024-01-01,lab,absent
STU0718,2024-02-02,lab,present
STU0718,2024-03-19,lab,present
STU0718,2024-03-22,mentoring,absent
STU0718,2024-04-17,lab,present
STU0718,2024-04-22,lecture,present
STU0718,2024-04-30,mentoring,present
STU0718,2024-06-05,lecture,absent
STU0718,2024-07-11,lab,present
STU0718,2024-07-26,lecture,late
STU0718,2024-08-12,lecture,present
STU0718,2024-09-12,lecture,present
STU0718,2024-10-23,lecture,present
STU0718,2024-10-24,lab,absent
STU0718,2024-11-11,mentoring,present
STU0718,2024-11-12,lecture,present
STU0718,2024-12-02,mentoring,present
STU0719,2024-02-07,lab,present
STU0719,2024-02-21,lab,present
STU0719,2024-03-07,lecture,present
STU0719,2024-03-21,lab,present
STU0719,2024-04-25,lab,present
STU0719,2024-04-30,lecture,present
STU0719,2024-05-28,mentoring,present
STU0719,2024-06-17,lab,present
STU0719,2024-06-27,lab,present
STU0719,2024-09-10,lecture,present
STU0719,2024-09-18,lab,present
STU0719,2024-09-25,lecture,absent
STU0719,2024-09-27,mentoring,present
STU0719,2024-12-13,lab,present
STU0719,2024-12-25,lab,absent
STU0719,2025-01-01,lecture,absent
STU0720,2024-09-06,lecture,present
STU0720,2024-09-20,lab,present
STU0720,2024-11-06,lecture,present
STU0720,2024-11-12,lecture,present
STU0720,2024-11-18,lecture,present
STU0720,2024-12-11,lecture,present
STU0720,2025-01-07,mentoring,present
STU0721,2023-03-10,lecture,present
STU0721,2023-04-17,lab,late
STU0721,2023-05-08,lecture,late
STU0721,2023-06-05,mentoring,present
STU0721,2023-08-07,lab,late
STU0721,2023-09-20,lab,late
STU0721,2023-10-03,lecture,present
STU0721,2023-10-16,mentoring,present
STU0721,2023-11-06,lecture,present
STU0721,2023-11-21,lab,present
STU0721,2023-12-12,mentoring,present
STU0721,2023-12-18,lab,present
STU0721,2023-12-22,mentoring,absent
STU0721,2024-01-02,lecture,present
STU0721,2024-01-08,lab,present
STU0721,2024-01-11,lab,present
STU0721,2024-01-29,mentoring,present
STU0721,2024-02-27,lab,present
STU0721,2024-03-14,mentoring,absent
STU0721,2024-05-10,lecture,late
STU0721,2024-06-28,mentoring,absent
STU0721,2024-07-24,lecture,present
STU0721,2024-09-16,mentoring,present
STU0721,2024-09-26,mentoring,absent
STU0721,2024-09-27,lecture,present
STU0721,2024-10-17,lab,present
STU0721,2024-10-23,lecture,present
STU0721,2024-10-30,lecture,present
STU0721,2024-11-13,lecture,late
STU0721,2024-12-02,lecture,present
STU0721,2024-12-04,mentoring,present
STU0721,2024-12-06,lab,late
STU0721,2024-12-16,lab,present
STU0721,2024-12-26,lecture,absent
STU0721,2024-12-30,mentoring,present
STU0721,2025-01-01,lab,present
STU0721,2025-01-02,mentoring,late
STU0722,2023-09-06,lab,late
STU0722,2023-09-15,mentoring,present
STU0722,2023-09-21,lecture,absent
STU0722,2023-10-11,mentoring,present
STU0722,2023-11-23,mentoring,present
STU0722,2023-12-07,mentoring,absent
STU0722,2024-01-05,lecture,present
STU0722,2024-01-08,lab,present
STU0722,2024-01-19,mentoring,late
STU0722,2024-01-30,lecture,present
STU0722,2024-04-04,lab,present
STU0722,2024-04-11,lecture,present
STU0722,2024-04-17,lecture,present
STU0722,2024-05-02,lecture,late
STU0722,2024-05-10,lecture,present
STU0722,2024-06-18,mentoring,present
STU0722,2024-07-23,mentoring,present
STU0722,2024-08-07,lab,present
STU0722,2024-08-13,lecture,present
STU0722,2024-09-20,mentoring,present
STU0722,2024-11-14,mentoring,present
STU0722,2024-12-16,mentoring,present
STU0722,2025-01-06,lab,present
STU0722,2025-01-13,lab,present
STU0723,2024-02-05,lecture,present
STU0723,2024-03-01,lecture,present
STU0723,2024-05-13,lab,present
STU0723,2024-05-28,mentoring,present
STU0723,2024-06-13,lecture,present
STU0723,2024-08-02,lab,present
STU0723,2024-09-20,mentoring,late
STU0723,2024-10-01,lecture,present
STU0723,2024-11-15,lab,present
STU0723,2024-12-17,lecture,present
STU0724,2024-09-04,lecture,present
STU0724,2024-09-12,lab,present
STU0724,2024-09-27,mentoring,late
STU0724,2024-10-18,lab,present
STU0724,2024-10-22,mentoring,present
STU0724,2024-10-28,lecture,present
STU0724,2024-11-11,mentoring,late
STU0724,2024-11-12,lecture,present
STU0724,2024-11-28,lab,present
STU0724,2024-12-03,lecture,present
STU0724,2024-12-05,mentoring,present
STU0724,2024-12-11,lab,present
STU0724,2024-12-16,lab,present
STU0724,2025-01-15,lecture,absent
STU0725,2023-03-22,lecture,present
STU0725,2023-03-24,lab,present
STU0725,2023-03-30,lab,present
STU0725,2023-05-03,lab,present
STU0725,2023-05-16,mentoring,present
STU0725,2023-05-22,lecture,absent
STU0725,2023-06-06,mentoring,late
STU0725,2023-06-07,lecture,late
STU0725,2023-06-28,lab,absent
STU0725,2023-07-04,lecture,late
STU0725,2023-09-28,mentoring,present
STU0725,2023-10-16,mentoring,present
STU0725,2023-10-24,mentoring,present
STU0725,2023-10-27,lab,present
STU0725,2023-11-09,lab,absent
STU0725,2023-11-24,lab,present
STU0725,2023-12-20,lab,present
STU0725,2024-01-16,lab,present
STU0725,2024-01-17,mentoring,absent
STU0725,2024-01-25,lab,present
STU0725,2024-01-30,mentoring,present
STU0725,2024-04-10,mentoring,present
STU0725,2024-05-09,lecture,present
STU0725,2024-05-10,lab,present
STU0725,2024-07-18,mentoring,present
STU0725,2024-07-22,lab,late
STU0725,2024-08-09,mentoring,present
STU0725,2024-10-09,lecture,late
STU0725,2024-10-31,lecture,present
STU0726,2023-09-29,lecture,present
STU0726,2023-10-09,lab,present
STU0726,2023-10-24,lab,present
STU0726,2023-11-24,lecture,present
STU0726,2024-02-22,lecture,absent
STU0726,2024-04-04,lecture,absent
STU0726,2024-04-15,mentoring,absent
STU0726,2024-04-17,lab,late
STU0726,2024-05-16,lecture,present
STU0726,2024-08-07,lecture,present
STU0726,2024-08-13,mentoring,present
STU0726,2024-08-23,lecture,present
STU0726,2024-09-17,lab,absent
STU0726,2024-09-20,lecture,present
STU0726,2024-10-14,lab,present
STU0726,2024-10-21,mentoring,present
STU0726,2024-11-11,lecture,present
STU0726,2024-11-22,lab,present
STU0726,2024-12-02,lab,present
STU0726,2024-12-30,lab,present
STU0726,2024-12-31,mentoring,absent
STU0726,2025-01-13,mentoring,present
STU0727,2024-02-28,lab,present
STU0727,2024-03-04,lab,absent
STU0727,2024-03-05,mentoring,present
STU0727,2024-03-06,lecture,present
STU0727,2024-05-10,mentoring,absent
STU0727,2024-05-13,lecture,late
STU0727,2024-06-07,mentoring,present
STU0727,2024-07-02,mentoring,present
STU0727,2024-07-18,lab,absent
STU0727,2024-10-01,lecture,present
STU0727,2024-10-04,mentoring,late
STU0727,2024-10-08,lecture,late
STU0727,2024-12-23,lab,present
STU0727,2024-12-31,mentoring,present
STU0728,2024-08-19,lecture,absent
STU0728,2024-08-23,mentoring,present
STU0728,2024-08-27,lab,present
STU0728,2024-10-08,lecture,present
STU0728,2024-10-10,mentoring,present
STU0728,2024-11-25,lecture,present
STU0728,2024-12-19,lab,present
STU0728,2024-12-26,lecture,present
STU0728,2025-01-07,lab,present
STU0728,2025-01-14,lab,present
STU0729,2023-01-20,lab,absent
STU0729,2023-02-02,mentoring,present
STU0729,2023-02-27,lab,present
STU0729,2023-04-12,lecture,absent
STU0729,2023-07-05,lab,present
STU0729,2023-08-02,lecture,absent
STU0729,2023-08-31,lab,absent
STU0729,2023-09-06,mentoring,present
STU0729,2023-09-20,mentoring,present
STU0729,2023-09-26,lab,present
STU0729,2023-10-05,mentoring,present
STU0729,2023-10-10,lecture,absent
STU0729,2023-10-20,lecture,present
STU0729,2023-11-29,lecture,present
STU0729,2023-12-04,lab,present
STU0729,2023-12-06,lecture,present
STU0729,2023-12-13,lab,present
STU0729,2024-01-08,lecture,present
STU0729,2024-01-31,lab,present
STU0729,2024-02-09,lab,present
STU0729,2024-02-27,lecture,present
STU0729,2024-03-01,lab,present
STU0729,2024-03-28,lab,late
STU0729,2024-03-29,mentoring,absent
STU0729,2024-04-05,lecture,late
STU0729,2024-04-23,lecture,absent
STU0729,2024-04-25,mentoring,present
STU0729,2024-04-26,lecture,late
STU0729,2024-05-02,mentoring,absent
STU0729,2024-05-31,lab,present
STU0729,2024-06-24,lecture,absent
STU0729,2024-06-25,lab,absent
STU0729,2024-07-03,lab,present
STU0729,2024-07-26,lecture,present
STU0729,2024-08-29,mentoring,present
STU0729,2024-10-10,lab,present
STU0729,2024-10-18,lab,absent
STU0729,2024-10-22,mentoring,present
STU0729,2024-11-01,lecture,absent
STU0729,2024-11-06,mentoring,present
STU0729,2024-12-18,lab,present
STU0729,2025-01-01,mentoring,present
STU0729,2025-01-07,mentoring,present
STU0729,2025-01-13,mentoring,absent
STU0729,2025-01-14,lecture,present
STU0730,2023-08-23,lab,late
STU0730,2023-08-30,lab,late
STU0730,2023-09-05,lab,late
STU0730,2023-09-19,lecture,absent
STU0730,2023-09-21,lab,present
STU0730,2023-10-03,mentoring,absent
STU0730,2023-11-09,mentoring,present
STU0730,2023-11-15,mentoring,present
STU0730,2023-12-11,lab,present
STU0730,2024-01-01,lab,present
STU0730,2024-01-03,mentoring,present
STU0730,2024-02-01,mentoring,absent
STU0730,2024-02-05,lecture,present
STU0730,2024-02-07,mentoring,absent
STU0730,2024-02-16,lab,present
STU0730,2024-02-28,lecture,present
STU0730,2024-03-08,lab,present
STU0730,2024-03-12,mentoring,present
STU0730,2024-03-22,lab,late
STU0730,2024-04-12,lecture,present
STU0730,2024-05-09,lecture,late
STU0730,2024-08-26,lecture,present
STU0730,2024-09-04,mentoring,present
STU0730,2024-09-16,lecture,present
STU0730,2024-10-08,mentoring,absent
STU0730,2024-10-11,lecture,absent
STU0730,2024-10-17,mentoring,present
STU0730,2024-10-28,lab,present
STU0730,2024-11-25,lecture,absent
STU0730,2024-12-09,lab,late
STU0730,2024-12-23,lab,present
STU0730,2025-01-02,lab,present
STU0730,2025-01-07,lecture,present
STU0731,2024-02-27,lab,late
STU0731,2024-04-30,lab,present
STU0731,2024-06-05,lab,present
STU0731,2024-06-10,mentoring,present
STU0731,2024-07-01,lecture,present
STU0731,2024-07-10,lab,absent
STU0731,2024-07-12,lecture,present
STU0731,2024-07-22,lecture,late
STU0731,2024-07-23,lab,present
STU0731,2024-08-07,lab,present
STU0731,2024-08-09,mentoring,late
STU0731,2024-09-18,lecture,present
STU0731,2024-09-19,lab,present
STU0731,2024-10-02,lecture,present
STU0731,2024-10-18,mentoring,present
STU0731,2024-11-20,mentoring,present
STU0731,2024-11-21,lecture,late
STU0731,2025-01-09,mentoring,present
STU0732,2024-08-08,lecture,present
STU0732,2024-08-14,lecture,absent
STU0732,2024-09-13,lab,late
STU0732,2024-10-15,mentoring,present
STU0732,2024-10-16,lecture,present
STU0732,2024-10-22,lab,present
STU0732,2024-11-29,mentoring,present
STU0732,2025-01-10,lab,late
STU0733,2023-03-15,lab,present
STU0733,2023-03-22,lab,present
STU0733,2023-04-04,mentoring,present
STU0733,2023-05-16,lecture,present
STU0733,2023-05-17,lab,present
STU0733,2023-05-23,lab,present
STU0733,2023-06-05,mentoring,present
STU0733,2023-06-09,mentoring,absent
STU0733,2023-06-15,lecture,present
STU0733,2023-06-19,mentoring,absent
STU0733,2023-07-24,lab,present
STU0733,2023-07-31,mentoring,present
STU0733,2023-08-03,lab,present
STU0733,2023-09-12,mentoring,present
STU0733,2023-10-05,lab,late
STU0733,2023-11-09,mentoring,absent
STU0733,2023-11-23,lecture,absent
STU0733,2024-01-05,mentoring,present
STU0733,2024-04-02,lecture,present
STU0733,2024-05-06,mentoring,present
STU0733,2024-05-13,lecture,present
STU0733,2024-06-10,mentoring,present
STU0733,2024-07-05,mentoring,late
STU0733,2024-08-01,lecture,present
STU0733,2024-08-23,mentoring,absent
STU0733,2024-08-28,mentoring,late
STU0733,2024-09-25,mentoring,present
STU0733,2024-10-09,mentoring,present
STU0733,2024-12-09,lab,present
STU0733,2024-12-19,mentoring,present
STU0733,2025-01-02,mentoring,absent
STU0733,2025-01-08,lab,late
STU0734,2023-08-01,mentoring,present
STU0734,2023-08-02,lecture,late
STU0734,2023-08-11,mentoring,absent
STU0734,2023-09-06,lecture,present
STU0734,2023-10-06,lab,present
STU0734,2023-10-17,lecture,present
STU0734,2023-11-07,lecture,present
STU0734,2023-11-21,lecture,late
STU0734,2024-01-09,lab,present
STU0734,2024-01-10,mentoring,present
STU0734,2024-03-21,lecture,late
STU0734,2024-04-02,lab,present
STU0734,2024-05-03,mentoring,present
STU0734,2024-05-16,mentoring,present
STU0734,2024-05-20,lab,present
STU0734,2024-06-04,mentoring,present
STU0734,2024-06-20,mentoring,late
STU0734,2024-07-04,lecture,absent
STU0734,2024-07-19,mentoring,present
STU0734,2024-07-25,mentoring,present
STU0734,2024-08-12,lab,present
STU0734,2024-08-29,lab,absent
STU0734,2024-09-05,lecture,present
STU0734,2024-10-03,lab,present
STU0734,2024-10-07,lecture,absent
STU0734,2024-10-24,mentoring,absent
STU0734,2024-10-31,lab,present
STU0734,2025-01-14,lecture,present
STU0735,2024-03-26,lab,present
STU0735,2024-05-08,mentoring,late
STU0735,2024-05-14,lab,absent
STU0735,2024-05-29,lab,present
STU0735,2024-06-18,lecture,late
STU0735,2024-07-03,lecture,present
STU0735,2024-09-09,lab,absent
STU0735,2024-10-03,mentoring,present
STU0735,2024-10-09,lab,present
STU0735,2024-10-18,lab,absent
STU0735,2024-10-22,mentoring,present
STU0735,2024-12-27,mentoring,present
STU0735,2024-12-31,lab,absent
STU0735,2025-01-13,lecture,absent
STU0736,2024-09-19,lab,present
STU0736,2024-11-06,lab,present
STU0736,2024-11-08,lecture,present
STU0736,2024-11-26,lab,present
STU0736,2024-12-11,mentoring,present
STU0736,2024-12-18,lecture,absent
STU0736,2025-01-02,lab,present
STU0736,2025-01-07,lecture,present
STU0736,2025-01-13,lecture,present
STU0737,2023-03-20,lecture,late
STU0737,2023-04-11,lecture,absent
STU0737,2023-05-16,lecture,present
STU0737,2023-06-29,lab,present
STU0737,2023-07-28,lab,present
STU0737,2023-09-21,mentoring,present
STU0737,2023-09-28,lecture,present
STU0737,2023-10-06,lab,absent
STU0737,2023-11-08,lecture,absent
STU0737,2024-01-09,mentoring,absent
STU0737,2024-01-24,lecture,present
STU0737,2024-05-07,mentoring,late
STU0737,2024-06-17,mentoring,present
STU0737,2024-06-21,mentoring,late
STU0737,2024-07-03,lecture,present
STU0737,2024-07-19,lab,late
STU0737,2024-08-02,lecture,present
STU0737,2024-08-09,lab,present
STU0737,2024-08-20,mentoring,present
STU0737,2024-09-20,lab,late
STU0737,2024-10-02,mentoring,present
STU0737,2024-10-09,mentoring,present
STU0737,2024-10-29,lab,present
STU0737,2024-11-06,lecture,present
STU0737,2024-11-20,lecture,late
STU0737,2025-01-13,lecture,present
STU0738,2023-08-21,lecture,present
STU0738,2023-09-25,mentoring,present
STU0738,2023-11-23,lab,absent
STU0738,2023-11-29,lab,present
STU0738,2023-12-18,lab,absent
STU0738,2024-01-04,mentoring,present
STU0738,2024-01-05,lecture,present
STU0738,2024-02-14,lecture,late
STU0738,2024-03-25,mentoring,present
STU0738,2024-04-12,lab,present
STU0738,2024-04-24,lecture,absent
STU0738,2024-05-03,lab,present
STU0738,2024-06-19,mentoring,present
STU0738,2024-06-24,mentoring,late
STU0738,2024-06-27,lab,present
STU0738,2024-07-19,lab,present
STU0738,2024-07-30,lab,present
STU0738,2024-09-16,lecture,present
STU0738,2024-11-04,lecture,present
STU0738,2024-11-08,lab,present
STU0738,2024-11-28,mentoring,present
STU0738,2024-12-02,lab,present
STU0738,2024-12-18,lecture,present
STU0739,2024-02-08,lab,present
STU0739,2024-02-12,lecture,present
STU0739,2024-02-16,lab,present
STU0739,2024-02-22,mentoring,late
STU0739,2024-03-15,lab,present
STU0739,2024-03-25,mentoring,present
STU0739,2024-03-27,lecture,late
STU0739,2024-04-09,lecture,present
STU0739,2024-04-15,lecture,late
STU0739,2024-04-19,lab,present
STU0739,2024-04-29,lab,present
STU0739,2024-05-06,mentoring,late
STU0739,2024-05-22,lecture,absent
STU0739,2024-06-03,mentoring,present
STU0739,2024-08-05,mentoring,present
STU0739,2024-08-21,mentoring,late
STU0739,2024-09-04,lecture,late
STU0739,2024-10-14,lab,present
STU0739,2024-11-11,lecture,present
STU0739,2024-11-29,lab,present
STU0739,2024-12-04,lab,present
STU0740,2024-09-24,lecture,absent
STU0740,2024-11-01,mentoring,present
STU0740,2024-11-15,lecture,present
STU0740,2024-12-02,lecture,present
STU0740,2025-01-15,lab,present
STU0741,2023-02-17,lecture,present
STU0741,2023-02-28,mentoring,present
STU0741,2023-03-31,mentoring,present
STU0741,2023-04-04,lecture,present
STU0741,2023-04-12,lecture,present
STU0741,2023-04-18,lab,present
STU0741,2023-04-21,lab,late
STU0741,2023-04-27,lecture,present
STU0741,2023-05-26,lab,present
STU0741,2023-06-01,lab,present
STU0741,2023-06-07,lab,absent
STU0741,2023-07-05,lecture,absent
STU0741,2023-07-18,lecture,late
STU0741,2023-08-15,lecture,present
STU0741,2023-08-21,lab,present
STU0741,2023-08-29,lecture,present
STU0741,2023-09-22,lab,present
STU0741,2023-10-12,lab,present
STU0741,2023-11-01,mentoring,present
STU0741,2023-11-10,lab,present
STU0741,2023-12-29,mentoring,present
STU0741,2024-01-03,mentoring,late
STU0741,2024-01-04,lecture,late
STU0741,2024-01-05,lab,absent
STU0741,2024-02-27,lecture,present
STU0741,2024-02-28,lab,present
STU0741,2024-03-12,mentoring,present
STU0741,2024-04-09,mentoring,absent
STU0741,2024-05-14,lecture,present
STU0741,2024-05-28,lab,present
STU0741,2024-07-05,lecture,absent
STU0741,2024-07-09,lab,present
STU0741,2024-07-19,lecture,present
STU0741,2024-07-24,mentoring,late
STU0741,2024-08-23,mentoring,present
STU0741,2024-09-06,lecture,present
STU0741,2024-09-23,lecture,present
STU0741,2024-10-21,lecture,present
STU0741,2024-11-29,lab,present
STU0741,2024-12-19,mentoring,present
STU0741,2024-12-20,lecture,present
STU0741,2025-01-08,mentoring,present
STU0741,2025-01-09,lecture,present
STU0742,2023-09-20,lab,present
STU0742,2023-09-26,lab,present
STU0742,2023-10-05,mentoring,present
STU0742,2023-10-17,mentoring,present
STU0742,2023-11-10,mentoring,present
STU0742,2023-11-23,lecture,absent
STU0742,2023-11-24,lab,present
STU0742,2023-12-27,lab,late
STU0742,2023-12-28,mentoring,late
STU0742,2024-01-01,lecture,absent
STU0742,2024-01-11,mentoring,present
STU0742,2024-01-16,lab,present
STU0742,2024-01-22,mentoring,present
STU0742,2024-02-26,lab,present
STU0742,2024-02-29,lab,late
STU0742,2024-03-18,lecture,present
STU0742,2024-03-27,lecture,present
STU0742,2024-04-04,lecture,present
STU0742,2024-04-25,lecture,present
STU0742,2024-04-26,lab,present
STU0742,2024-05-14,lecture,present
STU0742,2024-05-20,mentoring,present
STU0742,2024-05-22,lecture,present
STU0742,2024-05-28,lab,present
STU0742,2024-06-06,lab,late
STU0742,2024-06-18,lecture,present
STU0742,2024-06-19,lab,present
STU0742,2024-08-08,mentoring,absent
STU0742,2024-08-21,mentoring,present
STU0742,2024-09-23,mentoring,present
STU0742,2024-10-24,lecture,late
STU0742,2024-11-06,lab,absent
STU0742,2024-11-28,lecture,present
STU0742,2024-12-12,lab,present
STU0742,2025-01-13,lab,present
STU0743,2024-05-21,lab,late
STU0743,2024-05-23,lecture,present
STU0743,2024-05-31,mentoring,present
STU0743,2024-06-03,lecture,present
STU0743,2024-06-10,mentoring,late
STU0743,2024-07-02,lecture,present
STU0743,2024-07-09,lecture,present
STU0743,2024-07-10,lab,present
STU0743,2024-07-26,lab,present
STU0743,2024-08-02,lab,present
STU0743,2024-08-13,lecture,absent
STU0743,2024-08-20,lecture,present
STU0743,2024-09-03,lab,present
STU0743,2024-11-07,lecture,absent
STU0743,2024-11-20,lecture,present
STU0743,2025-01-14,mentoring,present
STU0744,2024-09-09,lecture,present
STU0744,2024-09-18,mentoring,late
STU0744,2024-09-23,lecture,present
STU0744,2024-10-09,lab,late
STU0744,2024-10-10,mentoring,present
STU0744,2024-11-22,lab,present
STU0744,2024-11-26,lecture,present
STU0744,2024-12-30,mentoring,present
STU0744,2024-12-31,lecture,present
STU0744,2025-01-06,lab,present
STU0745,2023-03-24,lab,present
STU0745,2023-03-30,lab,present
STU0745,2023-04-20,lab,late
STU0745,2023-06-30,lab,late
STU0745,2023-09-08,mentoring,present
STU0745,2023-09-13,mentoring,absent
STU0745,2023-09-26,mentoring,present
STU0745,2023-09-28,lab,present
STU0745,2023-10-05,lab,present
STU0745,2023-10-09,mentoring,absent
STU0745,2023-10-27,mentoring,present
STU0745,2023-11-01,lab,present
STU0745,2023-11-08,lecture,present
STU0745,2023-11-22,lab,present
STU0745,2023-11-24,lecture,present
STU0745,2023-11-28,mentoring,present
STU0745,2023-12-05,mentoring,absent
STU0745,2023-12-08,lab,present
STU0745,2024-01-25,lecture,present
STU0745,2024-02-15,mentoring,present
STU0745,2024-05-17,lecture,late
STU0745,2024-06-03,lab,present
STU0745,2024-06-11,mentoring,present
STU0745,2024-07-01,lecture,present
STU0745,2024-07-08,lab,absent
STU0745,2024-08-02,lab,present
STU0745,2024-08-05,mentoring,absent
STU0745,2024-08-23,lecture,present
STU0745,2024-09-05,lab,present
STU0745,2024-09-06,mentoring,present
STU0745,2024-10-08,mentoring,absent
STU0745,2024-10-10,lab,present
STU0745,2024-10-21,lecture,present
STU0745,2024-11-15,lab,late
STU0745,2024-11-20,lecture,present
STU0745,2024-11-27,lecture,present
STU0745,2024-12-19,mentoring,present
STU0746,2023-09-01,lecture,present
STU0746,2023-10-13,lecture,present
STU0746,2023-10-24,mentoring,present
STU0746,2023-11-23,lecture,present
STU0746,2023-12-04,lecture,present
STU0746,2024-01-05,mentoring,absent
STU0746,2024-01-08,lecture,present
STU0746,2024-01-22,lab,present
STU0746,2024-01-29,mentoring,present
STU0746,2024-02-02,lecture,present
STU0746,2024-02-12,lab,late
STU0746,2024-03-14,lecture,present
STU0746,2024-03-28,mentoring,present
STU0746,2024-04-11,lab,absent
STU0746,2024-04-15,lecture,present
STU0746,2024-04-17,lab,present
STU0746,2024-05-09,mentoring,present
STU0746,2024-06-03,lecture,present
STU0746,2024-06-11,mentoring,present
STU0746,2024-07-08,mentoring,present
STU0746,2024-07-30,lab,present
STU0746,2024-08-01,mentoring,late
STU0746,2024-08-12,mentoring,absent
STU0746,2024-08-19,mentoring,absent
STU0746,2024-08-20,lecture,present
STU0746,2024-09-24,mentoring,present
STU0746,2024-10-10,mentoring,late
STU0746,2024-11-04,lecture,present
STU0746,2024-11-19,mentoring,present
STU0746,2024-11-20,lecture,present
STU0746,2024-12-04,mentoring,present
STU0746,2024-12-06,lecture,present
STU0746,2025-01-02,mentoring,present
STU0746,2025-01-08,lecture,present
STU0747,2024-04-05,mentoring,present
STU0747,2024-04-09,lab,present
STU0747,2024-04-30,lecture,present
STU0747,2024-05-14,lab,present
STU0747,2024-06-07,lab,present
STU0747,2024-06-10,mentoring,present
STU0747,2024-06-20,lab,present
STU0747,2024-07-12,mentoring,present
STU0747,2024-07-23,lecture,late
STU0747,2024-08-26,mentoring,late
STU0747,2024-09-04,lab,present
STU0747,2024-09-09,lab,present
STU0747,2024-09-10,mentoring,present
STU0747,2024-09-11,lecture,present
STU0747,2024-09-19,lab,present
STU0747,2025-01-09,lab,late
STU0748,2024-08-26,lecture,present
STU0748,2024-08-30,mentoring,present
STU0748,2024-09-13,lecture,late
STU0748,2024-11-04,lecture,present
STU0748,2024-11-12,lab,present
STU0748,2024-12-17,mentoring,present
STU0748,2024-12-20,lab,present
STU0748,2025-01-08,mentoring,present
STU0748,2025-01-09,lecture,present
STU0749,2023-03-16,lecture,absent
STU0749,2023-03-17,lab,late
STU0749,2023-04-17,lab,present
STU0749,2023-05-08,lecture,present
STU0749,2023-05-11,mentoring,present
STU0749,2023-05-25,mentoring,present
STU0749,2023-06-05,mentoring,present
STU0749,2023-06-07,lab,present
STU0749,2023-06-26,mentoring,present
STU0749,2023-06-28,lecture,present
STU0749,2023-07-25,lab,present
STU0749,2023-08-03,mentoring,present
STU0749,2023-09-19,lab,present
STU0749,2023-10-17,lecture,absent
STU0749,2023-10-31,mentoring,present
STU0749,2023-11-07,lab,absent
STU0749,2023-11-24,lab,late
STU0749,2023-12-01,lecture,late
STU0749,2023-12-18,lab,present
STU0749,2023-12-19,mentoring,present
STU0749,2023-12-21,lecture,present
STU0749,2023-12-29,lecture,present
STU0749,2024-01-25,lecture,present
STU0749,2024-02-12,lecture,present
STU0749,2024-04-18,lab,present
STU0749,2024-04-25,lecture,present
STU0749,2024-05-08,lab,present
STU0749,2024-05-21,lab,late
STU0749,2024-07-19,lab,absent
STU0749,2024-07-31,mentoring,late
STU0749,2024-08-20,mentoring,present
STU0749,2024-09-10,lecture,present
STU0749,2024-09-25,lecture,present
STU0749,2024-10-07,mentoring,present
STU0749,2024-11-08,lecture,present
STU0749,2024-11-18,lab,present
STU0749,2024-11-25,lab,present
STU0749,2024-12-27,lecture,present
STU0750,2023-10-31,lab,late
STU0750,2023-11-07,lecture,late
STU0750,2023-11-10,lecture,present
STU0750,2023-12-01,lecture,present
STU0750,2023-12-26,mentoring,present
STU0750,2024-02-02,lecture,late
STU0750,2024-02-15,lab,absent
STU0750,2024-02-27,mentoring,present
STU0750,2024-03-04,mentoring,present
STU0750,2024-03-07,mentoring,present
STU0750,2024-03-18,mentoring,absent
STU0750,2024-03-20,lab,present
STU0750,2024-05-06,lab,present
STU0750,2024-05-08,mentoring,present
STU0750,2024-05-17,lecture,present
STU0750,2024-07-08,lecture,present
STU0750,2024-08-15,mentoring,late
STU0750,2024-10-09,lecture,present
STU0750,2024-12-04,lecture,late
STU0750,2025-01-02,lab,present
STU0751,2024-03-11,lecture,late
STU0751,2024-04-19,lecture,late
STU0751,2024-04-24,lab,present
STU0751,2024-05-01,lab,present
STU0751,2024-05-23,mentoring,present
STU0751,2024-05-24,lecture,present
STU0751,2024-06-04,lab,present
STU0751,2024-07-15,mentoring,present
STU0751,2024-07-31,lecture,absent
STU0751,2024-08-02,lab,present
STU0751,2024-09-10,lab,present
STU0751,2024-11-15,lab,present
STU0751,2024-11-21,mentoring,present
STU0751,2024-11-29,lab,late
STU0751,2024-12-19,mentoring,absent
STU0751,2024-12-25,lab,present
STU0751,2025-01-14,lecture,present
STU0752,2024-09-06,lecture,present
STU0752,2024-10-01,lab,late
STU0752,2024-10-15,mentoring,present
STU0752,2024-11-15,lecture,late
STU0752,2024-11-22,lecture,present
STU0752,2024-12-16,lab,late
STU0753,2023-02-28,lecture,present
STU0753,2023-03-06,lecture,late
STU0753,2023-05-18,lab,absent
STU0753,2023-05-26,lab,present
STU0753,2023-06-02,lecture,present
STU0753,2023-06-06,lab,present
STU0753,2023-06-26,lecture,present
STU0753,2023-07-03,mentoring,present
STU0753,2023-07-20,lab,present
STU0753,2023-08-07,lecture,absent
STU0753,2023-08-23,lecture,present
STU0753,2023-12-06,lecture,present
STU0753,2023-12-26,lab,late
STU0753,2023-12-29,lab,present
STU0753,2024-01-02,mentoring,late
STU0753,2024-01-29,lab,present
STU0753,2024-02-05,lab,present
STU0753,2024-02-07,mentoring,present
STU0753,2024-02-21,lecture,present
STU0753,2024-02-28,lab,absent
STU0753,2024-03-20,mentoring,present
STU0753,2024-03-28,lecture,present
STU0753,2024-04-23,mentoring,present
STU0753,2024-05-24,mentoring,present
STU0753,2024-05-28,lab,present
STU0753,2024-06-04,lecture,present
STU0753,2024-07-08,lecture,late
STU0753,2024-07-17,mentoring,late
STU0753,2024-07-30,lab,absent
STU0753,2024-08-13,mentoring,absent
STU0753,2024-08-26,lab,present
STU0753,2024-08-30,lab,present
STU0753,2024-09-06,lab,present
STU0753,2024-09-24,lecture,absent
STU0753,2024-09-27,lecture,present
STU0753,2024-10-09,lecture,present
STU0753,2024-10-15,lab,absent
STU0753,2024-12-12,lecture,late
STU0753,2024-12-18,mentoring,absent
STU0753,2024-12-19,lecture,present
STU0753,2024-12-27,lab,present
STU0753,2025-01-06,lab,late
STU0754,2023-08-25,lecture,late
STU0754,2023-09-26,lecture,present
STU0754,2023-10-04,lecture,late
STU0754,2023-10-06,mentoring,present
STU0754,2023-11-24,mentoring,present
STU0754,2024-01-31,lecture,late
STU0754,2024-02-02,mentoring,present
STU0754,2024-03-14,mentoring,present
STU0754,2024-03-28,mentoring,late
STU0754,2024-04-12,lab,present
STU0754,2024-05-01,lab,present
STU0754,2024-05-10,lecture,present
STU0754,2024-05-28,lab,absent
STU0754,2024-07-02,lab,present
STU0754,2024-07-12,lab,present
STU0754,2024-08-27,lecture,present
STU0754,2024-08-30,lab,present
STU0754,2024-09-04,lecture,present
STU0754,2024-09-12,mentoring,present
STU0754,2024-09-25,lab,present
STU0754,2024-11-20,lecture,present
STU0754,2024-12-09,lecture,absent
STU0754,2024-12-23,mentoring,present
STU0754,2025-01-01,mentoring,present
STU0754,2025-01-03,lecture,late
STU0755,2024-02-01,lab,late
STU0755,2024-02-05,mentoring,present
STU0755,2024-02-14,mentoring,late
STU0755,2024-02-20,mentoring,present
STU0755,2024-03-06,lab,present
STU0755,2024-03-26,mentoring,present
STU0755,2024-04-09,mentoring,present
STU0755,2024-04-18,mentoring,present
STU0755,2024-04-26,lab,present
STU0755,2024-05-02,lecture,present
STU0755,2024-06-03,mentoring,present
STU0755,2024-07-02,mentoring,present
STU0755,2024-07-23,lecture,present
STU0755,2024-07-26,lecture,present
STU0755,2024-09-04,mentoring,present
STU0755,2024-09-11,lecture,present
STU0755,2024-10-10,mentoring,present
STU0755,2024-10-30,lecture,present
STU0756,2024-08-06,lab,present
STU0756,2024-08-27,lecture,present
STU0756,2024-08-28,lab,present
STU0756,2024-09-16,lab,present
STU0756,2024-09-17,mentoring,present
STU0756,2024-10-07,lecture,late
STU0756,2024-10-15,lecture,absent
STU0756,2024-11-05,mentoring,present
STU0756,2024-11-07,lab,present
STU0756,2024-11-25,lecture,present
STU0756,2024-12-09,lab,present
STU0756,2025-01-13,lab,present
STU0756,2025-01-14,mentoring,present
STU0757,2023-01-25,lecture,late
STU0757,2023-02-01,lecture,present
STU0757,2023-02-13,mentoring,present
STU0757,2023-02-24,mentoring,present
STU0757,2023-02-27,lecture,present
STU0757,2023-03-16,lecture,present
STU0757,2023-03-29,lab,present
STU0757,2023-04-24,lab,late
STU0757,2023-05-01,lab,present
STU0757,2023-05-05,lab,present
STU0757,2023-06-08,lecture,present
STU0757,2023-07-06,mentoring,absent
STU0757,2023-08-07,lab,present
STU0757,2023-09-05,lecture,present
STU0757,2023-09-28,lecture,present
STU0757,2023-10-20,lecture,present
STU0757,2023-10-31,lecture,present
STU0757,2023-11-21,lab,present
STU0757,2023-11-24,lecture,present
STU0757,2023-12-28,mentoring,present
STU0757,2024-01-08,mentoring,present
STU0757,2024-02-15,lecture,present
STU0757,2024-03-13,mentoring,present
STU0757,2024-03-28,mentoring,present
STU0757,2024-04-05,lecture,present
STU0757,2024-04-26,lecture,absent
STU0757,2024-06-07,mentoring,late
STU0757,2024-06-10,lecture,absent
STU0757,2024-06-25,mentoring,present
STU0757,2024-07-08,mentoring,present
STU0757,2024-07-19,mentoring,present
STU0757,2024-07-26,lab,absent
STU0757,2024-08-08,lab,late
STU0757,2024-08-09,mentoring,present
STU0757,2024-09-04,lab,present
STU0757,2024-09-06,mentoring,present
STU0757,2024-09-20,lab,present
STU0757,2024-10-09,mentoring,present
STU0757,2024-10-21,mentoring,present
STU0757,2024-11-19,lab,present
STU0758,2023-08-14,mentoring,present
STU0758,2023-08-18,mentoring,absent
STU0758,2023-09-06,lab,present
STU0758,2023-09-08,mentoring,present
STU0758,2023-09-12,lecture,late
STU0758,2023-09-14,lab,present
STU0758,2023-09-15,mentoring,present
STU0758,2023-09-21,lab,absent
STU0758,2023-11-29,lecture,present
STU0758,2023-12-15,lab,present
STU0758,2023-12-18,mentoring,present
STU0758,2023-12-22,mentoring,present
STU0758,2023-12-26,lecture,absent
STU0758,2024-01-16,lecture,absent
STU0758,2024-01-23,mentoring,present
STU0758,2024-01-24,lecture,present
STU0758,2024-02-15,lecture,present
STU0758,2024-02-27,lecture,present
STU0758,2024-03-01,mentoring,absent
STU0758,2024-03-05,lecture,late
STU0758,2024-03-06,lab,late
STU0758,2024-03-11,lecture,absent
STU0758,2024-04-09,lab,present
STU0758,2024-07-04,lab,present
STU0758,2024-07-11,mentoring,late
STU0758,2024-07-12,lecture,present
STU0758,2024-08-06,mentoring,present
STU0758,2024-08-14,mentoring,present
STU0758,2024-08-19,lab,absent
STU0758,2024-09-12,mentoring,absent
STU0758,2024-09-19,mentoring,present
STU0758,2024-10-08,lecture,present
STU0758,2024-10-09,lab,absent
STU0758,2024-10-10,mentoring,present
STU0758,2024-10-15,lab,present
STU0758,2024-11-05,mentoring,absent
STU0758,2024-12-03,lecture,present
STU0758,2024-12-25,lecture,present
STU0759,2024-03-21,mentoring,present
STU0759,2024-04-15,mentoring,present
STU0759,2024-04-24,lecture,late
STU0759,2024-05-03,mentoring,present
STU0759,2024-05-28,mentoring,present
STU0759,2024-06-03,mentoring,absent
STU0759,2024-06-19,lab,late
STU0759,2024-06-24,lab,present
STU0759,2024-10-02,lecture,present
STU0759,2024-10-03,lab,present
STU0759,2024-11-06,lecture,present
STU0759,2024-11-11,lecture,present
STU0759,2024-11-21,lab,present
STU0760,2024-08-26,lecture,present
STU0760,2024-09-25,mentoring,present
STU0760,2024-10-22,lecture,present
STU0760,2024-12-02,lecture,late
STU0760,2024-12-11,lecture,late
STU0760,2024-12-20,mentoring,present
STU0760,2024-12-26,lecture,late
STU0760,2024-12-27,lab,present
STU0761,2023-03-27,lab,late
STU0761,2023-04-11,lecture,present
STU0761,2023-04-21,lecture,present
STU0761,2023-05-25,lab,absent
STU0761,2023-06-02,lab,late
STU0761,2023-06-08,mentoring,present
STU0761,2023-06-30,lecture,present
STU0761,2023-07-05,lab,present
STU0761,2023-07-20,lecture,late
STU0761,2023-07-24,lab,absent
STU0761,2023-07-26,lecture,present
STU0761,2023-08-08,mentoring,present
STU0761,2023-08-15,lecture,late
STU0761,2023-10-27,lecture,present
STU0761,2023-11-01,lab,late
STU0761,2023-11-17,lab,present
STU0761,2024-01-02,mentoring,present
STU0761,2024-02-23,lab,present
STU0761,2024-03-19,lab,present
STU0761,2024-04-15,lab,present
STU0761,2024-04-19,lecture,present
STU0761,2024-06-12,lab,present
STU0761,2024-07-05,lab,present
STU0761,2024-07-24,mentoring,present
STU0761,2024-07-29,mentoring,present
STU0761,2024-08-05,lab,present
STU0761,2024-08-09,lecture,absent
STU0761,2024-08-16,lecture,present
STU0761,2024-09-12,lecture,present
STU0761,2024-10-04,lecture,present
STU0761,2024-10-16,lab,present
STU0761,2024-11-27,mentoring,present
STU0761,2024-12-26,lecture,present
STU0762,2023-08-23,lab,absent
STU0762,2023-09-29,lecture,present
STU0762,2023-10-16,lab,absent
STU0762,2023-10-20,lab,late
STU0762,2023-10-25,lecture,present
STU0762,2023-11-03,mentoring,present
STU0762,2023-11-21,lecture,present
STU0762,2023-11-22,lab,present
STU0762,2024-01-23,lab,present
STU0762,2024-02-12,lab,present
STU0762,2024-02-16,lecture,present
STU0762,2024-02-19,lab,present
STU0762,2024-03-01,lab,present
STU0762,2024-04-02,mentoring,present
STU0762,2024-04-15,lab,present
STU0762,2024-05-23,lab,present
STU0762,2024-06-03,lecture,absent
STU0762,2024-06-14,lecture,absent
STU0762,2024-06-27,lecture,present
STU0762,2024-06-28,lab,absent
STU0762,2024-07-18,lecture,present
STU0762,2024-07-22,mentoring,absent
STU0762,2024-07-30,mentoring,late
STU0762,2024-08-30,lab,absent
STU0762,2024-09-19,mentoring,present
STU0762,2024-10-04,mentoring,present
STU0762,2024-11-06,lab,late
STU0762,2024-12-02,lab,present
STU0762,2024-12-04,mentoring,present
STU0762,2024-12-10,mentoring,present
STU0762,2025-01-02,lab,present
STU0763,2024-03-18,lecture,late
STU0763,2024-03-21,lecture,present
STU0763,2024-05-08,mentoring,present
STU0763,2024-05-16,mentoring,present
STU0763,2024-05-17,lecture,present
STU0763,2024-06-06,lecture,present
STU0763,2024-06-13,lab,absent
STU0763,2024-07-18,mentoring,present
STU0763,2024-08-12,lab,present
STU0763,2024-08-14,lecture,present
STU0763,2024-08-23,lecture,present
STU0763,2024-09-12,lab,present
STU0763,2024-10-21,mentoring,present
STU0763,2024-10-25,mentoring,present
STU0763,2024-10-30,mentoring,present
STU0763,2024-11-01,lab,present
STU0763,2024-11-05,lecture,absent
STU0763,2024-12-12,mentoring,present
STU0763,2024-12-17,mentoring,present
STU0763,2025-01-08,mentoring,present
STU0764,2024-07-30,lab,present
STU0764,2024-10-16,mentoring,present
STU0764,2024-11-27,mentoring,absent
STU0765,2023-02-24,mentoring,late
STU0765,2023-03-16,lecture,late
STU0765,2023-03-28,lecture,present
STU0765,2023-05-03,mentoring,absent
STU0765,2023-06-01,lecture,absent
STU0765,2023-07-24,lecture,present
STU0765,2023-08-08,lecture,present
STU0765,2023-08-11,lab,late
STU0765,2023-08-14,mentoring,present
STU0765,2023-10-03,lab,present
STU0765,2023-10-05,mentoring,present
STU0765,2023-11-16,lecture,present
STU0765,2023-12-06,lab,present
STU0765,2024-01-01,lab,absent
STU0765,2024-02-13,mentoring,absent
STU0765,2024-04-04,mentoring,absent
STU0765,2024-04-17,lecture,late
STU0765,2024-05-13,lecture,present
STU0765,2024-05-21,mentoring,present
STU0765,2024-05-29,mentoring,present
STU0765,2024-06-04,lab,present
STU0765,2024-06-07,lab,present
STU0765,2024-06-28,lecture,present
STU0765,2024-07-15,lecture,present
STU0765,2024-07-19,lecture,absent
STU0765,2024-10-02,mentoring,late
STU0765,2024-10-15,mentoring,present
STU0765,2024-10-21,lecture,present
STU0765,2024-10-30,lab,present
STU0765,2024-11-12,mentoring,present
STU0765,2024-11-13,lecture,absent
STU0765,2025-01-01,lab,present
STU0766,2023-09-12,lab,present
STU0766,2023-10-24,lab,absent
STU0766,2023-11-13,lecture,late
STU0766,2024-02-15,lecture,present
STU0766,2024-03-22,lecture,present
STU0766,2024-04-10,mentoring,present
STU0766,2024-05-10,lecture,present
STU0766,2024-07-12,mentoring,absent
STU0766,2024-09-11,lecture,present
STU0766,2024-12-02,mentoring,absent
STU0766,2025-01-07,lab,present
STU0767,2024-03-26,lab,late
STU0767,2024-03-27,mentoring,present
STU0767,2024-04-02,lecture,present
STU0767,2024-04-17,mentoring,present
STU0767,2024-05-03,lab,present
STU0767,2024-05-21,lecture,absent
STU0767,2024-06-12,lecture,late
STU0767,2024-06-26,lab,absent
STU0767,2024-07-25,lecture,present
STU0767,2024-08-09,lecture,present
STU0767,2024-08-12,lab,present
STU0767,2024-08-14,lecture,present
STU0767,2024-08-20,lab,present
STU0767,2024-09-06,lecture,present
STU0767,2024-10-14,mentoring,present
STU0767,2024-11-29,lecture,present
STU0767,2024-12-05,lecture,present
STU0767,2024-12-18,lecture,present
STU0767,2025-01-10,mentoring,present
STU0768,2024-10-03,lab,absent
STU0768,2024-10-15,lab,present
STU0768,2024-11-13,mentoring,present
STU0768,2024-12-03,mentoring,absent
STU0768,2025-01-01,lecture,late
STU0768,2025-01-06,mentoring,late
STU0768,2025-01-14,mentoring,present
STU0769,2023-01-27,lab,late
STU0769,2023-01-30,mentoring,present
STU0769,2023-03-07,lab,present
STU0769,2023-04-10,lab,present
STU0769,2023-05-16,mentoring,present
STU0769,2023-06-01,lab,present
STU0769,2023-06-26,mentoring,present
STU0769,2023-07-07,lab,present
STU0769,2023-08-30,lab,absent
STU0769,2023-09-25,lecture,present
STU0769,2023-10-16,lecture,present
STU0769,2023-10-23,lecture,late
STU0769,2023-10-25,mentoring,present
STU0769,2023-11-09,mentoring,present
STU0769,2023-12-21,lecture,present
STU0769,2023-12-25,lab,present
STU0769,2023-12-29,lab,absent
STU0769,2024-01-31,lab,present
STU0769,2024-02-16,lab,present
STU0769,2024-02-22,mentoring,late
STU0769,2024-04-18,mentoring,present
STU0769,2024-05-22,lecture,present
STU0769,2024-06-05,lab,late
STU0769,2024-06-20,mentoring,present
STU0769,2024-08-12,mentoring,present
STU0769,2024-08-26,mentoring,present
STU0769,2024-09-24,lab,present
STU0769,2024-12-20,lab,absent
STU0770,2023-11-10,mentoring,absent
STU0770,2023-11-21,lecture,present
STU0770,2023-11-24,mentoring,present
STU0770,2023-12-21,lecture,absent
STU0770,2024-01-08,lecture,late
STU0770,2024-01-23,lecture,absent
STU0770,2024-01-25,mentoring,present
STU0770,2024-01-29,lab,present
STU0770,2024-03-22,lab,present
STU0770,2024-04-09,mentoring,present
STU0770,2024-04-23,lecture,present
STU0770,2024-04-29,lecture,present
STU0770,2024-05-13,lecture,present
STU0770,2024-05-28,lab,present
STU0770,2024-07-09,mentoring,present
STU0770,2024-07-19,mentoring,present
STU0770,2024-07-22,lecture,present
STU0770,2024-07-29,lecture,present
STU0770,2024-09-11,lecture,present
STU0770,2024-09-19,lecture,present
STU0770,2024-09-23,mentoring,present
STU0770,2024-11-13,lab,present
STU0771,2024-02-15,mentoring,present
STU0771,2024-03-29,lecture,late
STU0771,2024-04-01,lab,present
STU0771,2024-04-18,lecture,late
STU0771,2024-04-22,lab,absent
STU0771,2024-04-24,lecture,present
STU0771,2024-04-30,lecture,present
STU0771,2024-05-27,lab,late
STU0771,2024-05-29,lecture,present
STU0771,2024-05-31,lab,present
STU0771,2024-06-04,mentoring,present
STU0771,2024-07-11,lecture,absent
STU0771,2024-08-20,lecture,present
STU0771,2024-08-28,lecture,late
STU0771,2024-09-25,mentoring,present
STU0771,2024-09-26,lecture,present
STU0771,2024-10-25,lab,present
STU0771,2024-10-31,mentoring,late
STU0771,2024-12-27,mentoring,present
STU0771,2024-12-31,lecture,present
STU0772,2024-08-15,lecture,present
STU0772,2024-08-20,mentoring,present
STU0772,2024-09-09,lecture,present
STU0772,2024-09-10,lab,present
STU0772,2024-09-20,lecture,absent
STU0772,2024-09-25,mentoring,late
STU0772,2024-12-20,lecture,present
STU0772,2025-01-14,lecture,late
STU0773,2023-03-06,lab,absent
STU0773,2023-03-13,lab,present
STU0773,2023-03-31,lecture,present
STU0773,2023-04-18,mentoring,absent
STU0773,2023-04-20,lab,present
STU0773,2023-05-02,lecture,present
STU0773,2023-05-08,lab,present
STU0773,2023-05-23,mentoring,present
STU0773,2023-06-02,lab,present
STU0773,2023-07-27,lab,late
STU0773,2023-08-23,lab,present
STU0773,2023-08-30,lecture,present
STU0773,2023-09-01,mentoring,present
STU0773,2023-09-14,lecture,absent
STU0773,2023-09-19,mentoring,present
STU0773,2023-10-27,lab,present
STU0773,2023-11-06,lab,present
STU0773,2023-11-08,lecture,absent
STU0773,2023-11-17,lecture,present
STU0773,2023-12-04,lecture,present
STU0773,2023-12-18,mentoring,absent
STU0773,2024-01-12,mentoring,present
STU0773,2024-02-15,lab,present
STU0773,2024-03-07,mentoring,absent
STU0773,2024-03-21,mentoring,present
STU0773,2024-04-22,mentoring,present
STU0773,2024-05-20,lecture,present
STU0773,2024-05-27,lecture,present
STU0773,2024-06-07,lab,absent
STU0773,2024-06-26,lecture,late
STU0773,2024-07-11,lecture,late
STU0773,2024-07-18,lab,late
STU0773,2024-08-02,mentoring,absent
STU0773,2024-08-26,mentoring,present
STU0773,2024-09-12,lecture,present
STU0773,2024-10-28,lecture,late
STU0773,2024-11-18,lecture,present
STU0773,2024-12-23,lab,absent
STU0773,2025-01-09,lab,present
STU0773,2025-01-13,mentoring,present
STU0774,2023-07-31,lecture,present
STU0774,2023-08-08,lab,absent
STU0774,2023-08-24,lecture,absent
STU0774,2023-09-05,lecture,present
STU0774,2023-09-18,mentoring,late
STU0774,2023-09-27,mentoring,late
STU0774,2023-10-19,lecture,present
STU0774,2023-11-09,mentoring,present
STU0774,2023-11-22,lab,late
STU0774,2023-11-29,mentoring,absent
STU0774,2023-12-21,lab,present
STU0774,2024-01-01,mentoring,present
STU0774,2024-01-09,lecture,absent
STU0774,2024-02-05,lab,present
STU0774,2024-02-12,mentoring,present
STU0774,2024-02-14,lecture,present
STU0774,2024-02-21,lab,present
STU0774,2024-02-28,mentoring,present
STU0774,2024-03-20,mentoring,present
STU0774,2024-04-04,mentoring,present
STU0774,2024-04-18,mentoring,present
STU0774,2024-05-30,lecture,present
STU0774,2024-06-10,lab,present
STU0774,2024-06-13,mentoring,late
STU0774,2024-06-27,mentoring,absent
STU0774,2024-07-16,lecture,present
STU0774,2024-07-30,mentoring,absent
STU0774,2024-08-09,mentoring,late
STU0774,2024-10-14,lab,absent
STU0774,2024-11-05,lecture,present
STU0774,2024-11-13,mentoring,late
STU0774,2024-12-04,mentoring,absent
STU0774,2024-12-19,lab,present
STU0774,2024-12-20,mentoring,present
STU0774,2025-01-14,mentoring,present
STU0775,2024-02-12,lecture,late
STU0775,2024-02-14,mentoring,present
STU0775,2024-02-28,mentoring,present
STU0775,2024-03-08,lecture,late
STU0775,2024-03-15,lab,present
STU0775,2024-03-28,lab,absent
STU0775,2024-04-17,lecture,present
STU0775,2024-05-08,lecture,late
STU0775,2024-07-23,mentoring,present
STU0775,2024-09-12,lecture,present
STU0775,2024-10-03,mentoring,present
STU0775,2024-10-15,lab,absent
STU0775,2024-11-08,mentoring,late
STU0775,2024-12-05,lab,present
STU0775,2024-12-26,lab,present
STU0776,2024-09-06,lab,present
STU0776,2024-09-09,mentoring,absent
STU0776,2024-09-16,mentoring,present
STU0776,2024-10-01,lab,present
STU0776,2024-10-25,lab,present
STU0776,2024-11-22,lab,present
STU0776,2024-11-25,mentoring,present
STU0776,2024-12-02,mentoring,present
STU0776,2024-12-17,mentoring,present
STU0777,2023-02-10,mentoring,late
STU0777,2023-03-21,lab,present
STU0777,2023-03-29,mentoring,present
STU0777,2023-03-31,lab,absent
STU0777,2023-04-14,lab,late
STU0777,2023-04-18,lecture,absent
STU0777,2023-05-15,lab,present
STU0777,2023-05-31,lab,present
STU0777,2023-06-12,lecture,present
STU0777,2023-06-13,lab,present
STU0777,2023-07-20,lab,present
STU0777,2023-09-07,lab,present
STU0777,2023-09-25,mentoring,present
STU0777,2023-09-27,lab,present
STU0777,2023-10-25,mentoring,present
STU0777,2023-11-02,mentoring,present
STU0777,2023-11-27,lab,late
STU0777,2023-11-28,mentoring,late
STU0777,2023-12-15,mentoring,present
STU0777,2024-01-01,lecture,present
STU0777,2024-01-22,lab,present
STU0777,2024-02-13,mentoring,present
STU0777,2024-03-06,lab,present
STU0777,2024-03-11,lab,present
STU0777,2024-03-26,lecture,present
STU0777,2024-04-22,lab,present
STU0777,2024-05-01,lab,present
STU0777,2024-05-29,lab,present
STU0777,2024-06-19,mentoring,present
STU0777,2024-06-27,lecture,present
STU0777,2024-07-31,lab,absent
STU0777,2024-09-13,lab,absent
STU0777,2024-10-22,lecture,present
STU0777,2024-10-31,lecture,present
STU0777,2024-11-04,lab,present
STU0777,2024-11-22,lab,late
STU0777,2024-12-03,mentoring,late
STU0777,2025-01-15,lab,late
STU0778,2023-09-20,lab,absent
STU0778,2023-09-26,mentoring,present
STU0778,2023-10-06,lecture,absent
STU0778,2023-10-20,mentoring,present
STU0778,2023-10-31,mentoring,absent
STU0778,2023-12-19,lecture,late
STU0778,2024-01-02,mentoring,present
STU0778,2024-01-15,mentoring,late
STU0778,2024-01-25,lab,absent
STU0778,2024-01-29,mentoring,present
STU0778,2024-02-14,lecture,present
STU0778,2024-02-15,lab,late
STU0778,2024-02-20,lab,present
STU0778,2024-03-28,mentoring,absent
STU0778,2024-04-08,lab,present
STU0778,2024-04-10,lecture,absent
STU0778,2024-05-31,lecture,late
STU0778,2024-08-12,lab,present
STU0778,2024-08-15,lab,present
STU0778,2024-09-09,mentoring,present
STU0778,2024-09-25,mentoring,absent
STU0778,2024-10-07,lecture,present
STU0778,2024-10-11,lab,present
STU0778,2024-10-17,mentoring,present
STU0778,2024-10-21,lab,absent
STU0778,2024-11-19,lecture,present
STU0778,2024-11-21,lab,present
STU0778,2024-12-17,lab,present
STU0779,2024-02-15,mentoring,present
STU0779,2024-02-20,lab,late
STU0779,2024-02-22,mentoring,present
STU0779,2024-03-13,mentoring,absent
STU0779,2024-03-25,mentoring,present
STU0779,2024-04-10,lecture,absent
STU0779,2024-05-21,lab,present
STU0779,2024-05-31,lab,present
STU0779,2024-07-17,mentoring,absent
STU0779,2024-07-18,lecture,present
STU0779,2024-07-26,mentoring,present
STU0779,2024-08-07,mentoring,present
STU0779,2024-08-26,mentoring,present
STU0779,2024-09-24,lecture,present
STU0779,2024-09-25,lab,present
STU0779,2024-10-11,mentoring,present
STU0779,2024-11-29,lab,present
STU0779,2025-01-14,lab,absent
STU0780,2024-09-19,lecture,present
STU0780,2024-11-22,lecture,present
STU0780,2024-12-02,lab,late
STU0780,2024-12-05,lab,present
STU0780,2024-12-13,lecture,absent
STU0780,2024-12-27,mentoring,absent
STU0780,2025-01-07,lab,present
STU0780,2025-01-09,lecture,absent
STU0781,2023-04-05,lecture,present
STU0781,2023-05-18,lecture,late
STU0781,2023-06-08,mentoring,late
STU0781,2023-06-19,lecture,late
STU0781,2023-06-20,lab,present
STU0781,2023-06-26,lab,present
STU0781,2023-07-21,mentoring,present
STU0781,2023-08-01,lab,absent
STU0781,2023-08-03,lecture,present
STU0781,2023-09-19,lab,present
STU0781,2023-09-29,lab,present
STU0781,2023-10-10,mentoring,present
STU0781,2023-10-11,lecture,present
STU0781,2023-10-13,mentoring,present
STU0781,2023-10-19,lab,absent
STU0781,2023-10-24,lecture,present
STU0781,2023-10-25,lab,present
STU0781,2023-11-10,mentoring,absent
STU0781,2023-11-16,lab,present
STU0781,2023-12-11,lecture,absent
STU0781,2023-12-29,mentoring,present
STU0781,2024-01-12,lecture,present
STU0781,2024-01-23,mentoring,present
STU0781,2024-02-08,mentoring,present
STU0781,2024-03-26,lecture,present
STU0781,2024-04-08,lecture,present
STU0781,2024-04-19,mentoring,present
STU0781,2024-05-23,mentoring,late
STU0781,2024-07-04,mentoring,late
STU0781,2024-07-25,lecture,absent
STU0781,2024-09-05,lecture,late
STU0781,2024-10-07,mentoring,absent
STU0781,2024-10-09,lecture,present
STU0781,2024-11-19,lecture,present
STU0781,2024-11-26,mentoring,late
STU0781,2024-12-16,mentoring,late
STU0781,2025-01-08,lab,present
STU0782,2023-08-16,mentoring,present
STU0782,2023-08-21,lecture,present
STU0782,2023-10-02,lab,present
STU0782,2023-11-15,mentoring,present
STU0782,2023-11-20,lab,present
STU0782,2023-11-21,mentoring,absent
STU0782,2023-12-13,lab,late
STU0782,2024-01-31,mentoring,present
STU0782,2024-02-15,lecture,present
STU0782,2024-02-26,mentoring,absent
STU0782,2024-03-07,lecture,present
STU0782,2024-04-19,lab,present
STU0782,2024-05-02,lab,present
STU0782,2024-06-04,lecture,present
STU0782,2024-07-18,lab,present
STU0782,2024-08-01,lab,present
STU0782,2024-08-23,lecture,present
STU0782,2024-09-18,mentoring,present
STU0782,2024-09-27,lecture,late
STU0782,2024-10-16,lab,present
STU0782,2024-10-17,mentoring,absent
STU0782,2024-11-12,lecture,present
STU0783,2024-02-23,mentoring,absent
STU0783,2024-03-14,lecture,present
STU0783,2024-03-28,lecture,present
STU0783,2024-05-08,mentoring,present
STU0783,2024-05-20,lecture,present
STU0783,2024-05-30,lecture,late
STU0783,2024-06-04,lecture,absent
STU0783,2024-06-05,lab,late
STU0783,2024-06-19,lab,present
STU0783,2024-08-09,lab,present
STU0783,2024-08-13,mentoring,present
STU0783,2024-09-02,lab,present
STU0783,2024-10-01,lecture,late
STU0783,2024-10-03,lab,present
STU0783,2024-10-04,mentoring,late
STU0783,2024-10-11,lecture,present
STU0783,2024-11-08,lecture,absent
STU0783,2024-12-02,lab,present
STU0783,2024-12-11,mentoring,present
STU0783,2024-12-18,mentoring,present
STU0783,2025-01-08,lecture,absent
STU0784,2024-09-03,lecture,absent
STU0784,2024-09-05,mentoring,present
STU0784,2024-09-26,lab,absent
STU0784,2024-10-09,lab,present
STU0784,2024-11-12,mentoring,late
STU0784,2024-11-25,lab,absent
STU0784,2024-12-16,mentoring,present
STU0785,2023-02-27,lab,present
STU0785,2023-04-03,lecture,present
STU0785,2023-05-18,lab,present
STU0785,2023-05-30,lab,absent
STU0785,2023-06-06,lecture,late
STU0785,2023-06-08,mentoring,absent
STU0785,2023-07-07,lecture,present
STU0785,2023-07-27,mentoring,late
STU0785,2023-08-08,mentoring,present
STU0785,2023-08-21,lecture,present
STU0785,2023-08-28,lecture,absent
STU0785,2023-10-18,lab,late
STU0785,2023-10-26,mentoring,late
STU0785,2023-11-02,lab,present
STU0785,2023-11-22,lab,absent
STU0785,2023-11-30,mentoring,late
STU0785,2023-12-08,lecture,present
STU0785,2024-01-02,mentoring,late
STU0785,2024-01-31,mentoring,late
STU0785,2024-02-01,lecture,present
STU0785,2024-05-01,mentoring,present
STU0785,2024-05-15,lecture,late
STU0785,2024-05-16,lab,late
STU0785,2024-05-30,lecture,late
STU0785,2024-06-10,mentoring,present
STU0785,2024-06-17,lecture,present
STU0785,2024-07-11,lab,absent
STU0785,2024-09-04,mentoring,late
STU0785,2024-09-09,lab,present
STU0785,2024-09-26,mentoring,present
STU0785,2024-10-07,lecture,late
STU0785,2024-10-15,lecture,present
STU0785,2024-11-14,lecture,present
STU0785,2024-11-29,mentoring,present
STU0785,2024-12-17,lab,present
STU0786,2023-07-25,lab,present
STU0786,2023-08-16,lab,present
STU0786,2023-09-05,lab,present
STU0786,2023-09-19,lab,present
STU0786,2023-10-24,lecture,present
STU0786,2023-11-01,lecture,present
STU0786,2023-11-06,mentoring,present
STU0786,2023-11-07,lecture,present
STU0786,2023-11-28,mentoring,present
STU0786,2023-12-13,lab,present
STU0786,2023-12-22,lecture,present
STU0786,2023-12-29,mentoring,present
STU0786,2024-02-09,lecture,present
STU0786,2024-02-21,lecture,present
STU0786,2024-03-22,lab,present
STU0786,2024-05-01,lecture,present
STU0786,2024-06-24,lecture,present
STU0786,2024-07-04,lab,present
STU0786,2024-08-08,mentoring,present
STU0786,2024-08-14,lab,absent
STU0786,2024-08-16,lecture,present
STU0786,2024-08-21,mentoring,present
STU0786,2024-09-17,lab,present
STU0786,2024-09-18,mentoring,present
STU0786,2024-10-17,lecture,absent
STU0786,2024-11-28,lecture,present
STU0786,2024-12-09,mentoring,late
STU0786,2025-01-13,lab,late
STU0786,2025-01-14,mentoring,present
STU0787,2024-02-12,lecture,present
STU0787,2024-02-27,lab,present
STU0787,2024-03-07,mentoring,present
STU0787,2024-04-05,mentoring,absent
STU0787,2024-05-09,lecture,present
STU0787,2024-05-10,lab,present
STU0787,2024-05-27,mentoring,present
STU0787,2024-07-24,mentoring,present
STU0787,2024-07-25,lecture,present
STU0787,2024-08-12,mentoring,present
STU0787,2024-08-13,lecture,present
STU0787,2024-08-15,lab,present
STU0787,2024-10-09,mentoring,present
STU0787,2024-10-15,lecture,present
STU0787,2024-10-22,mentoring,present
STU0787,2024-10-28,lab,present
STU0787,2024-11-08,lab,present
STU0787,2024-11-15,lab,present
STU0787,2024-12-03,mentoring,present
STU0787,2024-12-18,lab,absent
STU0788,2024-07-18,lecture,present
STU0788,2024-07-29,mentoring,late
STU0788,2024-08-15,lecture,present
STU0788,2024-08-16,lab,present
STU0788,2024-09-13,mentoring,absent
STU0788,2024-09-16,lecture,present
STU0788,2024-10-02,lecture,present
STU0788,2024-12-02,lab,present
STU0788,2025-01-03,mentoring,present
STU0788,2025-01-14,lab,absent
STU0788,2025-01-15,mentoring,present
STU0789,2023-02-24,mentoring,present
STU0789,2023-03-20,lecture,present
STU0789,2023-04-03,mentoring,present
STU0789,2023-04-11,lab,present
STU0789,2023-04-14,lab,present
STU0789,2023-04-20,lecture,absent
STU0789,2023-04-26,lecture,absent
STU0789,2023-07-11,lecture,present
STU0789,2023-07-20,lab,absent
STU0789,2023-08-02,lab,present
STU0789,2023-08-11,lab,present
STU0789,2023-08-14,mentoring,present
STU0789,2023-09-08,lab,absent
STU0789,2023-09-14,lab,present
STU0789,2023-09-28,lecture,present
STU0789,2023-10-17,lab,present
STU0789,2023-11-21,lecture,absent
STU0789,2023-11-22,lab,present
STU0789,2023-11-30,lecture,late
STU0789,2023-12-15,mentoring,present
STU0789,2024-01-01,lab,present
STU0789,2024-01-30,mentoring,present
STU0789,2024-02-28,lecture,present
STU0789,2024-03-20,mentoring,present
STU0789,2024-04-29,lecture,present
STU0789,2024-05-17,lecture,absent
STU0789,2024-07-04,mentoring,present
STU0789,2024-08-01,lab,present
STU0789,2024-08-05,lecture,present
STU0789,2024-08-29,lecture,present
STU0789,2024-09-04,lecture,present
STU0789,2024-10-14,mentoring,present
STU0789,2024-11-12,lecture,present
STU0789,2024-11-27,mentoring,present
STU0789,2024-12-12,mentoring,present
STU0789,2025-01-01,lab,present
STU0789,2025-01-07,lab,present
STU0790,2023-09-08,lecture,present
STU0790,2023-10-06,lab,present
STU0790,2023-10-09,mentoring,present
STU0790,2023-10-17,mentoring,late
STU0790,2023-11-15,lecture,present
STU0790,2023-11-20,mentoring,present
STU0790,2023-12-25,mentoring,present
STU0790,2024-03-18,mentoring,present
STU0790,2024-04-08,mentoring,late
STU0790,2024-05-08,lecture,present
STU0790,2024-05-20,lab,late
STU0790,2024-05-27,lecture,late
STU0790,2024-05-31,mentoring,late
STU0790,2024-07-05,mentoring,present
STU0790,2024-07-25,lecture,late
STU0790,2024-09-11,mentoring,late
STU0790,2024-10-03,mentoring,present
STU0790,2024-12-02,lecture,late
STU0790,2024-12-16,mentoring,present
STU0790,2025-01-14,lecture,present
STU0791,2024-03-14,lab,present
STU0791,2024-04-04,mentoring,present
STU0791,2024-04-22,mentoring,present
STU0791,2024-05-01,lab,absent
STU0791,2024-05-20,lecture,present
STU0791,2024-05-21,lab,present
STU0791,2024-06-14,lecture,present
STU0791,2024-07-11,lab,late
STU0791,2024-07-31,lecture,present
STU0791,2024-08-05,lecture,absent
STU0791,2024-08-15,lab,absent
STU0791,2024-08-21,lab,absent
STU0791,2024-08-26,mentoring,absent
STU0791,2024-09-11,lab,late
STU0791,2024-09-16,lecture,late
STU0791,2024-09-25,mentoring,absent
STU0791,2024-10-25,mentoring,present
STU0791,2024-11-14,lab,present
STU0791,2024-12-10,mentoring,present
STU0791,2024-12-17,mentoring,absent
STU0791,2025-01-15,mentoring,present
STU0792,2024-10-03,lab,late
STU0792,2024-10-14,mentoring,present
STU0792,2024-12-19,lecture,present
STU0792,2025-01-08,lab,present
STU0793,2023-03-31,mentoring,present
STU0793,2023-04-17,lab,present
STU0793,2023-04-27,mentoring,late
STU0793,2023-06-05,lab,present
STU0793,2023-07-07,mentoring,present
STU0793,2023-07-26,lecture,late
STU0793,2023-07-31,lecture,late
STU0793,2023-08-10,mentoring,present
STU0793,2023-09-19,lecture,late
STU0793,2023-09-26,mentoring,absent
STU0793,2023-09-27,lecture,absent
STU0793,2023-10-11,lecture,absent
STU0793,2023-10-19,mentoring,late
STU0793,2023-11-15,mentoring,late
STU0793,2023-11-27,lecture,present
STU0793,2023-12-04,mentoring,present
STU0793,2023-12-18,lecture,present
STU0793,2024-01-09,lecture,present
STU0793,2024-01-30,lab,present
STU0793,2024-02-22,lab,present
STU0793,2024-03-13,lab,absent
STU0793,2024-03-15,lecture,absent
STU0793,2024-04-09,mentoring,present
STU0793,2024-05-16,mentoring,present
STU0793,2024-05-20,lecture,present
STU0793,2024-08-29,mentoring,present
STU0793,2024-08-30,lecture,late
STU0793,2024-09-09,lecture,absent
STU0793,2024-10-22,lecture,present
STU0793,2024-11-07,lab,present
STU0793,2024-12-09,lecture,present
STU0794,2023-09-01,mentoring,present
STU0794,2023-09-13,mentoring,present
STU0794,2023-10-16,mentoring,present
STU0794,2023-11-06,lab,absent
STU0794,2023-11-22,lecture,present
STU0794,2024-01-24,lab,absent
STU0794,2024-02-20,lecture,present
STU0794,2024-02-26,lecture,absent
STU0794,2024-03-28,mentoring,present
STU0794,2024-04-11,lab,absent
STU0794,2024-05-02,mentoring,present
STU0794,2024-06-03,mentoring,late
STU0794,2024-06-13,lecture,present
STU0794,2024-07-12,lab,present
STU0794,2024-07-18,mentoring,late
STU0794,2024-07-19,lecture,present
STU0794,2024-08-13,lecture,absent
STU0794,2024-10-16,lecture,present
STU0794,2024-10-18,lab,present
STU0794,2024-10-23,lecture,present
STU0794,2024-10-28,mentoring,present
STU0794,2024-11-22,lecture,present
STU0794,2024-11-26,lab,present
STU0794,2025-01-03,mentoring,late
STU0794,2025-01-08,lecture,late
STU0795,2024-02-13,lecture,late
STU0795,2024-02-14,lab,present
STU0795,2024-03-05,mentoring,present
STU0795,2024-03-25,lecture,present
STU0795,2024-04-02,lecture,absent
STU0795,2024-04-16,lab,present
STU0795,2024-04-24,lab,present
STU0795,2024-05-23,mentoring,present
STU0795,2024-05-31,lab,present
STU0795,2024-07-17,lab,present
STU0795,2024-08-23,lab,present
STU0795,2024-09-16,lecture,absent
STU0795,2024-09-17,lab,absent
STU0795,2024-09-19,lecture,late
STU0795,2024-09-27,lecture,late
STU0795,2024-10-23,lab,present
STU0795,2024-11-04,lab,present
STU0795,2024-11-11,lecture,late
STU0795,2024-11-12,lab,absent
STU0795,2024-12-03,lab,present
STU0795,2024-12-17,lab,present
STU0795,2025-01-08,lab,present
STU0795,2025-01-14,mentoring,present
STU0796,2024-08-15,mentoring,present
STU0796,2024-08-22,lab,late
STU0796,2024-09-26,lecture,absent
STU0796,2024-09-27,lab,present
STU0796,2024-10-02,lab,present
STU0796,2024-10-10,lab,present
STU0796,2024-10-21,lab,present
STU0796,2024-11-11,lecture,present
STU0796,2024-11-26,lecture,present
STU0796,2024-12-03,lecture,present
STU0796,2024-12-10,mentoring,present
STU0796,2024-12-30,mentoring,absent
STU0796,2025-01-09,lab,present
STU0797,2023-04-04,lecture,late
STU0797,2023-04-19,mentoring,present
STU0797,2023-04-21,lab,present
STU0797,2023-05-26,mentoring,late
STU0797,2023-06-22,lab,present
STU0797,2023-06-23,mentoring,present
STU0797,2023-08-03,lecture,present
STU0797,2023-08-17,mentoring,late
STU0797,2023-08-31,lab,present
STU0797,2023-09-05,lecture,present
STU0797,2023-10-20,lab,present
STU0797,2023-12-01,lecture,late
STU0797,2023-12-28,mentoring,absent
STU0797,2024-01-03,lab,present
STU0797,2024-01-25,lecture,present
STU0797,2024-01-31,lab,present
STU0797,2024-02-23,mentoring,present
STU0797,2024-03-11,lab,absent
STU0797,2024-03-21,lecture,present
STU0797,2024-04-01,mentoring,present
STU0797,2024-04-18,lecture,present
STU0797,2024-05-10,lecture,present
STU0797,2024-06-19,lab,present
STU0797,2024-07-02,lab,present
STU0797,2024-07-10,lecture,present
STU0797,2024-08-08,mentoring,present
STU0797,2024-09-06,lab,present
STU0797,2024-09-19,lab,present
STU0797,2024-10-09,mentoring,present
STU0797,2024-11-26,mentoring,present
STU0797,2024-11-29,mentoring,present
STU0797,2024-12-16,lecture,late
STU0797,2025-01-07,lecture,present
STU0798,2023-09-11,lab,present
STU0798,2023-11-17,mentoring,present
STU0798,2023-12-21,lecture,present
STU0798,2024-02-01,lecture,present
STU0798,2024-02-20,lab,present
STU0798,2024-03-28,lecture,present
STU0798,2024-04-01,mentoring,present
STU0798,2024-04-08,lab,late
STU0798,2024-04-19,lecture,absent
STU0798,2024-04-22,lab,present
STU0798,2024-05-01,lecture,absent
STU0798,2024-05-24,mentoring,present
STU0798,2024-06-03,mentoring,present
STU0798,2024-06-07,lecture,present
STU0798,2024-07-08,mentoring,present
STU0798,2024-07-11,lab,present
STU0798,2024-07-16,lab,present
STU0798,2024-07-18,lecture,present
STU0798,2024-08-07,lecture,present
STU0798,2024-08-12,mentoring,present
STU0798,2024-09-18,mentoring,present
STU0798,2024-10-24,lecture,present
STU0798,2024-11-12,lab,late
STU0799,2024-03-25,lab,absent
STU0799,2024-03-28,lab,present
STU0799,2024-05-20,lab,present
STU0799,2024-05-31,mentoring,present
STU0799,2024-06-05,mentoring,absent
STU0799,2024-06-10,mentoring,present
STU0799,2024-07-11,mentoring,present
STU0799,2024-08-02,lab,absent
STU0799,2024-08-07,mentoring,present
STU0799,2024-08-20,lecture,absent
STU0799,2024-09-17,lab,present
STU0799,2024-09-19,mentoring,late
STU0799,2024-10-11,lecture,absent
STU0799,2024-11-26,lecture,absent
STU0799,2024-12-04,lab,present
STU0799,2024-12-09,lecture,absent
STU0799,2024-12-30,lecture,present
STU0799,2024-12-31,lab,present
STU0799,2025-01-09,mentoring,present
STU0799,2025-01-13,lab,present
STU0800,2024-07-26,mentoring,present
STU0800,2024-08-01,lab,present
STU0800,2024-08-14,lab,present
STU0800,2024-08-26,lab,present
STU0800,2024-08-30,lab,present
STU0800,2024-09-17,lecture,absent
STU0800,2024-10-11,lab,present
STU0800,2024-10-14,mentoring,present
STU0800,2024-10-15,lecture,late
STU0800,2024-10-18,mentoring,absent
STU0800,2024-10-29,lecture,present
STU0800,2024-10-31,mentoring,late
STU0800,2025-01-03,lecture,present
STU0800,2025-01-06,lab,absent
